Day,Group,Folder,Cell_ID,Area,Aspect_Ratio,Length_um,Width_um,C1_Mean,C2_Mean,C3_PI_Mean,Ratio_C1_C2,Status
2,A,A2,A2_00013,2.924,2.009,2.735,1.361,325.214,325.642,2.642,0.998686,living
2,A,A2,A2_00015,2.265,2.087,2.453,1.176,293.784,282.582,2.657,1.03964,living
2,A,A2,A2_00019,2.603,1.599,2.302,1.440,439.786,441.279,2.273,0.996616,living
2,A,A2,A2_00021,2.163,2.009,2.352,1.171,403.398,402.531,2.844,1.002154,living
2,A,A2,A2_00026,2.958,1.932,2.697,1.396,20.52,529.331,2.383,0.038766,living
2,A,A2,A2_00032,1.572,1.415,1.683,1.189,326.624,331.828,2.452,0.984316,living
2,A,A2,A2_00034,2.298,2.000,2.419,1.210,317.61,309.493,2.882,1.026229,living
2,A,A2,A2_00038,2.467,2.009,2.512,1.251,338.493,332.589,2.144,1.017752,living
2,A,A2,A2_00039,2.197,2.009,2.370,1.180,337.738,342.262,2.762,0.986785,living
2,A,A2,A2_00042,1.758,2.009,2.120,1.056,323.087,318.712,2.279,1.013727,living
2,A,A2,A2_00043,2.096,2.009,2.315,1.153,399.298,388.879,2.476,1.026793,living
2,A,A2,A2_00049,2.805,2.009,2.678,1.333,392.861,401.223,2.307,0.97916,living
2,A,A2,A2_00055,2.62,2.249,2.739,1.218,323.039,318.058,2.129,1.01566,living
2,A,A2,A2_00056,2.451,2.055,2.532,1.232,353.834,350.545,2.462,1.009384,living
2,A,A2,A2_00060,1.656,1.752,1.922,1.097,293.673,299.102,2.214,0.98185,living
2,A,A2,A2_00061,1.487,1.572,1.725,1.097,342.205,330.523,2.886,1.035343,living
2,A,A2,A2_00063,1.825,2.009,2.160,1.076,334.806,332.537,2.306,1.006822,living
2,A,A2,A2_00070,1.825,1.650,1.958,1.187,379.509,386.611,2.333,0.981631,living
2,A,A2,A2_00071,1.521,1.456,1.679,1.153,390.689,397.478,2.633,0.98292,living
2,A,A2,A2_00072,1.284,2.009,1.812,0.902,357.724,338.921,31.303,1.055478,dead
2,A,A2,A2_00073,1.048,1.532,1.430,0.933,322.468,326.097,2.355,0.988871,living
2,A,A2,A2_00074,1.352,1.877,1.798,0.958,318.1,315.675,2.462,1.007682,living
2,A,A2,A2_00080,1.487,1.765,1.828,1.036,353.432,362.182,2.648,0.975841,living
2,A,A2,A2_00082,1.572,1.647,1.816,1.102,346.677,347.441,1.806,0.997803,living
2,A,A2,A2_00083,1.47,1.883,1.877,0.997,328,334.575,2.655,0.980349,living
2,A,A2,A2_00084,2.535,2.009,2.546,1.268,434.72,429.493,2.26,1.012169,living
2,A,A2,A2_00089,2.062,2.009,2.296,1.143,395.549,397.426,2.459,0.995277,living
2,A,A2,A2_00093,2.467,2.009,2.512,1.251,375.822,393.849,2.575,0.954228,living
2,A,A2,A2_00096,1.014,2.009,1.610,0.802,298.633,295.8,2.217,1.009579,living
2,A,A2,A2_00097,2.062,2.133,2.366,1.109,330.615,332.746,2.213,0.993595,living
2,A,A2,A2_00098,2.113,1.554,2.045,1.316,318.68,347.72,2.352,0.916485,living
2,A,A2,A2_00102,2.653,2.009,2.605,1.297,431.554,435.172,2.93,0.991686,living
2,A,A2,A2_00106,1.893,2.009,2.200,1.095,370.92,22.446,2.786,16.524662,living
2,A,A2,A2_00107,2.248,1.583,2.129,1.345,389.263,398.947,2.218,0.975726,living
2,A,A2,A2_00114,1.91,1.785,2.083,1.167,314.947,320.646,2.372,0.982226,living
2,A,A2,A2_00118,2.383,1.658,2.243,1.353,467.043,464.929,2.021,1.004546,living
2,A,A2,A2_00121,2.535,2.088,2.596,1.243,320.747,302.147,2.26,1.06156,living
2,A,A2,A2_00126,2.146,2.185,2.443,1.118,351.764,355.378,2.291,0.98983,living
2,A,A2,A2_00127,2.231,2.009,2.389,1.189,298.742,436.758,2.492,0.684001,living
2,A,A2,A2_00128,1.994,1.752,2.109,1.204,319.424,315.864,2.271,1.011269,living
2,A,A2,A2_00131,2.636,2.009,2.596,1.293,384.859,374.083,2.641,1.028805,living
2,A,A2,A2_00134,2.62,2.268,2.751,1.213,310.845,336.484,2.348,0.923804,living
2,A,A2,A2_00141,2.603,2.034,2.596,1.276,251.974,306.208,2.448,0.822886,living
2,A,A2,A2_00142,2.079,1.671,2.103,1.259,297.488,294.398,2.577,1.010494,living
2,A,A2,A2_00143,2.18,1.630,2.127,1.305,294.946,296.721,2.388,0.994017,living
2,A,A2,A2_00146,2.738,1.614,2.372,1.470,330.71,336.463,2.463,0.982901,living
2,A,A2,A2_00159,2.146,2.009,2.343,1.166,261.764,263.252,2.575,0.994347,living
2,A,A2,A2_00161,1.707,1.699,1.922,1.131,349.644,354.149,2.257,0.987279,living
2,A,A2,A2_00167,2.569,1.596,2.285,1.432,514.026,522.336,2.204,0.984092,living
2,A,A2,A2_00169,1.859,1.315,1.764,1.342,354.727,297.636,2.682,1.191814,living
2,A,A2,A2_00170,2.18,2.009,2.361,1.176,361.225,359.736,2.597,1.004137,living
2,A,A2,A2_00171,2.096,2.095,2.365,1.129,305.016,379.113,2.363,0.804552,living
2,A,A2,A2_00172,1.149,1.891,1.663,0.880,285.588,293.691,2.544,0.97241,living
2,A,A2,A2_00173,1.808,1.958,2.123,1.084,338.495,345.533,2.019,0.979633,living
2,A,A2,A2_00174,1.758,2.732,2.473,0.905,260.548,275.413,2.365,0.946025,living
2,A,A2,A2_00175,1.234,2.009,1.776,0.884,291.904,302.795,2.192,0.964034,living
2,A,A2,A2_00179,2.079,2.009,2.306,1.148,176.276,312.309,2.593,0.56443,living
2,A,A2,A2_00185,2.315,2.009,2.433,1.211,378.044,396.467,2.387,0.953531,living
2,A,A2,A2_00186,2.721,2.009,2.638,1.313,410.317,421.963,2.627,0.9724,living
2,A,A2,A2_00187,1.927,2.009,2.220,1.105,406.596,417.772,2.404,0.97325,living
2,A,A2,A2_00188,1.538,2.009,1.983,0.987,333.033,314,2.077,1.060615,living
2,A,A2,A2_00190,2.197,2.009,2.370,1.180,372.323,387.492,2.154,0.960853,living
2,A,A2,A2_00193,1.453,2.009,1.928,0.960,337.291,343.198,2.756,0.982788,living
2,A,A2,A2_00195,0.93,2.009,1.542,0.768,284.691,301.509,2.527,0.94422,living
2,A,A2,A2_00196,2.062,2.306,2.461,1.067,326.77,319,1.918,1.024359,living
2,A,A2,A2_00204,2.738,1.771,2.485,1.403,407.253,412.623,2.512,0.986985,living
2,A,A2,A2_00208,2.214,1.973,2.358,1.195,327.809,333.458,2.733,0.98306,living
2,A,A2,A2_00212,1.944,2.456,2.466,1.004,266.235,273.548,2.496,0.973266,living
2,A,A2,A2_00213,2.434,1.655,2.265,1.368,347.639,360.285,2.708,0.9649,living
2,A,A2,A2_00214,1.487,1.859,1.876,1.009,286.068,60.011,2.659,4.7669,living
2,A,A2,A2_00216,2.113,1.680,2.126,1.265,444.688,44.824,2.36,9.920757,living
2,A,A2,A2_00238,1.352,1.720,1.721,1.000,218.713,212.938,2.163,1.027121,living
2,A,A2,A2_00239,2.129,1.626,2.099,1.291,297.825,309.23,2.738,0.963119,living
2,A,A2,A2_00240,2.417,2.009,2.486,1.238,402.986,415.881,2.72,0.968993,living
2,A,A2,A2_00251,1.927,2.009,2.220,1.105,316.114,324.175,2.579,0.975133,living
2,A,A2,A2_00252,2.687,2.009,2.621,1.305,338,349.969,2.61,0.965801,living
2,A,A2,A2_00257,1.927,2.009,2.220,1.105,384.465,399.088,2.228,0.963359,living
2,A,A2,A2_00260,2.062,2.009,2.296,1.143,344,363.082,2.311,0.947444,living
2,A,A2,A2_00261,2.18,2.009,2.361,1.176,301.016,303.512,2.543,0.991776,living
2,A,A2,A2_00262,1.335,1.768,1.734,0.981,265.101,271.684,1.861,0.975772,living
2,A,A2,A2_00263,2.383,1.974,2.447,1.240,356.433,347.525,2.716,1.025632,living
2,A,A2,A2_00264,2.315,2.253,2.577,1.144,344.708,347.234,2.292,0.992727,living
2,A,A2,A2_00268,1.741,1.757,1.974,1.123,296.612,155.291,2.437,1.910034,living
2,A,A2,A2_00269,2.822,1.945,2.644,1.359,452.982,466.228,2.353,0.97159,living
2,A,A2,A2_00275,2.62,1.972,2.565,1.301,377.968,414.542,2.587,0.911772,living
2,A,A2,A2_00277,1.082,2.036,1.675,0.823,248.984,253.734,1.859,0.98128,living
2,A,A2,A2_00282,0.997,1.985,1.587,0.800,281.61,294.814,1.627,0.955214,living
2,A,A2,A2_00283,1.132,1.893,1.652,0.873,389.03,395.881,2.119,0.982695,living
2,A,A2,A2_00284,2.045,2.495,2.549,1.022,391.314,398.058,2.727,0.983058,living
2,A,A2,A2_00285,2.197,2.485,2.637,1.061,449.731,471.4,2.515,0.954032,living
2,A,A2,A2_00286,1.707,1.853,2.007,1.083,427.842,436.891,2.772,0.979287,living
2,A,A2,A2_00287,2.197,2.009,2.370,1.180,436.5,444.854,2.615,0.981221,living
2,A,A2,A2_00288,1.301,1.866,1.758,0.942,395.078,405.584,2.753,0.974095,living
2,A,A2,A2_00289,2.028,2.201,2.384,1.083,434.767,447.992,2.742,0.970479,living
2,A,A2,A2_00294,2.265,2.278,2.563,1.125,441.567,440.022,2.478,1.003511,living
2,A,A2,A2_00295,2.89,1.986,2.703,1.361,454.737,479.029,2.17,0.949288,living
2,A,A2,A2_00297,2.298,2.077,2.465,1.187,488.559,515.522,2.257,0.947697,living
2,A,A2,A2_00299,2.349,1.928,2.401,1.245,473.942,500.827,2.338,0.946319,living
2,A,A2,A2_00300,0.896,3.144,1.894,0.602,313.943,311.868,2.547,1.006655,living
2,A,A2,A2_00301,1.589,1.881,1.951,1.037,409.011,431.745,2.521,0.947344,living
2,A,A2,A2_00302,2.163,1.625,2.115,1.302,515.359,546.234,2.438,0.943477,living
2,A,A2,A2_00303,1.572,1.933,1.967,1.018,393.656,407.882,2.419,0.965123,living
2,A,A2,A2_00304,1.453,1.920,1.885,0.982,337.512,345.628,2.372,0.976517,living
2,A,A2,A2_00306,1.352,1.826,1.773,0.971,329.675,326.15,2.087,1.010808,living
2,A,A2,A2_00308,1.335,2.009,1.848,0.920,364.443,371.38,2.861,0.981322,living
2,A,A2,A2_00309,2.298,2.009,2.424,1.207,405.963,410.662,2.632,0.988559,living
2,A,A2,A2_00312,2.265,2.009,2.407,1.198,549.649,41.231,2.649,13.33086,living
2,A,A2,A2_00315,1.927,1.523,1.933,1.269,412.491,416.912,2.64,0.989396,living
2,A,A2,A2_00317,1.741,1.395,1.758,1.261,437.728,444.291,2.272,0.985228,living
2,A,A2,A2_00318,2.924,1.938,2.686,1.386,470.925,497.341,2.231,0.946885,living
2,A,A2,A2_00320,1.994,2.009,2.258,1.124,370.068,384.407,2.763,0.962698,living
2,A,A2,A2_00322,2.518,1.612,2.273,1.410,478.987,491.718,2.591,0.974108,living
2,A,A2,A2_00323,2.332,2.037,2.459,1.207,412.094,420.891,2.768,0.979099,living
2,A,A2,A2_00324,2.772,1.841,2.549,1.385,428.64,420.555,2.652,1.019225,living
2,A,A2,A2_00326,2.113,2.009,2.325,1.157,362.064,369.096,2.512,0.980948,living
2,A,A2,A2_00327,1.437,1.853,1.841,0.994,332.224,341.635,2.706,0.972451,living
2,A,A2,A2_00329,1.115,2.009,1.689,0.841,344.515,355.652,2.879,0.968687,living
2,A,A2,A2_00330,2.028,2.009,2.277,1.134,449.517,454.975,2.342,0.988003,living
2,A,A2,A2_00332,2.62,2.009,2.589,1.289,487.297,495.155,2.471,0.98413,living
2,A,A2,A2_00333,2.535,2.009,2.546,1.268,484.86,507.393,2.447,0.95559,living
2,A,A2,A2_00338,2.383,2.009,2.469,1.229,459.738,473.426,2.688,0.971087,living
2,A,A2,A2_00339,1.504,2.009,1.961,0.976,385.798,400.573,2.775,0.963115,living
2,A,A2,A2_00340,1.352,2.009,1.859,0.926,376.975,383.762,2.712,0.982313,living
2,A,A2,A2_00341,1.234,1.626,1.598,0.983,399.041,387.849,2.123,1.028856,living
2,A,A2,A2_00342,1.149,1.600,1.530,0.956,285.529,316.618,3.162,0.901811,living
2,A,A2,A2_00344,2.197,1.351,1.944,1.439,522.515,496.462,2.592,1.052479,living
2,A,A2,A2_00347,2.349,1.999,2.445,1.223,463.698,472.036,2.36,0.982336,living
2,A,A2,A2_00348,1.335,1.557,1.627,1.045,398.215,424.051,2.405,0.939075,living
2,A,A2,A2_00349,1.437,1.719,1.773,1.032,397.2,393.176,2.024,1.010233,living
2,A,A2,A2_00350,2.467,1.723,2.326,1.350,378.479,360.116,2.616,1.050992,living
2,A,A2,A2_00352,2.028,2.009,2.277,1.134,425.258,431.367,7.417,0.98584,dead
2,A,A2,A2_00354,1.538,1.577,1.757,1.114,416.275,431.374,2.418,0.964998,living
2,A,A2,A2_00355,1.69,1.656,1.888,1.140,366.17,387.22,1.95,0.945638,living
2,A,A2,A2_00357,1.538,1.852,1.904,1.028,345.736,346.626,2.286,0.997432,living
2,A,A2,A2_00362,1.791,1.334,1.744,1.307,459.689,465.708,2.038,0.987076,living
2,A,A2,A2_00363,2.366,1.825,2.345,1.285,497.186,500.864,2.2,0.992656,living
2,A,A2,A2_00364,2.451,2.146,2.588,1.206,424.117,433.055,2.214,0.979361,living
2,A,A2,A2_00366,1.91,1.553,1.943,1.251,464.08,486.566,2.221,0.953785,living
2,A,A2,A2_00371,2.163,2.009,2.352,1.171,352.695,357.234,2.922,0.987294,living
2,A,A2,A2_00372,1.791,1.693,1.965,1.161,404.868,418.019,2.726,0.96854,living
2,A,A2,A2_00373,1.944,2.216,2.342,1.057,373.087,384.817,2.452,0.969517,living
2,A,A2,A2_00375,1.555,1.937,1.958,1.011,381.707,387.663,2.837,0.984635,living
2,A,A2,A2_00376,1.183,1.306,1.403,1.074,260.057,250.1,2.414,1.039813,living
2,A,A2,A2_00377,1.96,2.519,2.507,0.995,353.595,367.009,2.793,0.963451,living
2,A,A2,A2_00378,1.386,1.842,1.803,0.979,401.695,417.634,2.012,0.961835,living
2,A,A2,A2_00381,2.603,2.009,2.580,1.285,555.39,552.396,8.597,1.005419,dead
2,A,A2,A2_00382,1.842,1.629,1.955,1.200,481.183,479.477,2.569,1.003559,living
2,A,A2,A2_00383,2.789,1.937,2.623,1.354,528.279,533.491,2.473,0.99023,living
2,A,A2,A2_00385,2.484,1.640,2.277,1.389,617.306,632.156,2.68,0.976508,living
2,A,A2,A2_00387,1.69,1.936,2.041,1.054,437.74,445.8,2.68,0.98192,living
2,A,A2,A2_00389,1.149,2.024,1.721,0.850,381.382,390.118,2.588,0.977609,living
2,A,A2,A2_00391,1.487,1.880,1.887,1.004,449.58,446.67,2.08,1.006513,living
2,A,A2,A2_00392,1.589,1.787,1.901,1.064,468.596,474.872,2.213,0.986783,living
2,A,A2,A2_00393,1.944,1.894,2.165,1.143,140.87,664.426,2.026,0.212017,living
2,A,A2,A2_00394,2.028,1.577,2.018,1.280,573.167,577.133,2.308,0.993127,living
2,A,A2,A2_00395,1.707,1.880,2.021,1.075,499.574,496.554,2.614,1.006082,living
2,A,A2,A2_00397,1.893,2.002,2.197,1.097,466.688,477.161,2.17,0.978051,living
2,A,A2,A2_00400,2.349,1.699,2.254,1.327,575.223,539.432,2.46,1.06635,living
2,A,A2,A2_00401,2.822,2.009,2.686,1.337,583.066,586.832,2.754,0.993582,living
2,A,A2,A2_00402,1.622,2.284,2.172,0.951,419.552,433.938,2.917,0.966849,living
2,A,A2,A2_00403,1.386,1.941,1.851,0.954,441.073,454.939,2.902,0.969522,living
2,A,A2,A2_00404,2.163,2.009,2.352,1.171,414.32,425.047,2.523,0.974764,living
2,A,A2,A2_00405,1.944,2.009,2.230,1.110,437.087,440.226,2.496,0.992869,living
2,A,A2,A2_00406,1.504,2.009,1.961,0.976,345.438,350.854,2.146,0.984564,living
2,A,A2,A2_00407,1.91,2.009,2.210,1.100,367.044,371.743,2.195,0.987359,living
2,A,A2,A2_00408,1.589,2.009,2.016,1.004,404.319,417.319,2.372,0.968849,living
2,A,A2,A2_00409,2.586,2.009,2.572,1.280,510.275,521.065,2.301,0.979291,living
2,A,A2,A2_00410,2.569,2.009,2.563,1.276,498.276,495.224,2.664,1.006164,living
2,A,A2,A2_00411,1.318,1.567,1.622,1.035,397.59,401.872,2.295,0.989345,living
2,A,A2,A2_00412,1.707,1.986,2.078,1.046,442.089,451.733,2.416,0.978652,living
2,A,A2,A2_00414,2.18,2.065,2.394,1.159,460.984,468.682,2.45,0.983576,living
2,A,A2,A2_00415,1.893,1.878,2.128,1.133,500.955,504.018,2.348,0.993924,living
2,A,A2,A2_00416,2.89,1.639,2.456,1.498,655.444,401.515,2.374,1.63243,living
2,A,A2,A2_00417,1.893,2.009,2.200,1.095,381.384,379.152,16.929,1.005887,dead
2,A,A2,A2_00418,2.417,2.239,2.625,1.172,471.706,484.161,2.28,0.974276,living
2,A,A2,A2_00419,2.146,2.032,2.356,1.160,419.362,467.071,2.504,0.897856,living
2,A,A2,A2_00420,1.639,1.698,1.882,1.109,470.907,472.67,2.701,0.99627,living
2,A,A2,A2_00421,2.079,2.009,2.306,1.148,438.821,444.228,2.683,0.987829,living
2,A,A2,A2_00422,2.552,1.968,2.529,1.285,559.934,560.43,2.543,0.999114,living
2,A,A2,A2_00423,1.437,1.734,1.781,1.027,416.024,432.541,1.8,0.961813,living
2,A,A2,A2_00424,1.369,1.568,1.653,1.054,452.568,463.284,2.469,0.976869,living
2,A,A2,A2_00425,1.217,2.040,1.778,0.872,380.097,390.528,2.292,0.973291,living
2,A,A2,A2_00426,2.518,2.317,2.725,1.176,462.738,467.188,2.235,0.990476,living
2,A,A2,A2_00428,2.248,1.629,2.159,1.326,451.195,467.466,2.353,0.965194,living
2,A,A2,A2_00429,2.636,2.009,2.596,1.293,416.744,419.09,16.526,0.994402,dead
2,A,A2,A2_00431,2.89,1.802,2.575,1.429,547.392,481.246,2.38,1.137448,living
2,A,A2,A2_00432,2.113,1.540,2.035,1.322,502.208,495.168,2.608,1.014217,living
2,A,A2,A2_00433,1.842,1.624,1.952,1.202,455.624,460.817,2.257,0.988732,living
2,A,A2,A2_00434,1.707,2.118,2.146,1.013,360.317,355.149,2.832,1.014553,living
2,A,A2,A2_00437,2.129,2.009,2.333,1.162,461.381,476.143,2.873,0.968997,living
2,A,A2,A2_00440,1.673,1.688,1.896,1.123,391.384,389.808,2.727,1.004042,living
2,A,A2,A2_00442,2.129,1.743,2.174,1.247,404.73,368.008,2.73,1.099786,living
2,A,A2,A2_00443,2.535,2.079,2.590,1.246,429.107,439.04,2.16,0.977375,living
2,A,A2,A2_00445,2.366,2.028,2.472,1.219,434.129,443.057,2.75,0.979848,living
2,A,A2,A2_00446,1.031,2.119,1.668,0.787,317.541,323.508,2.18,0.981555,living
2,A,A2,A2_00448,1.994,2.009,2.258,1.124,476.059,493.195,2.492,0.965256,living
2,A,A2,A2_00449,1.217,2.009,1.764,0.878,423.139,429.097,2.639,0.986114,living
2,A,A2,A2_00450,2.586,2.009,2.572,1.280,563.523,580.098,2.137,0.971427,living
2,A,A2,A2_00451,1.944,2.009,2.230,1.110,534.965,545.6,2.113,0.980508,living
2,A,A2,A2_00452,1.842,2.009,2.170,1.081,456.165,470.404,2.716,0.969731,living
2,A,A2,A2_00454,2.197,2.009,2.370,1.180,478.3,488.546,2.054,0.979027,living
2,A,A2,A2_00455,1.555,2.009,1.994,0.993,472.924,480.837,2.467,0.983543,living
2,A,A2,A2_00456,1.859,2.009,2.180,1.086,490.964,497.591,2.473,0.986681,living
2,A,A2,A2_00457,1.639,2.009,2.047,1.019,474.299,483.742,2.825,0.980479,living
2,A,A2,A2_00459,1.927,2.009,2.220,1.105,489.912,501.553,2.447,0.976791,living
2,A,A2,A2_00460,2.518,2.009,2.538,1.263,11.054,754.664,2.544,0.014647,living
2,A,A2,A2_00461,1.217,2.009,1.764,0.878,474.417,485.097,2.333,0.977983,living
2,A,A2,A2_00462,2.789,2.009,2.671,1.330,488.667,496.109,2.733,0.984998,living
2,A,A2,A2_00463,1.234,2.009,1.776,0.884,412.685,411.616,2.233,1.002596,living
2,A,A2,A2_00464,1.437,2.190,2.002,0.914,409.459,421.271,2.541,0.971962,living
2,A,A2,A2_00467,1.504,1.841,1.878,1.020,435.461,438.933,2.809,0.99209,living
2,A,A2,A2_00468,2.146,1.977,2.324,1.176,517.969,536.882,2.693,0.964772,living
2,A,A2,A2_00469,1.048,2.009,1.637,0.815,400.645,405.177,4.629,0.988814,living
2,A,A2,A2_00471,1.656,1.828,1.963,1.074,471.133,478.837,2.633,0.983911,living
2,A,A2,A2_00472,1.42,1.824,1.816,0.996,412.06,418.619,2.548,0.984331,living
2,A,A2,A2_00474,2.569,2.296,2.740,1.194,498.184,507.368,2.349,0.981898,living
2,A,A2,A2_00475,2.704,1.678,2.404,1.432,590.888,628.65,2.631,0.939931,living
2,A,A2,A2_00476,2.924,2.484,3.041,1.224,488.676,506.775,2.78,0.964287,living
2,A,A2,A2_00477,2.028,1.714,2.104,1.227,559.8,560.317,2.358,0.999078,living
2,A,A2,A2_00478,2.096,1.764,2.170,1.230,541.468,560.137,2.556,0.96667,living
2,A,A2,A2_00479,1.859,1.941,2.143,1.104,427.536,447.318,2.364,0.955777,living
2,A,A2,A2_00480,1.284,1.729,1.681,0.972,442.224,458.908,2.329,0.963644,living
2,A,A2,A2_00482,1.927,2.071,2.254,1.088,465.36,475.798,2.623,0.978061,living
2,A,A2,A2_00484,1.2,2.063,1.775,0.861,397.93,399.113,2.296,0.997036,living
2,A,A2,A2_00485,1.724,1.693,1.928,1.139,488.686,498.098,2.549,0.981105,living
2,A,A2,A2_00486,1.284,1.836,1.733,0.944,396.408,401.618,2.539,0.987026,living
2,A,A2,A2_00487,1.572,1.821,1.909,1.048,449.151,468.871,2.247,0.957941,living
2,A,A2,A2_00488,1.944,2.009,2.230,1.110,373.052,388.33,2.722,0.960657,living
2,A,A2,A2_00489,1.944,2.016,2.234,1.108,495.678,504.191,2,0.983115,living
2,A,A2,A2_00491,2.873,2.339,2.925,1.251,522.724,555.735,2.371,0.940598,living
2,A,A2,A2_00493,1.335,1.538,1.617,1.051,473.063,462.316,2.62,1.023246,living
2,A,A2,A2_00495,2.366,2.287,2.625,1.148,493.393,504.064,2.436,0.978829,living
2,A,A2,A2_00496,2.129,1.834,2.230,1.216,537.984,548.889,2.444,0.980133,living
2,A,A2,A2_00498,2.231,2.009,2.389,1.189,612.72,630.386,2.394,0.971975,living
2,A,A2,A2_00500,2.18,2.009,2.361,1.176,464.341,474.078,2.713,0.979462,living
2,A,A2,A2_00502,2.079,2.050,2.329,1.136,480.634,500.089,2.935,0.961096,living
2,A,A2,A2_00503,2.011,2.009,2.268,1.129,554.975,503.168,3.118,1.102961,living
2,A,A2,A2_00504,1.555,1.766,1.870,1.059,439.065,460.033,2.065,0.954422,living
2,A,A2,A2_00505,1.944,2.009,2.230,1.110,491.713,491.861,2.87,0.999699,living
2,A,A2,A2_00506,1.741,1.691,1.936,1.145,506.126,520.437,2.67,0.972503,living
2,A,A2,A2_00508,0.98,2.086,1.613,0.773,374.845,380.397,2.414,0.985405,living
2,A,A2,A2_00509,1.149,1.783,1.615,0.906,277.382,344.691,2.559,0.804727,living
2,A,A2,A2_00510,1.149,2.063,1.737,0.842,419.985,425.706,2.426,0.986562,living
2,A,A2,A2_00511,1.47,1.650,1.757,1.065,524.161,523.747,2.184,1.00079,living
2,A,A2,A2_00512,2.738,2.315,2.841,1.227,574.981,569.42,2.556,1.009767,living
2,A,A2,A2_00513,0.828,2.535,1.635,0.645,404.184,404.776,2.776,0.998538,living
2,A,A2,A2_00514,1.47,2.170,2.015,0.929,453.345,460.736,2.333,0.983959,living
2,A,A2,A2_00515,1.994,2.009,2.258,1.124,521.559,547.746,2.517,0.952192,living
2,A,A2,A2_00516,1.91,2.251,2.340,1.039,381.177,382.354,2.912,0.996922,living
2,A,A2,A2_00517,2.941,1.685,2.512,1.491,733.845,601.408,2.638,1.220211,living
2,A,A2,A2_00519,1.521,2.912,2.375,0.816,411.233,415.778,2.589,0.98907,living
2,A,A2,A2_00520,2.552,2.432,2.811,1.156,526.146,517.252,2.172,1.017195,living
2,A,A2,A2_00522,2.146,2.009,2.343,1.166,588.394,604.315,2.535,0.973654,living
2,A,A2,A2_00523,2.907,2.054,2.757,1.342,653.494,665.506,2.529,0.981951,living
2,A,A2,A2_00524,2.315,2.009,2.433,1.211,571.095,575.934,2.526,0.991597,living
2,A,A2,A2_00525,2.552,2.313,2.741,1.185,530.55,563.927,2.762,0.940812,living
2,A,A2,A2_00528,2.214,1.705,2.192,1.286,401.282,468.344,2.504,0.856812,living
2,A,A2,A2_00529,1.791,2.009,2.140,1.066,476.594,490.189,2.981,0.972267,living
2,A,A2,A2_00530,0.98,1.811,1.503,0.830,448.845,455.328,2.086,0.985762,living
2,A,A2,A2_00531,1.234,1.865,1.712,0.918,432.452,447.082,2.493,0.967276,living
2,A,A2,A2_00532,2.535,2.640,2.919,1.106,508.373,534.227,2.313,0.951606,living
2,A,A2,A2_00534,1.639,3.089,2.539,0.822,402.959,406.196,2.196,0.992031,living
2,A,A2,A2_00535,2.451,2.290,2.673,1.167,534.041,539.966,2.297,0.989029,living
2,A,A2,A2_00536,1.724,2.249,2.222,0.988,458.637,450.235,2.696,1.018661,living
2,A,A2,A2_00537,1.487,1.706,1.797,1.053,491.67,498.318,2.011,0.98666,living
2,A,A2,A2_00538,1.876,2.088,2.233,1.070,477.342,507.748,2.559,0.940117,living
2,A,A2,A2_00539,1.656,2.004,2.056,1.026,494.388,511.439,2.347,0.966661,living
2,A,A2,A2_00541,2.298,2.034,2.440,1.199,528.574,542.706,2.559,0.973959,living
2,A,A2,A2_00542,1.893,2.009,2.200,1.095,521.214,530.562,2.652,0.982381,living
2,A,A2,A2_00543,1.656,2.009,2.058,1.025,518.531,521.847,2.745,0.993645,living
2,A,A2,A2_00544,1.673,1.967,2.047,1.041,454.576,467.121,2.636,0.973143,living
2,A,A2,A2_00545,1.656,2.296,2.200,0.958,437.673,456.439,2.112,0.958888,living
2,A,A2,A2_00546,1.791,1.650,1.940,1.176,446.83,440.585,2.387,1.014175,living
2,A,A2,A2_00548,1.606,1.923,1.983,1.031,381.821,387.821,2.716,0.984529,living
2,A,A2,A2_00552,2.636,2.009,2.596,1.293,531.077,536.09,2.583,0.990649,living
2,A,A2,A2_00553,1.115,1.996,1.683,0.843,371.409,375.803,1.894,0.988308,living
2,A,A2,A2_00554,1.606,1.684,1.856,1.102,532.832,527.137,2.526,1.010803,living
2,A,A2,A2_00556,1.741,1.563,1.861,1.191,572.262,573.621,2.777,0.99763,living
2,A,A2,A2_00557,2.518,2.133,2.615,1.226,595.013,592.389,2.268,1.00443,living
2,A,A2,A2_00558,2.146,1.608,2.096,1.304,648.772,662.299,2.15,0.979575,living
2,A,A2,A2_00559,2.687,1.814,2.491,1.373,670.667,685.818,2.365,0.977908,living
2,A,A2,A2_00561,0.896,2.009,1.514,0.754,448.132,465.943,2.868,0.961774,living
2,A,A2,A2_00562,1.707,2.059,2.115,1.027,467.842,480.535,2.396,0.973586,living
2,A,A2,A2_00564,1.775,2.084,2.170,1.041,459.124,461.086,2.429,0.995745,living
2,A,A2,A2_00565,1.031,2.009,1.624,0.808,397.689,409.393,2.689,0.971409,living
2,A,A2,A2_00566,1.521,2.009,1.972,0.982,516.467,521.011,2.278,0.991278,living
2,A,A2,A2_00567,1.707,2.009,2.089,1.040,514.673,522.594,2.653,0.984843,living
2,A,A2,A2_00568,1.521,2.009,1.972,0.982,477.989,486.656,2.544,0.982191,living
2,A,A2,A2_00569,0.896,2.009,1.514,0.754,448.925,428.755,2.642,1.047043,living
2,A,A2,A2_00570,2.163,2.009,2.352,1.171,476.25,490.742,2.406,0.970469,living
2,A,A2,A2_00571,0.879,2.009,1.499,0.746,429.538,425.538,2.115,1.0094,living
2,A,A2,A2_00572,1.741,2.009,2.110,1.051,561.262,563.641,2.437,0.99578,living
2,A,A2,A2_00573,2.011,2.009,2.268,1.129,531.471,526.403,2.261,1.009626,living
2,A,A2,A2_00574,2.721,2.009,2.638,1.313,677.429,688.677,2.149,0.983667,living
2,A,A2,A2_00576,2.535,2.009,2.546,1.268,500.733,438.087,2.407,1.143001,living
2,A,A2,A2_00577,1.217,1.517,1.533,1.011,494.375,513.125,2.014,0.963459,living
2,A,A2,A2_00578,1.504,1.506,1.698,1.128,522.899,524.404,2.674,0.997129,living
2,A,A2,A2_00580,2.298,1.730,2.250,1.300,601.846,611.794,2.603,0.983739,living
2,A,A2,A2_00581,1.994,2.009,2.258,1.124,529.712,544.424,3.144,0.972977,living
2,A,A2,A2_00582,1.994,1.653,2.049,1.239,571.89,589.432,2.331,0.970239,living
2,A,A2,A2_00583,1.572,1.635,1.809,1.106,461.215,470.527,1.892,0.98021,living
2,A,A2,A2_00584,1.048,1.907,1.595,0.836,435.29,451,2.645,0.965167,living
2,A,A2,A2_00585,1.487,1.779,1.835,1.032,472.625,476.42,2.386,0.992033,living
2,A,A2,A2_00586,1.724,2.050,2.121,1.035,453.824,467.765,2.647,0.970196,living
2,A,A2,A2_00587,1.775,2.443,2.350,0.962,430.895,444.343,2.324,0.969736,living
2,A,A2,A2_00588,1.031,2.009,1.624,0.808,377.311,380.951,2.557,0.990447,living
2,A,A2,A2_00589,1.842,2.153,2.247,1.044,464.872,463.55,2.651,1.00285,living
2,A,A2,A2_00590,1.69,1.840,1.990,1.081,468.76,402.18,2.45,1.165548,living
2,A,A2,A2_00591,2.434,1.702,2.297,1.349,589.729,518.438,2.583,1.137513,living
2,A,A2,A2_00592,1.741,2.036,2.124,1.043,480.883,487.505,2.311,0.986418,living
2,A,A2,A2_00595,2.721,1.627,2.374,1.459,623.59,622.112,2.304,1.002376,living
2,A,A2,A2_00596,2.011,1.496,1.957,1.308,457.958,328.58,2.378,1.39375,living
2,A,A2,A2_00597,2.298,2.345,2.619,1.117,534.324,549.294,2.382,0.972746,living
2,A,A2,A2_00599,1.335,2.247,1.954,0.870,436.43,417.392,2.848,1.045612,living
2,A,A2,A2_00600,2.282,1.880,2.337,1.243,566.874,571.896,2.541,0.991218,living
2,A,A2,A2_00601,1.741,2.009,2.110,1.051,493.359,477.806,2.718,1.032552,living
2,A,A2,A2_00603,2.755,2.009,2.654,1.322,485.65,348.736,2.233,1.392601,living
2,A,A2,A2_00606,1.487,2.009,1.950,0.971,485.193,483.932,2.727,1.002606,living
2,A,A2,A2_00609,1.724,2.009,2.100,1.045,439.912,442.716,2.382,0.993667,living
2,A,A2,A2_00610,2.163,2.009,2.352,1.171,646.516,655.398,2.281,0.986447,living
2,A,A2,A2_00611,2.298,2.009,2.424,1.207,592.426,605.603,2.184,0.978242,living
2,A,A2,A2_00612,2.315,2.149,2.517,1.171,552.927,565.234,2.146,0.978227,living
2,A,A2,A2_00613,1.639,2.009,2.047,1.019,510.505,511.052,2.557,0.998931,living
2,A,A2,A2_00614,2.146,2.784,2.758,0.991,416.732,421.535,2.748,0.988606,living
2,A,A2,A2_00615,1.775,2.009,2.131,1.061,436.4,443.219,2.314,0.984615,living
2,A,A2,A2_00616,2.349,2.009,2.451,1.220,460.043,468.849,2.302,0.981218,living
2,A,A2,A2_00617,2.636,2.009,2.596,1.293,507.173,531.974,2.122,0.953379,living
2,A,A2,A2_00618,2.4,2.009,2.477,1.233,665.254,604.085,2.599,1.101259,living
2,A,A2,A2_00620,2.366,2.009,2.460,1.225,487.757,503.014,2.907,0.969669,living
2,A,A2,A2_00621,1.791,2.009,2.140,1.066,468.651,496.019,2.528,0.944825,living
2,A,A2,A2_00622,2.958,2.009,2.750,1.369,320.674,355.709,2.503,0.901508,living
2,A,A2,A2_00623,2.383,2.009,2.469,1.229,403.035,434.915,2.887,0.9267,living
2,A,A2,A2_00624,2.704,2.009,2.630,1.309,625.406,501.712,2.506,1.246543,living
2,A,A2,A2_00625,1.96,2.009,2.239,1.115,457.94,484.164,2.336,0.945836,living
2,A,A2,A2_00626,1.369,2.009,1.871,0.932,410.025,417.568,2.852,0.981935,living
2,A,A2,A2_00627,1.487,2.009,1.950,0.971,460.568,479.261,2.341,0.960996,living
2,A,A2,A2_00628,1.656,2.009,2.058,1.025,485.949,497.582,2.398,0.976622,living
2,A,A2,A2_00629,2.366,2.009,2.460,1.225,460.407,469.264,2.643,0.981125,living
2,A,A2,A2_00630,1.335,2.222,1.943,0.875,386.962,383.785,2.253,1.008279,living
2,A,A2,A2_00631,1.825,1.745,2.014,1.154,503.167,504.241,2.463,0.99787,living
2,A,A2,A2_00632,1.183,1.801,1.647,0.915,430.571,437.657,2.629,0.98381,living
2,A,A2,A2_00634,1.944,1.754,2.084,1.188,483.313,441.252,2.087,1.095322,living
2,A,A2,A2_00635,1.606,1.452,1.723,1.187,497.063,499.105,2.863,0.995908,living
2,A,A2,A2_00636,1.842,2.144,2.242,1.046,470.275,480.578,2.321,0.978562,living
2,A,A2,A2_00637,2.552,2.259,2.709,1.199,481.629,487.675,2.278,0.987602,living
2,A,A2,A2_00638,1.572,1.412,1.681,1.191,536.548,540.118,2.366,0.993391,living
2,A,A2,A2_00639,1.639,1.670,1.867,1.118,485.619,495.68,2.423,0.979701,living
2,A,A2,A2_00640,2.332,1.748,2.278,1.303,584.152,592.435,2.319,0.986019,living
2,A,A2,A2_00641,2.653,1.851,2.501,1.351,556.127,552.389,2.471,1.006769,living
2,A,A2,A2_00643,1.791,2.009,2.140,1.066,541.396,542.377,2.538,0.998191,living
2,A,A2,A2_00644,1.69,1.792,1.964,1.096,488.34,500.29,2.35,0.976114,living
2,A,A2,A2_00645,0.896,1.758,1.416,0.806,423.925,428.321,2.736,0.989736,living
2,A,A2,A2_00647,2.129,2.578,2.644,1.025,413.929,385.294,2.302,1.07432,living
2,A,A2,A2_00648,1.115,2.137,1.742,0.815,381.212,388.803,2.924,0.980476,living
2,A,A2,A2_00649,1.589,1.742,1.877,1.078,475.979,487.436,2.383,0.976494,living
2,A,A2,A2_00651,1.673,1.734,1.922,1.108,501.515,510.333,2.03,0.982721,living
2,A,A2,A2_00652,2.366,2.608,2.803,1.075,467.236,465.107,2.493,1.004577,living
2,A,A2,A2_00653,1.268,2.326,1.938,0.833,376.107,398.4,2.773,0.944043,living
2,A,A2,A2_00654,1.099,1.802,1.588,0.881,429.538,441.969,2.338,0.971874,living
2,A,A2,A2_00655,1.639,2.159,2.123,0.983,503.34,511.649,2.371,0.98376,living
2,A,A2,A2_00656,1.859,1.715,2.015,1.175,493,538.7,2.473,0.915166,living
2,A,A2,A2_00657,1.758,1.844,2.032,1.102,543.24,554.26,2.067,0.980119,living
2,A,A2,A2_00658,1.927,1.623,1.996,1.230,622.36,637.895,2.57,0.975646,living
2,A,A2,A2_00659,2.332,2.085,2.488,1.193,620.29,624.565,2.623,0.993155,living
2,A,A2,A2_00660,1.504,1.824,1.869,1.025,478.809,485.18,2.831,0.986869,living
2,A,A2,A2_00661,1.69,1.981,2.065,1.042,482.71,488.26,2.56,0.988633,living
2,A,A2,A2_00662,1.301,2.009,1.824,0.908,527.208,545.26,3.065,0.966893,living
2,A,A2,A2_00663,1.369,1.434,1.581,1.103,569.049,596.444,2.272,0.954069,living
2,A,A2,A2_00664,2.265,2.015,2.411,1.196,594.44,608.022,2.522,0.977662,living
2,A,A2,A2_00665,1.791,2.231,2.256,1.011,485.651,502.377,2.755,0.966705,living
2,A,A2,A2_00666,1.403,1.905,1.845,0.968,503.855,513.723,2.024,0.980792,living
2,A,A2,A2_00667,1.589,2.567,2.279,0.888,447.915,459.17,2.043,0.975488,living
2,A,A2,A2_00668,2.958,2.009,2.750,1.369,679.851,700.543,3.331,0.970464,living
2,A,A2,A2_00669,1.825,2.009,2.160,1.076,603.241,626.769,2.722,0.962462,living
2,A,A2,A2_00670,2.113,2.009,2.325,1.157,666.312,687,2.472,0.969886,living
2,A,A2,A2_00671,1.082,1.745,1.550,0.889,462.031,466.625,2.219,0.990155,living
2,A,A2,A2_00672,1.69,2.097,2.124,1.013,494.66,510.06,2.8,0.969807,living
2,A,A2,A2_00673,1.251,1.737,1.663,0.958,454.284,448.135,2.203,1.013721,living
2,A,A2,A2_00674,0.98,2.421,1.738,0.718,407.948,401.172,3.328,1.01689,living
2,A,A2,A2_00675,1.234,2.035,1.788,0.879,408.616,411.795,2.575,0.992282,living
2,A,A2,A2_00676,2.434,1.843,2.390,1.297,578.111,579.389,2.375,0.997795,living
2,A,A2,A2_00677,1.386,1.864,1.814,0.973,439.707,457.915,2.268,0.960239,living
2,A,A2,A2_00678,1.589,2.308,2.161,0.936,439.436,455.66,2.213,0.964396,living
2,A,A2,A2_00679,2.265,2.309,2.580,1.118,484.463,501.157,2.5,0.966689,living
2,A,A2,A2_00680,2.721,1.854,2.534,1.367,671.149,686.963,2.366,0.97698,living
2,A,A2,A2_00681,1.403,1.762,1.774,1.007,464.181,472.133,2.807,0.983158,living
2,A,A2,A2_00682,1.69,2.269,2.210,0.974,402.58,405.73,2.53,0.992236,living
2,A,A2,A2_00683,2.096,1.964,2.289,1.166,525.944,527.782,2.274,0.996516,living
2,A,A2,A2_00685,1.386,1.857,1.810,0.975,458.878,459.976,2.317,0.997614,living
2,A,A2,A2_00686,1.369,1.958,1.847,0.944,451.333,459.889,2.988,0.981396,living
2,A,A2,A2_00687,1.808,1.811,2.042,1.127,523.374,538.477,2.645,0.971953,living
2,A,A2,A2_00688,2.146,1.967,2.318,1.179,534.858,552.402,2.48,0.968242,living
2,A,A2,A2_00689,1.893,1.433,1.858,1.297,605,604.366,2.946,1.001049,living
2,A,A2,A2_00690,1.842,1.914,2.119,1.107,498.78,515.826,2.284,0.966954,living
2,A,A2,A2_00692,1.673,1.817,1.967,1.083,485.768,498.293,2.636,0.974864,living
2,A,A2,A2_00693,1.775,2.421,2.339,0.966,422.581,406.381,2.314,1.039864,living
2,A,A2,A2_00694,2.349,2.009,2.451,1.220,554.993,573.374,2.878,0.967942,living
2,A,A2,A2_00695,1.301,2.514,2.041,0.812,399.221,407.156,2.325,0.980511,living
2,A,A2,A2_00696,1.673,1.860,1.990,1.070,461.576,459.566,2.051,1.004374,living
2,A,A2,A2_00697,2.248,2.000,2.393,1.196,546.195,562.609,2.639,0.970826,living
2,A,A2,A2_00698,1.91,2.009,2.210,1.100,517.31,527.496,2.867,0.98069,living
2,A,A2,A2_00699,2.738,2.009,2.646,1.317,700.778,704.636,2.759,0.994525,living
2,A,A2,A2_00700,1.656,2.009,2.058,1.025,537.286,530.755,2.337,1.012304,living
2,A,A2,A2_00701,2.856,2.009,2.703,1.346,606.183,619.592,2.361,0.978359,living
2,A,A2,A2_00702,1.96,2.009,2.239,1.115,517.328,520.259,2.698,0.994366,living
2,A,A2,A2_00703,1.487,2.009,1.950,0.971,498.545,512.602,3.08,0.972578,living
2,A,A2,A2_00704,2.383,2.009,2.469,1.229,546.553,541.582,2.617,1.00918,living
2,A,A2,A2_00705,2.298,2.009,2.424,1.207,529.654,544.882,2.294,0.972053,living
2,A,A2,A2_00706,2.603,2.009,2.580,1.285,653.162,660.331,2.571,0.989144,living
2,A,A2,A2_00707,2.4,2.009,2.477,1.233,678.514,710.218,2.415,0.95536,living
2,A,A2,A2_00708,1.437,2.009,1.917,0.954,442.047,455.353,2.6,0.970779,living
2,A,A2,A2_00709,1.369,2.009,1.871,0.932,508.691,510.679,2.284,0.996108,living
2,A,A2,A2_00710,1.656,2.009,2.058,1.025,491.867,505.99,2.418,0.972089,living
2,A,A2,A2_00711,1.166,2.009,1.727,0.860,442.638,450.406,2.246,0.982753,living
2,A,A2,A2_00713,1.69,1.700,1.913,1.125,434.24,433.33,2.15,1.0021,living
2,A,A2,A2_00714,1.555,1.711,1.841,1.076,492.663,493.315,2.576,0.998678,living
2,A,A2,A2_00715,2.045,2.115,2.347,1.110,485.81,479.347,2.488,1.013483,living
2,A,A2,A2_00716,1.521,2.009,1.972,0.982,459,464.311,2.589,0.988561,living
2,A,A2,A2_00717,2.501,2.009,2.529,1.259,535.608,548.838,2.689,0.975895,living
2,A,A2,A2_00718,2.028,2.009,2.277,1.134,550.942,569.208,2.775,0.967909,living
2,A,A2,A2_00719,1.791,1.841,2.049,1.113,484.387,482.5,2.566,1.00391,living
2,A,A2,A2_00720,1.639,1.814,1.946,1.073,502.454,509.072,2.835,0.986999,living
2,A,A2,A2_00721,1.673,2.009,2.068,1.030,519.515,527.869,2.879,0.984175,living
2,A,A2,A2_00723,2.687,2.797,3.093,1.106,458.937,467.434,2.635,0.981822,living
2,A,A2,A2_00724,2.721,2.160,2.736,1.266,589.522,608.851,2.224,0.968253,living
2,A,A2,A2_00725,1.69,1.593,1.851,1.162,305.22,395.89,2.44,0.770972,living
2,A,A2,A2_00726,1.453,1.866,1.858,0.996,465.407,474.209,2.581,0.981438,living
2,A,A2,A2_00727,1.859,2.604,2.483,0.953,437.236,439.736,2.364,0.994315,living
2,A,A2,A2_00728,1.977,1.960,2.221,1.133,505.795,510.667,2.333,0.99046,living
2,A,A2,A2_00729,0.93,2.654,1.773,0.668,360.382,362.418,2.491,0.994381,living
2,A,A2,A2_00730,1.166,2.068,1.752,0.847,405.667,419.928,2.217,0.96604,living
2,A,A2,A2_00731,1.099,1.535,1.466,0.955,456.415,465.446,2.554,0.980598,living
2,A,A2,A2_00732,1.301,1.796,1.725,0.960,436.948,415.766,2.779,1.050946,living
2,A,A2,A2_00733,2.62,2.494,2.884,1.157,510.523,522.916,2.303,0.976299,living
2,A,A2,A2_00734,2.045,2.009,2.287,1.139,517.603,520.14,2.157,0.995122,living
2,A,A2,A2_00735,1.234,1.782,1.673,0.939,427.904,452.082,2.425,0.946518,living
2,A,A2,A2_00736,2.214,2.794,2.806,1.004,473.237,466.145,2.344,1.015213,living
2,A,A2,A2_00737,1.927,2.410,2.432,1.009,478.596,486.342,2.325,0.984074,living
2,A,A2,A2_00738,2.653,2.343,2.813,1.201,570.064,591.108,2.382,0.964398,living
2,A,A2,A2_00739,2.941,2.009,2.743,1.365,694.678,696.029,2.701,0.99806,living
2,A,A2,A2_00740,2.721,2.351,2.854,1.214,575.354,575.733,2.447,0.999342,living
2,A,A2,A2_00741,1.825,1.444,1.832,1.269,607.176,622.222,2.491,0.975818,living
2,A,A2,A2_00742,1.589,1.450,1.713,1.181,555.979,583.032,2.447,0.953599,living
2,A,A2,A2_00743,1.977,1.840,2.152,1.170,537.436,551.709,2.444,0.974129,living
2,A,A2,A2_00744,1.2,1.500,1.514,1.009,479.296,497.183,1.958,0.964023,living
2,A,A2,A2_00745,2.248,2.478,2.663,1.075,328.323,350.376,1.947,0.93706,living
2,A,A2,A2_00746,0.997,2.598,1.816,0.699,381.169,393.983,2.271,0.967477,living
2,A,A2,A2_00747,1.284,1.686,1.660,0.985,474.224,481.868,2.526,0.984135,living
2,A,A2,A2_00748,1.031,1.872,1.568,0.837,416.016,424.016,2.115,0.981133,living
2,A,A2,A2_00749,2.636,2.009,2.596,1.293,525.231,542.064,2.269,0.968946,living
2,A,A2,A2_00750,1.859,2.009,2.180,1.086,482.245,486.518,2.427,0.991218,living
2,A,A2,A2_00752,2.687,2.009,2.621,1.305,818.006,831.208,2.585,0.984118,living
2,A,A2,A2_00754,1.724,2.009,2.100,1.045,531.186,556.029,2.559,0.95532,living
2,A,A2,A2_00756,2.839,2.009,2.695,1.342,615.524,629.512,2.327,0.977779,living
2,A,A2,A2_00757,1.284,2.009,1.812,0.902,425.329,424.842,2.776,1.001146,living
2,A,A2,A2_00758,1.69,2.009,2.079,1.035,503.39,497.84,2.57,1.011148,living
2,A,A2,A2_00759,1.825,2.009,2.160,1.076,565.583,577.065,2.435,0.980104,living
2,A,A2,A2_00760,0.93,2.009,1.542,0.768,439.182,363.436,2.836,1.208415,living
2,A,A2,A2_00761,2.045,2.009,2.287,1.139,541.802,560.256,2.248,0.967061,living
2,A,A2,A2_00763,1.994,2.966,2.744,0.925,471.644,444.881,2.712,1.060157,living
2,A,A2,A2_00764,2.721,2.679,3.047,1.137,465.012,470.23,2.46,0.988905,living
2,A,A2,A2_00766,2.552,1.952,2.518,1.290,598.901,602.411,2.404,0.994174,living
2,A,A2,A2_00767,2.129,2.274,2.483,1.092,501.151,512.659,2.587,0.977552,living
2,A,A2,A2_00768,1.707,2.009,2.089,1.040,485.446,513.802,2.673,0.944811,living
2,A,A2,A2_00769,2.687,2.009,2.621,1.305,581.145,589.918,3.239,0.985127,living
2,A,A2,A2_00770,1.656,2.538,2.313,0.911,397.449,393.857,2.306,1.00912,living
2,A,A2,A2_00771,2.349,1.984,2.436,1.228,535.432,545.784,2.482,0.981032,living
2,A,A2,A2_00772,2.231,2.352,2.585,1.099,471.667,480.144,2.318,0.982344,living
2,A,A2,A2_00773,1.335,1.560,1.628,1.044,476.253,484.861,2.772,0.982247,living
2,A,A2,A2_00774,1.437,1.761,1.795,1.019,418.435,417.776,2.588,1.001577,living
2,A,A2,A2_00775,2.62,2.002,2.584,1.291,499.639,509,2.568,0.981608,living
2,A,A2,A2_00776,2.535,2.280,2.713,1.190,498.627,502.913,2.473,0.991476,living
2,A,A2,A2_00777,1.859,1.522,1.898,1.247,496.309,516.818,2.182,0.960317,living
2,A,A2,A2_00778,1.893,1.801,2.083,1.157,482.304,498.455,2.518,0.967596,living
2,A,A2,A2_00779,1.589,1.749,1.881,1.076,450.957,465.436,3.043,0.968892,living
2,A,A2,A2_00780,2.129,2.009,2.333,1.162,510.746,513.135,2.46,0.995345,living
2,A,A2,A2_00782,1.673,1.525,1.802,1.182,493.717,502.586,2.545,0.982354,living
2,A,A2,A2_00783,0.997,1.800,1.512,0.840,414.525,430.339,2.61,0.963253,living
2,A,A2,A2_00784,2.231,2.571,2.702,1.051,435.288,438.591,2.356,0.992469,living
2,A,A2,A2_00785,1.707,2.229,2.201,0.987,498.97,504.168,2.99,0.98969,living
2,A,A2,A2_00786,1.791,2.217,2.248,1.014,449.311,451.774,2.038,0.99455,living
2,A,A2,A2_00787,1.944,1.972,2.209,1.120,502.635,496.496,2.061,1.012365,living
2,A,A2,A2_00788,1.622,2.009,2.037,1.014,452.25,460.708,3.135,0.981641,living
2,A,A2,A2_00789,2.231,2.192,2.495,1.138,497.417,518.765,2.136,0.958847,living
2,A,A2,A2_00790,2.129,2.363,2.531,1.071,480.246,492.278,2.794,0.975559,living
2,A,A2,A2_00791,1.656,1.773,1.933,1.091,497.847,497.633,2.398,1.000431,living
2,A,A2,A2_00792,1.656,2.001,2.054,1.027,484.531,482.551,2.724,1.004102,living
2,A,A2,A2_00793,2.298,2.009,2.424,1.207,573.36,574.287,2.426,0.998387,living
2,A,A2,A2_00794,2.755,2.831,3.151,1.113,493.724,489.307,2.675,1.009027,living
2,A,A2,A2_00795,1.538,2.050,2.004,0.977,440.066,447.956,2.418,0.982386,living
2,A,A2,A2_00796,1.031,1.951,1.600,0.820,415.77,426.033,2.262,0.975912,living
2,A,A2,A2_00797,1.538,1.777,1.865,1.050,463.473,452.505,2.11,1.024236,living
2,A,A2,A2_00798,1.639,1.977,2.031,1.027,464.227,472.351,2.608,0.982802,living
2,A,A2,A2_00799,0.879,1.859,1.442,0.776,388.5,401.096,2.615,0.968596,living
2,A,A2,A2_00800,1.521,2.099,2.016,0.961,434.467,437.811,2.656,0.992361,living
2,B,B2,B2_00002,2.501,1.957,2.496,1.276,306.892,377.439,2.439,0.81309,living
2,B,B2,B2_00003,2.518,1.998,2.531,1.267,374.725,375.04,2.047,0.999159,living
2,B,B2,B2_00010,1.639,2.456,2.264,0.922,288.237,293.278,2.402,0.982811,living
2,B,B2,B2_00012,2.265,1.677,2.199,1.311,403.284,399.687,2.104,1.009,living
2,B,B2,B2_00014,2.248,2.007,2.397,1.194,439.083,405.594,2.406,1.082567,living
2,B,B2,B2_00015,1.977,2.007,2.247,1.120,348.47,339.077,2.444,1.027702,living
2,B,B2,B2_00018,1.927,1.665,2.021,1.214,376.974,392.947,2.228,0.959349,living
2,B,B2,B2_00019,1.656,1.525,1.793,1.176,361.745,359.582,2.367,1.006016,living
2,B,B2,B2_00020,1.825,1.848,2.072,1.121,349.528,319.352,2.315,1.094491,living
2,B,B2,B2_00023,1.606,2.149,2.096,0.975,297.063,299.579,2.884,0.991602,living
2,B,B2,B2_00024,2.704,2.007,2.628,1.310,278.406,269.075,2.325,1.034679,living
2,B,B2,B2_00029,2.991,1.918,2.703,1.409,375.243,316.407,2.35,1.185951,living
2,B,B2,B2_00031,1.758,2.007,2.119,1.056,311.558,309.587,2.933,1.006367,living
2,B,B2,B2_00032,1.234,1.369,1.467,1.071,333.904,334.384,2.562,0.998566,living
2,B,B2,B2_00033,1.453,2.007,1.927,0.960,264.953,257.581,2.605,1.02862,living
2,B,B2,B2_00034,0.997,2.786,1.881,0.675,260.102,255.915,2.61,1.016359,living
2,B,B2,B2_00036,1.521,1.836,1.886,1.027,299.233,299.533,2.789,0.998998,living
2,B,B2,B2_00039,2.349,2.260,2.600,1.150,412.849,413.647,2.719,0.998069,living
2,B,B2,B2_00041,1.656,1.835,1.967,1.072,387.5,382.194,2.714,1.013883,living
2,B,B2,B2_00043,2.248,1.747,2.236,1.280,434.083,419.647,2.286,1.034401,living
2,B,B2,B2_00045,2.062,1.661,2.088,1.257,426.746,420.893,2.68,1.013905,living
2,B,B2,B2_00046,1.031,1.928,1.591,0.825,316.443,320.508,2.033,0.987315,living
2,B,B2,B2_00048,2.231,1.853,2.294,1.238,481.909,486.402,2.523,0.990764,living
2,B,B2,B2_00050,2.231,2.364,2.591,1.096,340.045,343.848,2.129,0.98894,living
2,B,B2,B2_00051,1.453,2.007,1.927,0.960,339.86,341.244,2.802,0.995945,living
2,B,B2,B2_00052,2.265,1.929,2.359,1.223,426.515,435.007,2.194,0.980477,living
2,B,B2,B2_00053,2.4,2.019,2.484,1.230,374.507,353.155,2.352,1.060461,living
2,B,B2,B2_00055,2.129,2.007,2.332,1.162,351.881,350.087,2.698,1.005123,living
2,B,B2,B2_00057,1.268,2.047,1.818,0.888,329.173,332.36,2.693,0.990412,living
2,B,B2,B2_00058,1.335,2.123,1.900,0.895,312.987,314.203,2.215,0.996132,living
2,B,B2,B2_00059,2.924,2.365,2.967,1.255,417.075,414.815,2.052,1.005448,living
2,B,B2,B2_00060,2.518,2.152,2.627,1.221,429.893,427.57,2.383,1.005431,living
2,B,B2,B2_00061,1.42,1.860,1.834,0.986,355.56,367.19,2.131,0.968324,living
2,B,B2,B2_00062,1.893,2.007,2.199,1.096,387.679,247.714,2.875,1.565023,living
2,B,B2,B2_00063,1.2,2.064,1.776,0.860,305.268,264.127,2.746,1.155762,living
2,B,B2,B2_00064,1.2,1.734,1.628,0.939,358.282,363.831,2.127,0.984748,living
2,B,B2,B2_00070,1.775,1.785,2.009,1.125,346.667,337.352,2.229,1.02761,living
2,B,B2,B2_00072,0.997,1.774,1.501,0.846,321.356,314.237,2.475,1.022654,living
2,B,B2,B2_00073,2.924,2.018,2.741,1.358,486.324,497.243,2.468,0.978041,living
2,B,B2,B2_00075,1.335,2.007,1.847,0.920,350.671,357.722,3.266,0.98029,living
2,B,B2,B2_00076,2.011,1.697,2.085,1.228,426.168,418.748,2.353,1.01772,living
2,B,B2,B2_00078,2.839,2.323,2.898,1.247,412.399,415.214,2.595,0.993219,living
2,B,B2,B2_00079,1.758,2.087,2.161,1.036,321.567,329.846,2.51,0.974901,living
2,B,B2,B2_00081,1.96,1.991,2.229,1.120,364.043,374.086,2.284,0.973153,living
2,B,B2,B2_00082,2.18,1.566,2.085,1.331,485.86,496.589,2.248,0.978395,living
2,B,B2,B2_00083,1.96,1.694,2.056,1.214,360.94,368.138,2.474,0.980447,living
2,B,B2,B2_00084,1.791,2.128,2.203,1.035,340.783,350.189,2.575,0.973141,living
2,B,B2,B2_00087,1.622,2.021,2.043,1.011,342.396,321.927,2.594,1.063582,living
2,B,B2,B2_00088,2.924,2.242,2.889,1.289,331.983,216.694,2.191,1.532037,living
2,B,B2,B2_00089,2.518,2.204,2.658,1.206,402.638,412.631,2.544,0.975782,living
2,B,B2,B2_00090,2.079,1.856,2.217,1.194,380.236,306.146,2.642,1.242007,living
2,B,B2,B2_00091,1.91,2.007,2.209,1.101,345.195,345.823,3.31,0.998183,living
2,B,B2,B2_00092,1.082,1.630,1.499,0.919,314.172,336.812,2.062,0.93278,living
2,B,B2,B2_00094,1.842,2.124,2.232,1.051,341.376,345.633,2.972,0.987684,living
2,B,B2,B2_00101,1.589,1.653,1.829,1.106,362.564,364.149,2.511,0.995647,living
2,B,B2,B2_00102,2.417,1.665,2.264,1.360,198.923,325.329,2.664,0.611453,living
2,B,B2,B2_00103,2.603,2.247,2.729,1.214,356.455,360.734,2.214,0.988137,living
2,B,B2,B2_00104,2.941,2.414,3.007,1.245,388.753,393.483,2.477,0.987979,living
2,B,B2,B2_00105,2.704,1.709,2.426,1.419,497.544,491.094,2.581,1.013134,living
2,B,B2,B2_00106,2.839,2.340,2.908,1.243,387.446,378.565,2.256,1.023459,living
2,B,B2,B2_00108,1.825,1.583,1.918,1.212,378.759,373.472,2.426,1.014156,living
2,B,B2,B2_00109,2.045,1.785,2.156,1.208,382.909,370.727,2.421,1.032859,living
2,B,B2,B2_00111,1.352,1.602,1.661,1.037,335.775,326.863,2.087,1.027267,living
2,B,B2,B2_00113,2.501,2.007,2.528,1.260,372.811,385.324,2.804,0.967525,living
2,B,B2,B2_00114,1.927,1.569,1.962,1.251,379.465,376.412,2.228,1.00811,living
2,B,B2,B2_00115,1.859,1.913,2.128,1.112,335.391,335.373,1.973,1.000054,living
2,B,B2,B2_00116,1.572,2.888,2.404,0.832,285.591,275.258,2.71,1.037541,living
2,B,B2,B2_00117,1.352,1.658,1.689,1.019,341.238,341.7,2.513,0.998646,living
2,B,B2,B2_00118,2.636,2.489,2.890,1.161,341.718,341.744,2.667,0.999925,living
2,B,B2,B2_00119,1.437,2.768,2.250,0.813,272.6,275.165,2.4,0.990679,living
2,B,B2,B2_00121,1.42,1.638,1.721,1.051,329.488,326.071,2.774,1.010478,living
2,B,B2,B2_00122,1.149,1.589,1.525,0.960,307.897,295.618,2.176,1.041538,living
2,B,B2,B2_00123,1.437,1.782,1.806,1.013,310.388,322.106,2.353,0.963622,living
2,B,B2,B2_00124,1.741,1.561,1.860,1.192,370.825,356.155,2.456,1.04119,living
2,B,B2,B2_00125,1.2,2.235,1.848,0.827,271.141,274.254,2.324,0.98865,living
2,B,B2,B2_00126,1.639,2.007,2.046,1.020,345.052,339.165,2.835,1.017356,living
2,B,B2,B2_00127,1.69,1.658,1.889,1.139,354.4,360.3,2.55,0.983625,living
2,B,B2,B2_00128,2.434,1.688,2.287,1.355,411.41,426.861,2.611,0.963802,living
2,B,B2,B2_00130,1.2,2.007,1.751,0.873,289.38,289.451,2.803,0.999757,living
2,B,B2,B2_00132,1.487,1.826,1.859,1.018,335.432,326.932,2.534,1.025999,living
2,B,B2,B2_00134,2.569,1.791,2.420,1.351,426.783,435.98,2.039,0.978904,living
2,B,B2,B2_00135,1.758,2.007,2.119,1.056,357.865,370.01,2.779,0.967179,living
2,B,B2,B2_00136,1.183,1.516,1.511,0.997,331.057,321.686,2.343,1.029132,living
2,B,B2,B2_00137,1.944,1.778,2.098,1.180,370.643,369.809,2.443,1.002257,living
2,B,B2,B2_00141,1.504,1.544,1.720,1.114,357.225,359.674,2.09,0.99319,living
2,B,B2,B2_00142,1.639,1.967,2.026,1.030,328.454,332.34,2.216,0.988305,living
2,B,B2,B2_00143,2.062,2.616,2.621,1.002,307.951,316.992,2.656,0.971479,living
2,B,B2,B2_00144,1.183,1.741,1.619,0.930,286.014,295.071,2.457,0.969305,living
2,B,B2,B2_00145,1.622,1.908,1.985,1.040,303.5,311.115,2.594,0.975525,living
2,B,B2,B2_00147,1.403,2.196,1.981,0.902,197.747,276.53,2.434,0.715101,living
2,B,B2,B2_00150,1.775,2.007,2.130,1.061,326.695,335.381,2.095,0.974102,living
2,B,B2,B2_00151,2.501,2.007,2.528,1.260,343.547,261.108,2.182,1.315728,living
2,B,B2,B2_00155,2.197,2.007,2.369,1.181,297.685,313.862,2.323,0.948458,living
2,B,B2,B2_00156,1.808,2.007,2.149,1.071,368.224,381.71,2.738,0.96467,living
2,B,B2,B2_00157,1.707,2.007,2.088,1.041,81.307,480.248,2.347,0.169302,living
2,B,B2,B2_00158,2.383,2.007,2.467,1.230,377.227,369.149,2.376,1.021883,living
2,B,B2,B2_00160,2.163,2.007,2.351,1.172,438.719,449.711,2.562,0.975557,living
2,B,B2,B2_00161,2.772,2.007,2.661,1.326,509.872,510.091,2.677,0.99957,living
2,B,B2,B2_00162,2.434,2.007,2.494,1.243,452.16,460.174,2.868,0.982585,living
2,B,B2,B2_00163,2.265,2.007,2.406,1.199,423.843,431.007,2.157,0.983378,living
2,B,B2,B2_00165,1.335,2.007,1.847,0.920,320.342,319.19,1.987,1.003609,living
2,B,B2,B2_00166,1.876,2.007,2.189,1.091,371.631,374.198,2.333,0.993138,living
2,B,B2,B2_00167,1.775,2.007,2.130,1.061,299.124,298.143,2.39,1.00329,living
2,B,B2,B2_00168,1.842,2.007,2.169,1.081,359.156,380.633,2.394,0.943575,living
2,B,B2,B2_00171,1.42,1.893,1.850,0.977,304.786,316.774,1.821,0.962156,living
2,B,B2,B2_00172,2.332,1.706,2.251,1.319,190.536,240.449,2.464,0.792418,living
2,B,B2,B2_00173,1.572,2.007,2.004,0.999,324.194,319.817,2.763,1.013684,living
2,B,B2,B2_00174,2.4,2.007,2.476,1.234,250.754,319.824,2.57,0.784036,living
2,B,B2,B2_00179,2.417,2.505,2.776,1.108,284.189,284.126,2.203,1.000222,living
2,B,B2,B2_00182,2.62,1.605,2.314,1.442,470.168,471.555,2.284,0.997058,living
2,B,B2,B2_00184,1.656,1.699,1.893,1.114,324.408,330.112,2.714,0.982721,living
2,B,B2,B2_00185,2.653,2.231,2.745,1.230,352.771,355.459,2.656,0.992438,living
2,B,B2,B2_00186,2.366,1.918,2.404,1.253,358.921,365.8,2.729,0.981196,living
2,B,B2,B2_00188,1.521,2.007,1.971,0.982,315.656,313.878,2.756,1.005664,living
2,B,B2,B2_00189,2.535,2.241,2.689,1.200,334.593,332.24,2.387,1.007083,living
2,B,B2,B2_00192,2.467,2.011,2.513,1.250,366.699,372.466,2.39,0.984516,living
2,B,B2,B2_00194,2.603,1.900,2.509,1.321,377.805,380.442,2.208,0.99307,living
2,B,B2,B2_00195,2.079,1.655,2.093,1.265,353.545,351.748,2.634,1.005108,living
2,B,B2,B2_00196,1.859,2.007,2.179,1.086,346.064,356.791,2.836,0.969934,living
2,B,B2,B2_00199,1.284,1.709,1.672,0.978,277.868,277.605,2.711,1.000948,living
2,B,B2,B2_00201,1.132,1.615,1.526,0.945,273.925,247.194,2.582,1.108139,living
2,B,B2,B2_00202,1.132,1.746,1.586,0.909,347.657,345.627,1.642,1.005873,living
2,B,B2,B2_00203,2.315,2.158,2.522,1.169,384.511,386.204,2.562,0.995615,living
2,B,B2,B2_00204,1.859,1.651,1.977,1.197,414.873,400.691,2.755,1.035393,living
2,B,B2,B2_00205,2.265,1.866,2.320,1.243,459.903,465.582,2.47,0.987802,living
2,B,B2,B2_00206,1.538,1.776,1.865,1.050,381.242,380.648,2.703,1.001559,living
2,B,B2,B2_00207,1.876,1.663,1.993,1.198,437.198,443.82,2.459,0.98508,living
2,B,B2,B2_00208,1.268,1.433,1.521,1.061,390.173,390.973,2.293,0.997954,living
2,B,B2,B2_00209,1.673,2.007,2.067,1.030,375.869,361.798,6.475,1.038891,dead
2,B,B2,B2_00210,2.248,1.918,2.343,1.222,437.805,442.263,2.714,0.989919,living
2,B,B2,B2_00211,2.315,2.034,2.449,1.204,414.737,427.745,2.533,0.969591,living
2,B,B2,B2_00213,2.518,2.270,2.698,1.188,395.141,408.55,2.685,0.967178,living
2,B,B2,B2_00214,1.758,1.700,1.951,1.147,414.548,419.365,2.231,0.988513,living
2,B,B2,B2_00215,2.163,2.270,2.500,1.101,369.297,355.516,2.484,1.038764,living
2,B,B2,B2_00216,2.045,1.765,2.144,1.215,424.76,419.38,2.471,1.012829,living
2,B,B2,B2_00218,1.572,2.233,2.114,0.947,301.978,292.172,2.624,1.033564,living
2,B,B2,B2_00219,2.18,2.067,2.395,1.159,348.124,368.155,2.403,0.945591,living
2,B,B2,B2_00220,2.096,2.227,2.438,1.095,344.008,346.024,2.694,0.994173,living
2,B,B2,B2_00222,2.991,2.158,2.867,1.328,453.215,457.785,2.373,0.990016,living
2,B,B2,B2_00224,1.859,1.794,2.061,1.149,345.273,353.309,2.373,0.977254,living
2,B,B2,B2_00225,1.741,2.354,2.284,0.970,306.816,304.592,2.922,1.007299,living
2,B,B2,B2_00226,1.724,1.882,2.033,1.080,332.137,329.863,2.333,1.006895,living
2,B,B2,B2_00227,2.552,1.924,2.500,1.300,412.947,414.225,2.523,0.996914,living
2,B,B2,B2_00232,1.791,2.007,2.139,1.066,379.094,383.764,3.123,0.987832,living
2,B,B2,B2_00234,1.842,2.211,2.277,1.030,313.991,259.367,2.661,1.210605,living
2,B,B2,B2_00235,1.42,1.827,1.817,0.995,310.702,321.607,2.393,0.966093,living
2,B,B2,B2_00236,2.484,2.117,2.588,1.222,330.476,409.517,2.503,0.80699,living
2,B,B2,B2_00238,1.572,1.714,1.852,1.081,332.742,337.581,2.323,0.985667,living
2,B,B2,B2_00239,2.163,2.010,2.353,1.171,356.906,372.242,2.57,0.958801,living
2,B,B2,B2_00240,1.842,1.800,2.055,1.141,375.018,373.349,2.165,1.004472,living
2,B,B2,B2_00241,1.622,1.917,1.990,1.038,308.854,308.198,2.542,1.002129,living
2,B,B2,B2_00242,1.724,1.669,1.914,1.147,364.392,362.353,2.735,1.005628,living
2,B,B2,B2_00243,1.166,1.523,1.504,0.987,326.768,322.261,2.623,1.013986,living
2,B,B2,B2_00244,1.115,2.542,1.900,0.747,268.015,266.561,2.591,1.005457,living
2,B,B2,B2_00245,1.758,2.007,2.119,1.056,357.337,349.529,2.106,1.022338,living
2,B,B2,B2_00248,1.91,2.007,2.209,1.101,406.292,410.726,2.717,0.989205,living
2,B,B2,B2_00252,1.741,2.007,2.109,1.051,438.563,437.068,2.631,1.003421,living
2,B,B2,B2_00253,2.484,2.007,2.519,1.255,444.755,447.156,2.633,0.99463,living
2,B,B2,B2_00255,1.572,2.007,2.004,0.999,408.237,404.914,2.29,1.008206,living
2,B,B2,B2_00256,1.825,2.007,2.159,1.076,420.824,410.583,2.648,1.024942,living
2,B,B2,B2_00257,2.197,2.007,2.369,1.181,429.915,438.315,2.577,0.980836,living
2,B,B2,B2_00258,2.772,2.007,2.661,1.326,440.933,448.994,2.39,0.982047,living
2,B,B2,B2_00259,1.994,2.007,2.257,1.125,455.025,455.729,2.551,0.998457,living
2,B,B2,B2_00260,2.011,2.007,2.267,1.130,499.681,493.832,2.261,1.011844,living
2,B,B2,B2_00261,1.656,2.007,2.057,1.025,383.102,380.918,3.286,1.005733,living
2,B,B2,B2_00262,1.487,2.007,1.949,0.971,374.193,374.92,3.125,0.99806,living
2,B,B2,B2_00264,1.876,2.007,2.189,1.091,388.144,394.081,2.153,0.984935,living
2,B,B2,B2_00266,1.707,2.007,2.088,1.041,379.802,387.97,2.228,0.978946,living
2,B,B2,B2_00267,0.997,2.007,1.596,0.795,337.051,340.814,2.288,0.98896,living
2,B,B2,B2_00268,1.977,2.007,2.247,1.120,409.308,422.496,2.282,0.968785,living
2,B,B2,B2_00269,1.842,2.007,2.169,1.081,419.33,429.734,2.349,0.97579,living
2,B,B2,B2_00270,1.944,2.007,2.229,1.111,353.383,364.739,2.243,0.968864,living
2,B,B2,B2_00272,1.335,1.590,1.644,1.034,366.861,374.127,2.342,0.980579,living
2,B,B2,B2_00273,1.606,1.844,1.942,1.053,358.905,417.821,2.705,0.858993,living
2,B,B2,B2_00274,1.555,1.711,1.841,1.076,439.217,425.598,2.63,1.032001,living
2,B,B2,B2_00275,2.991,2.950,3.352,1.136,436.424,443.814,2.508,0.983349,living
2,B,B2,B2_00276,1.47,1.837,1.854,1.009,367.828,388.23,2.356,0.947448,living
2,B,B2,B2_00277,1.572,1.686,1.837,1.090,431.194,437.667,2.763,0.98521,living
2,B,B2,B2_00278,1.758,2.081,2.158,1.037,416.01,428.885,2.269,0.96998,living
2,B,B2,B2_00280,1.014,1.647,1.458,0.885,379.4,385.9,2.15,0.983156,living
2,B,B2,B2_00281,1.166,1.524,1.504,0.987,395.609,384.464,2.623,1.028988,living
2,B,B2,B2_00282,2.467,1.687,2.302,1.365,579.137,572.377,2.541,1.011811,living
2,B,B2,B2_00283,2.231,1.616,2.143,1.326,382.386,381.667,2.538,1.001886,living
2,B,B2,B2_00284,0.879,2.007,1.499,0.747,341.269,334.385,2.788,1.020589,living
2,B,B2,B2_00285,2.569,2.155,2.655,1.232,483.612,489.724,2.632,0.98752,living
2,B,B2,B2_00286,1.589,2.478,2.239,0.904,372.989,378.319,3.128,0.985912,living
2,B,B2,B2_00287,1.166,1.626,1.554,0.956,367.58,360.319,3.058,1.020151,living
2,B,B2,B2_00288,2.772,1.760,2.492,1.416,512.012,593.537,2.415,0.862646,living
2,B,B2,B2_00290,2.518,1.577,2.249,1.426,415.644,295.658,2.544,1.405829,living
2,B,B2,B2_00291,2.839,2.637,3.087,1.171,465.262,476.298,2.44,0.97683,living
2,B,B2,B2_00292,1.437,2.166,1.991,0.919,368.294,373.882,2.459,0.985053,living
2,B,B2,B2_00293,1.893,2.007,2.199,1.096,432.08,434.062,2.625,0.995434,living
2,B,B2,B2_00295,1.2,2.190,1.829,0.835,358.761,354.479,2.254,1.012079,living
2,B,B2,B2_00296,1.724,1.747,1.958,1.121,426.069,430.088,2.529,0.990654,living
2,B,B2,B2_00298,1.065,2.267,1.753,0.773,329.032,331.492,2.81,0.992578,living
2,B,B2,B2_00299,0.896,1.684,1.386,0.823,370.472,344.981,2.019,1.07389,living
2,B,B2,B2_00300,1.572,1.511,1.739,1.151,381.387,393.215,2.075,0.96992,living
2,B,B2,B2_00301,1.487,1.504,1.687,1.122,400.443,411.557,2.216,0.972996,living
2,B,B2,B2_00302,1.031,1.845,1.556,0.844,313.148,311.377,2.934,1.005686,living
2,B,B2,B2_00304,1.268,1.467,1.539,1.049,360.853,364.027,3.147,0.991283,living
2,B,B2,B2_00305,2.298,1.752,2.264,1.292,416.081,428.14,2.603,0.971834,living
2,B,B2,B2_00306,1.944,1.787,2.103,1.177,396.896,403.47,2.374,0.983707,living
2,B,B2,B2_00307,1.622,1.579,1.806,1.144,392.885,410.875,2.594,0.956216,living
2,B,B2,B2_00308,1.437,1.948,1.888,0.969,326,331.424,2.506,0.983636,living
2,B,B2,B2_00310,1.758,1.704,1.953,1.146,375.452,384.99,2.337,0.975224,living
2,B,B2,B2_00312,1.791,1.421,1.800,1.267,450.434,448.557,2.802,1.004185,living
2,B,B2,B2_00314,2.349,1.887,2.376,1.259,419.482,432.022,2.547,0.970975,living
2,B,B2,B2_00316,2.282,1.661,2.197,1.323,336.474,314.793,2.681,1.068875,living
2,B,B2,B2_00317,1.268,1.658,1.636,0.987,354.64,360.173,2.587,0.984637,living
2,B,B2,B2_00318,1.47,1.675,1.771,1.057,364.92,382.184,2.287,0.954827,living
2,B,B2,B2_00319,2.096,2.174,2.409,1.108,362.056,376.685,2.089,0.961164,living
2,B,B2,B2_00321,1.453,1.761,1.805,1.025,353.349,371.07,2.605,0.952244,living
2,B,B2,B2_00323,1.639,2.668,2.360,0.884,312.495,321.412,2.33,0.972255,living
2,B,B2,B2_00324,1.791,1.724,1.983,1.150,357.047,295.858,2.123,1.206817,living
2,B,B2,B2_00325,2.011,1.928,2.222,1.152,471.79,475.916,2.092,0.99133,living
2,B,B2,B2_00326,1.166,1.533,1.509,0.984,391.783,401.072,2.768,0.976837,living
2,B,B2,B2_00327,1.639,2.156,2.121,0.984,400.371,405.216,2.928,0.988043,living
2,B,B2,B2_00328,1.944,2.958,2.706,0.915,370.209,371.887,2.374,0.995487,living
2,B,B2,B2_00329,1.859,1.901,2.121,1.116,392.936,399.482,2.209,0.983615,living
2,B,B2,B2_00330,1.808,2.636,2.463,0.935,370.523,376.869,2.364,0.983162,living
2,B,B2,B2_00331,1.91,1.961,2.184,1.114,424.832,430.018,2.69,0.98794,living
2,B,B2,B2_00332,2.282,1.989,2.404,1.209,451.933,470.2,2.274,0.961151,living
2,B,B2,B2_00334,1.47,2.007,1.938,0.966,408.736,409.241,2.954,0.998764,living
2,B,B2,B2_00335,2.755,2.150,2.746,1.277,524.123,535.613,2.067,0.978546,living
2,B,B2,B2_00336,1.944,2.007,2.229,1.111,483.487,506.913,3.104,0.953787,living
2,B,B2,B2_00338,2.535,1.906,2.480,1.301,515.227,519.62,2.6,0.991545,living
2,B,B2,B2_00339,2.045,2.007,2.286,1.139,431.488,348.298,2.893,1.238848,living
2,B,B2,B2_00340,1.589,1.982,2.002,1.010,360.138,405.138,2.766,0.888927,living
2,B,B2,B2_00341,1.606,1.811,1.924,1.063,380.2,388.632,2.305,0.978304,living
2,B,B2,B2_00343,1.825,1.818,2.055,1.131,455.824,466.565,3.019,0.976979,living
2,B,B2,B2_00344,2.958,2.245,2.908,1.295,478.354,491.777,2.457,0.972705,living
2,B,B2,B2_00345,1.504,1.390,1.631,1.174,452.371,476.551,2.573,0.949261,living
2,B,B2,B2_00346,1.589,2.007,2.015,1.004,401.383,422.457,2.957,0.950115,living
2,B,B2,B2_00347,2.062,2.007,2.295,1.144,342.418,350.73,2.934,0.976302,living
2,B,B2,B2_00349,1.639,2.019,2.053,1.017,388.763,399.01,2.32,0.974318,living
2,B,B2,B2_00352,1.606,1.937,1.990,1.027,202.684,469.053,2.168,0.432114,living
2,B,B2,B2_00354,1.386,2.041,1.898,0.930,375.976,404.39,2.5,0.929735,living
2,B,B2,B2_00355,1.741,2.000,2.106,1.053,410.33,427.874,2.243,0.958998,living
2,B,B2,B2_00356,2.197,1.996,2.363,1.184,446.654,463.046,2.246,0.964599,living
2,B,B2,B2_00357,0.879,1.581,1.330,0.841,375.904,391.269,2.769,0.960729,living
2,B,B2,B2_00358,0.98,1.841,1.516,0.823,362.897,370.017,2.397,0.980756,living
2,B,B2,B2_00359,2.096,1.748,2.160,1.236,287.871,327.702,2.548,0.878455,living
2,B,B2,B2_00360,0.913,1.388,1.270,0.915,367.704,383.204,2.278,0.959552,living
2,B,B2,B2_00361,1.758,1.823,2.020,1.108,405.596,397.279,2.567,1.020936,living
2,B,B2,B2_00366,1.318,2.155,1.902,0.882,358.179,364.308,2.141,0.983178,living
2,B,B2,B2_00367,1.893,2.007,2.199,1.096,395.821,409.295,3.116,0.967082,living
2,B,B2,B2_00368,1.2,2.554,1.975,0.773,306.465,312.183,2.352,0.981683,living
2,B,B2,B2_00369,1.572,1.674,1.830,1.093,408.161,420.151,1.946,0.971464,living
2,B,B2,B2_00370,1.944,2.007,2.229,1.111,367.47,314.261,5.887,1.169314,dead
2,B,B2,B2_00371,2.028,2.229,2.399,1.076,387.167,407.658,2.583,0.949733,living
2,B,B2,B2_00372,2.822,2.122,2.761,1.301,433.246,494.15,2.449,0.87675,living
2,B,B2,B2_00373,1.521,1.639,1.782,1.087,397.789,401.7,2.411,0.990264,living
2,B,B2,B2_00376,2.755,2.217,2.789,1.258,454.601,402.393,2.497,1.129745,living
2,B,B2,B2_00378,2.18,2.020,2.368,1.172,374.527,427.659,2.473,0.875761,living
2,B,B2,B2_00379,1.893,1.879,2.128,1.133,416.973,433.705,2.438,0.96142,living
2,B,B2,B2_00380,1.453,2.194,2.015,0.918,328.895,357.407,2,0.920226,living
2,B,B2,B2_00381,1.707,1.784,1.969,1.104,406.168,413.069,2.327,0.983293,living
2,B,B2,B2_00382,2.484,2.053,2.548,1.241,444.286,466.231,2.129,0.95293,living
2,B,B2,B2_00383,1.775,1.652,1.932,1.170,418,431.467,2.495,0.968789,living
2,B,B2,B2_00384,1.724,1.650,1.903,1.153,268.235,305.147,2.049,0.879036,living
2,B,B2,B2_00385,1.318,1.947,1.808,0.928,355.872,371.231,2.974,0.958627,living
2,B,B2,B2_00386,2.079,2.139,2.380,1.112,398.211,419.333,2.301,0.94963,living
2,B,B2,B2_00387,2.755,2.623,3.033,1.156,410.288,412.681,2.442,0.994202,living
2,B,B2,B2_00389,2.569,2.556,2.891,1.131,396.408,415.184,2.737,0.954776,living
2,B,B2,B2_00390,0.862,2.444,1.638,0.670,308.98,309.569,2.882,0.9981,living
2,B,B2,B2_00391,1.69,1.796,1.966,1.095,390.69,406.39,2.35,0.961367,living
2,B,B2,B2_00392,1.149,1.770,1.609,0.909,348.338,353.691,2.765,0.984865,living
2,B,B2,B2_00393,1.234,1.854,1.707,0.921,349.904,354.329,2.329,0.987513,living
2,B,B2,B2_00394,1.977,2.007,2.247,1.120,329.846,343.897,2.598,0.959141,living
2,B,B2,B2_00395,0.879,1.728,1.391,0.805,331.019,334.577,3.154,0.989367,living
2,B,B2,B2_00396,1.707,2.396,2.282,0.952,314.515,318.525,2.505,0.987411,living
2,B,B2,B2_00397,1.91,1.785,2.083,1.167,405.699,427.115,2.416,0.949859,living
2,B,B2,B2_00398,1.166,2.007,1.726,0.860,319.899,329.29,3.101,0.97148,living
2,B,B2,B2_00400,1.47,2.067,1.967,0.952,329.184,339.793,2.494,0.968777,living
2,B,B2,B2_00401,1.251,1.776,1.682,0.947,381.541,391.554,2.622,0.974426,living
2,B,B2,B2_00402,2.822,1.962,2.655,1.353,268.042,338.036,2.371,0.792939,living
2,B,B2,B2_00403,1.622,1.599,1.817,1.136,452.781,457.667,2.604,0.989325,living
2,B,B2,B2_00404,1.622,2.058,2.062,1.002,403.604,405.958,2.521,0.994201,living
2,B,B2,B2_00405,1.521,2.067,2.001,0.968,358.289,375.1,2.167,0.955182,living
2,B,B2,B2_00406,2.298,2.007,2.423,1.208,478.625,492.566,2.787,0.971697,living
2,B,B2,B2_00408,2.298,2.311,2.600,1.125,421.772,445.022,2.294,0.947755,living
2,B,B2,B2_00409,1.318,2.007,1.835,0.914,378.756,386.128,3,0.980908,living
2,B,B2,B2_00410,2.755,2.135,2.737,1.282,476.325,481.89,2.393,0.988453,living
2,B,B2,B2_00411,1.944,2.007,2.229,1.111,433.809,480.435,3.452,0.90295,living
2,B,B2,B2_00412,1.994,1.693,2.073,1.225,453.008,468.22,2.415,0.967511,living
2,B,B2,B2_00413,2.839,1.928,2.640,1.369,395.488,411.696,2.518,0.96063,living
2,B,B2,B2_00414,1.217,2.007,1.763,0.879,368.556,384.139,2.806,0.959433,living
2,B,B2,B2_00415,1.183,2.007,1.739,0.866,357.357,359.814,2.929,0.993171,living
2,B,B2,B2_00416,2.434,1.925,2.442,1.269,465.069,481.542,2.708,0.965793,living
2,B,B2,B2_00417,1.065,2.042,1.664,0.815,344.143,363.587,2.254,0.946521,living
2,B,B2,B2_00418,1.268,1.829,1.718,0.940,381.947,395.613,2.347,0.965454,living
2,B,B2,B2_00419,1.453,1.564,1.701,1.088,309.779,309.291,2.616,1.001579,living
2,B,B2,B2_00420,1.014,1.708,1.485,0.869,353.8,360.817,2.583,0.980553,living
2,B,B2,B2_00421,1.268,2.729,2.099,0.769,309.973,316.04,2.52,0.980804,living
2,B,B2,B2_00422,1.791,1.975,2.122,1.075,373.047,373.113,2.604,0.999823,living
2,B,B2,B2_00423,2.653,2.007,2.604,1.297,523.885,505.822,2.516,1.035712,living
2,B,B2,B2_00424,2.89,2.007,2.717,1.354,362.304,450.754,2.485,0.803773,living
2,B,B2,B2_00425,2.062,1.849,2.203,1.192,461.074,470.811,2.221,0.979317,living
2,B,B2,B2_00426,2.349,2.007,2.450,1.221,288.532,269.029,2.842,1.072496,living
2,B,B2,B2_00427,1.91,1.819,2.103,1.156,410.009,419.602,2.071,0.977138,living
2,B,B2,B2_00428,2.231,1.880,2.311,1.229,489.523,486.015,2.561,1.007217,living
2,B,B2,B2_00429,2.096,1.973,2.295,1.163,404.452,413.629,2.298,0.977812,living
2,B,B2,B2_00430,1.301,1.777,1.716,0.965,370.221,369.87,2.039,1.000948,living
2,B,B2,B2_00431,1.724,1.666,1.912,1.148,443.157,452.382,2.245,0.979607,living
2,B,B2,B2_00432,1.589,1.665,1.835,1.102,413.34,429.766,2.553,0.96178,living
2,B,B2,B2_00433,1.504,2.216,2.060,0.930,326.449,335.82,2.393,0.972096,living
2,B,B2,B2_00434,1.91,1.640,1.997,1.218,437.327,464.372,2.46,0.941762,living
2,B,B2,B2_00435,1.572,1.775,1.885,1.062,374.71,382.452,2.86,0.979757,living
2,B,B2,B2_00437,1.284,2.007,1.811,0.903,331.303,342.053,2.461,0.968572,living
2,B,B2,B2_00438,1.335,1.882,1.789,0.950,346.367,357.987,2.519,0.96754,living
2,B,B2,B2_00440,2.248,2.194,2.506,1.142,319.654,357.135,2.361,0.89505,living
2,B,B2,B2_00441,2.028,2.129,2.345,1.101,375.867,398.45,2.417,0.943322,living
2,B,B2,B2_00442,1.284,1.741,1.687,0.969,369.145,393.026,2.697,0.939237,living
2,B,B2,B2_00443,2.096,1.917,2.262,1.180,412.645,439.323,2.548,0.939276,living
2,B,B2,B2_00444,1.808,1.468,1.838,1.252,278.841,325.271,2.028,0.857258,living
2,B,B2,B2_00445,1.437,1.584,1.702,1.075,379.082,400.965,2.365,0.945426,living
2,B,B2,B2_00447,1.96,2.382,2.438,1.024,364.397,378.948,2.578,0.9616,living
2,B,B2,B2_00448,1.2,1.864,1.688,0.905,341.563,347.577,2.113,0.982697,living
2,B,B2,B2_00449,1.775,2.251,2.255,1.002,373.99,377.648,2.133,0.990316,living
2,B,B2,B2_00450,1.622,2.007,2.036,1.014,359.354,364.667,2.854,0.985432,living
2,B,B2,B2_00451,2.028,1.948,2.243,1.151,400.35,406.483,2.292,0.984911,living
2,B,B2,B2_00452,1.656,2.387,2.243,0.940,317.602,325.776,2.867,0.974911,living
2,B,B2,B2_00453,2.011,1.382,1.881,1.361,401.244,301.689,2.16,1.329991,living
2,B,B2,B2_00454,1.859,1.995,2.173,1.089,395.091,407.727,2.473,0.969008,living
2,B,B2,B2_00456,2.011,1.674,2.070,1.237,425.303,443.378,2.681,0.959232,living
2,B,B2,B2_00458,1.944,2.007,2.229,1.111,406.504,411.861,2.548,0.986994,living
2,B,B2,B2_00460,1.589,2.034,2.029,0.997,378.191,385.223,2.606,0.981746,living
2,B,B2,B2_00461,2.298,2.131,2.497,1.172,401.022,421.963,2.559,0.950372,living
2,B,B2,B2_00462,1.369,1.888,1.814,0.961,347.827,348.963,2.704,0.996745,living
2,B,B2,B2_00464,2.332,2.519,2.735,1.086,375.529,334.246,2.377,1.12351,living
2,B,B2,B2_00466,0.913,2.007,1.527,0.761,287.389,293.704,3.019,0.978499,living
2,B,B2,B2_00467,1.301,2.015,1.827,0.907,352.831,348.026,2.584,1.013807,living
2,B,B2,B2_00468,2.417,2.007,2.485,1.238,419.888,423.629,2.65,0.991169,living
2,B,B2,B2_00469,1.268,2.208,1.888,0.855,364.267,366.4,2.373,0.994178,living
2,B,B2,B2_00470,1.639,2.007,2.046,1.020,471.536,488.505,2.866,0.965263,living
2,B,B2,B2_00471,1.825,1.708,1.992,1.166,447.028,465.981,2.565,0.959325,living
2,B,B2,B2_00473,0.879,1.428,1.264,0.885,396.5,400.538,3.269,0.989917,living
2,B,B2,B2_00474,1.284,1.847,1.738,0.941,357.145,363.579,2.461,0.982303,living
2,B,B2,B2_00475,1.335,2.007,1.847,0.920,414.873,421.823,2.544,0.983525,living
2,B,B2,B2_00476,1.538,1.684,1.816,1.078,439.945,449.308,2.264,0.979162,living
2,B,B2,B2_00477,2.045,2.262,2.427,1.073,434.24,434.769,2.504,0.998783,living
2,B,B2,B2_00478,0.879,1.570,1.326,0.844,365.5,384.462,2.962,0.95068,living
2,B,B2,B2_00479,1.673,2.120,2.125,1.002,372.303,380.667,2.152,0.978029,living
2,B,B2,B2_00480,2.298,2.499,2.704,1.082,439.919,458.169,2.382,0.960168,living
2,B,B2,B2_00481,2.045,2.117,2.348,1.109,441.256,456.231,2.157,0.967176,living
2,B,B2,B2_00482,1.808,2.007,2.149,1.071,501.346,498.514,2.907,1.00568,living
2,B,B2,B2_00483,1.166,2.123,1.775,0.836,356.072,360.159,2.551,0.988652,living
2,B,B2,B2_00484,2.974,1.702,2.539,1.492,406.455,390.926,2.625,1.039722,living
2,B,B2,B2_00485,2.062,1.574,2.033,1.292,439.566,424.705,2.189,1.034991,living
2,B,B2,B2_00486,0.845,2.456,1.626,0.662,310.76,330.96,1.62,0.938965,living
2,B,B2,B2_00487,2.045,2.531,2.567,1.014,390.645,405.066,2.446,0.964397,living
2,B,B2,B2_00488,0.997,1.487,1.374,0.924,363.983,367.542,2.339,0.990316,living
2,B,B2,B2_00489,1.437,1.612,1.717,1.065,414.341,411.588,1.824,1.006689,living
2,B,B2,B2_00490,1.791,1.902,2.083,1.095,422.094,425.123,2.585,0.992877,living
2,B,B2,B2_00491,1.994,1.898,2.195,1.157,449.331,464.712,2.373,0.966901,living
2,B,B2,B2_00492,1.234,1.845,1.703,0.923,367.274,361.753,2.589,1.015261,living
2,B,B2,B2_00494,1.775,2.031,2.142,1.055,390.867,401.733,2.257,0.972951,living
2,B,B2,B2_00497,1.487,1.539,1.707,1.109,406.443,420.182,2.352,0.967303,living
2,B,B2,B2_00499,1.825,1.758,2.021,1.150,406.593,420.565,2.667,0.966777,living
2,B,B2,B2_00501,2.282,1.420,2.031,1.430,446.407,276.23,2.074,1.616074,living
2,B,B2,B2_00503,0.896,1.804,1.435,0.795,342.811,342.717,2.774,1.000275,living
2,B,B2,B2_00504,2.332,2.007,2.441,1.216,422.304,435.326,2.362,0.970087,living
2,B,B2,B2_00505,1.589,2.007,2.015,1.004,421.213,425.394,2.181,0.990172,living
2,B,B2,B2_00506,1.791,2.007,2.139,1.066,360.528,374.519,2.321,0.962644,living
2,B,B2,B2_00507,1.572,2.007,2.004,0.999,431.742,430.839,2.591,1.002096,living
2,B,B2,B2_00509,1.487,2.007,1.949,0.971,356.295,365.205,2.182,0.975605,living
2,B,B2,B2_00510,0.98,2.007,1.582,0.789,374.103,372.448,2.466,1.004444,living
2,B,B2,B2_00511,1.386,2.007,1.882,0.938,412.902,436.22,2.317,0.946547,living
2,B,B2,B2_00512,1.606,2.007,2.026,1.009,434,459.611,2.547,0.944278,living
2,B,B2,B2_00513,1.673,2.007,2.067,1.030,454.01,470.848,2.394,0.964238,living
2,B,B2,B2_00514,1.758,2.007,2.119,1.056,471.346,491.038,2.096,0.959897,living
2,B,B2,B2_00515,1.639,2.007,2.046,1.020,411.959,432.649,2.134,0.952177,living
2,B,B2,B2_00516,2.248,2.007,2.397,1.194,489.977,530.714,2.511,0.923241,living
2,B,B2,B2_00518,1.606,2.007,2.026,1.009,398.379,413.884,2.916,0.962537,living
2,B,B2,B2_00519,1.927,2.007,2.219,1.106,388.316,400.816,2.64,0.968814,living
2,B,B2,B2_00520,1.301,1.687,1.672,0.991,384.545,394.104,2.584,0.975746,living
2,B,B2,B2_00521,1.91,1.833,2.111,1.152,384.92,389.69,2.478,0.98776,living
2,B,B2,B2_00523,2.298,1.708,2.235,1.309,463.118,471.235,2.676,0.982774,living
2,B,B2,B2_00524,1.724,1.776,1.974,1.112,355.147,377.137,2.461,0.941692,living
2,B,B2,B2_00525,2.484,2.007,2.519,1.255,414.803,434.02,2.857,0.955722,living
2,B,B2,B2_00526,2.214,1.346,1.948,1.447,305.351,329.878,2.481,0.925649,living
2,B,B2,B2_00527,1.758,1.619,1.904,1.176,372.365,388.288,2.154,0.958992,living
2,B,B2,B2_00533,1.791,1.950,2.109,1.081,375.302,382.245,2.274,0.981835,living
2,B,B2,B2_00535,1.825,1.380,1.791,1.298,423.389,398.352,2.556,1.062852,living
2,B,B2,B2_00536,1.149,2.007,1.713,0.854,295.868,308.647,2.485,0.958595,living
2,B,B2,B2_00539,1.876,2.007,2.189,1.091,415.559,414.739,2.955,1.001977,living
2,B,B2,B2_00540,2.282,2.007,2.415,1.203,456.8,479.956,2.607,0.951755,living
2,B,B2,B2_00542,1.842,2.007,2.169,1.081,357.578,363.147,2.798,0.984665,living
2,B,B2,B2_00543,1.183,2.007,1.739,0.866,315.271,322.486,2.529,0.977629,living
2,B,B2,B2_00544,1.791,2.007,2.139,1.066,378.123,388.906,1.962,0.972273,living
2,B,B2,B2_00545,1.656,2.007,2.057,1.025,361.469,398.02,2.786,0.908168,living
2,B,B2,B2_00546,2.045,2.007,2.286,1.139,418.215,436.653,2.843,0.957774,living
2,B,B2,B2_00547,1.69,2.007,2.078,1.036,385.36,399.55,2.78,0.964485,living
2,B,B2,B2_00550,2.653,2.007,2.604,1.297,294.025,291.357,2.14,1.00916,living
2,B,B2,B2_00551,2.18,2.007,2.360,1.176,339.612,351.612,2.38,0.965872,living
2,B,B2,B2_00552,2.062,2.007,2.295,1.144,361.984,382.475,2.533,0.946423,living
2,B,B2,B2_00554,1.91,2.007,2.209,1.101,333.637,366.655,2.345,0.909949,living
2,B,B2,B2_00555,1.656,2.007,2.057,1.025,334.296,293.745,2.51,1.138048,living
2,B,B2,B2_00556,1.572,2.007,2.004,0.999,293.452,286.903,2.634,1.022824,living
2,B,B2,B2_00557,1.234,2.007,1.776,0.885,340.548,361.616,2.425,0.941738,living
2,B,B2,B2_00558,1.132,2.007,1.701,0.848,349.254,364.716,2.328,0.957604,living
2,B,B2,B2_00560,2.18,2.007,2.360,1.176,390.845,386.845,2.256,1.01034,living
2,B,B2,B2_00561,1.268,1.702,1.658,0.974,321.667,335.867,2.613,0.957721,living
2,B,B2,B2_00562,1.639,1.794,1.935,1.079,448.567,451.784,2,0.99288,living
2,B,B2,B2_00564,2.535,2.136,2.626,1.229,521.68,554.413,2.42,0.940959,living
2,B,B2,B2_00565,0.98,1.935,1.554,0.803,388.379,393.345,2.466,0.987376,living
2,B,B2,B2_00566,2.315,2.033,2.448,1.204,504.139,486.255,2.489,1.036777,living
2,B,B2,B2_00567,1.166,2.007,1.726,0.860,359.043,376.493,3.464,0.953653,living
2,B,B2,B2_00568,1.352,1.793,1.757,0.980,445.1,463.525,2.425,0.96025,living
2,B,B2,B2_00570,1.572,1.725,1.858,1.077,449.366,478.312,2.667,0.939482,living
2,B,B2,B2_00573,1.741,2.007,2.109,1.051,407.456,416.68,2.835,0.977865,living
2,B,B2,B2_00574,1.656,1.890,1.996,1.056,440.204,465.857,2.398,0.944934,living
2,B,B2,B2_00575,1.217,1.577,1.563,0.991,432.458,451.917,3.194,0.956943,living
2,B,B2,B2_00576,1.944,1.906,2.172,1.140,453.652,474.965,2.417,0.955127,living
2,B,B2,B2_00577,1.538,2.594,2.254,0.869,371.582,385.659,2.901,0.963499,living
2,B,B2,B2_00578,1.369,1.712,1.727,1.009,418.84,439.926,2.259,0.952068,living
2,B,B2,B2_00579,1.487,1.795,1.843,1.027,394.966,405.909,2.102,0.97304,living
2,B,B2,B2_00580,1.268,1.518,1.565,1.031,417.893,433.547,2.467,0.963895,living
2,B,B2,B2_00581,1.403,2.385,2.064,0.865,368.554,392.072,2.482,0.940016,living
2,B,B2,B2_00582,0.896,1.532,1.322,0.863,366.887,384.472,2.434,0.954262,living
2,B,B2,B2_00583,1.403,2.322,2.037,0.877,363.747,397.639,2.88,0.914768,living
2,B,B2,B2_00585,2.704,1.843,2.519,1.367,381.869,253.113,2.538,1.508692,living
2,B,B2,B2_00587,1.318,1.538,1.607,1.045,461.359,476.282,2.474,0.968668,living
2,B,B2,B2_00588,1.707,1.707,1.926,1.128,507.782,538.455,2.188,0.943035,living
2,B,B2,B2_00590,1.977,2.169,2.337,1.077,465.068,476.897,2.607,0.975196,living
2,B,B2,B2_00591,2.789,2.655,3.071,1.157,451.709,492.224,2.091,0.91769,living
2,B,B2,B2_00593,1.487,1.837,1.865,1.015,422.807,443.159,2.466,0.954075,living
2,B,B2,B2_00594,1.251,1.876,1.729,0.921,398.743,409.797,2.068,0.973026,living
2,B,B2,B2_00595,1.234,2.458,1.965,0.800,384.836,396,2.397,0.971807,living
2,B,B2,B2_00596,1.487,2.179,2.031,0.932,412.466,429.852,2.364,0.959553,living
2,B,B2,B2_00597,1.47,2.347,2.096,0.893,411.586,415.943,2.506,0.989527,living
2,B,B2,B2_00598,1.606,2.007,2.026,1.009,434.684,448.2,2.653,0.969844,living
2,B,B2,B2_00600,1.437,2.415,2.102,0.870,278.165,276.506,2.753,1.005999,living
2,B,B2,B2_00601,2.113,1.671,2.120,1.269,341.448,349.504,2.816,0.97695,living
2,B,B2,B2_00604,1.639,2.007,2.046,1.020,344.598,342.464,2.536,1.006231,living
2,B,B2,B2_00605,2.484,1.611,2.257,1.401,482.905,495.673,1.912,0.97424,living
2,B,B2,B2_00606,1.656,2.093,2.101,1.004,338.143,332.367,2.214,1.017377,living
2,B,B2,B2_00608,1.014,2.509,1.800,0.717,270.267,267.033,2.617,1.012108,living
2,B,B2,B2_00609,1.149,2.506,1.915,0.764,264.294,267.588,2.074,0.98769,living
2,B,B2,B2_00610,2.467,1.743,2.340,1.342,440.103,453.281,2.295,0.970927,living
2,B,B2,B2_00611,1.437,1.941,1.885,0.971,335.424,324.459,2.729,1.033794,living
2,B,B2,B2_00612,2.062,1.539,2.010,1.306,241.648,249.426,2.852,0.968814,living
2,B,B2,B2_00613,1.977,2.185,2.345,1.073,361.239,366.658,2.419,0.985221,living
2,B,B2,B2_00614,1.758,2.007,2.119,1.056,398.654,430.971,2.875,0.925013,living
2,B,B2,B2_00615,1.183,2.199,1.820,0.828,292.814,303.129,2.914,0.965974,living
2,B,B2,B2_00616,0.845,2.033,1.479,0.727,283.78,274.52,2.58,1.033732,living
2,B,B2,B2_00618,1.622,1.761,1.907,1.083,663.552,685.375,2.854,0.968159,living
2,B,B2,B2_00619,1.453,1.962,1.905,0.971,583.64,592.128,2.372,0.985665,living
2,B,B2,B2_00621,2.383,1.889,2.394,1.267,647.759,759.688,2.539,0.852664,living
2,B,B2,B2_00622,2.89,1.831,2.596,1.418,936.684,952.901,2.626,0.982982,living
2,B,B2,B2_00623,2.772,2.248,2.817,1.253,839.488,863.616,2.372,0.972062,living
2,B,B2,B2_00624,2.079,2.108,2.362,1.121,695.065,715.114,2.285,0.971964,living
2,B,B2,B2_00625,2.738,2.007,2.645,1.318,839.994,871.531,3.179,0.963814,living
2,B,B2,B2_00628,1.437,2.092,1.956,0.935,580.612,625.188,1.906,0.928699,living
2,B,B2,B2_00629,1.42,2.288,2.034,0.889,556.631,559.357,2.179,0.995126,living
2,B,B2,B2_00632,2.636,2.262,2.755,1.218,755.897,775.449,2.397,0.974787,living
2,B,B2,B2_00633,2.789,2.036,2.689,1.321,803.679,825.709,2.642,0.97332,living
2,B,B2,B2_00636,2.704,2.007,2.628,1.310,831.356,833.2,2.525,0.997787,living
2,B,B2,B2_00637,1.2,1.572,1.550,0.986,744.563,754.986,2.423,0.986195,living
2,B,B2,B2_00638,1.521,2.110,2.021,0.958,709.156,726.267,2.389,0.97644,living
2,B,B2,B2_00639,1.741,1.442,1.788,1.240,530.689,671.67,2.505,0.790104,living
2,B,B2,B2_00640,1.758,1.891,2.057,1.088,812.856,819.769,2.49,0.991567,living
2,B,B2,B2_00641,2.146,2.137,2.416,1.131,810.22,853.142,2.551,0.94969,living
2,B,B2,B2_00642,2.501,2.007,2.528,1.260,1133.493,1141.926,2.588,0.992616,living
2,B,B2,B2_00643,1.606,1.933,1.988,1.029,786.021,818.653,2.779,0.96014,living
2,B,B2,B2_00644,1.775,1.990,2.121,1.066,816.476,861.381,2.229,0.947869,living
2,B,B2,B2_00647,2.197,2.571,2.682,1.043,761.092,781.462,2.831,0.973934,living
2,B,B2,B2_00648,1.656,2.254,2.180,0.967,744.776,756.929,2.337,0.983944,living
2,B,B2,B2_00650,0.845,1.765,1.378,0.781,659.18,686.88,1.98,0.959673,living
2,B,B2,B2_00651,2.383,3.020,3.027,1.002,748.043,760.227,2.752,0.983973,living
2,B,B2,B2_00652,1.352,1.629,1.675,1.028,757.288,779.688,2.575,0.971271,living
2,B,B2,B2_00653,2.535,2.007,2.545,1.268,914.533,921.647,2.84,0.992282,living
2,B,B2,B2_00654,2.332,2.400,2.669,1.112,806.529,841.333,2.341,0.958632,living
2,B,B2,B2_00657,1.538,1.385,1.647,1.189,645.714,590.615,2.044,1.093291,living
2,B,B2,B2_00658,1.69,1.755,1.943,1.107,839.73,882.18,2.57,0.951881,living
2,B,B2,B2_00659,2.586,2.229,2.709,1.215,856.699,874.111,2.66,0.980081,living
2,B,B2,B2_00662,2.67,2.338,2.819,1.206,674.753,618.949,2.133,1.090159,living
2,B,B2,B2_00663,2.687,2.007,2.620,1.306,628.925,611.862,2.805,1.027887,living
2,B,B2,B2_00664,1.453,1.667,1.756,1.053,743.081,765.186,2.279,0.971112,living
2,B,B2,B2_00666,2.552,2.193,2.669,1.217,30.318,959.424,2.344,0.0316,living
2,B,B2,B2_00668,2.298,2.518,2.714,1.078,798.934,817.154,2.397,0.977702,living
2,B,B2,B2_00669,1.893,1.860,2.117,1.138,819.107,856.411,2.375,0.956442,living
2,B,B2,B2_00670,1.166,2.096,1.764,0.842,577.812,613.536,2.391,0.941773,living
2,B,B2,B2_00671,2.603,3.153,3.233,1.025,696.188,793.604,2.5,0.877249,living
2,B,B2,B2_00672,1.487,3.095,2.421,0.782,647.932,652.739,2.205,0.992636,living
2,B,B2,B2_00673,1.42,1.845,1.826,0.990,791.179,805.19,2.44,0.982598,living
2,B,B2,B2_00674,1.386,1.886,1.824,0.967,481.098,599.768,3.012,0.802139,living
2,B,B2,B2_00675,1.927,1.647,2.010,1.221,859.693,877.018,2.053,0.980246,living
2,B,B2,B2_00676,2.011,2.629,2.595,0.987,687.059,671,2.345,1.023933,living
2,B,B2,B2_00677,1.96,2.783,2.635,0.947,595.25,631.44,2.466,0.942687,living
2,B,B2,B2_00678,1.606,2.007,2.026,1.009,694.747,751.284,3.042,0.924746,living
2,B,B2,B2_00680,0.93,1.851,1.480,0.800,797.945,482.673,2.382,1.653181,living
2,B,B2,B2_00681,1.284,2.252,1.919,0.852,801.145,825.632,2.276,0.970342,living
2,B,B2,B2_00682,1.487,2.147,2.016,0.939,754.807,778.239,2.602,0.969891,living
2,B,B2,B2_00683,1.251,1.883,1.732,0.920,808.257,826.108,2.622,0.978391,living
2,B,B2,B2_00684,1.622,1.845,1.952,1.058,644.927,708.01,2.25,0.910901,living
2,B,B2,B2_00685,1.893,1.822,2.096,1.150,1013.643,1053,2.312,0.962624,living
2,B,B2,B2_00686,1.724,2.058,2.125,1.033,843.088,871.745,2.51,0.967127,living
2,B,B2,B2_00687,1.268,2.007,1.800,0.897,847.32,882.36,3.107,0.960288,living
2,B,B2,B2_00688,1.69,2.022,2.086,1.032,900.08,952.93,2.77,0.944539,living
2,B,B2,B2_00689,2.079,2.007,2.305,1.149,933.154,961.472,2.715,0.970548,living
2,B,B2,B2_00690,2.282,2.321,2.597,1.119,970.652,981.133,2.259,0.989317,living
2,B,B2,B2_00691,1.859,1.621,1.959,1.208,1042.082,1051.364,2.455,0.991172,living
2,B,B2,B2_00692,2.789,2.615,3.047,1.165,963.727,985.782,2.473,0.977627,living
2,B,B2,B2_00693,1.183,1.545,1.525,0.987,824.7,873.014,2.229,0.944658,living
2,B,B2,B2_00694,1.656,1.619,1.848,1.141,801.969,710.112,2.408,1.129356,living
2,B,B2,B2_00695,2.163,2.599,2.675,1.029,846,868.961,2.562,0.973577,living
2,B,B2,B2_00696,2.146,1.913,2.286,1.195,941.866,1068.52,2.795,0.881468,living
2,B,B2,B2_00697,1.656,2.007,2.057,1.025,543.031,631.122,2.633,0.86042,living
2,B,B2,B2_00698,2.045,1.362,1.883,1.383,837.711,977.628,2.099,0.856881,living
2,B,B2,B2_00700,1.099,2.007,1.676,0.835,769.708,782.846,2.938,0.983217,living
2,B,B2,B2_00701,1.944,1.659,2.026,1.221,747.887,699.304,2.417,1.069473,living
2,B,B2,B2_00703,2.366,2.908,2.960,1.018,839.807,876.864,2.857,0.957739,living
2,B,B2,B2_00705,0.997,2.007,1.596,0.795,690.847,705.983,3.119,0.978561,living
2,B,B2,B2_00706,1.369,2.007,1.870,0.932,754,769.605,2.877,0.979723,living
2,B,B2,B2_00709,2.484,2.007,2.519,1.255,744.741,723.857,2.707,1.028851,living
2,B,B2,B2_00710,2.467,2.095,2.565,1.224,907.514,938.151,2.205,0.967343,living
2,B,B2,B2_00711,1.893,2.007,2.199,1.096,823.911,848.054,3.08,0.971531,living
2,B,B2,B2_00712,1.944,2.007,2.229,1.111,700.426,722.304,2.461,0.96971,living
2,B,B2,B2_00714,2.315,1.827,2.321,1.270,830.708,724.131,2.62,1.147179,living
2,B,B2,B2_00715,1.842,2.061,2.199,1.067,698.578,822.697,2.248,0.849131,living
2,B,B2,B2_00716,1.977,1.887,2.179,1.155,916.496,947.393,2.624,0.967387,living
2,B,B2,B2_00717,2.248,2.607,2.732,1.048,777.662,799.534,2.466,0.972644,living
2,B,B2,B2_00719,2.569,1.796,2.424,1.350,1056.842,816.625,2.191,1.294158,living
2,B,B2,B2_00721,1.927,1.882,2.149,1.142,892.711,915.412,2.456,0.975201,living
2,B,B2,B2_00722,2.941,2.363,2.975,1.259,618.201,640.069,2.5,0.965835,living
2,B,B2,B2_00723,1.166,1.766,1.619,0.917,788.464,787.942,2.754,1.000662,living
2,B,B2,B2_00724,1.099,2.470,1.859,0.753,669.692,687.631,2.231,0.973913,living
2,B,B2,B2_00725,1.521,2.007,1.971,0.982,746.989,754.4,1.767,0.990176,living
2,B,B2,B2_00726,1.876,2.007,2.189,1.091,786.748,708.568,2.252,1.110336,living
2,B,B2,B2_00727,0.963,2.007,1.569,0.782,666.526,688.386,2.368,0.968245,living
2,B,B2,B2_00728,1.065,2.007,1.650,0.822,707.349,741.143,1.984,0.954403,living
2,B,B2,B2_00729,0.913,2.007,1.527,0.761,600.056,619.537,2.963,0.968555,living
2,B,B2,B2_00730,2.282,2.007,2.415,1.203,754.274,814.259,2.511,0.926332,living
2,B,B2,B2_00731,1.656,2.007,2.057,1.025,613.388,629.735,2.796,0.974042,living
2,B,B2,B2_00732,1.791,2.007,2.139,1.066,749.868,786.425,2.075,0.953515,living
2,B,B2,B2_00733,2.62,2.007,2.587,1.289,776.865,809.742,3.019,0.959398,living
2,B,B2,B2_00734,1.656,2.007,2.057,1.025,697.724,728.806,2.786,0.957353,living
2,B,B2,B2_00735,2.113,2.007,2.324,1.158,787.888,809.232,2.848,0.973624,living
2,B,B2,B2_00736,1.893,2.007,2.199,1.096,838.223,849.402,2.777,0.986839,living
2,B,B2,B2_00737,1.96,2.007,2.238,1.115,688.44,700.759,2.586,0.982421,living
2,B,B2,B2_00738,0.93,2.007,1.541,0.768,648,661.345,2.418,0.979821,living
2,B,B2,B2_00739,2.89,2.007,2.717,1.354,826.918,712.275,2.398,1.160954,living
2,B,B2,B2_00740,1.487,2.007,1.949,0.971,774.67,812.545,2.545,0.953387,living
2,B,B2,B2_00741,2.045,2.007,2.286,1.139,801.653,807.331,2.884,0.992967,living
2,B,B2,B2_00742,0.913,2.007,1.527,0.761,636.778,645.241,2.63,0.986884,living
2,B,B2,B2_00744,2.096,2.007,2.314,1.153,860.032,793.21,2.718,1.084243,living
2,B,B2,B2_00745,1.944,2.007,2.229,1.111,809.365,725.322,2.713,1.115871,living
2,B,B2,B2_00746,2.315,2.007,2.432,1.212,806.854,821.153,2.657,0.982586,living
2,B,B2,B2_00747,0.997,2.007,1.596,0.795,565.864,570.475,2.271,0.991919,living
2,B,B2,B2_00748,1.268,2.164,1.869,0.864,663.267,667.307,2.52,0.993946,living
2,B,B2,B2_00749,0.946,2.007,1.555,0.775,742.893,740.375,2.071,1.003401,living
2,B,B2,B2_00750,2.958,2.007,2.749,1.370,710.269,934.206,2.177,0.760291,living
2,B,B2,B2_00751,1.572,2.007,2.004,0.999,884.602,911.215,2.022,0.970794,living
2,B,B2,B2_00752,1.944,2.007,2.229,1.111,970.157,1009.296,2.365,0.961221,living
2,B,B2,B2_00753,1.183,2.007,1.739,0.866,869.629,873.571,2.529,0.995487,living
2,B,B2,B2_00754,1.825,2.007,2.159,1.076,868.093,919.769,2.843,0.943816,living
2,B,B2,B2_00755,1.639,2.007,2.046,1.020,659.309,667.216,2.619,0.988149,living
2,B,B2,B2_00756,0.98,2.007,1.582,0.789,865.5,895.034,2.741,0.967002,living
2,B,B2,B2_00757,1.166,1.540,1.512,0.982,551.942,562.087,2.928,0.981951,living
2,B,B2,B2_00758,1.724,2.007,2.099,1.046,684.902,705.745,2.255,0.970466,living
2,B,B2,B2_00759,2.789,2.007,2.669,1.330,632.758,641.139,2.467,0.986927,living
2,B,B2,B2_00760,2.941,2.007,2.741,1.366,624.948,523.224,2.466,1.194418,living
2,B,B2,B2_00761,1.2,2.007,1.751,0.873,672.31,681.254,2.746,0.986872,living
2,B,B2,B2_00762,1.96,2.007,2.238,1.115,769.259,801.836,2.543,0.959371,living
2,B,B2,B2_00763,1.301,2.007,1.823,0.909,565.273,584.636,3.169,0.966879,living
2,B,B2,B2_00764,1.775,2.007,2.130,1.061,672.219,690.352,2.61,0.973733,living
2,B,B2,B2_00765,1.555,2.007,1.993,0.993,676.728,724.804,2.837,0.93367,living
2,B,B2,B2_00766,1.352,2.007,1.859,0.926,601.487,615.825,2.625,0.976718,living
2,B,B2,B2_00767,2.653,1.623,2.341,1.443,677.261,600.312,2.268,1.128182,living
2,B,B2,B2_00768,1.369,2.007,1.870,0.932,589.481,604.247,2.395,0.975564,living
2,B,B2,B2_00769,1.91,2.007,2.209,1.101,689.752,704.248,2.619,0.979417,living
2,B,B2,B2_00770,1.91,2.007,2.209,1.101,579.274,580.319,2.496,0.998201,living
2,B,B2,B2_00771,2.096,2.007,2.314,1.153,833.218,849.427,2.702,0.980917,living
2,B,B2,B2_00774,1.42,2.007,1.905,0.949,570.75,558.214,2.417,1.022457,living
2,B,B2,B2_00775,2.4,2.007,2.476,1.234,557.437,426.93,2.444,1.305688,living
2,B,B2,B2_00776,2.383,2.007,2.467,1.230,544.73,462.929,2.596,1.176704,living
2,B,B2,B2_00777,1.504,2.007,1.960,0.977,607.921,625.663,2.517,0.971644,living
2,B,B2,B2_00778,2.603,2.007,2.579,1.285,675.455,697.994,2.662,0.967709,living
2,B,B2,B2_00780,1.944,1.884,2.159,1.146,741.496,748.513,2.104,0.990625,living
2,B,B2,B2_00782,2.653,2.007,2.604,1.297,751.822,740.318,2.631,1.015538,living
2,B,B2,B2_00783,2.096,2.007,2.314,1.153,835.823,856.806,3.065,0.975509,living
2,B,B2,B2_00784,2.907,2.548,3.071,1.205,820.849,836.57,2.331,0.981208,living
2,B,B2,B2_00786,2.045,2.129,2.354,1.106,505.661,409.116,2.702,1.235986,living
2,B,B2,B2_00787,1.453,2.581,2.185,0.847,644.012,663.965,2.547,0.969948,living
2,B,B2,B2_00788,2.045,1.755,2.138,1.218,775.091,786.074,2.397,0.986027,living
2,B,B2,B2_00789,1.521,2.007,1.971,0.982,672.122,696.867,2.2,0.964492,living
2,B,B2,B2_00790,2.282,2.007,2.415,1.203,777.326,784.504,2.356,0.990851,living
2,B,B2,B2_00791,2.045,2.007,2.286,1.139,856.124,875.884,2.868,0.97744,living
2,B,B2,B2_00792,2.839,2.007,2.693,1.342,983.018,928.619,2.679,1.05858,living
2,B,B2,B2_00793,1.994,2.007,2.257,1.125,770.5,801.093,2.559,0.961811,living
2,B,B2,B2_00794,2.704,2.007,2.628,1.310,721.944,853.788,2.35,0.845578,living
2,B,B2,B2_00795,1.639,2.007,2.046,1.020,775.371,799.423,2.567,0.969914,living
2,B,B2,B2_00796,1.842,2.007,2.169,1.081,796.165,818.835,2.477,0.972315,living
2,B,B2,B2_00799,1.859,2.007,2.179,1.086,532.9,679.282,2.536,0.784505,living
2,B,B2,B2_00800,2.163,2.007,2.351,1.172,727.672,708.055,2.773,1.027706,living
2,B,B2,B2_00801,1.403,2.007,1.893,0.944,716.687,741.084,2.735,0.967079,living
2,B,B2,B2_00802,2.096,2.007,2.314,1.153,566.718,587.355,2.46,0.964864,living
2,B,B2,B2_00803,2.231,2.783,2.812,1.010,591.189,565.947,2.288,1.044602,living
2,B,B2,B2_00805,1.166,2.007,1.726,0.860,898.884,193.072,2.304,4.655682,living
2,B,B2,B2_00806,2.501,2.007,2.528,1.260,640.615,818.493,2.372,0.782676,living
2,B,B2,B2_00807,1.724,2.007,2.099,1.046,637.804,635.216,2.294,1.004075,living
2,B,B2,B2_00810,1.96,2.007,2.238,1.115,709.655,732.491,2.414,0.968824,living
2,B,B2,B2_00811,2.366,2.007,2.459,1.225,867.414,898.243,2.421,0.965679,living
2,B,B2,B2_00812,2.146,2.007,2.342,1.167,824.535,808.118,2.441,1.020315,living
2,B,B2,B2_00813,1.251,1.812,1.699,0.938,572.514,555.473,2.162,1.030678,living
2,B,B2,B2_00814,1.876,2.007,2.189,1.091,585.198,383.243,2.802,1.526963,living
2,B,B2,B2_00815,1.944,2.007,2.229,1.111,744.93,668.957,2.47,1.113571,living
2,B,B2,B2_00816,2.4,2.007,2.476,1.234,736.12,789.514,2.613,0.932371,living
2,B,B2,B2_00820,1.453,2.007,1.927,0.960,688,717.442,2.442,0.958963,living
2,B,B2,B2_00822,1.842,2.007,2.169,1.081,635.908,657.587,2.853,0.967033,living
2,B,B2,B2_00823,2.028,2.007,2.276,1.134,670.233,685.058,2.658,0.97836,living
2,B,B2,B2_00824,2.434,2.007,2.494,1.243,802.076,826.229,2.229,0.970767,living
2,B,B2,B2_00825,1.606,2.007,2.026,1.009,609.116,518.958,2.789,1.173729,living
2,B,B2,B2_00826,0.997,2.007,1.596,0.795,602.746,600.271,2.237,1.004122,living
2,B,B2,B2_00827,0.963,1.613,1.406,0.872,395.175,375.702,2.561,1.051833,living
2,B,B2,B2_00828,1.183,1.717,1.608,0.937,576.271,594.743,2.486,0.968942,living
2,B,B2,B2_00830,1.555,2.523,2.235,0.886,547.391,567.152,2.783,0.965158,living
2,B,B2,B2_00831,1.572,2.364,2.175,0.920,534.914,587.29,2.839,0.910817,living
2,B,B2,B2_00832,2.4,1.601,2.212,1.382,633.289,696.246,2.317,0.909575,living
2,B,B2,B2_00833,2.62,1.983,2.572,1.297,837.29,870.484,2.465,0.961868,living
2,B,B2,B2_00834,2.282,2.385,2.632,1.104,670.081,685.244,2.319,0.977872,living
2,B,B2,B2_00835,2.941,2.362,2.974,1.259,487.77,423.598,2.057,1.151494,living
2,B,B2,B2_00836,2.958,2.256,2.915,1.292,813.72,828.84,2.611,0.981758,living
2,B,B2,B2_00837,2.974,2.203,2.888,1.311,853.386,916.739,2.307,0.930894,living
2,B,B2,B2_00838,1.859,1.974,2.162,1.095,669.573,678.973,2.436,0.986156,living
2,B,B2,B2_00839,1.555,1.724,1.848,1.072,692.522,725.12,2.402,0.955045,living
2,B,B2,B2_00842,2.586,2.198,2.690,1.224,781.908,789.516,2.634,0.990364,living
2,B,B2,B2_00843,2.028,1.857,2.190,1.179,554.767,560.683,2.633,0.989447,living
2,B,B2,B2_00844,2.484,2.007,2.519,1.255,669.694,687.816,2.565,0.973652,living
2,B,B2,B2_00845,2.383,2.360,2.676,1.134,683.319,660.525,2.426,1.034509,living
2,B,B2,B2_00846,0.997,1.920,1.561,0.813,60.864,825.475,2.39,0.073733,living
2,B,B2,B2_00847,2.315,1.729,2.258,1.306,496.445,573.482,2.431,0.865669,living
2,B,B2,B2_00848,2.045,1.973,2.267,1.149,750.793,772.281,2.248,0.972176,living
2,B,B2,B2_00849,1.808,2.007,2.149,1.071,739.692,759.879,2.542,0.973434,living
2,B,B2,B2_00850,1.808,2.007,2.149,1.071,830.579,851.215,2.701,0.975758,living
2,B,B2,B2_00851,2.18,2.007,2.360,1.176,760.31,788.62,2.651,0.964102,living
2,B,B2,B2_00854,1.758,2.007,2.119,1.056,752.115,789.471,2.904,0.952683,living
2,B,B2,B2_00856,1.538,2.007,1.982,0.988,783.418,792.659,2.824,0.988341,living
2,B,B2,B2_00857,2.62,2.007,2.587,1.289,833.755,761.477,2.297,1.094917,living
2,B,B2,B2_00858,2.907,2.007,2.725,1.358,621.849,1040.849,2.145,0.597444,living
2,B,B2,B2_00859,1.065,2.007,1.650,0.822,686.365,724.238,2.349,0.947706,living
2,B,B2,B2_00860,1.808,2.007,2.149,1.071,854.636,874.551,2.766,0.977227,living
2,B,B2,B2_00861,2.653,2.007,2.604,1.297,789.28,858.573,2.236,0.919293,living
2,B,B2,B2_00862,1.91,2.874,2.644,0.920,634.743,636.106,2.779,0.997858,living
2,B,B2,B2_00863,0.93,1.494,1.330,0.890,315.8,674.2,1.964,0.468407,living
2,B,B2,B2_00864,1.487,2.208,2.045,0.926,675.557,693.898,2.273,0.973568,living
2,B,B2,B2_00865,2.4,1.921,2.423,1.261,865.31,877.852,2.324,0.985713,living
2,B,B2,B2_00866,2.265,1.952,2.373,1.215,853.679,875.254,2.358,0.97535,living
2,B,B2,B2_00867,2.434,1.720,2.309,1.342,927.208,1045.542,2.646,0.886821,living
2,B,B2,B2_00868,1.977,2.008,2.248,1.120,769.983,795.094,2.41,0.968417,living
2,B,B2,B2_00869,2.062,2.028,2.307,1.138,593.557,721.902,1.959,0.822214,living
2,B,B2,B2_00870,1.791,1.654,1.942,1.174,783.321,783.066,2.274,1.000325,living
2,B,B2,B2_00871,2.113,2.007,2.324,1.158,816.112,840.576,2.776,0.970896,living
2,B,B2,B2_00872,2.518,1.925,2.484,1.291,877.859,881.315,2.336,0.996078,living
2,B,B2,B2_00874,1.994,2.239,2.384,1.065,582.076,581.856,3.076,1.000379,living
2,B,B2,B2_00875,1.656,1.778,1.936,1.089,802.51,843.031,2.469,0.951935,living
2,B,B2,B2_00876,2.958,2.412,3.014,1.250,764.343,850.737,2.263,0.898448,living
2,B,B2,B2_00877,2.146,1.479,2.010,1.359,659.976,639.52,2.252,1.031988,living
2,B,B2,B2_00878,1.639,1.743,1.907,1.094,685.649,724.588,2.464,0.946262,living
2,B,B2,B2_00879,2.045,1.802,2.166,1.202,620.149,689.694,2.579,0.899165,living
2,B,B2,B2_00880,1.944,1.954,2.199,1.125,764.07,792.609,2.557,0.963993,living
2,B,B2,B2_00881,1.521,1.971,1.954,0.991,682.089,682.456,2.222,0.999463,living
2,B,B2,B2_00882,1.234,1.318,1.439,1.092,419.479,664.041,2.384,0.631707,living
2,B,B2,B2_00884,2.721,2.007,2.637,1.314,480.634,616.422,2.031,0.779715,living
2,B,B2,B2_00885,1.369,2.007,1.870,0.932,717.074,752.074,2.642,0.953462,living
2,B,B2,B2_00887,2.248,2.174,2.494,1.147,823.827,853.15,2.827,0.965629,living
2,B,B2,B2_00888,2.569,1.537,2.242,1.459,399.507,622.914,2.191,0.641351,living
2,B,B2,B2_00889,1.842,1.749,2.025,1.158,786.312,815.688,2.688,0.963986,living
2,B,B2,B2_00890,0.862,2.831,1.763,0.623,920.863,37.51,2.667,24.549922,living
2,B,B2,B2_00892,1.876,2.309,2.348,1.017,680.721,705.207,2.703,0.965278,living
2,B,B2,B2_00893,2.687,2.007,2.620,1.306,968.667,994.774,2.748,0.973756,living
2,B,B2,B2_00896,1.318,1.906,1.788,0.938,642.321,654.167,2.718,0.981891,living
2,B,B2,B2_00897,2.586,2.096,2.627,1.253,862.065,901.248,2.614,0.956524,living
2,B,B2,B2_00898,1.69,2.241,2.196,0.980,703.91,705.88,2.7,0.997209,living
2,B,B2,B2_00900,2.248,1.995,2.390,1.198,506.03,564.571,2.316,0.896308,living
2,B,B2,B2_00901,1.301,1.906,1.777,0.932,666.494,693.779,2.909,0.960671,living
2,B,B2,B2_00902,2.704,1.647,2.381,1.446,597.987,745.156,2.763,0.802499,living
2,B,B2,B2_00904,1.166,1.993,1.720,0.863,662.812,667.623,2.087,0.992793,living
2,B,B2,B2_00905,2.248,1.629,2.159,1.326,875.421,911.158,2.662,0.960779,living
2,B,B2,B2_00906,1.589,1.597,1.798,1.126,742.649,772.84,2.755,0.960934,living
2,B,B2,B2_00907,2.653,1.529,2.273,1.486,556.318,744.503,2.287,0.747235,living
2,B,B2,B2_00908,2.569,1.910,2.500,1.309,904.888,948.632,2.428,0.953888,living
2,B,B2,B2_00909,1.284,1.750,1.691,0.967,481.961,468.368,2.395,1.02902,living
2,B,B2,B2_00910,1.403,1.537,1.657,1.078,833.289,860.47,2.193,0.968412,living
2,B,B2,B2_00911,1.555,1.862,1.920,1.031,742.641,749.424,2.62,0.99095,living
2,B,B2,B2_00912,2.924,2.005,2.732,1.363,909.809,946.798,2.457,0.960933,living
2,B,B2,B2_00913,2.349,2.385,2.671,1.120,744.698,774.957,2.353,0.960954,living
2,B,B2,B2_00914,1.622,2.007,2.036,1.014,776,800.469,2.865,0.969432,living
2,B,B2,B2_00915,0.896,1.910,1.476,0.773,646.415,648.792,2.132,0.996336,living
2,B,B2,B2_00916,1.284,2.117,1.860,0.879,625.237,644.224,2.684,0.970528,living
2,B,B2,B2_00917,2.062,1.761,2.150,1.221,799.082,752.254,2.238,1.06225,living
2,B,B2,B2_00919,2.991,2.855,3.297,1.155,834.712,727.062,2.463,1.148061,living
2,B,B2,B2_00920,2.163,2.873,2.813,0.979,710.773,721.289,2.508,0.985421,living
2,B,B2,B2_00921,1.234,1.725,1.646,0.954,733.904,724,2.164,1.01368,living
2,B,B2,B2_00923,1.521,2.356,2.136,0.907,644.689,648.067,2.411,0.994788,living
2,B,B2,B2_00924,1.166,2.322,1.857,0.800,511.29,561.565,2.333,0.910473,living
2,B,B2,B2_00925,1.977,2.007,2.247,1.120,852.265,874.803,2.641,0.974236,living
2,B,B2,B2_00926,1.437,1.725,1.777,1.030,790.094,788.976,2.235,1.001417,living
2,B,B2,B2_00927,2.569,2.783,3.017,1.084,734.27,697.579,1.98,1.052597,living
2,B,B2,B2_00928,1.369,1.471,1.601,1.089,818.086,840.691,2.716,0.973111,living
2,B,B2,B2_00929,2.789,1.973,2.647,1.342,867.509,725.83,2.436,1.195195,living
2,B,B2,B2_00930,1.639,1.778,1.926,1.083,707.969,581.959,2.464,1.216528,living
2,B,B2,B2_00931,2.366,2.392,2.684,1.122,698.814,818.25,2.129,0.854035,living
2,B,B2,B2_00933,2.315,2.433,2.678,1.101,764.255,748.577,2.307,1.020945,living
2,B,B2,B2_00934,2.028,1.735,2.117,1.220,972.617,1012.633,2.508,0.960483,living
2,B,B2,B2_00935,1.859,1.769,2.046,1.157,860.282,730.109,2.618,1.178292,living
2,B,B2,B2_00936,1.521,2.158,2.044,0.947,705.8,713.6,2.289,0.98907,living
2,B,B2,B2_00937,2.214,2.305,2.549,1.106,818.847,838.824,2.573,0.976184,living
2,B,B2,B2_00938,1.555,2.007,1.993,0.993,684.902,698.109,3.065,0.981082,living
2,B,B2,B2_00939,2.4,2.351,2.680,1.140,837.218,869.683,2.514,0.962671,living
2,B,B2,B2_00940,1.065,2.421,1.812,0.748,640.714,647.397,2.603,0.989678,living
2,B,B2,B2_00941,2.028,2.284,2.428,1.063,728.692,752.092,2.583,0.968887,living
2,B,B2,B2_00942,2.839,2.425,2.961,1.221,890.101,891.774,2.244,0.998124,living
2,B,B2,B2_00943,1.69,2.007,2.078,1.036,870.78,881.37,3,0.987985,living
2,B,B2,B2_00944,1.42,1.558,1.678,1.077,862.393,897.726,2.464,0.960641,living
2,B,B2,B2_00945,1.724,1.955,2.072,1.060,742.686,766.667,2.422,0.968721,living
2,B,B2,B2_00946,1.994,2.156,2.340,1.085,651.983,735.314,1.966,0.886674,living
2,B,B2,B2_00947,2.113,2.017,2.329,1.155,757.64,775.336,2.52,0.977176,living
2,B,B2,B2_00948,2.315,1.388,2.023,1.457,546.146,907.453,2.453,0.601845,living
2,B,B2,B2_00949,2.214,1.701,2.190,1.287,1004.031,1036.901,2.359,0.9683,living
2,B,B2,B2_00950,1.42,1.641,1.722,1.050,622.238,685.393,2.381,0.907856,living
2,B,B2,B2_00951,2.839,2.383,2.935,1.232,940.75,968.637,2.238,0.97121,living
2,B,B2,B2_00952,1.944,2.095,2.277,1.087,745.026,856.913,2.391,0.86943,living
2,B,B2,B2_00953,2.113,2.241,2.455,1.096,812.048,813.728,2.344,0.997935,living
2,B,B2,B2_00954,2.586,3.047,3.167,1.040,789.595,783.765,2.379,1.007439,living
2,B,B2,B2_00955,1.521,1.997,1.967,0.985,755.422,721.578,2.222,1.046903,living
2,B,B2,B2_00956,1.42,3.176,2.396,0.754,625.536,660.607,2.06,0.94691,living
2,B,B2,B2_00957,2.163,2.007,2.351,1.172,919.258,954.57,2.312,0.963007,living
2,B,B2,B2_00958,1.758,2.007,2.119,1.056,880.635,903.952,2.385,0.974205,living
2,B,B2,B2_00960,2.586,2.007,2.570,1.281,903.268,988.634,2.771,0.913653,living
2,B,B2,B2_00961,2.096,2.007,2.314,1.153,743.242,754.185,2.75,0.98549,living
2,B,B2,B2_00962,1.386,2.007,1.882,0.938,750.683,774.573,2.451,0.969157,living
2,B,B2,B2_00963,1.775,2.007,2.130,1.061,813.419,814.914,2.676,0.998165,living
2,B,B2,B2_00964,1.065,2.007,1.650,0.822,615.778,609.413,3.317,1.010445,living
2,B,B2,B2_00965,1.842,2.007,2.169,1.081,716.725,726.495,2.67,0.986551,living
2,B,B2,B2_00966,2.282,2.007,2.415,1.203,712.126,730.607,2.785,0.974704,living
2,B,B2,B2_00967,1.656,2.007,2.057,1.025,723.969,747.163,2.286,0.968957,living
2,B,B2,B2_00968,1.268,2.007,1.800,0.897,470.147,517.507,2.213,0.908484,living
2,B,B2,B2_00969,1.808,2.007,2.149,1.071,693.664,571.832,2.364,1.213055,living
2,B,B2,B2_00970,1.606,2.007,2.026,1.009,718.263,730.779,1.979,0.982873,living
2,B,B2,B2_00971,2.586,2.007,2.570,1.281,569.281,694.974,2.111,0.81914,living
2,B,B2,B2_00972,1.504,2.007,1.960,0.977,628.719,589.652,2.225,1.066255,living
2,B,B2,B2_00974,1.115,2.508,1.887,0.752,569.939,581.636,2.545,0.97989,living
2,B,B2,B2_00975,2.096,2.007,2.314,1.153,765.306,809.524,2.677,0.945378,living
2,B,B2,B2_00976,2.146,2.007,2.342,1.167,828.882,837.551,2.701,0.989649,living
2,B,B2,B2_00977,1.538,2.007,1.982,0.988,765.824,784.923,2.231,0.975668,living
2,B,B2,B2_00978,1.555,2.007,1.993,0.993,668.38,679.946,2.837,0.982991,living
2,B,B2,B2_00979,2.18,2.007,2.360,1.176,847.333,865.791,2.264,0.978681,living
2,B,B2,B2_00981,2.011,2.007,2.267,1.130,711.101,732.555,2.252,0.970714,living
2,B,B2,B2_00982,2.856,2.007,2.701,1.346,1110.408,1131.68,2.225,0.981203,living
2,B,B2,B2_00983,2.856,2.007,2.701,1.346,663,737.846,2.574,0.898561,living
2,B,B2,B2_00984,1.521,2.007,1.971,0.982,680.233,651.478,2.344,1.044139,living
2,B,B2,B2_00986,2.755,2.007,2.653,1.322,771.834,748.755,2.571,1.030824,living
2,B,B2,B2_00987,1.91,2.007,2.209,1.101,894.451,932.823,2.602,0.958865,living
2,B,B2,B2_00988,2.653,2.007,2.604,1.297,1017.127,1027.217,2.548,0.990178,living
2,B,B2,B2_00989,2.315,2.007,2.432,1.212,852.679,874.073,2.387,0.975524,living
2,B,B2,B2_00991,2.096,2.007,2.314,1.153,790.185,818.823,2.637,0.965026,living
2,B,B2,B2_00992,2.704,2.007,2.628,1.310,821.913,798.625,2.362,1.029159,living
2,B,B2,B2_00993,1.994,2.007,2.257,1.125,785.763,839.898,2.525,0.935545,living
2,B,B2,B2_00994,1.707,2.007,2.088,1.041,656.644,690.069,2.851,0.951562,living
2,B,B2,B2_00995,1.251,2.007,1.788,0.891,667.095,674.257,2.338,0.989378,living
2,B,B2,B2_00996,0.997,2.007,1.596,0.795,683.763,697.169,3.051,0.98077,living
2,B,B2,B2_00997,1.724,1.412,1.761,1.247,354.206,561.108,2.569,0.631262,living
2,B,B2,B2_00998,1.977,1.636,2.029,1.240,869.359,891.274,2.248,0.975412,living
2,B,B2,B2_00999,2.129,2.021,2.341,1.158,776.984,785.492,2.508,0.989169,living
2,B,B2,B2_01000,2.772,2.056,2.694,1.310,750.445,908.982,2.47,0.825589,living
2,B,B2,B2_01001,2.805,2.720,3.117,1.146,802.187,821.554,2.09,0.976426,living
2,B,B2,B2_01002,2.518,2.466,2.812,1.140,792.765,803.96,2.477,0.986076,living
2,B,B2,B2_01003,2.096,2.174,2.409,1.108,693.911,658.016,2.508,1.054551,living
2,B,B2,B2_01005,2.552,2.007,2.553,1.272,790.808,812.152,2.834,0.973719,living
2,B,B2,B2_01006,1.301,1.721,1.688,0.981,693.675,707.961,1.909,0.979821,living
2,B,B2,B2_01007,2.028,2.007,2.276,1.134,734.492,757.675,2.85,0.969402,living
2,B,B2,B2_01008,2.045,2.007,2.286,1.139,857.603,687.281,3.157,1.24782,living
2,B,B2,B2_01010,2.789,2.142,2.758,1.288,873.4,898.976,2.509,0.97155,living
2,B,B2,B2_01011,1.47,1.856,1.864,1.004,698.966,701.977,2.793,0.99571,living
2,B,B2,B2_01012,1.521,2.085,2.009,0.964,650.733,674.089,2.589,0.965352,living
2,B,B2,B2_01013,2.062,1.695,2.110,1.245,791.779,733.336,2.205,1.079694,living
2,B,B2,B2_01014,1.927,1.734,2.063,1.190,853.096,888.105,2.351,0.96058,living
2,B,B2,B2_01015,2.18,1.826,2.251,1.233,822.279,847.705,2.713,0.970006,living
2,B,B2,B2_01016,1.927,2.007,2.219,1.106,679.053,672.447,2.86,1.009823,living
2,B,B2,B2_01017,1.589,1.974,1.998,1.012,695.936,704.532,2.16,0.987799,living
2,B,B2,B2_01018,1.893,2.211,2.308,1.044,696.393,712.75,2.393,0.977051,living
2,B,B2,B2_01019,1.386,2.766,2.209,0.799,559.902,557.78,2.524,1.003804,living
2,B,B2,B2_01020,1.994,2.007,2.257,1.125,719.915,745.347,3.28,0.965879,living
2,B,B2,B2_01021,1.031,1.822,1.547,0.849,628.82,654.82,2.131,0.960294,living
2,B,B2,B2_01022,2.907,2.007,2.725,1.358,547.953,677.814,2.68,0.808413,living
2,B,B2,B2_01023,2.282,2.007,2.415,1.203,669.052,682.4,2.274,0.980439,living
2,B,B2,B2_01024,1.96,2.007,2.238,1.115,710.75,733.026,2.095,0.969611,living
2,B,B2,B2_01025,1.673,2.007,2.067,1.030,627.263,582.343,2.404,1.077135,living
2,B,B2,B2_01026,2.062,2.007,2.295,1.144,873.574,911.352,2.607,0.958547,living
2,B,B2,B2_01027,1.775,2.007,2.130,1.061,803.381,844.095,2.152,0.951766,living
2,B,B2,B2_01028,2.755,2.007,2.653,1.322,739,717.117,2.46,1.030516,living
2,B,B2,B2_01029,2.569,2.007,2.562,1.277,876.441,888.947,2.691,0.985931,living
2,B,B2,B2_01030,1.606,2.007,2.026,1.009,752.158,749.474,2.768,1.003581,living
2,B,B2,B2_01032,2.079,2.007,2.305,1.149,508.569,533.333,2.756,0.953567,living
2,B,B2,B2_01033,2.653,2.007,2.604,1.297,839.459,558.631,2.312,1.502708,living
2,B,B2,B2_01034,1.268,2.007,1.800,0.897,623.187,647.973,2.213,0.961747,living
2,B,B2,B2_01035,2.62,2.053,2.617,1.275,854.755,930.329,2.542,0.918766,living
3,A,A3,A3_00001,1.859,1.857,2.097,1.129,1093.709,978,2.527,1.118312,living
3,A,A3,A3_00007,2.197,2.081,2.413,1.159,1080.592,1059.662,2.446,1.019752,living
3,A,A3,A3_00009,1.791,2.004,2.138,1.067,994.038,957,3.104,1.038702,living
3,A,A3,A3_00010,2.907,2.289,2.911,1.272,1074.965,890.797,2.535,1.206746,living
3,A,A3,A3_00011,1.808,2.004,2.148,1.072,867.804,873.673,11.028,0.993282,dead
3,A,A3,A3_00015,2.062,1.593,2.045,1.284,1242.656,1205.492,2.705,1.030829,living
3,A,A3,A3_00017,2.298,2.840,2.883,1.015,958.559,947.919,2.412,1.011224,living
3,A,A3,A3_00018,1.825,1.672,1.971,1.179,1091.796,1077.278,2.25,1.013477,living
3,A,A3,A3_00019,1.606,2.374,2.203,0.928,808.2,794.284,2.568,1.01752,living
3,A,A3,A3_00020,1.437,1.734,1.781,1.027,947.812,930.729,2.741,1.018354,living
3,A,A3,A3_00021,1.352,2.293,1.987,0.866,792.875,767.2,2.062,1.033466,living
3,A,A3,A3_00022,2.603,1.997,2.573,1.288,1001.604,916.026,2.461,1.093423,living
3,A,A3,A3_00023,1.842,2.876,2.597,0.903,869.083,537.771,2.174,1.616084,living
3,A,A3,A3_00024,1.487,2.309,2.091,0.906,819.42,855.273,2.955,0.958081,living
3,A,A3,A3_00025,1.251,2.024,1.796,0.887,873.919,856.108,2.865,1.020804,living
3,A,A3,A3_00026,1.656,2.055,2.082,1.013,968.684,952.847,2.561,1.01662,living
3,A,A3,A3_00027,1.065,2.109,1.691,0.802,812.905,793.111,1.746,1.024957,living
3,A,A3,A3_00028,2.18,2.094,2.411,1.151,682.233,673.705,2.194,1.012657,living
3,A,A3,A3_00032,1.335,1.920,1.807,0.941,627.797,592.203,2.532,1.060106,living
3,A,A3,A3_00034,1.048,2.004,1.635,0.816,559.403,512.21,58.21,1.092137,dead
3,A,A3,A3_00040,2.231,2.221,2.512,1.131,760.015,736.462,2.023,1.031981,living
3,A,A3,A3_00044,1.791,1.467,1.829,1.247,773.453,719.613,2.604,1.074817,living
3,A,A3,A3_00047,1.994,1.739,2.101,1.208,779.864,769.881,2.847,1.012967,living
3,A,A3,A3_00048,1.808,1.994,2.142,1.074,692.411,669.701,2.57,1.033911,living
3,A,A3,A3_00049,2.028,2.004,2.275,1.135,707.233,638.383,6.25,1.107851,dead
3,A,A3,A3_00050,0.811,2.156,1.492,0.692,515.458,525.25,2.021,0.981358,living
3,A,A3,A3_00051,1.082,2.590,1.889,0.729,965.484,26,2.5,37.134014,living
3,A,A3,A3_00052,2.687,1.742,2.441,1.401,1023.61,1053.767,2.491,0.971382,living
3,A,A3,A3_00053,0.997,1.622,1.435,0.885,396.644,640.729,2.22,0.619051,living
3,A,A3,A3_00055,2.383,1.492,2.128,1.426,1112.057,1108.34,2.355,1.003353,living
3,A,A3,A3_00058,2.738,1.941,2.601,1.340,815.5,805.679,2.494,1.01219,living
3,A,A3,A3_00059,2.721,1.694,2.423,1.430,907.683,803.056,2.484,1.130286,living
3,A,A3,A3_00060,2.907,2.414,2.989,1.238,867.256,833.552,2.5,1.040434,living
3,A,A3,A3_00061,2.349,1.881,2.372,1.261,829.18,885.295,3,0.936614,living
3,A,A3,A3_00064,1.622,1.758,1.905,1.084,751.615,732.417,2.792,1.026212,living
3,A,A3,A3_00066,1.589,1.682,1.845,1.097,751.968,723.043,2.543,1.040005,living
3,A,A3,A3_00069,1.437,1.425,1.615,1.133,782.882,780.565,2.824,1.002969,living
3,A,A3,A3_00070,2.924,1.684,2.504,1.487,978.705,931.486,2.387,1.050693,living
3,A,A3,A3_00072,1.707,2.004,2.087,1.041,702.02,691.05,7.267,1.015875,dead
3,A,A3,A3_00073,1.707,1.894,2.029,1.071,767.624,753.743,2.455,1.018416,living
3,A,A3,A3_00075,2.332,1.857,2.348,1.264,857.377,872.739,2.304,0.982398,living
3,A,A3,A3_00076,1.977,1.632,2.027,1.242,814.632,794.359,2.077,1.025522,living
3,A,A3,A3_00077,2.4,1.997,2.470,1.237,881.211,867.176,2.331,1.016185,living
3,A,A3,A3_00080,1.234,1.881,1.719,0.914,645.288,637.863,2.603,1.01164,living
3,A,A3,A3_00083,2.805,2.629,3.064,1.166,845.355,569.006,2.596,1.48567,living
3,A,A3,A3_00084,1.132,2.292,1.818,0.793,17.493,1053,2.075,0.016612,living
3,A,A3,A3_00085,2.146,1.657,2.128,1.284,833.866,847.063,2.488,0.98442,living
3,A,A3,A3_00089,1.876,2.008,2.190,1.091,803.207,802.622,2.441,1.00073,living
3,A,A3,A3_00090,2.484,2.004,2.518,1.256,1005.19,992.98,2.735,1.012297,living
3,A,A3,A3_00092,1.42,1.811,1.809,0.999,731.06,733.905,2.833,0.996123,living
3,A,A3,A3_00093,1.724,2.004,2.097,1.047,720.51,605.275,14.618,1.190385,dead
3,A,A3,A3_00096,1.859,1.409,1.826,1.296,977.245,954.564,2.655,1.023761,living
3,A,A3,A3_00097,2.349,1.907,2.388,1.252,1000.698,986.201,2.698,1.014699,living
3,A,A3,A3_00107,1.065,2.004,1.648,0.823,717.889,709.476,7.73,1.011858,dead
3,A,A3,A3_00108,1.876,1.772,2.057,1.161,878.631,847.748,2.306,1.036429,living
3,A,A3,A3_00109,1.994,2.004,2.256,1.126,785.441,807.11,3.847,0.973152,living
3,A,A3,A3_00110,1.403,1.445,1.607,1.112,638.096,727.614,2.301,0.87697,living
3,A,A3,A3_00112,1.521,2.312,2.116,0.915,690.122,671.956,2.211,1.027036,living
3,A,A3,A3_00113,2.315,1.551,2.138,1.379,1217.453,1195.146,2.46,1.018664,living
3,A,A3,A3_00116,2.822,2.198,2.810,1.279,1002.527,906.826,2.473,1.105534,living
3,A,A3,A3_00117,2.535,1.898,2.475,1.304,1186.88,1157.913,2.333,1.025016,living
3,A,A3,A3_00122,2.214,1.834,2.274,1.240,1023.298,1008.863,2.481,1.014308,living
3,A,A3,A3_00124,1.268,1.877,1.741,0.927,795.213,776.467,2.28,1.024144,living
3,A,A3,A3_00125,1.403,1.851,1.818,0.982,832.41,821.289,2.494,1.01354,living
3,A,A3,A3_00128,1.775,1.758,1.993,1.134,942.371,925.457,2.886,1.018277,living
3,A,A3,A3_00129,2.197,2.092,2.419,1.156,951.115,933.123,2.562,1.019282,living
3,A,A3,A3_00130,1.741,2.468,2.339,0.948,778.583,712.631,2.437,1.092546,living
3,A,A3,A3_00131,1.656,1.535,1.799,1.172,996.633,968.102,2.52,1.029471,living
3,A,A3,A3_00132,1.572,2.154,2.076,0.964,770.355,763.753,2.763,1.008644,living
3,A,A3,A3_00135,1.521,1.679,1.803,1.074,795.5,803.489,2.256,0.990057,living
3,A,A3,A3_00136,1.284,2.004,1.810,0.903,716.829,693.421,3.461,1.033757,living
3,A,A3,A3_00137,1.031,1.886,1.573,0.834,779.934,771.639,2.541,1.01075,living
3,A,A3,A3_00138,2.484,2.249,2.667,1.186,810.422,791.374,2.524,1.024069,living
3,A,A3,A3_00140,1.96,2.004,2.236,1.116,782.897,785.448,2.836,0.996751,living
3,A,A3,A3_00141,2.653,2.100,2.663,1.268,1040.93,1016.847,2.439,1.023684,living
3,A,A3,A3_00142,2.231,2.369,2.594,1.095,874.061,877.636,2.674,0.995926,living
3,A,A3,A3_00144,2.332,1.495,2.107,1.409,1223.819,1203.913,2.239,1.016534,living
3,A,A3,A3_00145,2.603,2.449,2.849,1.163,997.909,987.481,2.734,1.010561,living
3,A,A3,A3_00146,2.248,2.004,2.395,1.195,975.466,1022.248,2.865,0.954236,living
3,A,A3,A3_00147,1.876,1.653,1.987,1.202,1117.604,1018.288,2.144,1.097532,living
3,A,A3,A3_00148,1.555,2.004,1.992,0.994,902.804,901.978,2.467,1.000916,living
3,A,A3,A3_00150,1.91,1.584,1.963,1.239,1172.779,1153.363,2.85,1.016834,living
3,A,A3,A3_00152,2.146,1.731,2.175,1.256,1093.953,1105.134,2.575,0.989883,living
3,A,A3,A3_00153,2.62,1.757,2.421,1.378,1194.071,1165.426,2.542,1.024579,living
3,A,A3,A3_00154,2.011,1.603,2.026,1.264,1022.529,1005,2.63,1.017442,living
3,A,A3,A3_00155,1.96,1.873,2.162,1.154,946.776,936.664,2.241,1.010796,living
3,A,A3,A3_00156,2.569,1.596,2.285,1.432,1361.171,1362.671,2.197,0.998899,living
3,A,A3,A3_00161,2.822,2.004,2.683,1.339,1167.174,1146.952,4.503,1.017631,living
3,A,A3,A3_00162,1.977,2.210,2.359,1.067,1030.487,1003.65,1.906,1.02674,living
3,A,A3,A3_00163,1.893,2.156,2.280,1.057,994.607,987.089,2.366,1.007616,living
3,A,A3,A3_00164,0.93,1.810,1.464,0.809,857.982,854.455,2.545,1.004128,living
3,A,A3,A3_00166,2.417,2.971,3.024,1.018,841.063,870.944,2.587,0.965691,living
3,A,A3,A3_00168,1.217,1.806,1.673,0.926,943.764,916.014,2.681,1.030294,living
3,A,A3,A3_00169,1.504,2.500,2.188,0.875,881.101,880.247,2.382,1.00097,living
3,A,A3,A3_00170,2.586,1.816,2.445,1.347,1329.15,1313.261,2.307,1.012099,living
3,A,A3,A3_00171,2.146,1.388,1.947,1.403,1194.953,1102.921,2.433,1.083443,living
3,A,A3,A3_00172,1.791,2.094,2.185,1.044,930.925,903.066,2.425,1.030849,living
3,A,A3,A3_00173,0.862,2.537,1.669,0.658,754.588,749.98,2.843,1.006144,living
3,A,A3,A3_00174,1.437,1.938,1.883,0.972,980.012,942.506,2.788,1.039794,living
3,A,A3,A3_00175,2.315,2.192,2.542,1.160,1084.27,1049.161,2.46,1.033464,living
3,A,A3,A3_00177,1.893,1.858,2.116,1.139,1008.741,1075.92,2.616,0.937562,living
3,A,A3,A3_00178,1.927,1.738,2.065,1.188,1059.842,1034.228,2.316,1.024766,living
3,A,A3,A3_00179,2.89,1.839,2.601,1.415,1423.719,1398.462,2.251,1.018061,living
3,A,A3,A3_00181,2.67,1.892,2.536,1.340,1094.367,1030.158,2.443,1.062329,living
3,A,A3,A3_00184,1.927,2.042,2.238,1.096,792.789,756.254,2.623,1.048311,living
3,A,A3,A3_00186,2.603,1.737,2.399,1.381,959.981,842.89,2.578,1.138916,living
3,A,A3,A3_00190,2.231,2.004,2.386,1.191,681.955,749.333,3.144,0.910082,living
3,A,A3,A3_00192,2.248,1.542,2.101,1.362,849.008,859.038,2.94,0.988324,living
3,A,A3,A3_00195,2.738,1.746,2.467,1.413,853.105,762.198,2.16,1.11927,living
3,A,A3,A3_00197,2.518,2.081,2.583,1.241,871.577,904.94,2.846,0.963133,living
3,A,A3,A3_00198,2.18,1.614,2.117,1.311,990.38,896.163,2.178,1.105134,living
3,A,A3,A3_00201,1.96,2.004,2.236,1.116,795.569,790.957,6.698,1.005831,dead
3,A,A3,A3_00202,1.42,1.483,1.637,1.104,829.655,824.964,2.357,1.005686,living
3,A,A3,A3_00203,2.704,2.004,2.627,1.311,979.638,836.25,2.763,1.171465,living
3,A,A3,A3_00204,1.622,1.565,1.798,1.149,887.635,874.281,2.698,1.015274,living
3,A,A3,A3_00205,2.146,1.339,1.913,1.428,645.213,747.701,2.961,0.862929,living
3,A,A3,A3_00207,2.569,2.152,2.653,1.233,917.711,914.559,2.757,1.003446,living
3,A,A3,A3_00208,1.707,1.760,1.956,1.111,785.663,803.564,2.98,0.977723,living
3,A,A3,A3_00210,1.994,2.273,2.402,1.057,759.432,739.644,2.449,1.026754,living
3,A,A3,A3_00211,2.383,2.347,2.669,1.137,814.979,800.447,2.809,1.018155,living
3,A,A3,A3_00213,0.862,1.668,1.353,0.811,489.941,545.196,2.686,0.898651,living
3,A,A3,A3_00215,2.332,1.798,2.311,1.285,1012.471,1006.435,2.145,1.005998,living
3,A,A3,A3_00216,1.318,1.672,1.675,1.002,680.231,647.718,2.564,1.050196,living
3,A,A3,A3_00217,1.859,2.156,2.259,1.048,737.791,742.418,2.109,0.993767,living
3,A,A3,A3_00218,1.893,1.990,2.190,1.101,823.67,803.518,2.741,1.025079,living
3,A,A3,A3_00219,1.589,2.348,2.180,0.928,692.266,677.926,2.574,1.021153,living
3,A,A3,A3_00220,1.606,2.004,2.024,1.010,844.347,815.705,2.8,1.035113,living
3,A,A3,A3_00221,1.656,1.643,1.861,1.133,799.878,796.959,2.633,1.003662,living
3,A,A3,A3_00222,2.028,2.004,2.275,1.135,425.525,452.025,2.333,0.941375,living
3,A,A3,A3_00224,2.67,2.004,2.610,1.302,684.152,650.285,2.424,1.05208,living
3,A,A3,A3_00228,2.772,2.004,2.660,1.327,763.329,826.47,2.409,0.923602,living
3,A,A3,A3_00230,2.282,2.004,2.413,1.204,869.956,841.793,2.215,1.033456,living
3,A,A3,A3_00233,2.383,2.004,2.466,1.230,616.227,690.589,2.305,0.892321,living
3,A,A3,A3_00237,2.451,2.004,2.501,1.248,997.028,987.4,2.4,1.00975,living
3,A,A3,A3_00238,1.572,2.004,2.003,0.999,478.161,432.516,2.774,1.105534,living
3,A,A3,A3_00239,1.69,2.004,2.077,1.036,661.51,673.04,2.57,0.982869,living
3,A,A3,A3_00241,2.129,2.004,2.331,1.163,716.27,728.087,2.421,0.983769,living
3,A,A3,A3_00242,2.552,2.004,2.552,1.273,688.51,705.616,2.444,0.975757,living
3,A,A3,A3_00243,1.234,2.004,1.774,0.885,98.397,811.041,2.452,0.121322,living
3,A,A3,A3_00244,1.775,2.004,2.128,1.062,619.905,598.276,2.457,1.036151,living
3,A,A3,A3_00248,2.231,2.004,2.386,1.191,795.288,779.553,2.75,1.020184,living
3,A,A3,A3_00249,1.741,2.004,2.108,1.052,613.883,547.854,2.437,1.120523,living
3,A,A3,A3_00251,1.453,1.983,1.915,0.966,739.337,740.814,2.547,0.998007,living
3,A,A3,A3_00252,2.248,1.692,2.201,1.301,1279.143,1262.346,2.188,1.013306,living
3,A,A3,A3_00253,1.91,2.121,2.271,1.071,1038.575,1012.088,2.08,1.02617,living
3,A,A3,A3_00254,1.521,1.552,1.734,1.117,1042.378,997.633,2.222,1.044851,living
3,A,A3,A3_00256,2.805,2.004,2.675,1.335,921.711,900.133,6.265,1.023972,dead
3,A,A3,A3_00257,2.991,1.740,2.574,1.479,1252,1248.356,2.621,1.002919,living
3,A,A3,A3_00258,1.724,1.901,2.043,1.075,963.618,941.353,2.863,1.023652,living
3,A,A3,A3_00259,2.4,2.023,2.486,1.229,1084.472,1061.528,2.93,1.021614,living
3,A,A3,A3_00260,1.166,1.632,1.557,0.954,872.725,857.029,2.232,1.018314,living
3,A,A3,A3_00261,2.636,1.580,2.303,1.457,1560.128,1558.385,2.442,1.001119,living
3,A,A3,A3_00267,1.082,2.004,1.662,0.829,871.359,798.188,18.828,1.091673,dead
3,A,A3,A3_00268,2.653,2.871,3.114,1.085,1023.382,1027.682,2.618,0.995816,living
3,A,A3,A3_00269,2.129,1.840,2.233,1.214,1163.444,1114.437,2.421,1.043976,living
3,A,A3,A3_00270,2.62,2.294,2.766,1.206,948.426,652.103,2.503,1.454411,living
3,A,A3,A3_00271,2.096,2.262,2.457,1.086,958.96,971.605,2.573,0.986985,living
3,A,A3,A3_00273,1.335,1.986,1.837,0.925,680.253,671.608,2,1.012873,living
3,A,A3,A3_00274,1.115,1.604,1.509,0.941,896.742,906.258,3.106,0.989501,living
3,A,A3,A3_00275,1.893,2.004,2.198,1.097,994.393,979.804,2.777,1.01489,living
3,A,A3,A3_00276,1.2,1.630,1.578,0.968,771.014,645.465,2.662,1.19451,living
3,A,A3,A3_00277,1.149,1.999,1.710,0.855,869.426,862.118,2.441,1.008478,living
3,A,A3,A3_00278,1.234,2.004,1.774,0.885,723.575,734.438,3.178,0.985209,living
3,A,A3,A3_00279,0.862,1.837,1.420,0.773,689.49,692.118,2.039,0.996204,living
3,A,A3,A3_00280,2.062,2.039,2.314,1.135,878.533,854.139,2.369,1.028559,living
3,A,A3,A3_00281,2.315,2.098,2.487,1.185,845.453,817.942,2.438,1.033634,living
3,A,A3,A3_00282,1.842,1.609,1.943,1.207,982.128,953.927,2.266,1.029564,living
3,A,A3,A3_00283,0.963,1.930,1.538,0.797,735.982,713.93,2.368,1.030889,living
3,A,A3,A3_00284,2.079,1.986,2.293,1.154,946.504,927.935,2.984,1.020011,living
3,A,A3,A3_00285,1.808,1.750,2.007,1.147,892.636,878.075,2.467,1.016583,living
3,A,A3,A3_00288,1.572,1.349,1.643,1.218,966.71,978.753,2.075,0.987696,living
3,A,A3,A3_00289,1.977,1.680,2.056,1.224,932.829,933.88,2.709,0.998874,living
3,A,A3,A3_00290,1.2,2.004,1.750,0.873,877.563,808.648,52.972,1.085223,dead
3,A,A3,A3_00292,1.606,1.703,1.866,1.096,843.358,839.253,2.537,1.004892,living
3,A,A3,A3_00293,1.96,1.648,2.028,1.231,1006.034,954.871,2.621,1.053582,living
3,A,A3,A3_00295,2.079,1.691,2.116,1.251,1007.488,1098.041,2.577,0.917532,living
3,A,A3,A3_00299,1.927,1.953,2.189,1.121,765.079,753.93,2.596,1.014788,living
3,A,A3,A3_00300,2.535,2.459,2.817,1.146,847.047,811.693,2.533,1.043555,living
3,A,A3,A3_00301,1.301,2.385,1.988,0.833,610.104,661.078,2.338,0.922893,living
3,A,A3,A3_00302,0.879,1.865,1.445,0.775,664.577,691.212,2.154,0.961467,living
3,A,A3,A3_00303,2.552,1.805,2.422,1.342,872.815,862.907,2.291,1.011481,living
3,A,A3,A3_00304,1.538,1.593,1.766,1.109,911.22,896.967,2.385,1.01589,living
3,A,A3,A3_00305,1.47,2.097,1.981,0.945,636.621,634.816,2.345,1.002843,living
3,A,A3,A3_00308,2.755,2.004,2.651,1.323,978.031,998.994,2.423,0.979016,living
3,A,A3,A3_00311,2.484,2.301,2.698,1.172,791.34,793.844,2.116,0.996846,living
3,A,A3,A3_00312,1.859,1.642,1.971,1.201,751.936,756.864,2.418,0.99349,living
3,A,A3,A3_00313,2.045,2.099,2.338,1.114,712.967,743.76,2.298,0.958598,living
3,A,A3,A3_00314,2.501,1.770,2.374,1.341,965.459,949.534,2.966,1.016772,living
3,A,A3,A3_00315,0.828,1.772,1.367,0.771,590.776,570.755,2.878,1.035077,living
3,A,A3,A3_00316,2.467,1.481,2.157,1.456,1143.048,906.664,2.541,1.260718,living
3,A,A3,A3_00317,2.4,1.546,2.174,1.406,1036.866,1005.711,2.359,1.030978,living
3,A,A3,A3_00322,2.805,2.004,2.675,1.335,576.627,633.97,3.042,0.909549,living
3,A,A3,A3_00323,2.738,2.004,2.643,1.319,891.395,879.636,2.722,1.013368,living
3,A,A3,A3_00324,2.197,1.963,2.343,1.194,834.969,815.385,2.623,1.024019,living
3,A,A3,A3_00325,2.18,2.213,2.478,1.120,721.674,717.016,2.481,1.006498,living
3,A,A3,A3_00326,1.166,1.722,1.599,0.929,694,696.261,2.391,0.996753,living
3,A,A3,A3_00328,0.845,1.621,1.321,0.815,626.24,612.04,2.4,1.023201,living
3,A,A3,A3_00329,1.842,2.083,2.210,1.061,726.752,714.33,2.541,1.01739,living
3,A,A3,A3_00330,2.501,2.489,2.815,1.131,807.541,796.595,2.304,1.013741,living
3,A,A3,A3_00332,1.859,1.609,1.952,1.213,916.5,901.082,2.682,1.017111,living
3,A,A3,A3_00333,2.062,2.004,2.294,1.145,1018.967,1003.451,2.475,1.015463,living
3,A,A3,A3_00334,1.622,2.004,2.034,1.015,743.323,678.76,2.594,1.095118,living
3,A,A3,A3_00335,1.453,2.033,1.939,0.954,628.895,737.151,1.965,0.853143,living
3,A,A3,A3_00336,2.451,2.434,2.756,1.132,864.386,843.503,2.172,1.024757,living
3,A,A3,A3_00338,1.217,1.725,1.635,0.948,695.861,733.486,2.819,0.948704,living
3,A,A3,A3_00339,1.622,1.583,1.808,1.142,622.24,695.677,2.792,0.894437,living
3,A,A3,A3_00341,1.639,1.688,1.877,1.112,840,821.639,2.443,1.022347,living
3,A,A3,A3_00344,2.636,1.682,2.376,1.413,898.724,820.635,2.16,1.095158,living
3,A,A3,A3_00346,1.758,1.910,2.068,1.083,793.76,802.519,2.827,0.989085,living
3,A,A3,A3_00347,1.149,1.880,1.658,0.882,702.529,741.176,1.912,0.947857,living
3,A,A3,A3_00348,1.487,1.390,1.622,1.167,891.409,865.307,2.114,1.030165,living
3,A,A3,A3_00350,2.079,1.739,2.146,1.234,913.033,926.667,2.358,0.985287,living
3,A,A3,A3_00351,1.234,1.353,1.458,1.078,382.89,560.411,2.082,0.683231,living
3,A,A3,A3_00352,1.318,2.004,1.834,0.915,882.256,887.679,2.692,0.993891,living
3,A,A3,A3_00353,1.758,1.696,1.948,1.149,863.952,810.971,2.125,1.06533,living
3,A,A3,A3_00354,1.572,2.004,2.003,0.999,746.871,673.785,2.688,1.108471,living
3,A,A3,A3_00355,1.994,2.172,2.348,1.081,840.975,829.517,2.475,1.013812,living
3,A,A3,A3_00356,1.589,1.766,1.890,1.070,842.053,808.511,2.5,1.041487,living
3,A,A3,A3_00357,1.318,1.371,1.517,1.106,857.795,858.244,2.538,0.999477,living
3,A,A3,A3_00358,1.758,2.488,2.360,0.949,719.404,718.433,2.567,1.001352,living
3,A,A3,A3_00359,1.082,2.004,1.662,0.829,604.188,598.594,2.688,1.009345,living
3,A,A3,A3_00360,1.335,2.033,1.859,0.914,703.354,712.481,2.177,0.98719,living
3,A,A3,A3_00362,2.552,1.652,2.317,1.402,1144.02,1082.139,2.219,1.057184,living
3,A,A3,A3_00363,1.808,1.907,2.095,1.099,882.206,858.729,2.43,1.027339,living
3,A,A3,A3_00364,2.332,2.091,2.492,1.192,866.884,862.993,2.768,1.004509,living
3,A,A3,A3_00365,2.028,2.011,2.279,1.133,753.558,794.967,1.85,0.947912,living
3,A,A3,A3_00366,2.467,1.646,2.274,1.381,1040.521,954.562,2.63,1.090051,living
3,A,A3,A3_00367,1.639,1.731,1.901,1.098,845.701,856.33,2.186,0.987588,living
3,A,A3,A3_00369,2.129,1.592,2.077,1.305,1088.778,1063.929,2.722,1.023356,living
3,A,A3,A3_00372,2.248,1.997,2.391,1.197,916.353,799.481,2.406,1.146185,living
3,A,A3,A3_00373,1.656,2.230,2.168,0.972,790.541,775,2.582,1.020053,living
3,A,A3,A3_00375,1.893,1.924,2.153,1.119,921.375,906.045,2.688,1.01692,living
3,A,A3,A3_00376,2.045,1.903,2.226,1.170,781.273,707.81,2.479,1.103789,living
3,A,A3,A3_00377,1.724,1.845,2.012,1.091,813.02,800.951,2.324,1.015068,living
3,A,A3,A3_00378,1.741,1.606,1.887,1.175,906.854,907.029,2.34,0.999807,living
3,A,A3,A3_00379,1.893,1.654,1.997,1.207,949.018,925.5,2.661,1.025411,living
3,A,A3,A3_00380,0.93,2.004,1.540,0.769,574.655,562.727,7.509,1.021195,dead
3,A,A3,A3_00381,1.589,1.641,1.822,1.110,935.479,936.957,2.436,0.998422,living
3,A,A3,A3_00383,1.403,2.004,1.892,0.944,915.108,891.518,3.205,1.026461,living
3,A,A3,A3_00385,2.603,1.986,2.566,1.292,886.734,935.396,2.61,0.947977,living
3,A,A3,A3_00386,1.758,1.816,2.016,1.110,673.721,572.731,2.317,1.176331,living
3,A,A3,A3_00388,1.47,1.695,1.781,1.051,853.471,867.299,2.506,0.984057,living
3,A,A3,A3_00389,1.893,1.608,1.969,1.224,1087.295,1052.062,2.821,1.033489,living
3,A,A3,A3_00390,0.93,1.863,1.485,0.797,739.327,759.073,2.127,0.973987,living
3,A,A3,A3_00391,1.268,1.803,1.706,0.946,814.613,815.44,2.267,0.998986,living
3,A,A3,A3_00392,2.129,2.793,2.752,0.985,631.96,488.643,2.405,1.293297,living
3,A,A3,A3_00393,1.521,1.758,1.845,1.050,865.389,843.511,2.233,1.025937,living
3,A,A3,A3_00394,0.93,1.554,1.357,0.873,843.727,808.564,2.164,1.043489,living
3,A,A3,A3_00395,2.383,1.672,2.252,1.347,1039.298,991.39,2.752,1.048324,living
3,A,A3,A3_00397,1.758,1.713,1.958,1.143,1004.106,979.837,2.663,1.024769,living
3,A,A3,A3_00398,2.62,2.004,2.586,1.290,758.871,832.148,3.155,0.911942,living
3,A,A3,A3_00399,1.825,1.622,1.941,1.197,877.491,808.25,2.333,1.085667,living
3,A,A3,A3_00400,1.876,1.793,2.069,1.154,954.342,924.865,2.586,1.031872,living
3,A,A3,A3_00401,1.825,1.812,2.052,1.132,793.213,928.898,2.472,0.853929,living
3,A,A3,A3_00402,2.772,2.223,2.801,1.260,1103.128,1095.659,2.402,1.006817,living
3,A,A3,A3_00403,1.775,1.615,1.910,1.183,960.143,948.419,2.105,1.012361,living
3,A,A3,A3_00404,2.805,2.976,3.260,1.095,907.765,912.313,2.422,0.995015,living
3,A,A3,A3_00405,1.842,1.306,1.750,1.340,721.807,806.128,2.156,0.8954,living
3,A,A3,A3_00406,0.828,2.161,1.509,0.698,732.367,710.98,2.327,1.030082,living
3,A,A3,A3_00407,1.96,1.810,2.125,1.174,951.724,939.681,2.638,1.012816,living
3,A,A3,A3_00409,0.811,2.004,1.439,0.718,540.729,518.708,6.479,1.042453,dead
3,A,A3,A3_00411,2.265,1.703,2.216,1.301,630.955,647.194,2.545,0.974909,living
3,A,A3,A3_00413,1.42,1.627,1.715,1.054,849.333,837.405,2.202,1.014245,living
3,A,A3,A3_00415,1.639,1.753,1.913,1.091,830.155,763.856,2.773,1.086795,living
3,A,A3,A3_00417,1.268,1.848,1.727,0.935,727.693,716.16,2.453,1.016104,living
3,A,A3,A3_00418,1.656,2.130,2.119,0.995,768.449,728.061,2.837,1.055473,living
3,A,A3,A3_00419,1.487,1.851,1.872,1.011,817.761,814.42,2.409,1.004102,living
3,A,A3,A3_00420,2.501,2.333,2.726,1.168,847.851,890.324,2.541,0.952295,living
3,A,A3,A3_00421,1.589,1.615,1.808,1.119,755.032,831.138,2.745,0.908431,living
3,A,A3,A3_00424,2.011,1.734,2.107,1.215,956.975,873.908,2.647,1.095053,living
3,A,A3,A3_00425,1.622,1.697,1.872,1.103,851.615,831.208,2.979,1.02455,living
3,A,A3,A3_00427,2.653,2.539,2.929,1.153,861.051,859.363,2.592,1.001964,living
3,A,A3,A3_00428,1.96,1.951,2.207,1.131,817.948,803.103,2.06,1.018484,living
3,A,A3,A3_00430,1.538,1.663,1.805,1.085,901.264,916.275,2.121,0.983617,living
3,A,A3,A3_00431,2.231,2.004,2.386,1.191,911.636,903.364,2.379,1.009158,living
3,A,A3,A3_00432,1.589,2.317,2.165,0.934,746.532,704.447,3.085,1.059742,living
3,A,A3,A3_00433,1.572,1.493,1.729,1.158,893.043,890.957,2.366,1.002341,living
3,A,A3,A3_00434,2.349,1.564,2.163,1.383,1155.432,1131.381,2.554,1.021258,living
3,A,A3,A3_00436,1.521,1.763,1.848,1.048,766.878,760.078,2.389,1.008946,living
3,A,A3,A3_00437,1.707,1.782,1.968,1.104,833.267,830.455,2.624,1.003386,living
3,A,A3,A3_00438,1.065,1.737,1.535,0.884,756.889,743.333,2.857,1.018236,living
3,A,A3,A3_00439,0.811,2.210,1.511,0.684,671.146,647.042,2.667,1.037253,living
3,A,A3,A3_00440,1.318,1.709,1.693,0.991,811.462,799,2.615,1.015596,living
3,A,A3,A3_00441,1.927,1.367,1.831,1.340,656.57,590.728,2.649,1.111459,living
3,A,A3,A3_00444,1.741,2.086,2.150,1.031,721.806,753.194,2.874,0.958326,living
3,A,A3,A3_00445,1.927,1.740,2.066,1.187,802.57,802.895,2.342,0.999596,living
3,A,A3,A3_00446,2.315,1.510,2.110,1.397,1131.672,1106.496,2.854,1.022752,living
3,A,A3,A3_00447,2.146,2.004,2.340,1.168,957.157,920.024,2.543,1.040362,living
3,A,A3,A3_00449,1.234,2.004,1.774,0.885,718.74,697.384,3.178,1.030623,living
3,A,A3,A3_00452,1.437,1.756,1.792,1.021,818.682,797.341,2.459,1.026765,living
3,A,A3,A3_00455,2.214,1.575,2.107,1.338,1169.664,1124.534,2.382,1.040132,living
3,A,A3,A3_00458,2.907,1.696,2.505,1.477,1310.064,1322.878,2.436,0.990314,living
3,A,A3,A3_00459,1.335,2.469,2.049,0.830,670.051,634.81,2.127,1.055513,living
3,A,A3,A3_00460,1.2,1.865,1.688,0.905,785.775,758.268,3.197,1.036276,living
3,A,A3,A3_00461,1.724,1.779,1.976,1.111,857.392,807.108,2.461,1.062302,living
3,A,A3,A3_00462,1.301,1.734,1.695,0.977,836.584,711.636,2.519,1.175579,living
3,A,A3,A3_00463,1.352,1.953,1.834,0.939,788.312,791.85,1.95,0.995533,living
3,A,A3,A3_00465,2.011,2.038,2.284,1.121,1060.866,1034.412,2.353,1.025574,living
3,A,A3,A3_00466,1.335,2.004,1.846,0.921,894.81,880.329,4.823,1.01645,living
3,A,A3,A3_00467,1.42,1.403,1.593,1.135,991.631,984.571,2.94,1.00717,living
3,A,A3,A3_00468,1.673,1.841,1.980,1.076,915.515,889.414,2.343,1.029346,living
3,A,A3,A3_00469,1.842,1.503,1.877,1.249,1087.183,1058.725,2.468,1.02688,living
3,A,A3,A3_00470,1.082,1.551,1.462,0.942,865.234,874.328,2.109,0.989599,living
3,A,A3,A3_00471,1.301,1.462,1.556,1.064,1007.312,993.792,2.468,1.013604,living
3,A,A3,A3_00472,1.437,2.004,1.915,0.955,935.424,883.941,12.2,1.058242,dead
3,A,A3,A3_00474,2.197,1.862,2.282,1.226,1111.108,1103.238,2.654,1.007133,living
3,A,A3,A3_00475,2.282,1.795,2.284,1.272,1111.719,1102.896,2.585,1.007999,living
3,A,A3,A3_00477,1.166,1.688,1.583,0.938,834.217,795.594,2.043,1.048546,living
3,A,A3,A3_00478,1.758,1.664,1.930,1.160,1047.413,1022.067,2.183,1.024799,living
3,A,A3,A3_00479,1.335,1.807,1.753,0.970,862.671,857,2.532,1.006617,living
3,A,A3,A3_00481,2.873,2.026,2.722,1.344,1232.271,1255.176,2.553,0.981751,living
3,A,A3,A3_00482,1.268,1.757,1.684,0.959,881.027,859.267,2.533,1.025324,living
3,A,A3,A3_00483,0.896,1.872,1.461,0.781,791.887,778.981,2.189,1.016567,living
3,A,A3,A3_00484,1.572,1.875,1.937,1.033,949.785,915.882,2.14,1.037017,living
3,A,A3,A3_00488,2.028,1.771,2.138,1.207,853.108,720.108,3.017,1.184694,living
3,A,A3,A3_00489,0.913,1.896,1.485,0.783,885.796,890.963,2.519,0.994201,living
3,A,A3,A3_00491,1.352,2.004,1.857,0.927,907.862,862.163,15.35,1.053006,dead
3,A,A3,A3_00493,1.656,2.004,2.056,1.026,876.959,860.102,3.051,1.019599,living
3,A,A3,A3_00494,1.944,2.968,2.710,0.913,925.07,940.165,2.47,0.983944,living
3,A,A3,A3_00495,2.366,2.004,2.457,1.226,1040.093,1026.064,3.036,1.013672,living
3,A,A3,A3_00496,2.738,1.855,2.543,1.371,1111.309,1295.475,2.617,0.857839,living
3,A,A3,A3_00497,1.301,2.004,1.822,0.909,806.649,779.909,4.052,1.034286,living
3,A,A3,A3_00499,2.079,1.565,2.035,1.301,1025.862,968.976,2.756,1.058708,living
3,A,A3,A3_00500,1.284,1.576,1.605,1.018,1096.355,1080.474,3,1.014699,living
3,A,A3,A3_00502,2.518,1.709,2.341,1.370,1449.758,1431.315,2.074,1.012885,living
3,A,A3,A3_00505,2.958,1.684,2.518,1.495,1684.709,1675.411,2.474,1.005549,living
3,A,A3,A3_00506,1.825,1.712,1.995,1.165,1204.074,1153.815,2.37,1.043559,living
3,A,A3,A3_00507,1.91,2.178,2.301,1.057,1065.354,1037.531,2.628,1.026817,living
3,A,A3,A3_00510,1.876,1.904,2.133,1.120,1079.477,1066.613,2.748,1.012061,living
3,A,A3,A3_00511,1.639,2.139,2.113,0.988,1000.814,871.845,2.619,1.147927,living
3,A,A3,A3_00512,2.366,2.004,2.457,1.226,875.6,853.364,2.829,1.026057,living
3,A,A3,A3_00515,2.129,2.230,2.459,1.103,1102.508,1077.476,2.333,1.023232,living
3,A,A3,A3_00516,1.183,1.827,1.659,0.908,955.143,939.6,2.357,1.016542,living
3,A,A3,A3_00517,1.842,1.946,2.136,1.098,1087.982,1077.807,2.541,1.00944,living
3,A,A3,A3_00519,1.808,1.679,1.966,1.171,1135.439,1148.551,2.402,0.988584,living
3,A,A3,A3_00522,1.825,1.531,1.886,1.232,1097.463,1262.426,2.667,0.869329,living
3,A,A3,A3_00523,2.755,1.800,2.513,1.396,1113.423,1091.521,2.258,1.020065,living
3,A,A3,A3_00524,0.811,2.366,1.563,0.661,869.646,848.083,2.167,1.025425,living
3,A,A3,A3_00525,1.251,1.788,1.688,0.944,1082.108,1063.351,2.811,1.017639,living
3,A,A3,A3_00526,1.082,2.004,1.662,0.829,899.156,860.109,12.328,1.045398,dead
3,A,A3,A3_00527,1.487,1.474,1.671,1.133,1209.489,1134.659,2.705,1.065949,living
3,A,A3,A3_00528,1.437,2.004,1.915,0.955,882.859,862.541,3.365,1.023556,living
3,A,A3,A3_00529,2.214,1.760,2.227,1.266,1345.809,1339.832,2.382,1.004461,living
3,A,A3,A3_00530,2.129,1.926,2.285,1.186,1072.468,1039.476,2.238,1.031739,living
3,A,A3,A3_00531,1.673,2.952,2.508,0.849,853.98,802.364,2.444,1.06433,living
3,A,A3,A3_00534,1.859,1.740,2.029,1.166,1306.427,1303.555,2.7,1.002204,living
3,A,A3,A3_00535,1.538,1.791,1.873,1.046,481.989,607.352,2.407,0.793591,living
3,A,A3,A3_00536,1.555,1.620,1.791,1.106,1044.467,1031.978,3.087,1.012102,living
3,A,A3,A3_00537,1.555,1.781,1.878,1.054,980.435,987.946,2.739,0.992397,living
3,A,A3,A3_00538,1.927,2.190,2.318,1.058,945.5,947.535,3.272,0.997852,living
3,A,A3,A3_00539,2.298,1.572,2.145,1.364,908.64,741.397,2.566,1.225578,living
3,A,A3,A3_00540,2.603,2.004,2.577,1.286,1291.792,1256.052,3.039,1.028454,living
3,A,A3,A3_00541,1.335,2.385,2.013,0.844,895.886,919.595,1.899,0.974218,living
3,A,A3,A3_00542,2.113,1.943,2.286,1.177,1202.232,1230.176,2.904,0.977285,living
3,A,A3,A3_00543,2.535,1.818,2.422,1.332,1195.827,1199.98,2.38,0.996539,living
3,A,A3,A3_00544,2.907,2.119,2.801,1.322,1146.401,1038.808,2.477,1.103574,living
3,A,A3,A3_00546,2.417,2.698,2.881,1.068,1049.434,1046.203,2.566,1.003088,living
3,A,A3,A3_00547,1.065,1.432,1.393,0.973,774.714,727.921,2.619,1.064284,living
3,A,A3,A3_00550,1.859,2.211,2.288,1.035,1042.6,1030.727,2.427,1.011519,living
3,A,A3,A3_00552,1.622,2.100,2.083,0.992,1068,1052.854,2.729,1.014385,living
3,A,A3,A3_00553,2.315,2.004,2.430,1.213,884.139,856.854,2.774,1.031843,living
3,A,A3,A3_00554,1.099,2.147,1.733,0.807,912.508,904.631,2.815,1.008707,living
3,A,A3,A3_00555,2.214,1.972,2.358,1.196,1033.763,1047.702,2.481,0.986696,living
3,A,A3,A3_00556,1.099,1.816,1.594,0.878,1007.138,967.831,2.154,1.040614,living
3,A,A3,A3_00557,2.552,2.485,2.842,1.143,963.093,973.934,2.192,0.988869,living
3,A,A3,A3_00558,0.93,1.825,1.470,0.805,888.618,885.745,2.891,1.003243,living
3,A,A3,A3_00559,1.014,2.880,1.928,0.670,676.667,674.317,2.4,1.003485,living
3,A,A3,A3_00560,1.91,1.867,2.131,1.141,967.504,954.221,2.513,1.01392,living
3,A,A3,A3_00563,2.062,1.826,2.190,1.199,1093.91,1075.262,2.869,1.017342,living
3,A,A3,A3_00564,1.606,2.837,2.409,0.849,694.716,717.789,2.368,0.967855,living
3,A,A3,A3_00565,2.011,1.887,2.198,1.165,1014.227,1021.933,2.412,0.99246,living
3,A,A3,A3_00566,2.501,2.004,2.526,1.261,839.196,694.378,3.709,1.208557,living
3,A,A3,A3_00567,2.366,1.694,2.259,1.334,869.786,645.629,2.236,1.347192,living
3,A,A3,A3_00568,1.994,1.653,2.049,1.239,1140.644,1123.797,2.636,1.014992,living
3,A,A3,A3_00569,1.335,1.560,1.628,1.044,1009.797,977.506,2.494,1.033034,living
3,A,A3,A3_00570,2.028,1.616,2.043,1.264,1133.567,1112.067,2.642,1.019333,living
3,A,A3,A3_00571,2.146,1.568,2.070,1.320,1267.575,1256.772,2.74,1.008596,living
3,A,A3,A3_00572,2.924,1.725,2.534,1.469,1419.994,1158.59,2.358,1.225623,living
3,A,A3,A3_00573,0.913,1.936,1.500,0.775,665.111,668.37,2.426,0.995124,living
3,A,A3,A3_00574,2.738,1.894,2.570,1.357,1267.414,1166.315,2.605,1.086682,living
3,A,A3,A3_00575,2.417,1.855,2.389,1.288,1163.021,1158.273,2.385,1.004099,living
3,A,A3,A3_00576,2.4,1.377,2.051,1.490,1277.627,1364.746,2.415,0.936164,living
3,A,A3,A3_00577,2.974,2.135,2.843,1.332,1074.415,1057.136,2.756,1.016345,living
3,A,A3,A3_00578,2.129,1.793,2.205,1.230,903.452,644.476,2.532,1.40184,living
3,A,A3,A3_00579,2.467,3.043,3.092,1.016,844.37,825.164,2.541,1.023275,living
3,A,A3,A3_00580,2.535,2.743,2.975,1.085,925.873,930.5,2.727,0.995028,living
3,A,A3,A3_00581,2.146,2.135,2.415,1.131,1027.63,994.457,2.472,1.033358,living
3,A,A3,A3_00582,1.504,1.743,1.827,1.048,1003.854,967.64,2.539,1.037425,living
3,A,A3,A3_00584,1.453,2.439,2.124,0.871,845.826,810.442,2.605,1.04366,living
3,A,A3,A3_00586,1.758,1.570,1.875,1.194,1064.231,943.356,2.971,1.128133,living
3,A,A3,A3_00587,2.163,1.901,2.288,1.204,1110.328,1048.148,2.68,1.059323,living
3,A,A3,A3_00589,2.062,1.691,2.107,1.246,1178.869,1170.172,2.59,1.007432,living
3,A,A3,A3_00590,2.282,1.634,2.179,1.333,1321.674,1302.022,3.081,1.015093,living
3,A,A3,A3_00591,2.146,1.354,1.923,1.421,883.008,790.024,2.543,1.117698,living
3,A,A3,A3_00592,1.487,2.022,1.957,0.968,903.943,910.739,2.341,0.992539,living
3,A,A3,A3_00593,1.724,1.617,1.884,1.165,956.539,964.304,2.5,0.991948,living
3,A,A3,A3_00594,2.214,1.877,2.300,1.225,1079.527,1085.382,2.206,0.994606,living
3,A,A3,A3_00595,1.555,2.004,1.992,0.994,1019.685,1004.163,4.793,1.015457,living
3,A,A3,A3_00596,2.603,1.725,2.391,1.386,1386.552,1351.565,2.208,1.025886,living
3,A,A3,A3_00597,2.349,1.961,2.422,1.235,1184.612,1193.525,2.59,0.992532,living
3,A,A3,A3_00598,1.47,1.738,1.804,1.038,870.069,802.805,2.184,1.083787,living
3,A,A3,A3_00599,2.197,2.336,2.556,1.094,995.4,1003.808,2.638,0.991624,living
3,A,A3,A3_00601,1.589,2.212,2.115,0.956,953.106,907.245,2.415,1.050551,living
3,A,A3,A3_00602,1.825,1.714,1.996,1.164,963.778,849.648,2.463,1.134326,living
3,A,A3,A3_00603,2.129,1.560,2.056,1.318,1353.667,1079.897,2.341,1.253515,living
3,A,A3,A3_00605,1.166,1.990,1.719,0.864,737.957,675.913,2.696,1.091792,living
3,A,A3,A3_00606,1.335,1.724,1.712,0.993,833.228,845.127,2.57,0.985921,living
3,A,A3,A3_00607,1.437,1.932,1.880,0.973,782.318,827.671,2.706,0.945204,living
3,A,A3,A3_00608,2.62,2.083,2.636,1.265,780.265,696.723,2.419,1.119907,living
3,A,A3,A3_00609,1.538,2.080,2.018,0.970,887.121,836.604,2.253,1.060383,living
3,A,A3,A3_00610,1.2,1.713,1.618,0.944,940.211,953.268,2.254,0.986304,living
3,A,A3,A3_00611,1.386,1.628,1.695,1.041,932.39,951.695,2.683,0.979715,living
3,A,A3,A3_00612,1.96,1.887,2.170,1.150,1090.129,1072.948,2.922,1.016013,living
3,A,A3,A3_00613,1.927,2.022,2.227,1.102,948.921,641.544,1.781,1.479121,living
3,A,A3,A3_00614,1.791,2.594,2.432,0.938,884.509,878.811,2.321,1.006484,living
3,A,A3,A3_00615,1.335,2.762,2.167,0.784,841.582,844.101,2.114,0.997016,living
3,A,A3,A3_00617,2.231,1.905,2.326,1.221,1139.886,1132.121,2.53,1.006859,living
3,A,A3,A3_00618,1.707,1.822,1.990,1.092,868.644,938.594,2.713,0.925473,living
3,A,A3,A3_00619,1.284,2.228,1.909,0.857,928.934,909.105,2.132,1.021811,living
3,A,A3,A3_00621,1.639,2.004,2.045,1.020,898.423,891.371,2.876,1.007911,living
3,A,A3,A3_00622,0.963,1.820,1.494,0.821,837.754,829.228,2.281,1.010282,living
3,A,A3,A3_00623,1.352,2.283,1.982,0.868,816.388,845.212,2.562,0.965896,living
3,A,A3,A3_00625,1.47,2.137,2.000,0.936,882.126,868.253,2.609,1.015979,living
3,A,A3,A3_00627,2.704,2.108,2.694,1.278,1072.45,990.712,2.375,1.082504,living
3,A,A3,A3_00629,1.42,1.634,1.719,1.052,983.274,968.381,2.429,1.015379,living
3,A,A3,A3_00630,2.856,1.903,2.631,1.382,1333.953,1310.97,2.751,1.017531,living
3,A,A3,A3_00631,2.113,2.451,2.568,1.048,985.272,982.92,2.904,1.002393,living
3,A,A3,A3_00632,1.876,1.613,1.963,1.217,1133.856,1125.595,2.82,1.007339,living
3,A,A3,A3_00633,2.586,2.773,3.022,1.090,523.693,807.209,2.353,0.64877,living
3,A,A3,A3_00634,1.927,2.248,2.349,1.045,949.711,960.465,2.316,0.988803,living
3,A,A3,A3_00636,2.636,2.004,2.593,1.294,851.788,889.641,2.859,0.957452,living
3,A,A3,A3_00637,2.18,2.840,2.808,0.989,920.845,912.186,2.45,1.009492,living
3,A,A3,A3_00638,1.944,1.806,2.114,1.171,945.652,928.235,2.861,1.018764,living
3,A,A3,A3_00639,2.045,1.717,2.114,1.231,1063.76,895.975,2.496,1.187265,living
3,A,A3,A3_00640,1.318,2.375,1.996,0.841,866.154,858.09,2.154,1.009398,living
3,A,A3,A3_00641,1.91,2.028,2.221,1.095,927.487,902.239,2.496,1.027983,living
3,A,A3,A3_00642,1.487,2.022,1.957,0.968,996.182,985.682,2.045,1.010653,living
3,A,A3,A3_00643,1.284,2.256,1.920,0.851,751.105,753.947,2.526,0.99623,living
3,A,A3,A3_00644,1.47,1.742,1.806,1.037,976.356,968.195,2.874,1.008429,living
3,A,A3,A3_00645,1.386,1.816,1.790,0.986,814.744,749.866,2.585,1.08652,living
3,A,A3,A3_00646,2.163,1.610,2.106,1.308,996.852,980.75,2.305,1.016418,living
3,A,A3,A3_00647,1.893,1.731,2.043,1.180,1120.089,1109.848,2.411,1.009227,living
3,A,A3,A3_00648,1.251,1.860,1.721,0.925,867.432,857.432,1.932,1.011663,living
3,A,A3,A3_00650,0.93,2.992,1.882,0.629,719.982,707.745,2.582,1.017289,living
3,A,A3,A3_00651,1.758,2.184,2.211,1.012,842.404,799.135,2.279,1.054145,living
3,A,A3,A3_00652,2.67,2.739,3.051,1.114,874.797,850.975,1.956,1.027995,living
3,A,A3,A3_00656,2.687,1.696,2.409,1.420,1153.189,1069.333,2.396,1.078418,living
3,A,A3,A3_00657,2.079,2.505,2.575,1.028,790.911,786.472,2.122,1.005644,living
3,A,A3,A3_00658,1.538,1.528,1.730,1.132,634.187,646.571,2.176,0.980846,living
3,A,A3,A3_00659,2.924,2.180,2.849,1.307,1176.173,1168.399,2.064,1.006654,living
3,A,A3,A3_00660,1.96,1.697,2.058,1.213,925.836,898.724,2.552,1.030167,living
3,A,A3,A3_00661,2.484,2.004,2.518,1.256,965.789,962.313,3.02,1.003612,living
3,A,A3,A3_00662,1.606,1.847,1.943,1.052,790.326,825.011,2.411,0.957959,living
3,A,A3,A3_00663,1.91,1.670,2.015,1.207,1006.381,1008.858,2.345,0.997544,living
3,A,A3,A3_00664,2.687,2.004,2.618,1.307,973.302,1014.667,2.83,0.959233,living
3,A,A3,A3_00665,2.096,2.302,2.479,1.077,861.645,844.113,2.339,1.02077,living
3,A,A3,A3_00666,1.2,2.534,1.968,0.777,731.042,708.408,2.451,1.03195,living
3,A,A3,A3_00667,1.318,1.589,1.633,1.028,686.769,696.923,2.41,0.98543,living
3,A,A3,A3_00668,1.386,2.528,2.112,0.836,739.402,723.451,2.402,1.022049,living
3,A,A3,A3_00670,1.369,1.989,1.862,0.936,782.099,727.889,2.667,1.074475,living
3,A,A3,A3_00671,1.96,1.589,1.991,1.253,852.466,844.276,2.345,1.0097,living
3,A,A3,A3_00672,2.18,1.658,2.145,1.294,912.736,793.527,2.481,1.150227,living
3,A,A3,A3_00673,2.282,1.460,2.060,1.411,585.4,658.881,2.615,0.888475,living
3,A,A3,A3_00675,2.434,1.475,2.138,1.450,686.292,843.438,2.201,0.813684,living
3,A,A3,A3_00679,2.298,1.951,2.389,1.225,870.699,831.088,2.132,1.047661,living
3,A,A3,A3_00680,1.555,1.349,1.634,1.211,734.543,636.87,2.565,1.153366,living
3,A,A3,A3_00681,0.946,1.804,1.474,0.817,600.554,611.839,2.196,0.981554,living
3,A,A3,A3_00683,1.589,2.029,2.026,0.999,697.596,681.989,2.649,1.022884,living
3,A,A3,A3_00684,1.115,2.004,1.687,0.842,625.318,596.97,2.591,1.047487,living
3,A,A3,A3_00685,1.403,1.995,1.888,0.946,739.193,701.084,2.301,1.054356,living
3,A,A3,A3_00686,2.873,2.976,3.299,1.109,617.324,536.794,2.288,1.150019,living
3,A,A3,A3_00688,1.791,1.934,2.100,1.086,903.425,873.764,2.585,1.033946,living
3,A,A3,A3_00689,1.234,2.518,1.989,0.790,652.699,616.479,2.575,1.058752,living
3,A,A3,A3_00690,1.994,2.832,2.681,0.947,803.881,816.585,2.356,0.984443,living
3,A,A3,A3_00691,2.214,1.574,2.106,1.338,1014.351,870.397,2.496,1.165389,living
3,A,A3,A3_00692,1.673,1.663,1.882,1.132,887.939,899.859,2.121,0.986754,living
3,A,A3,A3_00694,1.741,1.900,2.052,1.080,730.583,826.01,2.262,0.884472,living
3,A,A3,A3_00695,1.284,2.004,1.810,0.903,848.211,855.908,2.645,0.991007,living
3,A,A3,A3_00696,2.789,1.739,2.485,1.429,1293.121,1267.77,2.418,1.019997,living
3,A,A3,A3_00697,2.129,1.560,2.056,1.318,1122.23,1139.627,2.238,0.984735,living
3,A,A3,A3_00698,2.924,2.004,2.732,1.363,995.139,1041.173,3.058,0.955786,living
3,A,A3,A3_00701,1.775,1.819,2.028,1.115,867.495,905.495,2.21,0.958034,living
3,A,A3,A3_00702,2.417,2.004,2.483,1.239,1229.287,1175.364,2.72,1.045878,living
3,A,A3,A3_00704,1.132,1.891,1.651,0.873,781.507,727.537,2.284,1.074182,living
3,A,A3,A3_00705,2.028,1.921,2.227,1.159,958.567,925.658,2.525,1.035551,living
3,A,A3,A3_00706,1.741,1.605,1.886,1.175,1027.311,997.398,2.456,1.029991,living
3,A,A3,A3_00707,1.791,2.920,2.580,0.884,727.434,737.387,2.198,0.986503,living
3,A,A3,A3_00708,1.572,2.633,2.296,0.872,733.957,743.677,2.538,0.986929,living
3,A,A3,A3_00709,1.842,2.344,2.345,1.000,832,756.468,2.45,1.099848,living
3,A,A3,A3_00710,1.791,1.711,1.975,1.154,749.821,712.028,2.377,1.053077,living
3,A,A3,A3_00711,2.4,2.004,2.475,1.235,877.852,1063.683,2.866,0.825295,living
3,A,A3,A3_00712,2.721,2.166,2.739,1.265,888.565,845.273,2.472,1.051216,living
3,A,A3,A3_00713,1.555,1.577,1.767,1.120,736.826,642.489,2.359,1.14683,living
3,A,A3,A3_00714,1.437,2.440,2.113,0.866,789.565,785.235,2.765,1.005514,living
3,A,A3,A3_00715,1.927,2.004,2.217,1.106,919.693,922.64,2.561,0.996806,living
3,A,A3,A3_00716,2.4,2.640,2.840,1.076,806.077,791.373,2.789,1.018581,living
3,A,A3,A3_00717,1.251,1.569,1.581,1.008,648.297,647.649,2.703,1.001002,living
3,A,A3,A3_00718,1.115,1.604,1.509,0.941,836.803,769.848,2.212,1.086971,living
3,A,A3,A3_00719,1.825,1.577,1.914,1.214,989.37,991.278,2.519,0.998076,living
3,A,A3,A3_00720,1.791,1.843,2.050,1.112,989.132,982.434,2.67,1.006818,living
3,A,A3,A3_00721,1.69,2.192,2.172,0.991,888.75,868.95,2.29,1.022786,living
3,A,A3,A3_00722,1.639,1.946,2.015,1.036,871.907,875.856,2.289,0.995492,living
3,A,A3,A3_00723,1.234,1.668,1.619,0.971,884.575,879.384,2.151,1.005904,living
3,A,A3,A3_00724,1.386,2.226,1.982,0.890,815.415,774.134,2.085,1.053325,living
3,A,A3,A3_00725,1.234,1.620,1.595,0.985,816.575,820.068,2.342,0.99574,living
3,A,A3,A3_00726,2.467,1.992,2.501,1.256,1087.39,1066.356,2.267,1.019725,living
3,A,A3,A3_00728,2.789,1.592,2.378,1.494,1513.685,1502.236,2.394,1.007621,living
3,A,A3,A3_00730,2.535,2.004,2.543,1.269,1050.68,996.98,2.587,1.053863,living
3,A,A3,A3_00731,2.535,2.004,2.543,1.269,1088.5,1059.133,2.36,1.027727,living
3,A,A3,A3_00733,1.673,2.510,2.312,0.921,791.071,805.909,2.404,0.981588,living
3,A,A3,A3_00735,1.91,2.004,2.208,1.102,778.938,773.867,2.726,1.006553,living
3,A,A3,A3_00736,2.569,2.389,2.795,1.170,687.849,805.224,2.322,0.854233,living
3,A,A3,A3_00737,1.386,2.004,1.881,0.938,570.805,521.171,2.988,1.095236,living
3,A,A3,A3_00738,1.724,1.530,1.833,1.198,989.735,978.931,2.382,1.011036,living
3,A,A3,A3_00739,1.555,2.004,1.992,0.994,886.967,818.652,3.543,1.083448,living
3,A,A3,A3_00740,2.67,2.026,2.624,1.295,1073.468,1099.646,2.266,0.976195,living
3,A,A3,A3_00741,2.383,2.764,2.896,1.048,808.716,803.837,2.638,1.00607,living
3,A,A3,A3_00742,2.991,1.949,2.724,1.398,1044.175,1038.119,2.429,1.005834,living
3,A,A3,A3_00745,1.96,2.097,2.288,1.091,826.052,762.328,2.276,1.083592,living
3,A,A3,A3_00746,1.656,2.341,2.222,0.949,816.439,790.357,2.898,1.033,living
3,A,A3,A3_00747,1.42,2.961,2.314,0.781,786.702,786.679,2.107,1.00003,living
3,A,A3,A3_00748,2.501,2.004,2.526,1.261,1171.277,1169.486,2.966,1.001531,living
3,A,A3,A3_00749,1.183,1.660,1.581,0.953,997.743,1015.4,2.571,0.982611,living
3,A,A3,A3_00750,1.132,1.627,1.531,0.941,872.254,922.537,2.164,0.945494,living
3,A,A3,A3_00752,1.741,2.004,2.108,1.052,1079.515,1059.854,3.942,1.01855,living
3,A,A3,A3_00755,1.606,1.735,1.884,1.086,1049.147,1109.095,2.2,0.945949,living
3,A,A3,A3_00756,1.589,1.528,1.758,1.151,893.862,895.16,2.83,0.99855,living
3,A,A3,A3_00760,1.606,1.955,1.999,1.023,1139.274,1122.484,2.747,1.014957,living
3,A,A3,A3_00761,1.758,1.841,2.030,1.103,1207.692,1206.673,2.26,1.000845,living
3,A,A3,A3_00762,1.555,1.793,1.884,1.051,1125.326,1158.065,2.478,0.971729,living
3,A,A3,A3_00763,1.859,1.822,2.077,1.140,1260.073,1250.255,2.191,1.007853,living
3,A,A3,A3_00764,1.977,1.814,2.137,1.178,1177.171,1180.487,2.829,0.997191,living
3,A,A3,A3_00765,1.132,1.802,1.612,0.894,960.224,952.687,2.433,1.007912,living
3,A,A3,A3_00766,2.721,2.004,2.635,1.315,1249.447,1241.019,2.447,1.006792,living
3,A,A3,A3_00767,2.248,1.744,2.234,1.281,1039.654,1020.308,2.226,1.018961,living
3,A,A3,A3_00771,1.994,1.922,2.209,1.149,942.644,934.644,1.89,1.008559,living
3,A,A3,A3_00772,1.758,2.453,2.343,0.955,838.558,865.288,2.962,0.969108,living
3,A,A3,A3_00773,2.18,2.178,2.459,1.129,1008.31,993.14,2.504,1.015275,living
3,A,A3,A3_00775,2.028,1.744,2.122,1.217,852.325,709.633,2.283,1.201078,living
3,A,A3,A3_00776,2.789,1.853,2.565,1.384,1327.364,1314.382,2.176,1.009877,living
3,A,A3,A3_00780,2.18,1.545,2.071,1.340,1290.07,1297.519,2.62,0.994259,living
3,A,A3,A3_00781,1.842,2.004,2.168,1.082,1061.064,1037.899,6.807,1.022319,dead
3,A,A3,A3_00784,2.045,1.693,2.100,1.240,860,898.165,2.512,0.957507,living
3,A,A3,A3_00785,2.67,2.232,2.755,1.234,1029.032,1059.608,2.525,0.971144,living
3,A,A3,A3_00786,1.335,2.380,2.011,0.845,781.468,783.949,2.456,0.996835,living
3,A,A3,A3_00787,2.805,2.719,3.116,1.146,1069.976,429.524,2.271,2.491073,living
3,A,A3,A3_00789,1.758,1.912,2.069,1.082,989.202,986.865,2.702,1.002368,living
3,A,A3,A3_00790,1.707,1.840,2.000,1.087,970.257,953.861,2.545,1.017189,living
3,A,A3,A3_00791,1.707,1.822,1.990,1.092,972.01,951.287,2.287,1.021784,living
3,A,A3,A3_00792,0.862,1.676,1.356,0.809,626.196,640.529,2.373,0.977623,living
3,A,A3,A3_00794,1.96,1.531,1.955,1.277,1032.698,1028.75,2.44,1.003838,living
3,A,A3,A3_00795,1.538,2.454,2.192,0.893,874.187,869.286,2.154,1.005638,living
3,A,A3,A3_00796,1.606,1.860,1.950,1.049,980.368,992.674,2.337,0.987604,living
3,A,A3,A3_00797,2.096,2.052,2.340,1.140,289.597,1452.927,1.815,0.19932,living
3,A,A3,A3_00799,1.91,2.004,2.208,1.102,933.044,929.204,2.274,1.004133,living
3,A,A3,A3_00801,1.284,1.386,1.505,1.086,945.184,944.868,2.697,1.000334,living
3,A,A3,A3_00802,2.18,1.570,2.088,1.330,1393.302,1372.62,2.465,1.015068,living
3,A,A3,A3_00803,1.453,1.712,1.780,1.040,1013.535,943.581,2.512,1.074136,living
3,A,A3,A3_00804,1.775,2.326,2.293,0.986,962.543,927.933,2.048,1.037297,living
3,A,A3,A3_00807,1.808,2.080,2.188,1.052,1017.953,907.654,2.14,1.121521,living
3,A,A3,A3_00808,1.724,1.498,1.813,1.211,1143.873,1162.637,2.265,0.98386,living
3,A,A3,A3_00809,1.082,2.988,2.029,0.679,771.328,776.047,2.875,0.99392,living
3,A,A3,A3_00811,1.96,2.031,2.251,1.108,757.612,730.672,2.422,1.03687,living
3,A,A3,A3_00812,1.048,1.930,1.605,0.831,643.468,632.613,2.887,1.017159,living
3,A,A3,A3_00814,2.062,1.998,2.290,1.146,739.205,649.475,2.73,1.138157,living
3,A,A3,A3_00816,2.248,1.964,2.371,1.207,840.376,831.346,2.684,1.010862,living
3,A,A3,A3_00817,2.079,1.969,2.283,1.159,878.211,875.024,2.528,1.003642,living
3,A,A3,A3_00818,2.383,2.004,2.466,1.230,828.383,809.27,3.191,1.023618,living
3,A,A3,A3_00820,1.453,2.682,2.227,0.831,360.558,687.744,2.64,0.524262,living
3,A,A3,A3_00822,1.42,2.066,1.933,0.935,683.988,702.583,2.19,0.973533,living
3,A,A3,A3_00823,2.772,1.674,2.431,1.452,856.03,853.433,2.695,1.003044,living
3,A,A3,A3_00828,1.977,1.460,1.917,1.313,832.923,849.641,1.906,0.980324,living
3,A,A3,A3_00829,1.876,1.818,2.084,1.146,767.027,770.324,2.685,0.99572,living
3,A,A3,A3_00830,1.386,2.552,2.122,0.832,634.768,618.024,2.671,1.027093,living
3,A,A3,A3_00832,1.758,1.393,1.766,1.268,470.615,642.317,2.76,0.732684,living
3,A,A3,A3_00833,1.893,2.004,2.198,1.097,681.455,656.321,27.054,1.038295,dead
3,A,A3,A3_00834,0.963,2.148,1.623,0.756,625.982,632.491,1.807,0.989709,living
3,A,A3,A3_00837,1.42,1.967,1.886,0.959,701.679,698.452,2.369,1.004619,living
3,A,A3,A3_00838,0.946,1.706,1.433,0.840,693.321,608.821,2.071,1.138793,living
3,A,A3,A3_00839,0.98,1.956,1.562,0.799,782.81,767.914,2.483,1.019399,living
3,A,A3,A3_00840,2.349,2.004,2.448,1.222,1283.022,1236.187,2.784,1.037886,living
3,A,A3,A3_00841,1.47,1.374,1.604,1.167,960.333,942.057,2.287,1.0194,living
3,A,A3,A3_00843,1.876,2.004,2.188,1.092,933.766,919.937,4.892,1.015032,living
3,A,A3,A3_00845,1.96,2.013,2.241,1.113,902.06,936.086,2.586,0.963651,living
3,A,A3,A3_00846,1.927,1.669,2.024,1.212,1032.105,1016.246,2.368,1.015606,living
3,A,A3,A3_00847,2.89,2.609,3.098,1.188,876.327,626.216,2.216,1.3994,living
3,A,A3,A3_00848,1.048,1.888,1.587,0.841,800.532,783.194,2.323,1.022138,living
3,A,A3,A3_00850,2.282,1.559,2.128,1.365,936.111,941.215,2.452,0.994578,living
3,A,A3,A3_00851,2.974,2.004,2.755,1.375,1016.188,1009.835,2.562,1.00629,living
3,A,A3,A3_00852,2.501,2.340,2.730,1.167,940.365,904.216,2.338,1.039978,living
3,A,A3,A3_00853,1.132,2.222,1.790,0.805,740.328,710.224,2.373,1.042387,living
3,A,A3,A3_00855,2.248,1.708,2.211,1.295,802.925,568.143,2.917,1.413245,living
3,A,A3,A3_00857,1.082,1.927,1.629,0.846,757.391,758.562,2.344,0.998455,living
3,A,A3,A3_00858,1.622,1.780,1.917,1.077,928.49,1004.583,2.531,0.924253,living
3,A,A3,A3_00860,1.656,1.762,1.927,1.094,1002.735,989.306,2.102,1.013574,living
3,A,A3,A3_00861,1.656,1.715,1.902,1.109,945.02,943.704,2.592,1.001395,living
3,A,A3,A3_00862,1.437,1.899,1.864,0.982,938.918,927.153,2.459,1.012689,living
3,A,A3,A3_00864,0.98,2.004,1.581,0.789,793.138,775.552,9.155,1.022676,dead
3,A,A3,A3_00865,1.91,2.695,2.560,0.950,856.159,833.062,2.761,1.027726,living
3,A,A3,A3_00867,1.403,2.054,1.916,0.933,905.699,897.036,2.253,1.009657,living
3,A,A3,A3_00871,2.18,1.900,2.296,1.209,1053.729,1092.519,2.837,0.964494,living
3,A,A3,A3_00872,2.653,2.366,2.827,1.195,764.242,992.771,2.395,0.769807,living
3,A,A3,A3_00874,2.265,1.894,2.337,1.234,1126.396,1080.179,2.687,1.042786,living
3,A,A3,A3_00875,1.606,1.824,1.931,1.059,1024.4,996.4,2.463,1.028101,living
3,A,A3,A3_00878,2.214,1.959,2.350,1.200,842.504,898.534,2.137,0.937642,living
3,A,A3,A3_00879,1.47,1.661,1.763,1.062,1043.747,1049.655,2.54,0.994371,living
3,A,A3,A3_00880,1.352,1.977,1.845,0.933,922.725,922.25,2.362,1.000515,living
3,A,A3,A3_00881,1.268,1.911,1.756,0.919,798.987,579.613,2.293,1.378482,living
3,A,A3,A3_00883,1.927,2.009,2.220,1.105,835.544,920.667,2.211,0.907542,living
3,A,A3,A3_00884,1.47,2.004,1.937,0.966,940.586,904.874,41.736,1.039467,dead
3,A,A3,A3_00885,0.913,1.989,1.521,0.764,807.185,810.667,2.278,0.995705,living
3,A,A3,A3_00886,2.113,1.931,2.279,1.180,1136.24,1129.144,2.544,1.006284,living
3,A,A3,A3_00888,1.014,2.140,1.662,0.777,684.867,671.317,2.5,1.020184,living
3,A,A3,A3_00889,1.656,1.914,2.009,1.050,855.122,849.398,2.357,1.006739,living
3,A,A3,A3_00890,2.535,1.979,2.527,1.277,986.093,1001.047,2.2,0.985062,living
3,A,A3,A3_00891,1.994,1.663,2.055,1.236,804.856,1035.237,2.136,0.77746,living
3,A,A3,A3_00892,1.622,1.797,1.926,1.072,881,865.542,2.656,1.01786,living
3,A,A3,A3_00894,1.589,2.086,2.054,0.985,810.447,813.117,2.362,0.996716,living
3,A,A3,A3_00895,2.535,2.004,2.543,1.269,974.087,982.287,2.68,0.991652,living
3,A,A3,A3_00896,1.91,2.004,2.208,1.102,910.531,915.496,2.602,0.994577,living
3,A,A3,A3_00898,1.96,2.004,2.236,1.116,1028.819,962.405,2.741,1.069008,living
3,A,A3,A3_00900,2.755,1.726,2.461,1.426,1005.104,1006.466,2.675,0.998647,living
3,A,A3,A3_00903,2.434,1.563,2.201,1.408,906.083,763.743,2.708,1.186372,living
3,A,A3,A3_00905,1.977,2.004,2.246,1.121,1097.026,1073.077,2.821,1.022318,living
3,A,A3,A3_00906,1.775,1.783,2.007,1.126,949.39,994.762,2.552,0.95439,living
3,A,A3,A3_00907,1.065,1.709,1.522,0.891,770.984,784.27,2.889,0.98306,living
3,A,A3,A3_00908,2.045,2.026,2.297,1.134,911.554,815.537,2.488,1.117734,living
3,A,A3,A3_00909,1.758,1.524,1.847,1.212,998.5,986.74,2.74,1.011918,living
3,A,A3,A3_00910,2.248,2.113,2.459,1.164,753.789,744.549,2.135,1.012411,living
3,A,A3,A3_00911,1.758,2.804,2.505,0.893,733.269,751.798,2.712,0.975354,living
3,A,A3,A3_00912,1.656,1.790,1.943,1.085,899.173,898.806,2.143,1.000409,living
3,A,A3,A3_00914,2.113,2.280,2.477,1.086,872.504,902.256,2.472,0.967025,living
3,A,A3,A3_00915,1.369,1.688,1.715,1.016,934.519,928.494,2.654,1.006489,living
3,A,A3,A3_00916,1.217,3.084,2.186,0.709,710.569,710.056,1.861,1.000724,living
3,A,A3,A3_00917,1.69,2.509,2.324,0.926,755.93,673.39,2.21,1.122574,living
3,A,A3,A3_00919,2.907,2.357,2.954,1.253,1068.122,1053.89,2.471,1.013505,living
3,A,A3,A3_00922,1.2,1.670,1.597,0.957,868.915,869.352,2.197,0.999498,living
3,A,A3,A3_00924,1.335,1.651,1.675,1.015,904.494,916.228,2.506,0.987193,living
3,A,A3,A3_00925,2.197,2.312,2.543,1.100,867.238,875.908,2.631,0.990103,living
3,A,A3,A3_00927,1.572,2.004,2.003,0.999,806.462,776.591,2.914,1.038464,living
3,A,A3,A3_00928,1.538,1.739,1.845,1.061,991.088,991.692,2.352,0.999391,living
3,A,A3,A3_00929,2.4,1.553,2.178,1.403,1010.155,1215.296,2.317,0.831201,living
3,A,A3,A3_00930,2.045,1.769,2.146,1.213,1179.289,1117.446,2.653,1.055343,living
3,A,A3,A3_00931,2.079,2.004,2.303,1.149,925.984,908.106,9.894,1.019687,dead
3,A,A3,A3_00932,2.096,1.917,2.262,1.180,1092.5,1116.774,2.5,0.978264,living
3,A,A3,A3_00933,2.045,2.171,2.378,1.095,983.008,1015.702,2.388,0.967811,living
3,A,A3,A3_00934,1.234,1.991,1.769,0.888,866.918,878.603,2.384,0.986701,living
3,A,A3,A3_00935,2.197,1.793,2.240,1.249,1222.008,1221.577,2.762,1.000353,living
3,A,A3,A3_00936,2.062,2.227,2.418,1.086,1016.82,991.279,2.434,1.025766,living
3,A,A3,A3_00937,2.011,1.881,2.195,1.167,989.546,877.361,2.588,1.127866,living
3,A,A3,A3_00938,1.166,1.690,1.584,0.937,917.391,907.348,2.652,1.011069,living
3,A,A3,A3_00939,1.521,1.723,1.827,1.060,1032,1033.178,2.544,0.99886,living
3,A,A3,A3_00940,1.808,2.512,2.405,0.957,767.907,835.168,2.093,0.919463,living
3,A,A3,A3_00942,1.048,1.996,1.632,0.818,834.371,845.984,3.323,0.986273,living
3,A,A3,A3_00943,0.98,1.908,1.543,0.809,806.552,794.69,2.103,1.014927,living
3,A,A3,A3_00944,1.403,2.004,1.892,0.944,804.952,821.241,5,0.980165,dead
3,A,A3,A3_00945,1.724,1.590,1.868,1.175,947.235,1012.529,2.088,0.935514,living
3,A,A3,A3_00946,2.265,1.943,2.367,1.218,1100.97,1087.343,2.343,1.012532,living
3,A,A3,A3_00947,1.994,2.202,2.364,1.074,941.144,919.907,2.5,1.023086,living
3,A,A3,A3_00948,1.791,2.228,2.254,1.012,929.453,904.981,2.538,1.027041,living
3,A,A3,A3_00954,2.248,2.052,2.423,1.181,1122.662,998.677,2.654,1.124149,living
3,A,A3,A3_00955,1.234,1.776,1.670,0.941,810.507,819.274,2.315,0.989299,living
3,A,A3,A3_00957,1.791,2.004,2.138,1.067,846.991,814.896,5.509,1.039385,dead
3,A,A3,A3_00958,2.755,1.917,2.593,1.353,1289.982,1237.08,2.423,1.042763,living
3,A,A3,A3_00959,2.248,2.048,2.421,1.182,1016.18,1038.421,2.459,0.978582,living
3,A,A3,A3_00960,2.028,1.686,2.086,1.238,1119.725,1030.65,2.65,1.086426,living
3,A,A3,A3_00963,1.453,2.004,1.926,0.961,804.163,803,3.244,1.001448,living
3,A,A3,A3_00964,0.98,1.773,1.487,0.839,833.931,848.259,2.983,0.983109,living
3,A,A3,A3_00965,1.538,2.393,2.165,0.905,880.747,877.813,2.154,1.003342,living
3,A,A3,A3_00966,2.451,1.998,2.497,1.250,1207.09,1165.979,2.524,1.035258,living
3,A,A3,A3_00967,2.569,2.078,2.607,1.255,1171.007,1186.487,2.257,0.986953,living
3,A,A3,A3_00968,1.724,1.857,2.019,1.087,871.255,909.02,2.294,0.958456,living
3,A,A3,A3_00969,1.724,2.004,2.097,1.047,1004.686,1013.471,2.961,0.991332,living
3,A,A3,A3_00970,1.791,1.809,2.031,1.123,988.009,1014.594,2.189,0.973798,living
3,A,A3,A3_00971,1.335,1.784,1.741,0.976,912.57,903.038,2.481,1.010555,living
3,A,A3,A3_00972,2.265,1.967,2.382,1.211,935.948,946.597,2.925,0.98875,living
3,A,A3,A3_00976,2.467,1.800,2.378,1.321,1205.342,1264.993,2.418,0.952845,living
3,A,A3,A3_00977,1.132,1.772,1.598,0.902,774.836,757.164,1.97,1.023339,living
3,A,A3,A3_00979,2.045,1.614,2.050,1.270,1179.727,1197.397,2.314,0.985243,living
3,A,A3,A3_00981,2.045,2.226,2.407,1.082,737.868,786.876,2.603,0.937718,living
3,A,A3,A3_00982,2.636,2.150,2.686,1.249,1183.897,1168.865,2.314,1.01286,living
3,A,A3,A3_00983,1.386,1.803,1.784,0.989,847.549,880.207,2.354,0.962897,living
3,A,A3,A3_00985,1.69,2.552,2.343,0.918,835.04,757.12,2.28,1.102916,living
3,A,A3,A3_00986,1.69,2.132,2.142,1.005,930.79,935.9,2.9,0.99454,living
3,A,A3,A3_00987,1.284,2.295,1.937,0.844,814.434,769.434,2.342,1.058485,living
3,A,A3,A3_00988,1.589,1.603,1.801,1.123,795.362,752.5,2.34,1.056959,living
3,A,A3,A3_00989,1.082,1.889,1.613,0.854,805.766,815.906,2.25,0.987571,living
3,A,A3,A3_00992,2.451,2.004,2.501,1.248,648.014,736.628,2.476,0.879703,living
3,A,A3,A3_00993,1.301,2.312,1.957,0.846,801.896,799.545,2.883,1.00294,living
3,A,A3,A3_00994,2.907,1.849,2.616,1.415,1286.39,1285.942,2.116,1.000348,living
3,A,A3,A3_00997,1.504,2.004,1.959,0.978,849.652,840.303,2.753,1.011125,living
3,A,A3,A3_00998,2.096,2.004,2.313,1.154,852.54,850.395,2.355,1.002523,living
3,A,A3,A3_00999,0.98,1.967,1.567,0.796,713.517,708.879,2.466,1.006543,living
3,A,A3,A3_01000,1.69,1.644,1.881,1.144,961.36,918.44,2.46,1.046731,living
3,A,A3,A3_01001,2.045,2.004,2.284,1.140,864.43,914.025,2.537,0.94574,living
3,A,A3,A3_01002,2.366,2.259,2.609,1.155,951.829,960.707,2.55,0.990758,living
3,A,A3,A3_01006,1.859,2.004,2.178,1.087,1052.345,1053.327,3.091,0.999068,living
3,A,A3,A3_01008,2.856,2.004,2.700,1.347,1117.911,1104.834,2.675,1.011836,living
3,A,A3,A3_01009,2.805,2.004,2.675,1.335,1118.795,953.777,2.663,1.173015,living
3,A,A3,A3_01010,2.062,2.004,2.294,1.145,1028.713,123.664,3.23,8.318619,living
3,A,A3,A3_01011,1.386,2.004,1.881,0.938,793.744,789.695,3.049,1.005127,living
3,A,A3,A3_01012,2.873,2.710,3.149,1.162,930.429,928.753,2.347,1.001805,living
3,A,A3,A3_01015,2.62,2.691,2.996,1.113,925.626,930.652,2.555,0.9946,living
3,A,A3,A3_01016,2.501,2.004,2.526,1.261,1090.966,1104.98,3.338,0.987318,living
3,A,A3,A3_01017,2.011,1.595,2.021,1.267,976.908,1118.277,2.261,0.873583,living
3,A,A3,A3_01018,1.47,1.742,1.806,1.037,901.172,887.356,2.287,1.01557,living
3,A,A3,A3_01022,1.318,1.755,1.716,0.978,816.218,845.474,2.308,0.965396,living
3,A,A3,A3_01024,1.859,1.590,1.940,1.220,1047.864,1034.155,2.736,1.013256,living
3,A,A3,A3_01025,2.721,1.598,2.353,1.472,950.919,1030.404,2.547,0.922861,living
3,A,A3,A3_01027,2.974,2.004,2.755,1.375,1106.256,1024.824,2.739,1.079459,living
3,A,A3,A3_01028,1.065,2.735,1.926,0.704,693.952,707.175,2.476,0.981303,living
3,A,A3,A3_01029,1.69,1.636,1.876,1.147,927.05,1024.58,2.07,0.90481,living
3,A,A3,A3_01030,1.555,3.088,2.473,0.801,705.435,706,2.446,0.999199,living
3,A,A3,A3_01031,1.099,2.122,1.723,0.812,819.277,793.046,2.677,1.033076,living
3,A,A3,A3_01032,2.417,2.004,2.483,1.239,899.406,787.21,2.741,1.142523,living
3,A,A3,A3_01033,1.352,1.528,1.622,1.061,877.562,897.125,2.55,0.978194,living
3,A,A3,A3_01034,1.487,1.853,1.873,1.011,883.614,859.25,2.159,1.028355,living
3,A,A3,A3_01035,2.163,1.992,2.342,1.176,923.203,960.727,2.438,0.960943,living
3,A,A3,A3_01036,1.808,2.004,2.148,1.072,799.206,778.206,2.86,1.026985,living
3,A,A3,A3_01037,1.335,1.527,1.611,1.055,873.987,828.266,2.38,1.055202,living
3,A,A3,A3_01038,1.977,1.817,2.139,1.177,970.171,973.521,2.009,0.996558,living
3,A,A3,A3_01039,2.298,1.351,1.988,1.472,583.647,617.125,2.206,0.945752,living
3,A,A3,A3_01041,1.825,2.155,2.238,1.038,918.917,876.593,2.824,1.048282,living
3,A,A3,A3_01042,2.62,2.004,2.586,1.290,928.645,933.484,2.703,0.994817,living
3,A,A3,A3_01043,2.805,2.004,2.675,1.335,1388.139,1392.693,2.337,0.99673,living
3,A,A3,A3_01044,2.417,1.674,2.270,1.356,1202.944,1216.161,2.671,0.989132,living
3,A,A3,A3_01046,1.268,1.737,1.675,0.964,781.16,796.52,2.253,0.980716,living
3,A,A3,A3_01049,1.318,2.004,1.834,0.915,877.859,955.244,2.987,0.91899,living
3,A,A3,A3_01050,1.538,1.718,1.834,1.068,961.473,956.802,2.11,1.004881,living
3,A,A3,A3_01051,2.62,2.090,2.640,1.263,1070.484,1049.265,2.155,1.020223,living
3,A,A3,A3_01052,1.69,1.458,1.771,1.215,595.39,614.96,2.73,0.968177,living
3,A,A3,A3_01053,1.606,2.070,2.057,0.994,849.884,893.642,2.726,0.951034,living
3,A,A3,A3_01054,1.808,1.481,1.846,1.247,712.234,505.664,2.458,1.408513,living
3,A,A3,A3_01056,1.369,2.004,1.869,0.933,783.235,772.086,2.827,1.014439,living
3,A,A3,A3_01057,1.808,2.517,2.407,0.956,751.458,753.346,2.393,0.997494,living
3,A,A3,A3_01058,1.944,2.529,2.502,0.989,817.322,826.365,2.252,0.989056,living
3,A,A3,A3_01059,2.146,1.739,2.180,1.253,784.567,904.409,2.378,0.867491,living
3,A,A3,A3_01062,1.622,1.561,1.795,1.150,989.073,987.49,2.396,1.001603,living
3,A,A3,A3_01063,1.927,1.524,1.934,1.269,1018.491,1096.026,2.342,0.929258,living
3,A,A3,A3_01065,2.4,1.979,2.459,1.243,1070.69,1069.563,2.88,1.001053,living
3,A,A3,A3_01066,2.214,2.515,2.663,1.059,861.718,863.504,2.282,0.997931,living
3,A,A3,A3_01068,2.501,1.728,2.346,1.358,1218.149,1071.824,2.162,1.136519,living
3,A,A3,A3_01069,1.369,1.744,1.744,1.000,853.432,855.123,2.222,0.998022,living
3,A,A3,A3_01070,2.011,1.633,2.045,1.252,1060.151,1062.513,2.538,0.997778,living
3,A,A3,A3_01075,2.484,2.004,2.518,1.256,831.401,827.456,2.612,1.004768,living
3,A,A3,A3_01076,1.96,1.992,2.230,1.119,947.94,949.31,3.319,0.998556,living
3,A,A3,A3_01077,1.859,2.099,2.229,1.062,853.882,861.964,2.209,0.990624,living
3,A,A3,A3_01079,1.555,1.659,1.812,1.092,850.359,939.598,2.783,0.905024,living
3,A,A3,A3_01082,1.791,1.705,1.972,1.156,892.792,873.038,2.208,1.022628,living
3,A,A3,A3_01084,2.839,2.137,2.779,1.301,1136.887,1171.958,2.226,0.970075,living
3,A,A3,A3_01085,1.284,1.717,1.675,0.976,855.763,837.197,2.474,1.022176,living
3,A,A3,A3_01086,1.589,1.602,1.800,1.124,713.457,661.479,2.904,1.07858,living
3,A,A3,A3_01087,1.082,1.441,1.409,0.978,598.922,591,2.219,1.013404,living
3,A,A3,A3_01090,1.572,1.611,1.796,1.115,906.161,1006.376,2.86,0.90042,living
3,A,A3,A3_01091,2.434,1.872,2.409,1.287,1102.868,1157.986,2.361,0.952402,living
3,A,A3,A3_01093,2.163,1.904,2.290,1.203,995.555,972.797,2.57,1.023394,living
3,A,A3,A3_01097,2.755,1.598,2.368,1.482,1188.988,1117.344,2.571,1.06412,living
3,A,A3,A3_01098,1.504,2.300,2.099,0.912,843.685,853.202,2.292,0.988846,living
3,A,A3,A3_01099,2.772,2.004,2.660,1.327,906.732,896.122,2.921,1.01184,living
3,A,A3,A3_01100,2.045,1.727,2.121,1.228,1064.289,965.215,2.793,1.102645,living
3,A,A3,A3_01102,1.775,1.434,1.800,1.255,1029.657,1090.714,2.39,0.944021,living
3,A,A3,A3_01110,2.163,3.188,2.963,0.929,853.898,850.164,2.828,1.004393,living
3,A,A3,A3_01111,2.822,2.926,3.242,1.108,972.946,931.737,2.012,1.044229,living
3,A,A3,A3_01112,1.69,1.424,1.750,1.229,1156.95,992.39,2.59,1.165822,living
3,A,A3,A3_01113,2.282,1.959,2.386,1.218,943.193,1099.652,2.881,0.857719,living
3,A,A3,A3_01114,1.031,1.623,1.460,0.899,881.361,889.262,2.377,0.991114,living
3,A,A3,A3_01115,1.656,1.902,2.003,1.053,855.163,885.204,2.786,0.966063,living
3,A,A3,A3_01116,0.845,2.006,1.469,0.732,710.5,705.18,2.42,1.007544,living
3,A,A3,A3_01117,1.301,1.638,1.647,1.006,835.896,806.662,2.532,1.03624,living
3,A,A3,A3_01118,1.876,1.920,2.142,1.115,976.901,969.252,2.586,1.007891,living
3,A,A3,A3_01119,2.653,2.207,2.730,1.237,606.242,649.796,2.567,0.932973,living
3,A,A3,A3_01121,2.028,2.004,2.275,1.135,1038.017,960.608,2.467,1.080583,living
3,A,A3,A3_01122,2.113,1.646,2.104,1.278,1026.168,1028.712,2.264,0.997527,living
3,A,A3,A3_01123,2.4,2.336,2.672,1.144,811.662,696.486,2.338,1.165367,living
3,A,A3,A3_01124,2.991,2.304,2.962,1.286,1106.96,1091.537,2.503,1.01413,living
3,A,A3,A3_01125,1.808,1.735,1.998,1.152,822.047,876.701,2.299,0.937659,living
3,A,A3,A3_01126,2.924,2.222,2.876,1.294,291.699,1104.301,2.416,0.264149,living
3,A,A3,A3_01129,2.603,1.732,2.396,1.383,1019.656,1158.805,2.604,0.87992,living
3,A,A3,A3_01130,1.656,1.632,1.855,1.137,998.796,995.714,2.673,1.003095,living
3,A,A3,A3_01131,1.69,2.004,2.077,1.036,820.6,753.14,5.71,1.089572,dead
3,A,A3,A3_01135,1.47,1.742,1.806,1.037,832.115,765.057,2.379,1.08765,living
3,A,A3,A3_01136,2.282,2.026,2.426,1.198,940.63,982.941,2.474,0.956955,living
3,A,A3,A3_01138,1.301,1.681,1.669,0.993,856.494,913.494,1.74,0.937602,living
3,A,A3,A3_01139,2.856,3.005,3.306,1.100,615.846,530.438,2.698,1.161015,living
3,A,A3,A3_01141,2.738,2.004,2.643,1.319,1051.198,1110.765,2.809,0.946372,living
3,A,A3,A3_01142,2.924,2.004,2.732,1.363,1184.543,1128.636,2.179,1.049535,living
3,A,A3,A3_01143,2.417,2.004,2.483,1.239,1186.615,1186.902,2.245,0.999758,living
3,A,A3,A3_01147,2.045,2.004,2.284,1.140,768.248,696.512,2.455,1.102992,living
3,A,A3,A3_01150,2.822,2.004,2.683,1.339,1115.305,1131.275,2.719,0.985883,living
3,A,A3,A3_01151,2.417,2.004,2.483,1.239,800.014,730.972,2.657,1.094452,living
3,A,A3,A3_01152,1.42,2.004,1.904,0.950,736.179,745.821,2.345,0.987071,living
3,A,A3,A3_01153,2.467,2.004,2.509,1.252,879.836,805.938,2.479,1.091691,living
3,A,A3,A3_01154,2.146,2.004,2.340,1.168,1081.945,1077.89,2.378,1.003762,living
3,A,A3,A3_01155,1.859,2.004,2.178,1.087,954.9,851.6,2.618,1.121301,living
3,A,A3,A3_01156,1.555,2.004,1.992,0.994,842.446,835.761,1.967,1.007998,living
3,A,A3,A3_01157,2.822,2.004,2.683,1.339,1128.198,1027.892,2.473,1.097584,living
3,A,A3,A3_01158,1.859,2.004,2.178,1.087,930.318,944.191,2.845,0.985307,living
3,A,A3,A3_01159,2.18,2.004,2.359,1.177,871.287,892.403,2.403,0.976338,living
3,A,A3,A3_01160,1.91,2.004,2.208,1.102,827.389,852.558,2.354,0.970479,living
3,A,A3,A3_01161,2.569,2.004,2.560,1.278,1070.329,1089.987,2.586,0.981965,living
3,A,A3,A3_01162,1.91,2.004,2.208,1.102,1024.23,1040.389,2.257,0.984468,living
3,A,A3,A3_01163,1.825,2.004,2.158,1.077,731.509,714.713,2.444,1.023501,living
3,A,A3,A3_01164,2.163,2.004,2.349,1.172,918.062,929.344,2.367,0.987861,living
3,A,A3,A3_01165,1.115,2.004,1.687,0.842,781.727,803.545,2.106,0.972848,living
3,A,A3,A3_01166,1.268,2.079,1.832,0.881,668.093,426.453,2.067,1.566627,living
3,A,A3,A3_01167,2.096,1.532,2.022,1.320,1012.355,1023.452,2.911,0.989157,living
3,A,A3,A3_01168,1.758,1.619,1.904,1.176,931.683,932.317,2.087,0.999319,living
3,A,A3,A3_01169,2.146,1.638,2.116,1.292,823.898,796.102,2.291,1.034914,living
3,A,A3,A3_01171,2.163,1.780,2.214,1.244,938.305,953.789,2.422,0.983765,living
3,A,A3,A3_01174,2.113,2.261,2.466,1.091,867.144,874.048,2.568,0.992101,living
3,A,A3,A3_01176,2.248,1.948,2.361,1.212,917.97,926.88,2.286,0.990387,living
3,A,A3,A3_01177,1.149,1.835,1.638,0.893,729.676,747.853,2.456,0.975695,living
3,A,A3,A3_01178,1.014,2.004,1.609,0.803,668.55,676.083,2.883,0.988857,living
3,A,A3,A3_01179,2.839,1.828,2.571,1.406,920.476,1041.869,2.649,0.883485,living
3,A,A3,A3_01182,2.552,1.494,2.203,1.475,562.768,979.146,2.305,0.574754,living
3,A,A3,A3_01183,1.453,1.661,1.753,1.055,806.081,829.64,2.698,0.971604,living
3,A,A3,A3_01184,2.755,1.895,2.578,1.361,1059.509,1103.902,2.564,0.959786,living
3,A,A3,A3_01185,2.569,2.021,2.571,1.272,875.349,730.961,2.388,1.197532,living
3,A,A3,A3_01186,2.079,1.741,2.147,1.233,975.626,966.122,2.878,1.009837,living
3,A,A3,A3_01187,2.298,2.004,2.422,1.208,876.213,888.544,2.772,0.986122,living
3,A,A3,A3_01188,1.69,1.888,2.016,1.068,945.99,937.7,2.67,1.008841,living
3,A,A3,A3_01189,2.535,1.762,2.385,1.353,713.067,699.107,2.5,1.019968,living
3,A,A3,A3_01190,1.994,1.890,2.191,1.159,992.153,972.619,2.542,1.020084,living
3,A,A3,A3_01191,1.352,2.473,2.063,0.834,788.487,793.5,2.6,0.993683,living
3,A,A3,A3_01193,1.335,2.240,1.951,0.871,777.215,763.785,2.899,1.017584,living
3,A,A3,A3_01194,1.775,1.414,1.788,1.264,1174.895,1134.162,2.324,1.035915,living
3,A,A3,A3_01195,2.349,2.107,2.510,1.191,1041.871,1066.381,2.496,0.977015,living
3,A,A3,A3_01196,2.045,2.443,2.522,1.032,938.24,954.669,2.347,0.98279,living
3,A,A3,A3_01198,1.149,2.042,1.728,0.846,634.044,632.574,2.441,1.002325,living
3,A,A3,A3_01199,1.69,2.004,2.077,1.036,1093.27,1033.41,2.78,1.057925,living
3,A,A3,A3_01200,1.69,2.018,2.084,1.033,825.67,905.89,2.19,0.911446,living
3,A,A3,A3_01201,2.366,3.016,3.014,0.999,873.3,867.929,2.157,1.006189,living
3,A,A3,A3_01202,1.91,1.938,2.171,1.120,1028.876,1029.106,2.602,0.999776,living
3,A,A3,A3_01203,1.234,2.004,1.774,0.885,824.767,817.082,4.055,1.009405,living
3,A,A3,A3_01204,1.673,1.598,1.845,1.155,603.758,677.838,2.727,0.89071,living
3,A,A3,A3_01205,1.437,1.735,1.782,1.027,949.588,956.447,2.541,0.992829,living
3,A,A3,A3_01206,1.876,1.704,2.017,1.184,877.64,855.252,2.495,1.026176,living
3,A,A3,A3_01208,1.859,1.546,1.913,1.237,1042.745,1019.891,1.773,1.022409,living
3,A,A3,A3_01209,1.031,1.654,1.474,0.891,851.459,855.689,2.475,0.995057,living
3,A,A3,A3_01210,2.451,2.060,2.535,1.231,1141.986,1158.241,2.345,0.985966,living
3,A,A3,A3_01214,2.028,1.728,2.112,1.222,1172.433,1089.833,2.533,1.075791,living
3,A,A3,A3_01215,1.741,2.004,2.108,1.052,999.534,987.35,2.718,1.012341,living
3,A,A3,A3_01216,1.707,1.681,1.911,1.137,1083.96,1086.396,3.158,0.997758,living
3,A,A3,A3_01217,2.011,1.627,2.041,1.254,987.126,846.807,2.319,1.165704,living
3,A,A3,A3_01218,1.082,1.792,1.571,0.877,860.5,900.172,2.531,0.955929,living
3,A,A3,A3_01219,1.352,2.004,1.857,0.927,944.8,930.388,3.7,1.015491,living
3,A,A3,A3_01220,2.096,1.906,2.255,1.183,1172.879,1184.573,2.5,0.990128,living
3,A,A3,A3_01221,2.248,1.952,2.364,1.211,1182.414,1191.481,2.549,0.99239,living
3,A,A3,A3_01222,2.417,2.077,2.528,1.217,1185.392,1192,2.685,0.994456,living
3,A,A3,A3_01223,1.994,2.004,2.256,1.126,784.822,848.78,2.763,0.924648,living
3,A,A3,A3_01224,2.045,1.680,2.091,1.245,1123.025,1139.438,2.306,0.985595,living
3,A,A3,A3_01225,1.656,1.642,1.861,1.133,1131.786,1124.816,2.571,1.006196,living
3,A,A3,A3_01226,2.603,1.729,2.394,1.385,1508.221,1546.253,2.312,0.975403,living
3,A,A3,A3_01227,1.791,2.312,2.296,0.993,977.849,970.321,2.302,1.007759,living
3,A,A3,A3_01228,2.045,2.069,2.321,1.122,963.884,1003.686,2.43,0.960345,living
3,A,A3,A3_01229,2.349,1.708,2.260,1.323,1251.633,1195.05,2.216,1.047348,living
3,A,A3,A3_01231,0.913,2.004,1.526,0.762,1435.222,17.648,3.093,81.324239,living
3,A,A3,A3_01232,0.879,2.004,1.498,0.747,886.654,881.769,12.154,1.00554,dead
3,A,A3,A3_01233,1.538,1.899,1.928,1.015,923.286,965.374,2.33,0.956402,living
3,A,A3,A3_01234,2.011,1.760,2.123,1.206,1034.597,1065.882,2.311,0.970648,living
3,A,A3,A3_01235,0.963,1.823,1.495,0.820,894.333,908.018,2.596,0.98493,living
3,A,A3,A3_01236,2.484,2.213,2.646,1.195,1121.129,1123.605,2.177,0.997796,living
3,A,A3,A3_01237,2.552,2.003,2.551,1.274,1214.033,1234.331,2.331,0.983555,living
3,A,A3,A3_01239,2.265,1.390,2.002,1.440,792.418,963.306,2.187,0.822603,living
3,A,A3,A3_01240,2.129,1.450,1.983,1.367,904.46,911.714,2.524,0.992044,living
3,A,A3,A3_01241,0.98,2.004,1.581,0.789,829.69,846.017,3.052,0.980701,living
3,A,A3,A3_01242,0.913,2.589,1.735,0.670,690.019,692.259,2.407,0.996763,living
3,A,A3,A3_01243,0.93,1.890,1.496,0.792,878.673,871.345,2.545,1.008409,living
3,A,A3,A3_01244,1.589,1.838,1.928,1.049,961.468,627.106,2.064,1.533182,living
3,A,A3,A3_01246,1.166,2.071,1.753,0.847,800.594,795.565,2.493,1.006321,living
3,A,A3,A3_01248,2.045,2.577,2.590,1.005,744.959,864.628,2.463,0.861594,living
3,A,A3,A3_01250,1.437,1.354,1.574,1.162,553.071,636.047,2.141,0.869544,living
3,A,A3,A3_01251,1.538,2.004,1.981,0.988,951.253,948.967,3.011,1.002409,living
3,A,A3,A3_01252,2.146,1.776,2.203,1.240,872.622,974.898,2.433,0.895091,living
3,A,A3,A3_01253,2.366,1.637,2.221,1.357,1012.786,898.079,2.136,1.127725,living
3,A,A3,A3_01255,1.741,2.004,2.108,1.052,727.136,686.087,2.534,1.05983,living
3,A,A3,A3_01256,1.656,2.004,2.056,1.026,911.612,892.357,2.888,1.021578,living
3,A,A3,A3_01257,2.67,1.764,2.449,1.388,930.576,1057.152,2.576,0.880267,living
3,A,A3,A3_01258,1.504,1.835,1.875,1.022,855,860.225,2.315,0.993926,living
3,A,A3,A3_01259,2.011,1.713,2.094,1.223,1101.353,1107.983,2.807,0.994016,living
3,A,A3,A3_01260,1.572,2.004,2.003,0.999,853.301,854.065,2.688,0.999106,living
3,A,A3,A3_01262,1.859,1.506,1.888,1.254,1020.736,994.327,2.355,1.02656,living
3,A,A3,A3_01264,2.62,1.884,2.507,1.331,1093.968,1061.832,2.419,1.030264,living
3,A,A3,A3_01265,1.893,1.681,2.013,1.197,848.589,769.054,2.366,1.10342,living
3,A,A3,A3_01268,2.197,2.082,2.413,1.159,705.785,753.723,2.469,0.936398,living
3,A,A3,A3_01269,1.301,1.835,1.743,0.950,827.429,829.883,2.299,0.997042,living
3,A,A3,A3_01270,1.251,1.790,1.689,0.943,854.73,856.041,2.811,0.998469,living
3,A,A3,A3_01271,2.873,1.942,2.665,1.372,804.424,1020.129,2.376,0.78855,living
3,A,A3,A3_01272,2.484,2.649,2.894,1.093,968.878,970.837,2.259,0.997982,living
3,A,A3,A3_01273,2.417,2.004,2.483,1.239,808.455,758.573,3.014,1.065756,living
3,A,A3,A3_01274,2.603,1.719,2.387,1.389,825.727,800.526,2.571,1.031481,living
3,A,A3,A3_01275,1.842,1.924,2.124,1.104,966.642,993.046,2.44,0.973411,living
3,A,A3,A3_01276,1.876,2.004,2.188,1.092,976.811,1022.658,2.766,0.955169,living
3,A,A3,A3_01277,1.504,2.161,2.034,0.941,830.292,830.056,2.708,1.000284,living
3,A,A3,A3_01279,1.994,1.658,2.052,1.237,794.619,950.161,2.347,0.836299,living
3,A,A3,A3_01280,1.572,2.734,2.339,0.856,868.699,865.591,2.344,1.00359,living
3,A,A3,A3_01281,1.115,1.747,1.575,0.901,824.682,790.076,2.136,1.043801,living
3,A,A3,A3_01283,1.318,1.646,1.662,1.010,901.154,896.667,2.359,1.005004,living
3,A,A3,A3_01285,2.467,1.734,2.334,1.346,826.363,330.527,2.158,2.500135,living
3,A,A3,A3_01286,1.977,2.510,2.514,1.001,835.034,767.026,2.59,1.088665,living
3,A,A3,A3_01288,2.011,1.562,2.000,1.280,1237.765,1254.261,2.227,0.986848,living
3,A,A3,A3_01289,1.115,1.799,1.598,0.888,831.667,842.242,2.364,0.987443,living
3,A,A3,A3_01290,1.977,1.788,2.121,1.187,1015.009,1025.821,2.863,0.98946,living
3,A,A3,A3_01291,1.96,1.708,2.065,1.209,1016.586,1040.095,2.69,0.977398,living
3,A,A3,A3_01292,1.369,2.004,1.869,0.933,874.79,877.654,4.506,0.996737,living
3,A,A3,A3_01293,1.622,1.752,1.902,1.086,952.5,945.052,2.51,1.007881,living
3,A,A3,A3_01294,1.994,2.004,2.256,1.126,1083.788,1072.661,2.746,1.010373,living
3,A,A3,A3_01295,2.265,2.757,2.820,1.023,902.896,910.052,2.246,0.992136,living
3,A,A3,A3_01296,2.451,2.004,2.501,1.248,1174.807,1299.703,2.579,0.903904,living
3,A,A3,A3_01297,1.927,2.126,2.284,1.074,988.368,1028.132,2.658,0.961325,living
3,A,A3,A3_01298,2.484,1.693,2.314,1.367,1005.095,885.347,2.51,1.135256,living
3,A,A3,A3_01299,1.386,2.226,1.982,0.890,815.415,777.28,2.732,1.049061,living
3,A,A3,A3_01301,2.045,1.951,2.254,1.155,881.504,1002.281,2.62,0.879498,living
3,A,A3,A3_01302,2.4,2.342,2.675,1.142,976.324,1023.535,2.077,0.953874,living
3,A,A3,A3_01303,1.014,1.847,1.544,0.836,812.1,808.233,2.75,1.004784,living
3,A,A3,A3_01304,2.586,2.273,2.736,1.204,470.869,760.843,2.314,0.618878,living
3,A,A3,A3_01305,2.163,1.847,2.255,1.221,1048.867,1127.5,2.773,0.930259,living
3,A,A3,A3_01306,1.673,2.053,2.091,1.019,911.505,940.848,2.03,0.968812,living
3,A,A3,A3_01307,1.96,1.966,2.215,1.127,926.379,867.207,2.595,1.068233,living
3,A,A3,A3_01308,1.96,2.004,2.236,1.116,862.733,851.017,3.362,1.013766,living
3,A,A3,A3_01309,1.555,2.377,2.169,0.913,810.402,745.772,2.391,1.086662,living
3,A,A3,A3_01311,1.538,1.712,1.831,1.070,979.593,975.341,2.165,1.00436,living
3,A,A3,A3_01312,1.944,1.936,2.189,1.131,901.409,1001.67,2.374,0.899906,living
3,A,A3,A3_01313,1.504,2.455,2.168,0.883,896.236,899.393,2.663,0.99649,living
3,A,A3,A3_01314,2.146,2.382,2.551,1.071,933.039,923.795,2,1.010007,living
3,A,A3,A3_01315,1.724,3.073,2.597,0.845,800.235,792.941,2.265,1.009199,living
3,A,A3,A3_01316,1.2,2.848,2.086,0.732,765.859,765.451,2.465,1.000534,living
3,A,A3,A3_01317,1.42,1.827,1.817,0.995,928.238,922.25,2.405,1.006493,living
3,A,A3,A3_01318,1.555,2.074,2.026,0.977,814.75,858.413,2.674,0.949135,living
3,A,A3,A3_01319,1.842,2.121,2.230,1.052,912.954,918.339,2.661,0.994136,living
3,A,A3,A3_01320,1.149,1.678,1.567,0.934,926.029,919.824,2.721,1.006747,living
3,A,A3,A3_01321,1.622,2.004,2.034,1.015,975.635,883.344,3.219,1.10448,living
3,A,A3,A3_01322,1.437,1.917,1.873,0.977,855.612,877.835,2.365,0.974684,living
3,A,A3,A3_01323,1.639,2.015,2.051,1.018,919.32,937.619,2.33,0.980484,living
3,A,A3,A3_01325,2.738,1.667,2.411,1.446,1358.377,1260.864,2.179,1.077338,living
3,A,A3,A3_01326,2.535,1.792,2.405,1.342,1220.647,1224.08,2,0.997195,living
3,A,A3,A3_01327,1.944,2.089,2.274,1.089,967.113,964.591,2.2,1.002614,living
3,A,A3,A3_01328,1.504,2.570,2.218,0.863,836.303,827.36,2.652,1.01081,living
3,A,A3,A3_01330,2.282,1.640,2.183,1.331,1353.578,1081.385,2.6,1.251707,living
3,A,A3,A3_01331,1.453,1.517,1.675,1.104,970.709,941.477,2.43,1.03105,living
3,A,A3,A3_01332,1.927,1.799,2.101,1.168,1032.246,1036.114,2.439,0.996266,living
3,A,A3,A3_01334,1.859,1.413,1.829,1.294,1184.055,1142.127,2.691,1.03671,living
3,A,A3,A3_01335,2.315,2.004,2.430,1.213,1122.839,1124.518,2.898,0.998507,living
3,A,A3,A3_01336,1.876,1.694,2.012,1.187,1164.865,1167.766,2.73,0.997516,living
3,A,A3,A3_01337,2.924,1.981,2.716,1.371,1401.353,1317.85,2.434,1.063363,living
3,A,A3,A3_01338,1.96,1.862,2.156,1.158,1049.069,994.026,2.759,1.055374,living
3,A,A3,A3_01341,1.758,2.004,2.118,1.057,932.625,921.731,3.442,1.011819,living
3,A,A3,A3_01342,1.099,1.727,1.555,0.900,155.831,1527.4,2.477,0.102024,living
3,A,A3,A3_01343,2.113,1.888,2.254,1.194,1106.6,1113.4,2.592,0.993893,living
3,A,A3,A3_01344,1.318,2.187,1.916,0.876,867.115,821.308,2.231,1.055774,living
3,A,A3,A3_01345,2.603,1.716,2.385,1.390,1288.773,1219.169,2.435,1.057091,living
3,A,A3,A3_01346,1.707,2.229,2.201,0.987,1084.436,1060.436,2.248,1.022632,living
3,A,A3,A3_01347,2.248,2.004,2.395,1.195,1130.932,1150.632,2.571,0.98288,living
3,A,A3,A3_01348,1.791,2.004,2.138,1.067,736.491,756.104,4.792,0.97406,living
3,A,A3,A3_01350,1.301,2.004,1.822,0.909,722.714,717.481,3.195,1.007295,living
3,A,A3,A3_01352,1.555,1.816,1.896,1.044,894.543,897.793,2.543,0.99638,living
3,A,A3,A3_01353,1.369,1.712,1.727,1.009,859.556,881.988,2.321,0.974566,living
3,A,A3,A3_01355,1.504,2.081,1.996,0.959,838.393,862.82,2.404,0.971689,living
3,A,A3,A3_01356,1.572,1.995,1.998,1.002,914.667,928.957,2.796,0.984617,living
3,A,A3,A3_01357,2.653,1.531,2.274,1.485,1037.166,1052.892,2.357,0.985064,living
3,A,A3,A3_01358,0.879,1.624,1.348,0.830,720.115,771.904,2.712,0.932908,living
3,A,A3,A3_01359,2.18,1.499,2.040,1.361,831.496,1041.24,2.512,0.798563,living
3,A,A3,A3_01360,1.977,1.778,2.116,1.190,935.632,959.197,2.368,0.975434,living
3,A,A3,A3_01361,1.132,1.690,1.561,0.923,719.418,756.552,2.746,0.950916,living
3,A,A3,A3_01362,2.552,1.604,2.283,1.423,1331.013,1324.51,2.258,1.00491,living
3,A,A3,A3_01365,1.741,2.004,2.108,1.052,899.718,952.107,4.495,0.944976,living
3,A,A3,A3_01366,2.265,1.655,2.185,1.320,1237.657,1234.94,2.343,1.0022,living
3,A,A3,A3_01367,1.622,1.686,1.866,1.107,997.812,957.458,2.812,1.042147,living
3,A,A3,A3_01368,1.572,1.595,1.787,1.120,944.806,936.957,2.538,1.008378,living
3,A,A3,A3_01369,2.62,1.742,2.411,1.384,936.51,906.8,2.077,1.032763,living
3,A,A3,A3_01370,1.504,1.583,1.741,1.100,1026.787,1033.169,3.056,0.993823,living
3,A,A3,A3_01371,1.639,2.004,2.045,1.020,725,723.773,3.155,1.001695,living
3,A,A3,A3_01372,2.991,1.875,2.672,1.425,1070.198,968.52,2.249,1.104983,living
3,A,A3,A3_01373,2.569,2.004,2.560,1.278,839.737,845.849,4.191,0.992774,living
3,A,A3,A3_01374,1.369,1.597,1.668,1.045,960.235,987.877,2.951,0.972019,living
3,A,A3,A3_01375,2.704,2.724,3.062,1.124,933.925,931.9,2.413,1.002173,living
3,A,A3,A3_01376,2.197,1.598,2.114,1.323,977.069,979.554,2.438,0.997464,living
3,A,A3,A3_01377,2.265,1.672,2.196,1.313,1158.522,1213.119,2.687,0.954995,living
3,A,A3,A3_01380,2.603,1.840,2.469,1.342,576.383,741.877,2.838,0.776926,living
3,A,A3,A3_01381,1.538,2.813,2.347,0.834,792.692,781.56,2.659,1.014243,living
3,A,A3,A3_01383,2.298,2.457,2.681,1.091,666.199,808.449,2.706,0.824046,living
3,A,A3,A3_01384,2.349,1.843,2.348,1.274,932.914,1074.065,2.381,0.868582,living
3,A,A3,A3_01385,1.825,1.664,1.966,1.182,1059.167,1017.898,2.528,1.040543,living
3,A,A3,A3_01387,1.893,2.065,2.231,1.080,813.705,829.062,2.402,0.981476,living
3,A,A3,A3_01388,2.4,1.632,2.233,1.368,888.5,878.444,2.873,1.011448,living
3,B,B3,B3_00001,2.282,2.027,2.427,1.197,780.481,770.533,2.652,1.012911,living
3,B,B3,B3_00007,1.775,2.027,2.140,1.056,701.924,665.39,1.8,1.054905,living
3,B,B3,B3_00008,2.535,2.027,2.558,1.262,1029.953,873.507,2.587,1.179102,living
3,B,B3,B3_00009,1.859,2.027,2.190,1.081,734.436,704.227,2.745,1.042897,living
3,B,B3,B3_00014,2.704,1.561,2.318,1.485,464.1,715.275,2.862,0.648841,living
3,B,B3,B3_00019,2.789,2.027,2.683,1.324,822.23,810.048,3,1.015038,living
3,B,B3,B3_00020,2.18,2.311,2.533,1.096,659.295,612.543,2.512,1.076324,living
3,B,B3,B3_00026,2.011,1.555,1.995,1.283,764.429,730.017,2.462,1.047138,living
3,B,B3,B3_00029,1.893,2.027,2.210,1.091,677.527,636.911,13.384,1.06377,dead
3,B,B3,B3_00030,1.622,1.925,1.994,1.036,667.99,656.042,2.354,1.018212,living
3,B,B3,B3_00031,2.146,2.443,2.584,1.058,699.89,687.677,2.48,1.017759,living
3,B,B3,B3_00034,1.927,1.753,2.074,1.183,795.86,772.754,2.219,1.0299,living
3,B,B3,B3_00038,2.873,2.027,2.723,1.343,841.859,810.818,4.535,1.038284,living
3,B,B3,B3_00039,1.538,2.126,2.040,0.960,631.066,618.352,2.571,1.020562,living
3,B,B3,B3_00040,2.755,1.973,2.631,1.333,868.822,819.037,2.546,1.060785,living
3,B,B3,B3_00041,1.622,1.889,1.975,1.046,724.365,678.438,2.281,1.067695,living
3,B,B3,B3_00043,1.268,1.817,1.713,0.943,693.427,657.067,2.867,1.055337,living
3,B,B3,B3_00044,0.98,2.027,1.590,0.785,537.362,513.655,2.776,1.046153,living
3,B,B3,B3_00046,2.298,1.952,2.390,1.224,855.537,904.757,2.537,0.945598,living
3,B,B3,B3_00047,1.352,2.027,1.868,0.922,538.55,530.587,2.788,1.015007,living
3,B,B3,B3_00052,1.555,2.027,2.003,0.988,700.196,670.217,3.446,1.044729,living
3,B,B3,B3_00054,0.963,2.027,1.576,0.778,117.333,717.509,2.333,0.163529,living
3,B,B3,B3_00055,2.603,2.027,2.592,1.279,759.045,738.156,2.532,1.0283,living
3,B,B3,B3_00057,2.535,2.027,2.558,1.262,749.967,720.02,2.22,1.041591,living
3,B,B3,B3_00059,0.946,2.346,1.681,0.717,257.143,437.643,2.339,0.587563,living
3,B,B3,B3_00062,2.62,2.027,2.600,1.283,615.865,521.065,2.806,1.181935,living
3,B,B3,B3_00064,1.842,2.027,2.180,1.076,583.22,565.927,2.037,1.030558,living
3,B,B3,B3_00065,0.963,1.845,1.504,0.815,558.211,549.193,1.754,1.01642,living
3,B,B3,B3_00066,0.811,2.027,1.447,0.714,583.354,547.75,2.167,1.065001,living
3,B,B3,B3_00067,2.315,2.027,2.444,1.206,1052.934,1020.358,2.912,1.031927,living
3,B,B3,B3_00069,1.538,1.899,1.928,1.015,641.407,622.066,2.418,1.031091,living
3,B,B3,B3_00070,1.318,1.707,1.693,0.992,662.692,642.487,2.705,1.031448,living
3,B,B3,B3_00074,2.011,1.643,2.051,1.248,780.252,759.059,2.311,1.02792,living
3,B,B3,B3_00077,1.622,2.214,2.138,0.966,596.802,604.573,2.229,0.987147,living
3,B,B3,B3_00078,0.98,2.027,1.590,0.785,516.034,493.879,28.345,1.044859,dead
3,B,B3,B3_00080,1.437,1.802,1.816,1.008,561.224,524.141,2.424,1.070749,living
3,B,B3,B3_00081,2.518,1.811,2.410,1.331,617.416,592.973,2.315,1.041221,living
3,B,B3,B3_00082,0.93,2.027,1.549,0.764,424.582,418.727,2.764,1.013982,living
3,B,B3,B3_00083,2.332,1.660,2.220,1.337,793.036,773.493,2.841,1.025267,living
3,B,B3,B3_00084,1.977,1.747,2.097,1.200,542.068,546.453,2.239,0.991976,living
3,B,B3,B3_00085,1.91,2.398,2.415,1.007,545.982,511.522,3.177,1.067368,living
3,B,B3,B3_00092,2.704,2.027,2.642,1.303,680.419,648.95,2.825,1.048492,living
3,B,B3,B3_00094,2.332,1.945,2.403,1.236,681.529,665.471,2.703,1.02413,living
3,B,B3,B3_00096,1.622,1.964,2.014,1.025,524.521,542.281,2.375,0.967249,living
3,B,B3,B3_00097,1.96,2.194,2.340,1.067,547.957,521.397,1.948,1.050941,living
3,B,B3,B3_00098,1.251,2.027,1.797,0.887,463.486,439.905,24.689,1.053605,dead
3,B,B3,B3_00100,2.552,2.027,2.566,1.266,669.013,612.371,3.053,1.092497,living
3,B,B3,B3_00102,2.603,2.167,2.680,1.237,655.149,628.195,2.604,1.042908,living
3,B,B3,B3_00103,2.518,2.015,2.542,1.261,689.06,652.644,2.409,1.055798,living
3,B,B3,B3_00104,2.248,1.736,2.229,1.284,636.098,625.113,2.707,1.017573,living
3,B,B3,B3_00105,1.893,1.973,2.181,1.105,584.384,535.089,2.268,1.092124,living
3,B,B3,B3_00106,0.845,2.027,1.477,0.729,804.88,755.66,5.64,1.065135,dead
3,B,B3,B3_00107,1.453,1.924,1.887,0.981,801.872,809.581,2.326,0.990477,living
3,B,B3,B3_00109,1.149,1.727,1.590,0.920,935.118,886.882,2.618,1.054387,living
3,B,B3,B3_00110,0.811,2.027,1.447,0.714,703.25,664.375,8.271,1.058514,dead
3,B,B3,B3_00111,1.859,2.064,2.210,1.071,828.573,797.791,2.455,1.038584,living
3,B,B3,B3_00112,2.467,1.671,2.291,1.371,858.87,920.877,2.342,0.932665,living
3,B,B3,B3_00113,1.234,1.938,1.745,0.900,778.027,754.411,2.425,1.031304,living
3,B,B3,B3_00115,2.248,1.906,2.336,1.225,987.308,958.812,2.444,1.02972,living
3,B,B3,B3_00116,2.096,1.884,2.242,1.190,925.895,915.29,2.468,1.011586,living
3,B,B3,B3_00117,1.403,2.001,1.891,0.945,697.145,713.988,2.434,0.976409,living
3,B,B3,B3_00118,1.318,1.959,1.813,0.926,764.103,744.026,2.423,1.026984,living
3,B,B3,B3_00120,1.859,1.557,1.920,1.233,964.7,899.182,2.309,1.072864,living
3,B,B3,B3_00121,1.234,2.007,1.776,0.885,699.233,671.205,2.945,1.041757,living
3,B,B3,B3_00126,1.639,1.684,1.875,1.113,839.866,813.557,1.99,1.032339,living
3,B,B3,B3_00128,1.673,1.639,1.868,1.140,794.02,767.374,2.141,1.034724,living
3,B,B3,B3_00129,1.994,1.644,2.043,1.243,956.619,921.856,2.331,1.037709,living
3,B,B3,B3_00130,2.18,2.130,2.431,1.142,831.302,811.31,2.147,1.024642,living
3,B,B3,B3_00131,1.927,1.752,2.073,1.183,862.974,831.246,2.886,1.038169,living
3,B,B3,B3_00132,1.724,2.027,2.109,1.041,777.176,747.873,9.01,1.039183,dead
3,B,B3,B3_00133,1.099,2.027,1.684,0.831,679.138,655.831,7.985,1.035539,dead
3,B,B3,B3_00134,1.115,1.933,1.657,0.857,611.515,615.318,2.121,0.993819,living
3,B,B3,B3_00135,1.521,2.101,2.017,0.960,680.1,661.811,2.644,1.027635,living
3,B,B3,B3_00136,1.842,1.877,2.098,1.118,724.963,713.211,2.651,1.016478,living
3,B,B3,B3_00137,2.653,1.523,2.268,1.489,358.032,496.892,2.427,0.720543,living
3,B,B3,B3_00138,2.146,2.180,2.441,1.120,704.63,734.921,2.638,0.958783,living
3,B,B3,B3_00139,1.91,2.263,2.346,1.037,663.265,619.283,2.212,1.071021,living
3,B,B3,B3_00141,2.096,1.417,1.945,1.372,882.452,849.008,2.379,1.039391,living
3,B,B3,B3_00142,1.927,1.627,1.998,1.228,799.991,790.36,2.649,1.012186,living
3,B,B3,B3_00145,1.775,1.570,1.884,1.200,692.638,686.819,2.41,1.008472,living
3,B,B3,B3_00146,1.572,2.027,2.014,0.994,626.452,587.29,18.71,1.066681,dead
3,B,B3,B3_00149,2.079,1.400,1.925,1.375,618.024,529.813,2.553,1.166495,living
3,B,B3,B3_00150,1.606,1.527,1.767,1.157,754.863,767.695,2.558,0.983286,living
3,B,B3,B3_00151,2.383,1.770,2.317,1.309,891.979,871.191,2.908,1.023861,living
3,B,B3,B3_00152,2.282,2.111,2.477,1.173,819.933,790.444,2.059,1.037307,living
3,B,B3,B3_00153,1.96,1.964,2.214,1.127,832.397,794.379,2.681,1.047858,living
3,B,B3,B3_00154,2.434,1.840,2.388,1.298,515.729,633.278,2.34,0.814381,living
3,B,B3,B3_00156,2.197,1.686,2.172,1.288,602.454,646.192,2.708,0.932314,living
3,B,B3,B3_00157,1.386,1.716,1.740,1.014,664.293,638.098,2.939,1.041052,living
3,B,B3,B3_00158,2.113,1.962,2.297,1.171,779.344,776.984,2.648,1.003037,living
3,B,B3,B3_00159,2.501,1.639,2.285,1.394,978.372,999.142,2.845,0.979212,living
3,B,B3,B3_00160,2.417,1.888,2.410,1.277,936.629,901.839,2.895,1.038577,living
3,B,B3,B3_00161,1.775,1.757,1.993,1.134,786.248,721.238,2.495,1.090136,living
3,B,B3,B3_00162,1.555,1.668,1.817,1.089,737.185,744.859,2.957,0.989697,living
3,B,B3,B3_00163,1.741,2.027,2.120,1.046,555.602,537.641,8.602,1.033407,dead
3,B,B3,B3_00164,1.606,1.695,1.862,1.098,863.6,823.495,2.579,1.048701,living
3,B,B3,B3_00165,1.369,1.830,1.786,0.976,712.222,612.272,2.383,1.163246,living
3,B,B3,B3_00166,1.47,2.285,2.068,0.905,715.747,707.828,2.161,1.011189,living
3,B,B3,B3_00167,0.963,1.547,1.377,0.890,804.263,780.07,2.684,1.031014,living
3,B,B3,B3_00169,1.47,1.699,1.783,1.050,752.609,673.299,3.034,1.117794,living
3,B,B3,B3_00170,1.437,2.027,1.926,0.950,873.953,847.588,2.953,1.031106,living
3,B,B3,B3_00172,1.876,1.425,1.845,1.295,1006.405,965.378,2.505,1.042498,living
3,B,B3,B3_00173,1.791,1.563,1.888,1.208,918.509,848.651,2.425,1.082317,living
3,B,B3,B3_00174,1.538,2.027,1.992,0.983,872.626,858.956,3.066,1.015915,living
3,B,B3,B3_00175,1.352,2.380,2.024,0.850,707.688,618.987,2.175,1.143299,living
3,B,B3,B3_00176,1.386,1.621,1.691,1.043,706.39,683.134,3.207,1.034043,living
3,B,B3,B3_00177,1.099,1.868,1.617,0.865,747.615,743.831,2.538,1.005088,living
3,B,B3,B3_00178,1.284,1.853,1.741,0.939,780.697,740.276,2.908,1.054603,living
3,B,B3,B3_00180,1.487,2.791,2.299,0.824,715.682,704.886,2.625,1.015315,living
3,B,B3,B3_00182,2.231,2.151,2.472,1.149,677.023,783.561,2.242,0.864034,living
3,B,B3,B3_00183,2.789,2.465,2.959,1.200,673.964,650.976,2.509,1.035313,living
3,B,B3,B3_00184,1.606,1.759,1.897,1.078,771.305,742.863,2.674,1.038287,living
3,B,B3,B3_00185,2.231,2.039,2.407,1.180,784.811,762.439,2.758,1.029342,living
3,B,B3,B3_00186,2.569,2.040,2.583,1.266,842.23,828.849,2.671,1.016145,living
3,B,B3,B3_00187,1.386,1.462,1.606,1.099,744.122,755.963,2.549,0.984336,living
3,B,B3,B3_00188,1.622,2.027,2.046,1.009,655.781,632.25,3.094,1.037218,living
3,B,B3,B3_00189,1.369,2.116,1.921,0.908,715.321,688.173,2.815,1.03945,living
3,B,B3,B3_00190,2.096,2.864,2.765,0.965,646.871,532.863,2.435,1.213954,living
3,B,B3,B3_00191,1.031,1.925,1.590,0.826,611.508,580.721,2.475,1.053015,living
3,B,B3,B3_00192,0.913,2.033,1.537,0.756,589.87,558.426,2.852,1.056309,living
3,B,B3,B3_00193,1.2,1.485,1.506,1.014,268.197,280.437,2.197,0.956356,living
3,B,B3,B3_00194,2.214,2.027,2.390,1.179,574.901,578.863,2.534,0.993156,living
3,B,B3,B3_00195,1.656,2.027,2.067,1.020,459.643,464.786,2.602,0.988935,living
3,B,B3,B3_00196,2.772,2.212,2.794,1.263,416.061,478.061,2.488,0.870309,living
3,B,B3,B3_00198,1.724,1.602,1.875,1.171,501.608,494.765,2.353,1.013831,living
3,B,B3,B3_00200,1.775,2.027,2.140,1.056,447,442.924,2.781,1.009203,living
3,B,B3,B3_00201,1.251,1.678,1.635,0.974,413.973,417.041,2.527,0.992644,living
3,B,B3,B3_00202,2.704,2.151,2.721,1.265,561.806,558.731,2.556,1.005504,living
3,B,B3,B3_00203,2.349,1.488,2.110,1.418,480.863,439.079,2.54,1.095163,living
3,B,B3,B3_00204,1.977,1.849,2.157,1.167,517.026,450.974,1.915,1.146463,living
3,B,B3,B3_00206,2.045,2.143,2.362,1.102,427.554,460.488,2.512,0.92848,living
3,B,B3,B3_00207,1.808,1.323,1.745,1.319,399.196,416.654,2.682,0.9581,living
3,B,B3,B3_00208,1.504,2.246,2.074,0.923,375.146,360.91,2.169,1.039445,living
3,B,B3,B3_00210,1.808,1.435,1.818,1.267,537.159,489.196,2.243,1.098044,living
3,B,B3,B3_00211,1.048,1.856,1.574,0.848,393.516,367.435,2.532,1.07098,living
3,B,B3,B3_00213,1.977,2.137,2.319,1.085,447.051,434.974,2.197,1.027765,living
3,B,B3,B3_00214,2.062,1.857,2.208,1.189,456.779,504.779,2.23,0.904909,living
3,B,B3,B3_00215,1.741,1.428,1.779,1.246,554.184,536.66,2.33,1.032654,living
3,B,B3,B3_00216,1.825,2.027,2.170,1.071,463.139,438.843,2.269,1.055364,living
3,B,B3,B3_00217,2.383,2.075,2.509,1.209,455.752,491.092,2.362,0.928037,living
3,B,B3,B3_00218,1.758,2.275,2.257,0.992,426.923,415.683,2.356,1.027041,living
3,B,B3,B3_00219,1.47,2.027,1.948,0.961,419.598,417.77,2.483,1.004375,living
3,B,B3,B3_00222,1.572,1.466,1.713,1.168,530.559,482,1.989,1.100745,living
3,B,B3,B3_00224,1.724,1.912,2.049,1.071,448.882,448.225,2.51,1.001465,living
3,B,B3,B3_00225,2.163,1.690,2.157,1.277,550.703,541.945,2.383,1.01616,living
3,B,B3,B3_00226,2.856,1.960,2.670,1.362,606.379,606.089,2.521,1.000478,living
3,B,B3,B3_00227,2.298,2.207,2.541,1.151,463.529,460.309,2.375,1.006997,living
3,B,B3,B3_00229,1.099,1.594,1.493,0.937,397.554,405.354,2.738,0.980758,living
3,B,B3,B3_00230,1.183,2.027,1.747,0.862,408.557,395.857,3.314,1.032082,living
3,B,B3,B3_00232,1.335,2.065,1.874,0.907,379.532,368.392,2.532,1.030237,living
3,B,B3,B3_00234,1.893,1.690,2.018,1.194,486.089,415.911,2.304,1.168735,living
3,B,B3,B3_00235,1.183,1.665,1.584,0.951,430,419.014,2.057,1.026218,living
3,B,B3,B3_00236,0.828,1.748,1.358,0.777,305.102,289.755,2.286,1.052965,living
3,B,B3,B3_00237,1.166,2.118,1.773,0.837,381.884,374.594,2.754,1.019461,living
3,B,B3,B3_00238,1.386,1.793,1.779,0.992,431.305,402.598,2.476,1.071305,living
3,B,B3,B3_00239,2.146,2.027,2.353,1.161,436.362,444.37,2.567,0.981979,living
3,B,B3,B3_00240,1.859,2.790,2.570,0.921,375.009,313.182,2.218,1.197417,living
3,B,B3,B3_00241,1.048,1.448,1.390,0.960,343.887,191.919,2.177,1.791831,living
3,B,B3,B3_00242,1.149,1.686,1.571,0.932,358.5,300.838,2.544,1.19167,living
3,B,B3,B3_00243,1.115,1.567,1.492,0.952,384.394,337.045,2.515,1.140481,living
3,B,B3,B3_00244,1.251,2.086,1.823,0.874,344.851,289.243,2.581,1.192254,living
3,B,B3,B3_00245,2.113,2.027,2.335,1.152,406.392,347.056,2.72,1.17097,living
3,B,B3,B3_00246,0.997,2.251,1.690,0.751,302.102,254.831,2.288,1.1855,living
3,B,B3,B3_00247,0.896,2.027,1.521,0.750,331.491,279.566,2.83,1.185733,living
3,B,B3,B3_00248,1.791,1.992,2.131,1.070,389.142,336.34,1.896,1.15699,living
3,B,B3,B3_00249,1.994,2.027,2.268,1.119,410.102,335.178,2.729,1.223534,living
3,B,B3,B3_00250,1.656,2.027,2.067,1.020,390.49,329.184,2.786,1.186237,living
3,B,B3,B3_00252,2.045,2.011,2.288,1.138,443.843,393.438,2.471,1.128114,living
3,B,B3,B3_00253,1.487,1.682,1.785,1.061,384.284,362.205,2.307,1.060959,living
3,B,B3,B3_00255,1.555,1.741,1.857,1.066,390.543,362.402,2.793,1.077652,living
3,B,B3,B3_00256,1.808,1.812,2.042,1.127,416.935,381.037,2.224,1.094209,living
3,B,B3,B3_00257,1.707,1.643,1.890,1.150,456.693,397.129,2.307,1.149988,living
3,B,B3,B3_00258,2.282,2.050,2.441,1.191,431.252,385.37,2.63,1.119058,living
3,B,B3,B3_00259,1.572,1.703,1.846,1.084,409.194,346.742,2.624,1.18011,living
3,B,B3,B3_00260,1.707,1.918,2.042,1.065,351.802,308.366,2.149,1.140857,living
3,B,B3,B3_00261,1.352,2.164,1.930,0.892,302.175,276,2.163,1.094837,living
3,B,B3,B3_00262,1.876,1.868,2.112,1.131,420.703,381.189,2.45,1.103659,living
3,B,B3,B3_00263,2.197,1.800,2.244,1.247,483.808,436.762,2.354,1.107716,living
3,B,B3,B3_00264,2.603,1.490,2.222,1.491,496.578,344.857,2.526,1.439953,living
3,B,B3,B3_00265,1.47,1.807,1.839,1.018,392.609,338.989,2.126,1.158178,living
3,B,B3,B3_00266,2.129,1.669,2.127,1.274,423.278,394.381,2.476,1.073271,living
3,B,B3,B3_00267,2.129,2.320,2.508,1.081,343.048,307.635,2.595,1.115113,living
3,B,B3,B3_00268,1.944,2.027,2.240,1.105,358.983,340.287,2.33,1.054941,living
3,B,B3,B3_00270,1.994,2.025,2.267,1.120,179.178,522.042,2.636,0.343225,living
3,B,B3,B3_00273,1.994,1.888,2.189,1.160,167.686,667.475,2.814,0.251225,living
3,B,B3,B3_00281,1.893,2.352,2.381,1.012,609.464,581.5,2.643,1.04809,living
3,B,B3,B3_00282,1.234,2.027,1.784,0.880,594.082,557.726,32.986,1.065186,dead
3,B,B3,B3_00283,0.828,1.730,1.350,0.781,539.184,488.286,2.061,1.104238,living
3,B,B3,B3_00290,2.924,1.774,2.570,1.449,382.48,324.983,2.457,1.176924,living
3,B,B3,B3_00291,1.099,2.047,1.692,0.827,226.508,178.262,2.723,1.270648,living
3,B,B3,B3_00293,1.403,2.027,1.903,0.939,290.771,236.072,2.94,1.231704,living
3,B,B3,B3_00294,1.606,1.939,1.991,1.027,265.579,226.074,2.232,1.174745,living
3,B,B3,B3_00295,1.268,2.232,1.898,0.850,225.053,188.893,2.307,1.191431,living
3,B,B3,B3_00298,1.504,2.063,1.988,0.963,248.438,202.416,2.292,1.227366,living
3,B,B3,B3_00299,1.132,2.035,1.713,0.842,224.194,183.149,2.358,1.224106,living
3,B,B3,B3_00300,1.234,1.976,1.762,0.892,239.411,207.479,2.685,1.153902,living
3,B,B3,B3_00301,1.808,1.961,2.125,1.083,248.224,216.047,2.14,1.148938,living
3,B,B3,B3_00302,1.082,1.704,1.532,0.899,249.891,199.938,2.797,1.249844,living
3,B,B3,B3_00303,1.572,1.921,1.961,1.021,256.796,208.14,2.097,1.233766,living
3,B,B3,B3_00304,1.927,1.749,2.072,1.184,326.272,285.825,2.474,1.141511,living
3,B,B3,B3_00306,1.251,1.866,1.724,0.924,252.649,209.23,2.162,1.207518,living
3,B,B3,B3_00307,1.96,1.661,2.036,1.226,342.138,291.957,2.397,1.171878,living
3,B,B3,B3_00308,1.115,2.058,1.709,0.831,205.182,173.864,2.47,1.180131,living
3,B,B3,B3_00309,2.552,2.027,2.566,1.266,296.874,268.868,2.821,1.104165,living
3,B,B3,B3_00310,1.707,2.171,2.172,1.001,260.366,245.149,2.079,1.062076,living
3,B,B3,B3_00311,1.944,1.853,2.142,1.156,323.791,272.017,2.635,1.190333,living
3,B,B3,B3_00314,2.603,1.509,2.236,1.482,296.279,274.006,2.182,1.081285,living
3,B,B3,B3_00316,2.451,2.477,2.780,1.122,294.793,269.31,2.172,1.094622,living
3,B,B3,B3_00320,1.521,1.714,1.822,1.063,278.311,253.1,2.644,1.099609,living
3,B,B3,B3_00321,1.825,1.797,2.043,1.137,305.722,273.269,2.63,1.118761,living
3,B,B3,B3_00324,1.048,1.745,1.526,0.874,251.387,225.887,2.645,1.112888,living
3,B,B3,B3_00327,1.741,2.136,2.176,1.019,267.126,253.369,2.592,1.054297,living
3,B,B3,B3_00328,1.335,1.603,1.651,1.030,278.278,258.241,2.684,1.077594,living
3,B,B3,B3_00329,1.656,2.439,2.268,0.930,250.439,226.286,2.765,1.106737,living
3,B,B3,B3_00330,1.132,1.621,1.529,0.943,290.448,259.746,2.433,1.118198,living
3,B,B3,B3_00332,1.099,1.872,1.618,0.865,297.769,275.308,2.846,1.081587,living
3,B,B3,B3_00334,0.913,2.424,1.679,0.693,265.944,232.574,2.185,1.143483,living
3,B,B3,B3_00335,1.639,1.658,1.860,1.122,297.897,310.691,2.567,0.958821,living
3,B,B3,B3_00336,2.366,1.769,2.308,1.305,380.564,356.543,2.193,1.067373,living
3,B,B3,B3_00337,0.93,2.152,1.596,0.742,265.4,237.2,2.345,1.118887,living
3,B,B3,B3_00338,2.011,2.341,2.448,1.046,313.16,300.571,2.622,1.041881,living
3,B,B3,B3_00340,1.217,2.283,1.881,0.824,280.403,252.292,3.181,1.111423,living
3,B,B3,B3_00341,2.265,1.944,2.368,1.218,378.246,349.507,2.754,1.082227,living
3,B,B3,B3_00342,2.603,1.885,2.499,1.326,427.857,397.032,2.156,1.077638,living
3,B,B3,B3_00343,1.453,1.852,1.851,0.999,321.849,291.721,2.488,1.103276,living
3,B,B3,B3_00344,1.031,1.532,1.418,0.926,302.475,287.705,2.148,1.051339,living
3,B,B3,B3_00345,1.403,2.317,2.034,0.878,285.59,273.41,2.578,1.044551,living
3,B,B3,B3_00346,1.977,1.907,2.191,1.149,357.47,334.282,2.701,1.069367,living
3,B,B3,B3_00347,1.048,1.702,1.507,0.885,283.887,274.935,2.097,1.032559,living
3,B,B3,B3_00348,1.724,2.020,2.106,1.042,322.422,314.049,2.559,1.02666,living
3,B,B3,B3_00349,1.572,2.027,2.014,0.994,252.613,240.559,5.344,1.050107,dead
3,B,B3,B3_00350,2.552,1.888,2.477,1.312,445.775,430.987,2.245,1.034312,living
3,B,B3,B3_00352,2.586,1.499,2.222,1.482,280.699,326.196,2.418,0.860523,living
3,B,B3,B3_00353,1.183,2.121,1.787,0.843,291.486,268.986,2.614,1.083648,living
3,B,B3,B3_00355,1.082,2.027,1.671,0.824,447.391,432.594,3.172,1.034205,living
3,B,B3,B3_00356,1.741,2.027,2.120,1.046,501.359,459.883,2.136,1.090187,living
3,B,B3,B3_00357,2.231,2.027,2.399,1.184,458.629,532.652,2.333,0.86103,living
3,B,B3,B3_00358,2.231,2.027,2.399,1.184,555.485,514.265,2.606,1.080153,living
3,B,B3,B3_00359,1.453,2.027,1.936,0.955,499.337,472.384,2,1.057058,living
3,B,B3,B3_00360,1.284,2.027,1.820,0.898,446.092,429.184,2.382,1.039395,living
3,B,B3,B3_00361,0.997,2.027,1.604,0.791,426.339,388.78,2.254,1.096608,living
3,B,B3,B3_00363,1.014,2.027,1.618,0.798,429.167,387.733,2.233,1.10686,living
3,B,B3,B3_00364,2.163,2.027,2.363,1.166,574.367,539.484,2.57,1.06466,living
3,B,B3,B3_00366,1.707,2.027,2.099,1.036,535.079,548.713,2.762,0.975153,living
3,B,B3,B3_00367,2.89,2.027,2.731,1.347,454.526,449.942,2.246,1.01019,living
3,B,B3,B3_00368,1.859,2.027,2.190,1.081,498.155,483.8,2.227,1.02967,living
3,B,B3,B3_00369,0.913,2.027,1.535,0.757,430.574,416.611,2.833,1.033516,living
3,B,B3,B3_00370,1.453,2.027,1.936,0.955,492.558,453.86,2.36,1.085263,living
3,B,B3,B3_00371,1.487,2.027,1.959,0.967,458.136,425.045,2.761,1.077853,living
3,B,B3,B3_00372,2.146,2.027,2.353,1.161,576.37,568.071,2.276,1.014609,living
3,B,B3,B3_00373,1.251,2.027,1.797,0.887,296.595,293.486,2.851,1.01059,living
3,B,B3,B3_00374,2.062,2.027,2.307,1.138,577.016,564.598,2.533,1.021994,living
3,B,B3,B3_00375,1.284,2.027,1.820,0.898,419.447,417.711,2.5,1.004158,living
3,B,B3,B3_00376,1.183,2.027,1.747,0.862,469.129,440.829,2.343,1.064197,living
3,B,B3,B3_00377,1.031,2.027,1.631,0.805,353.197,309.361,1.967,1.141699,living
3,B,B3,B3_00378,1.538,2.027,1.992,0.983,485.736,466.286,2.582,1.041714,living
3,B,B3,B3_00379,1.217,2.027,1.772,0.874,378.694,391.444,2.042,0.967428,living
3,B,B3,B3_00380,1.825,2.027,2.170,1.071,481.519,512.63,2.407,0.939311,living
3,B,B3,B3_00381,2.248,2.027,2.409,1.188,634.18,637.226,2.113,0.995221,living
3,B,B3,B3_00382,1.082,2.027,1.671,0.824,395.719,392.531,2.922,1.00812,living
3,B,B3,B3_00383,1.994,2.389,2.463,1.031,501.076,473.924,2.466,1.057293,living
3,B,B3,B3_00387,2.18,1.750,2.204,1.259,265.845,241.698,2.302,1.099907,living
3,B,B3,B3_00395,1.69,1.874,2.008,1.072,231.65,209.57,2.5,1.105359,living
3,B,B3,B3_00399,1.977,1.397,1.875,1.342,93.231,350.205,2.735,0.266218,living
3,B,B3,B3_00400,2.4,2.027,2.489,1.228,285.592,265.986,2.514,1.073709,living
3,B,B3,B3_00401,1.453,1.776,1.813,1.021,217.198,173.093,2.186,1.254803,living
3,B,B3,B3_00402,1.893,1.566,1.943,1.241,277.902,255.17,2.571,1.089086,living
3,B,B3,B3_00408,1.656,1.964,2.035,1.036,369.52,60.755,2.306,6.08213,living
3,B,B3,B3_00409,1.47,2.171,2.016,0.929,202.816,171,1.851,1.186059,living
3,B,B3,B3_00417,2.332,1.611,2.187,1.358,264.862,223.022,2.659,1.187608,living
3,B,B3,B3_00423,1.335,2.096,1.888,0.901,303.013,52.278,2.43,5.796126,living
3,B,B3,B3_00429,2.231,1.996,2.381,1.193,261.265,229.326,1.992,1.139275,living
3,B,B3,B3_00437,2.569,3.192,3.231,1.012,61.875,281.849,2.671,0.219533,living
3,B,B3,B3_00440,1.42,1.733,1.770,1.021,17.524,409.726,2.905,0.04277,living
3,B,B3,B3_00448,2.096,1.414,1.943,1.374,68.339,281.935,2.347,0.242391,living
3,B,B3,B3_00462,2.805,3.110,3.333,1.072,224.361,206.855,2.554,1.084629,living
3,B,B3,B3_00463,2.789,2.240,2.820,1.259,282.915,262.448,2.527,1.077984,living
3,B,B3,B3_00469,2.501,1.627,2.276,1.399,470.845,18.412,2.568,25.572477,living
3,B,B3,B3_00471,1.91,2.027,2.220,1.095,242.504,213.496,3.628,1.135876,living
3,B,B3,B3_00478,2.586,1.846,2.465,1.336,326.118,249.471,2.039,1.307239,living
3,B,B3,B3_00489,1.369,1.742,1.743,1.000,222.42,201.111,2.173,1.105955,living
3,B,B3,B3_00492,2.096,1.785,2.183,1.223,79.653,240.29,2.589,0.331487,living
3,B,B3,B3_00495,2.907,1.868,2.629,1.408,329.221,311.355,2.413,1.057382,living
3,B,B3,B3_00497,1.707,1.800,1.978,1.099,237.267,219.416,2.168,1.081359,living
3,B,B3,B3_00500,1.217,2.027,1.772,0.874,326.833,323.264,2.625,1.011042,living
3,B,B3,B3_00502,1.825,2.027,2.170,1.071,341.861,317.139,2.454,1.077954,living
3,B,B3,B3_00504,2.096,2.027,2.326,1.148,360.258,387.831,2.629,0.928906,living
3,B,B3,B3_00506,2.586,2.027,2.583,1.275,305.033,251.556,2.765,1.212586,living
3,B,B3,B3_00507,1.724,2.027,2.109,1.041,331.441,324.186,2.853,1.022379,living
3,B,B3,B3_00508,2.113,2.027,2.335,1.152,467.304,343.032,2.384,1.362275,living
3,B,B3,B3_00513,1.994,2.027,2.268,1.119,285.178,248.958,2.661,1.145488,living
3,B,B3,B3_00514,1.42,2.027,1.914,0.945,296.929,320.095,2.786,0.927626,living
3,B,B3,B3_00517,2.298,2.027,2.435,1.202,392.993,401.449,2.824,0.978937,living
3,B,B3,B3_00519,1.707,2.027,2.099,1.036,323.554,342.96,2.465,0.943416,living
3,B,B3,B3_00524,1.42,2.027,1.914,0.945,314.905,324.595,2.988,0.970146,living
3,B,B3,B3_00526,2.129,2.027,2.344,1.157,327.048,340.222,2.762,0.961276,living
3,B,B3,B3_00527,2.552,2.027,2.566,1.266,302.675,453.53,2.325,0.667377,living
3,B,B3,B3_00528,1.944,2.027,2.240,1.105,334.339,344.287,2.522,0.971106,living
3,B,B3,B3_00529,1.437,2.027,1.926,0.950,352.953,349.741,2.565,1.009183,living
3,B,B3,B3_00530,1.758,2.027,2.130,1.051,360.923,297.163,2.423,1.214561,living
3,B,B3,B3_00531,1.132,2.027,1.709,0.843,219.269,176.582,2.597,1.241738,living
3,B,B3,B3_00532,1.775,2.027,2.140,1.056,357.581,365.629,2.543,0.97799,living
3,B,B3,B3_00533,2.265,2.027,2.418,1.193,299.724,264.142,2.881,1.134708,living
3,B,B3,B3_00534,1.775,2.027,2.140,1.056,292.105,309.181,2.248,0.94477,living
3,B,B3,B3_00535,1.673,2.027,2.078,1.025,347.141,367.253,2.657,0.945239,living
3,B,B3,B3_00536,1.538,2.027,1.992,0.983,269.505,252.198,2.396,1.068627,living
3,B,B3,B3_00537,1.606,2.027,2.036,1.004,330.621,302.379,2.926,1.0934,living
3,B,B3,B3_00538,2.467,2.226,2.644,1.188,300.788,353.253,2.438,0.851478,living
3,B,B3,B3_00539,1.741,1.960,2.084,1.063,321.816,87.583,2.728,3.674426,living
3,B,B3,B3_00544,0.946,1.715,1.437,0.838,318.411,63.589,2.393,5.007301,living
3,B,B3,B3_00545,1.504,1.661,1.783,1.074,284.697,50.685,2.382,5.616936,living
3,B,B3,B3_00549,1.386,2.551,2.122,0.832,276.439,63.756,2.146,4.335884,living
3,B,B3,B3_00551,0.811,2.148,1.489,0.693,279.292,73.979,2.104,3.775275,living
3,B,B3,B3_00552,1.335,2.558,2.085,0.815,276.658,67.076,2.114,4.124552,living
3,B,B3,B3_00554,1.453,2.423,2.117,0.874,289.233,62.558,2.267,4.62342,living
3,B,B3,B3_00563,1.91,1.567,1.952,1.246,372.195,102.106,2.381,3.645172,living
3,B,B3,B3_00564,0.913,2.128,1.573,0.739,279.444,49.778,2.093,5.613839,living
3,B,B3,B3_00565,1.927,1.922,2.172,1.130,351.351,85.675,2.693,4.100952,living
3,B,B3,B3_00567,1.521,1.993,1.965,0.986,313.489,95.356,2.622,3.287579,living
3,B,B3,B3_00568,2.096,2.364,2.512,1.062,302.831,68.798,2.331,4.401711,living
3,B,B3,B3_00572,1.2,1.640,1.583,0.965,289.366,66.901,1.915,4.325263,living
3,B,B3,B3_00574,2.451,1.871,2.416,1.291,336.29,103.538,2.476,3.247985,living
3,B,B3,B3_00575,1.318,1.846,1.760,0.953,324.231,45.09,2.564,7.190788,living
3,B,B3,B3_00581,1.572,2.108,2.054,0.974,296.129,86.989,2.495,3.404203,living
3,B,B3,B3_00582,2.062,1.673,2.096,1.253,386.549,108.803,2.451,3.552735,living
3,B,B3,B3_00584,2.738,2.201,2.770,1.259,404.549,155.284,2.29,2.605223,living
3,B,B3,B3_00589,1.622,2.107,2.086,0.990,297.594,102.448,2.594,2.90483,living
3,B,B3,B3_00591,1.234,1.544,1.558,1.009,288.315,43.274,2.63,6.662551,living
3,B,B3,B3_00595,2.129,1.969,2.310,1.173,323.341,96.722,2.325,3.342988,living
3,B,B3,B3_00596,2.231,2.075,2.428,1.170,335.023,139.795,2.477,2.396521,living
3,B,B3,B3_00598,1.572,1.800,1.898,1.054,305.409,82.548,2.72,3.699753,living
3,B,B3,B3_00601,1.487,1.890,1.892,1.001,311.25,119.727,2.67,2.599658,living
3,B,B3,B3_00602,0.879,1.637,1.354,0.827,291.942,105.673,2.019,2.762693,living
3,B,B3,B3_00620,1.538,2.027,1.992,0.983,94.846,238.89,2.429,0.397028,living
3,B,B3,B3_00627,1.014,1.888,1.561,0.827,351.267,257.267,2.667,1.36538,living
3,B,B3,B3_00630,2.062,2.422,2.522,1.041,452.279,354.344,2.287,1.276382,living
3,B,B3,B3_00631,2.146,2.043,2.363,1.156,512.362,410.969,2.142,1.246719,living
3,B,B3,B3_00632,2.18,2.002,2.357,1.177,537.868,415.504,2.31,1.294496,living
3,B,B3,B3_00633,2.197,1.648,2.147,1.303,542.462,486.846,2.485,1.114236,living
3,B,B3,B3_00634,1.977,1.744,2.095,1.201,493.889,455.402,1.957,1.084513,living
3,B,B3,B3_00635,1.977,1.828,2.145,1.173,479.205,364.128,2.291,1.316034,living
3,B,B3,B3_00636,1.741,2.380,2.297,0.965,376.165,356.835,2.039,1.054171,living
3,B,B3,B3_00642,2.214,2.621,2.718,1.037,428.878,346.206,2.313,1.238793,living
3,B,B3,B3_00643,0.93,2.147,1.594,0.743,380.182,291.345,2.182,1.304918,living
3,B,B3,B3_00644,1.994,1.528,1.970,1.289,456.017,532.449,2.186,0.856452,living
3,B,B3,B3_00646,1.521,1.727,1.829,1.059,460.278,402.656,2.333,1.143105,living
3,B,B3,B3_00647,1.741,1.595,1.880,1.179,499.32,481.845,2.282,1.036268,living
3,B,B3,B3_00649,1.994,1.762,2.115,1.200,462.949,448.864,2.602,1.031379,living
3,B,B3,B3_00650,1.673,2.027,2.078,1.025,467.889,441.04,3,1.060875,living
3,B,B3,B3_00651,1.944,1.911,2.175,1.138,474.774,398.313,2.348,1.191962,living
3,B,B3,B3_00652,1.673,1.820,1.969,1.082,477.111,410.172,2.687,1.163198,living
3,B,B3,B3_00654,2.535,2.470,2.824,1.143,347.107,344.94,2.373,1.006281,living
3,B,B3,B3_00658,1.403,1.376,1.568,1.139,632.06,19.783,2.675,31.949452,living
3,B,B3,B3_00659,0.879,1.827,1.430,0.783,363.769,255.115,2.75,1.425901,living
3,B,B3,B3_00660,0.946,2.560,1.756,0.686,339.661,219.214,2.5,1.549446,living
3,B,B3,B3_00661,1.876,1.662,1.992,1.199,147.586,497.09,2.324,0.296899,living
3,B,B3,B3_00662,1.775,1.716,1.969,1.148,421.267,295.257,2.4,1.426779,living
3,B,B3,B3_00663,1.369,2.045,1.888,0.923,355.444,236.926,2.568,1.500234,living
3,B,B3,B3_00671,1.115,1.810,1.603,0.886,353.212,422.53,3.061,0.835945,living
3,B,B3,B3_00672,1.2,2.027,1.760,0.868,669.268,678.972,2.62,0.985707,living
3,B,B3,B3_00674,2.062,2.027,2.307,1.138,831.213,816.492,2.844,1.01803,living
3,B,B3,B3_00676,1.42,2.027,1.914,0.945,639.56,628.512,2.524,1.017577,living
3,B,B3,B3_00677,2.484,2.027,2.532,1.249,932.333,920.449,2.367,1.012911,living
3,B,B3,B3_00678,1.437,1.506,1.660,1.102,747.188,736.576,2.741,1.014407,living
3,B,B3,B3_00679,1.707,2.027,2.099,1.036,725.059,707.495,2.653,1.024826,living
3,B,B3,B3_00680,1.403,2.027,1.903,0.939,729.12,723.193,2.289,1.008197,living
3,B,B3,B3_00681,1.42,2.027,1.914,0.945,793.321,780.214,1.929,1.016799,living
3,B,B3,B3_00682,2.028,2.027,2.288,1.129,886.767,895.017,2.267,0.990782,living
3,B,B3,B3_00683,2.366,2.027,2.471,1.219,927.636,928.129,2.536,0.999469,living
3,B,B3,B3_00684,0.879,2.027,1.506,0.743,638.615,619.962,1.981,1.030089,living
3,B,B3,B3_00686,1.369,2.027,1.880,0.927,713.642,694.728,2.481,1.027224,living
3,B,B3,B3_00688,1.69,2.027,2.088,1.030,652.47,660.6,2.29,0.987693,living
3,B,B3,B3_00689,1.318,2.027,1.844,0.910,704.308,711.167,2.538,0.990355,living
3,B,B3,B3_00690,2.518,2.027,2.549,1.258,919.43,824.946,2.396,1.114533,living
3,B,B3,B3_00691,1.944,1.831,2.129,1.163,827.591,836.235,2.478,0.989664,living
3,B,B3,B3_00692,1.301,2.027,1.832,0.904,847.364,825.182,3.338,1.026881,living
3,B,B3,B3_00693,2.62,2.210,2.715,1.229,1046.174,1038.342,2.626,1.007543,living
3,B,B3,B3_00694,1.065,2.027,1.658,0.818,601.778,609.46,2.413,0.987395,living
3,B,B3,B3_00695,2.248,2.027,2.409,1.188,880.376,874.519,2.571,1.006698,living
3,B,B3,B3_00696,1.386,2.027,1.891,0.933,682.427,680.341,2.756,1.003065,living
3,B,B3,B3_00701,1.284,2.027,1.820,0.898,684.118,671.868,2.842,1.018233,living
3,B,B3,B3_00703,2.451,2.027,2.515,1.241,677.076,774.821,2.276,0.873848,living
3,B,B3,B3_00704,2.214,2.027,2.390,1.179,837.321,880.336,2.695,0.951138,living
3,B,B3,B3_00705,2.451,2.027,2.515,1.241,897.903,911.821,2.193,0.984737,living
3,B,B3,B3_00706,1.842,1.945,2.136,1.098,669.174,718.761,2.156,0.93101,living
3,B,B3,B3_00707,1.284,2.027,1.820,0.898,1827.697,1799.829,3.316,1.015484,living
3,B,B3,B3_00708,1.69,2.062,2.106,1.022,1911.08,1915.45,2.88,0.997719,living
3,B,B3,B3_00710,1.369,2.869,2.236,0.779,638.716,621.642,2.062,1.027466,living
3,B,B3,B3_00711,1.538,2.713,2.305,0.850,699.813,681.604,2.978,1.026715,living
3,B,B3,B3_00712,2.991,2.027,2.778,1.371,685.339,646.051,23.503,1.060813,dead
3,B,B3,B3_00713,2.366,2.320,2.644,1.140,860.957,860.579,2.164,1.00044,living
3,B,B3,B3_00714,1.166,2.027,1.735,0.856,700.449,644.188,36.435,1.087336,dead
3,B,B3,B3_00715,2.822,1.935,2.637,1.363,1121.988,1099.892,2.587,1.020089,living
3,B,B3,B3_00716,1.639,1.967,2.026,1.030,794.206,773.536,2.289,1.026722,living
3,B,B3,B3_00717,2.451,1.615,2.245,1.390,966.538,958.248,2.262,1.008651,living
3,B,B3,B3_00718,1.453,2.789,2.271,0.814,698.302,705.209,2.198,0.990206,living
3,B,B3,B3_00719,1.284,1.628,1.631,1.002,827.118,802.658,2.342,1.030474,living
3,B,B3,B3_00721,1.758,2.414,2.325,0.963,741.788,758.788,2.712,0.977596,living
3,B,B3,B3_00722,1.301,2.388,1.989,0.833,675.104,666.234,2.104,1.013314,living
3,B,B3,B3_00723,2.146,2.027,2.353,1.161,781.047,725.016,8.472,1.077283,dead
3,B,B3,B3_00724,1.555,2.027,2.003,0.988,815,730.25,91.989,1.116056,dead
3,B,B3,B3_00727,2.62,2.925,3.124,1.068,842.787,827.865,2.335,1.018025,living
3,B,B3,B3_00729,1.69,1.724,1.926,1.117,818.63,928.84,2.73,0.881347,living
3,B,B3,B3_00730,2.603,1.704,2.376,1.395,890.766,1222.331,2.597,0.728744,living
3,B,B3,B3_00732,2.569,2.027,2.575,1.270,1097.007,1132.493,3.73,0.968665,living
3,B,B3,B3_00733,1.268,2.027,1.809,0.893,642.84,621.373,1.8,1.034547,living
3,B,B3,B3_00736,1.842,2.027,2.180,1.076,633.422,628.615,2.422,1.007648,living
3,B,B3,B3_00737,1.69,2.253,2.202,0.977,622.78,634.67,2.67,0.981266,living
3,B,B3,B3_00738,2.451,2.027,2.515,1.241,660.903,651.538,5.717,1.014374,dead
3,B,B3,B3_00739,2.4,1.792,2.340,1.306,818.908,708.951,2.345,1.155099,living
3,B,B3,B3_00740,1.775,1.947,2.098,1.077,770.771,825.933,2.876,0.933213,living
3,B,B3,B3_00741,1.724,1.596,1.872,1.173,841.402,805.304,3.029,1.044825,living
3,B,B3,B3_00743,1.403,1.949,1.866,0.957,611.651,752.422,2,0.812909,living
3,B,B3,B3_00744,1.927,1.958,2.192,1.119,552.325,777.184,2.395,0.710674,living
3,B,B3,B3_00750,2.248,1.768,2.250,1.272,932.782,941.842,2.421,0.99038,living
3,B,B3,B3_00751,0.862,2.027,1.491,0.736,610.471,576.745,52.686,1.058476,dead
3,B,B3,B3_00752,1.758,2.027,2.130,1.051,581.827,599.038,2.702,0.971268,living
3,B,B3,B3_00753,1.876,2.027,2.200,1.086,712.973,723.829,2.937,0.985002,living
3,B,B3,B3_00754,2.282,2.027,2.427,1.197,1126.541,1034.496,3.089,1.088975,living
3,B,B3,B3_00756,2.298,2.027,2.435,1.202,1206.868,1139.441,2.309,1.059175,living
3,B,B3,B3_00757,1.42,2.027,1.914,0.945,574.083,556.464,2.536,1.031662,living
3,B,B3,B3_00758,1.893,2.027,2.210,1.091,891.214,901.143,2.312,0.988982,living
3,B,B3,B3_00759,1.791,2.027,2.150,1.061,969.453,941.538,2.443,1.029648,living
3,B,B3,B3_00760,0.845,2.027,1.477,0.729,710.64,733.36,2.24,0.969019,living
3,B,B3,B3_00761,1.572,1.848,1.923,1.041,844.978,837.785,2.774,1.008586,living
3,B,B3,B3_00763,2.214,1.595,2.120,1.329,742.137,812.061,2.412,0.913894,living
3,B,B3,B3_00765,1.386,2.027,1.891,0.933,566.854,510.805,58.28,1.109726,dead
3,B,B3,B3_00766,1.453,2.027,1.936,0.955,598.674,549.593,46.186,1.089305,dead
3,B,B3,B3_00767,1.808,1.485,1.849,1.245,761.486,736.458,2.299,1.033984,living
3,B,B3,B3_00768,2.991,2.027,2.778,1.371,884.565,874.763,2.328,1.011206,living
3,B,B3,B3_00770,0.946,2.340,1.679,0.717,511.214,470.161,1.893,1.087318,living
3,B,B3,B3_00772,1.69,1.667,1.894,1.136,625.5,601.59,2.29,1.039745,living
3,B,B3,B3_00775,1.842,2.027,2.180,1.076,568.505,553.578,2.917,1.026964,living
3,B,B3,B3_00776,1.842,2.027,2.180,1.076,708.119,704.156,2.688,1.005628,living
3,B,B3,B3_00778,1.555,1.619,1.790,1.106,542.402,467.217,2.75,1.16092,living
3,B,B3,B3_00779,1.69,1.637,1.877,1.147,313.97,564,2.63,0.556684,living
3,B,B3,B3_00781,1.082,2.027,1.671,0.824,296.812,484.328,50.781,0.612834,dead
3,B,B3,B3_00782,1.758,1.511,1.839,1.217,647.26,695.702,2.702,0.930369,living
3,B,B3,B3_00783,1.47,1.812,1.842,1.016,398.966,610.115,2.644,0.653919,living
3,B,B3,B3_00786,1.014,1.530,1.405,0.919,124.617,184.567,2.017,0.675185,living
3,B,B3,B3_00787,1.707,1.742,1.946,1.117,241.465,284.03,2.02,0.850141,living
3,B,B3,B3_00791,2.248,1.744,2.234,1.281,185.699,210.729,2.391,0.881222,living
3,B,B3,B3_00792,1.91,2.027,2.220,1.095,202.195,223.965,10.69,0.902798,dead
3,B,B3,B3_00793,2.383,1.981,2.452,1.238,282.404,324.021,2.213,0.871561,living
3,B,B3,B3_00794,1.47,1.849,1.860,1.006,185.678,228.161,1.839,0.813804,living
3,B,B3,B3_00795,1.082,1.613,1.491,0.924,186.672,243.281,2.016,0.767309,living
3,B,B3,B3_00796,1.825,1.954,2.131,1.090,200.88,247.574,2.778,0.811392,living
3,B,B3,B3_00797,1.099,1.976,1.663,0.842,178.123,221.6,2.569,0.803804,living
3,B,B3,B3_00798,1.606,2.158,2.101,0.973,197.674,229.611,2.537,0.860909,living
3,B,B3,B3_00799,2.67,2.010,2.614,1.301,256.911,308.449,2.576,0.832913,living
3,B,B3,B3_00800,1.318,1.803,1.739,0.965,184.667,211.987,2.436,0.871122,living
3,B,B3,B3_00801,1.453,1.981,1.914,0.966,216.384,255.709,2.302,0.84621,living
3,B,B3,B3_00803,2.332,1.887,2.367,1.254,240.13,277.21,2.63,0.86624,living
3,B,B3,B3_00804,1.149,1.795,1.620,0.903,189.662,235.176,2.809,0.806466,living
3,B,B3,B3_00805,1.099,2.140,1.730,0.809,175.031,221.092,2.138,0.791664,living
3,B,B3,B3_00806,2.045,2.747,2.674,0.974,188.512,227.248,2.223,0.829545,living
3,B,B3,B3_00807,1.673,1.849,1.985,1.073,224.566,266.525,2.323,0.842568,living
3,B,B3,B3_00808,1.521,1.771,1.852,1.046,212.178,254.733,2.644,0.832941,living
3,B,B3,B3_00809,1.369,1.615,1.678,1.039,221.37,257.691,2.679,0.859052,living
3,B,B3,B3_00810,2.738,1.825,2.522,1.382,346.395,389.111,2.444,0.890221,living
3,B,B3,B3_00811,1.91,1.823,2.106,1.155,231.159,282.407,2.593,0.818532,living
3,B,B3,B3_00812,1.403,1.667,1.726,1.035,217.723,258,2.205,0.843887,living
3,B,B3,B3_00813,2.096,1.535,2.024,1.319,311.444,354.177,2.71,0.879343,living
3,B,B3,B3_00815,1.318,1.539,1.607,1.044,231.385,258.859,2.013,0.893864,living
3,B,B3,B3_00816,1.808,1.739,2.001,1.151,252.86,295.065,2.477,0.856962,living
4,A,A4,A4_00001,2.079,1.989,2.295,1.154,59.455,574.618,2.65,0.103469,living
4,A,A4,A4_00003,1.048,1.989,1.629,0.819,58.71,286.5,2.145,0.20492,living
4,A,A4,A4_00004,1.048,1.989,1.629,0.819,57.419,295.5,2.968,0.194313,living
4,A,A4,A4_00008,1.234,1.989,1.768,0.889,50.589,245.37,2.137,0.206175,living
4,A,A4,A4_00009,2.028,1.989,2.266,1.139,23.983,385.317,2.592,0.062243,living
4,A,A4,A4_00020,1.724,1.842,2.011,1.092,14.882,342.676,3.186,0.04343,living
4,A,A4,A4_00022,2.062,1.747,2.142,1.226,29.008,322.18,2.156,0.090037,living
4,A,A4,A4_00025,1.91,1.617,1.983,1.226,30.841,334.947,2.664,0.092076,living
4,A,A4,A4_00030,1.775,1.953,2.101,1.076,28.495,284.467,2.457,0.100171,living
4,A,A4,A4_00032,2.789,1.989,2.658,1.336,73.127,531.327,2.582,0.137631,living
4,A,A4,A4_00041,2.941,1.989,2.729,1.372,33.971,377.454,2.569,0.090001,living
4,A,A4,A4_00047,1.47,1.989,1.929,0.970,32.011,313.333,3,0.102164,living
4,A,A4,A4_00048,1.437,1.989,1.908,0.959,58.965,281.541,2.318,0.209435,living
4,A,A4,A4_00051,1.099,2.076,1.704,0.821,19.846,918.477,2.6,0.021608,living
4,A,A4,A4_00052,1.369,1.698,1.720,1.013,38.025,290.012,2.519,0.131114,living
4,A,A4,A4_00053,1.622,1.989,2.027,1.019,25,497.594,3.562,0.050242,living
4,A,A4,A4_00055,2.197,1.989,2.359,1.186,129.554,720.615,5.108,0.179782,dead
4,A,A4,A4_00065,1.048,2.189,1.709,0.781,25.387,454.516,2.274,0.055855,living
4,A,A4,A4_00066,1.91,1.989,2.199,1.106,94.85,395.956,2.717,0.239546,living
4,A,A4,A4_00068,1.403,1.989,1.885,0.948,11.036,540.373,2.422,0.020423,living
4,A,A4,A4_00070,2.704,2.003,2.626,1.311,16.05,512.087,2.544,0.031342,living
4,A,A4,A4_00071,1.775,1.989,2.120,1.066,117.267,586.943,2.552,0.199792,living
4,A,A4,A4_00072,2.028,1.622,2.047,1.262,72.208,645.967,2.708,0.111783,living
4,A,A4,A4_00074,2.873,1.748,2.529,1.447,144.047,532.865,1.894,0.270326,living
4,A,A4,A4_00075,1.217,1.989,1.756,0.883,58.778,234.764,2.389,0.25037,living
4,A,A4,A4_00076,1.352,1.989,1.850,0.930,72.875,209.575,1.9,0.347728,living
4,A,A4,A4_00078,1.538,1.989,1.974,0.992,55.714,390.725,2.648,0.142592,living
4,A,A4,A4_00081,1.132,1.989,1.693,0.851,41.119,820.91,3.791,0.05009,living
4,A,A4,A4_00083,2.772,2.739,3.109,1.135,49.848,302.207,2.445,0.164945,living
4,A,A4,A4_00085,1.437,1.989,1.908,0.959,10.918,361.882,41.224,0.030169,dead
4,A,A4,A4_00087,1.859,2.366,2.366,1.000,27.427,772.2,2.918,0.035518,living
4,A,A4,A4_00092,1.47,1.617,1.740,1.076,40.126,542.471,3,0.07397,living
4,A,A4,A4_00093,2.62,1.494,2.232,1.494,133.723,930.071,2.477,0.143777,living
4,A,A4,A4_00094,1.758,1.989,2.110,1.061,65.298,573.115,37.827,0.113935,dead
4,A,A4,A4_00102,0.98,1.989,1.575,0.792,22.172,412.552,48.862,0.053745,dead
4,A,A4,A4_00104,1.69,1.793,1.964,1.095,87.59,525.47,2.32,0.166689,living
4,A,A4,A4_00105,1.403,1.989,1.885,0.948,70.614,425.169,3.12,0.166086,living
4,A,A4,A4_00120,1.859,2.133,2.247,1.053,81.4,827.718,3.118,0.098343,living
4,A,A4,A4_00121,2.569,1.807,2.431,1.345,158.441,927.855,2.487,0.17076,living
4,A,A4,A4_00122,1.369,1.989,1.862,0.936,37.765,563.395,16.407,0.067032,dead
4,A,A4,A4_00123,1.775,1.989,2.120,1.066,119.876,692.657,98.99,0.173067,dead
4,A,A4,A4_00124,0.913,1.731,1.419,0.819,68.111,536.444,2.481,0.126968,living
4,A,A4,A4_00125,1.403,2.555,2.136,0.836,62.386,500.904,2.482,0.124546,living
4,A,A4,A4_00127,2.282,1.989,2.404,1.209,60.481,424.519,2.748,0.142471,living
4,A,A4,A4_00136,1.352,2.133,1.916,0.898,20.288,320.212,2.962,0.063356,living
4,A,A4,A4_00139,1.166,1.846,1.655,0.897,64.116,358.058,3.319,0.179066,living
4,A,A4,A4_00140,1.268,3.033,2.213,0.730,18.52,426.413,2.093,0.043432,living
4,A,A4,A4_00142,2.366,1.989,2.448,1.231,15.686,256.943,5.257,0.061047,dead
4,A,A4,A4_00146,2.704,1.989,2.617,1.316,19.2,220.8,7.719,0.086957,dead
4,A,A4,A4_00147,0.913,1.989,1.521,0.764,39.963,307,2.37,0.130173,living
4,A,A4,A4_00160,0.913,1.989,1.521,0.764,51.056,273.278,2.074,0.186827,living
4,A,A4,A4_00161,1.031,1.552,1.427,0.920,40.426,387.033,2.246,0.104452,living
4,A,A4,A4_00162,2.383,1.989,2.457,1.235,122.305,1333.369,2.759,0.091726,living
4,A,A4,A4_00163,1.47,1.989,1.929,0.970,21.943,1031.103,2.862,0.021281,living
4,A,A4,A4_00164,1.031,1.905,1.581,0.830,71.098,894.607,2.803,0.079474,living
4,A,A4,A4_00178,1.014,1.735,1.497,0.863,42.85,355.567,2.6,0.120512,living
4,A,A4,A4_00179,2.332,1.665,2.223,1.335,16.196,680.094,2.667,0.023814,living
4,A,A4,A4_00180,2.062,2.264,2.438,1.077,70.344,713.066,3.123,0.09865,living
4,A,A4,A4_00181,2.789,1.989,2.658,1.336,70.036,177.327,11.248,0.394955,dead
4,A,A4,A4_00184,1.96,1.989,2.228,1.120,27.517,358.647,3.302,0.076725,living
4,A,A4,A4_00185,1.656,1.423,1.732,1.217,326.694,1358.276,2.786,0.240521,living
4,A,A4,A4_00186,1.91,1.989,2.199,1.106,86.752,553.319,3.08,0.156785,living
4,A,A4,A4_00191,2.366,1.989,2.448,1.231,87.493,347.65,2.193,0.251669,living
4,A,A4,A4_00192,2.045,1.989,2.276,1.144,23.05,524.066,2.248,0.043982,living
4,A,A4,A4_00194,1.082,1.989,1.655,0.832,80.734,201.031,28.594,0.401601,dead
4,A,A4,A4_00195,2.856,1.989,2.689,1.352,79.675,411.876,19.29,0.193443,dead
4,A,A4,A4_00196,2.4,1.738,2.305,1.326,61.359,448.725,2.824,0.136741,living
4,A,A4,A4_00200,0.997,2.152,1.653,0.768,37.186,263.492,2.525,0.14113,living
4,A,A4,A4_00201,1.318,2.295,1.962,0.855,39.308,286.385,2.218,0.137255,living
4,A,A4,A4_00202,2.096,2.196,2.421,1.102,11.419,408.177,2.411,0.027976,living
7,A,A7,A7_00002,2.231,1.824,2.276,1.248,87.515,623.811,2.258,0.140291,living
7,A,A7,A7_00003,1.42,2.251,2.017,0.896,60.381,499.94,12.262,0.120776,dead
7,A,A7,A7_00004,1.758,1.515,1.841,1.216,62.058,611.817,2.462,0.101432,living
7,A,A7,A7_00005,1.741,1.939,2.073,1.069,41.204,558.922,2.583,0.07372,living
7,A,A7,A7_00006,2.231,1.885,2.314,1.228,48.826,672.167,2.629,0.072639,living
7,A,A7,A7_00009,1.91,2.251,2.340,1.039,127.142,758.027,2.805,0.167727,living
7,A,A7,A7_00010,2.062,2.251,2.431,1.080,80.098,618.131,3.23,0.129581,living
7,A,A7,A7_00011,1.352,2.476,2.065,0.834,49.188,647.925,2.337,0.075915,living
7,A,A7,A7_00012,1.893,1.927,2.155,1.118,115.652,533.759,2.911,0.216674,living
7,A,A7,A7_00013,1.69,2.251,2.201,0.978,39.46,521.73,5.53,0.075633,dead
7,A,A7,A7_00014,2.772,1.955,2.627,1.344,81.067,738.598,2.634,0.109758,living
7,A,A7,A7_00016,2.028,2.255,2.413,1.070,45.15,587.117,2.408,0.076901,living
7,A,A7,A7_00017,1.69,2.079,2.115,1.017,31.77,585.65,1.97,0.054247,living
7,A,A7,A7_00018,1.386,2.661,2.167,0.814,13.232,504.146,2.256,0.026246,living
7,A,A7,A7_00019,2.298,2.930,2.928,0.999,89.765,568.037,2.287,0.158026,living
7,A,A7,A7_00020,1.082,1.703,1.532,0.899,84.359,567.672,2.078,0.148606,living
7,A,A7,A7_00021,2.4,2.251,2.622,1.165,144.246,642.465,19.169,0.22452,dead
7,A,A7,A7_00022,1.572,1.803,1.900,1.054,96.806,594.978,2.882,0.162706,living
7,A,A7,A7_00024,2.079,1.983,2.291,1.155,91.187,684.187,2.26,0.133278,living
7,A,A7,A7_00025,2.636,2.501,2.897,1.158,29.853,653.417,2.821,0.045687,living
7,A,A7,A7_00026,1.791,1.547,1.878,1.214,58.962,626.255,2.425,0.094151,living
7,A,A7,A7_00027,1.437,1.981,1.904,0.961,71.918,491.847,2,0.14622,living
7,A,A7,A7_00028,2.062,1.665,2.091,1.256,151.131,671.123,2.336,0.225191,living
7,A,A7,A7_00029,1.268,2.607,2.052,0.787,65.907,475.6,2.84,0.138576,living
7,A,A7,A7_00030,0.828,2.251,1.540,0.684,33.551,462.857,39.918,0.072487,dead
7,A,A7,A7_00031,1.944,1.964,2.205,1.123,50.209,592.339,2.904,0.084763,living
7,A,A7,A7_00032,1.538,2.379,2.158,0.907,13.066,528.615,2.736,0.024717,living
7,A,A7,A7_00033,1.673,2.346,2.235,0.953,58.818,515.182,2.141,0.11417,living
7,A,A7,A7_00034,1.673,2.404,2.263,0.941,60.384,553.091,2.495,0.109175,living
7,A,A7,A7_00035,1.994,1.619,2.027,1.252,110.356,682.763,2.542,0.161631,living
7,A,A7,A7_00036,1.656,2.251,2.178,0.968,128.5,537.398,14.969,0.239115,dead
7,A,A7,A7_00037,0.946,2.204,1.629,0.739,34.768,513.125,2.375,0.067757,living
7,A,A7,A7_00038,1.994,2.251,2.390,1.062,58.441,650.517,54.686,0.089837,dead
7,A,A7,A7_00039,1.673,1.924,2.024,1.052,89.717,615.535,2.566,0.145755,living
7,A,A7,A7_00040,1.318,2.251,1.943,0.863,33.09,516.013,28.346,0.064126,dead
7,A,A7,A7_00041,1.318,1.699,1.689,0.994,39.397,609.179,3.026,0.064673,living
7,A,A7,A7_00042,1.96,2.436,2.466,1.012,26.491,616.216,2.103,0.04299,living
7,A,A7,A7_00043,2.129,2.251,2.470,1.097,104.127,495.048,18.968,0.210337,dead
7,A,A7,A7_00044,1.386,2.432,2.072,0.852,39.659,519.207,2.415,0.076383,living
7,A,A7,A7_00045,2.958,2.380,2.994,1.258,155.251,696.651,2.549,0.222854,living
7,A,A7,A7_00046,2.332,1.724,2.262,1.312,122.138,750.899,2.13,0.162655,living
7,A,A7,A7_00048,2.755,2.782,3.124,1.123,76.742,671.712,2.092,0.114249,living
7,A,A7,A7_00049,0.896,1.893,1.470,0.776,59.604,587.566,2.755,0.101442,living
7,A,A7,A7_00050,2.772,2.251,2.818,1.252,46.213,685.841,8.604,0.067382,dead
7,A,A7,A7_00051,1.115,2.198,1.766,0.804,21.091,578.879,2.47,0.036434,living
7,A,A7,A7_00052,0.946,2.251,1.646,0.732,41.5,618.804,2.286,0.067065,living
7,A,A7,A7_00053,0.997,2.251,1.690,0.751,112.746,636.949,2.831,0.177009,living
7,A,A7,A7_00054,0.879,2.251,1.587,0.705,58.692,712.481,2.596,0.082377,living
7,A,A7,A7_00055,2.315,2.650,2.795,1.055,80.307,773.372,2.796,0.103839,living
7,A,A7,A7_00056,1.082,2.251,1.761,0.782,130.438,556.641,11.188,0.23433,dead
7,A,A7,A7_00057,1.284,3.085,2.246,0.728,14.803,605.434,2.737,0.02445,living
7,A,A7,A7_00058,2.552,2.853,3.045,1.067,71.616,464.854,2.351,0.154061,living
7,A,A7,A7_00059,1.91,2.251,2.340,1.039,13.938,453.283,45.602,0.030749,dead
7,A,A7,A7_00060,2.045,2.069,2.321,1.122,54.595,541.058,2.364,0.100904,living
7,A,A7,A7_00061,2.687,2.251,2.775,1.233,79.377,565,5.013,0.140491,dead
7,A,A7,A7_00062,1.606,2.251,2.145,0.953,49.158,476.484,3.368,0.103168,living
7,A,A7,A7_00063,2.721,2.251,2.792,1.241,83.553,538.807,5.696,0.15507,dead
7,A,A7,A7_00064,1.572,2.251,2.122,0.943,29.72,471.688,6.957,0.063009,dead
7,A,A7,A7_00065,1.673,2.317,2.222,0.959,15.545,471.253,2.394,0.032988,living
7,A,A7,A7_00066,1.791,2.251,2.265,1.007,20.783,502.075,5.632,0.041394,dead
7,A,A7,A7_00067,1.453,2.251,2.041,0.907,15.93,496.895,3.43,0.03206,living
7,A,A7,A7_00068,1.842,2.827,2.575,0.911,14.064,474.33,2.541,0.029651,living
7,A,A7,A7_00069,2.822,2.157,2.784,1.291,47.353,475.647,3.036,0.099556,living
7,A,A7,A7_00070,1.099,2.251,1.775,0.788,27.8,323.754,5.062,0.085868,dead
7,A,A7,A7_00072,2.687,2.812,3.102,1.103,42.824,445.145,2.616,0.096202,living
7,A,A7,A7_00073,1.994,1.666,2.057,1.234,72.661,503.39,2.602,0.144343,living
7,A,A7,A7_00074,0.913,2.251,1.617,0.719,20.148,388.759,78.222,0.051827,dead
7,A,A7,A7_00075,2.096,2.391,2.526,1.056,60.363,559.984,2.323,0.107794,living
7,A,A7,A7_00076,1.437,1.697,1.762,1.038,103.376,542.718,2.035,0.190479,living
7,A,A7,A7_00077,1.589,2.251,2.134,0.948,100.872,517.457,18.713,0.194938,dead
7,A,A7,A7_00078,1.538,2.251,2.099,0.933,44.066,477.857,3.549,0.092216,living
7,A,A7,A7_00079,2.941,2.474,3.044,1.230,79.718,685.937,2.5,0.116218,living
7,A,A7,A7_00080,1.758,1.949,2.089,1.072,28.76,443.75,2.394,0.06481,living
7,A,A7,A7_00081,1.622,2.785,2.398,0.861,19.542,343.646,2.146,0.056866,living
7,A,A7,A7_00084,2.738,3.083,3.278,1.063,19.321,415.846,2.698,0.046462,living
7,A,A7,A7_00085,2.045,1.570,2.022,1.288,19.612,460.413,3.182,0.042596,living
7,A,A7,A7_00086,2.011,1.933,2.225,1.151,19.546,465.034,2.723,0.042032,living
7,A,A7,A7_00087,1.758,2.251,2.244,0.997,10.635,371.788,36.077,0.028604,dead
7,A,A7,A7_00088,2.366,2.144,2.541,1.185,18.586,469.114,2.7,0.039619,living
7,A,A7,A7_00089,1.318,2.251,1.943,0.863,11.91,381.615,26.231,0.03121,dead
7,A,A7,A7_00090,1.386,2.251,1.993,0.885,75.89,381.11,25.183,0.19913,dead
7,A,A7,A7_00092,2.366,2.251,2.604,1.157,83.114,414.464,3.893,0.200534,living
7,A,A7,A7_00093,1.437,1.886,1.858,0.985,92.8,398.929,2.753,0.232623,living
7,A,A7,A7_00094,2.163,2.251,2.490,1.106,65.344,417.891,3.906,0.156366,living
7,A,A7,A7_00096,1.927,1.798,2.100,1.168,64.096,503.684,2.632,0.127255,living
7,A,A7,A7_00097,2.298,2.251,2.566,1.140,77.162,510.294,2.64,0.15121,living
7,A,A7,A7_00098,2.062,2.083,2.339,1.123,21.557,490.943,2.664,0.04391,living
7,A,A7,A7_00099,1.775,2.251,2.255,1.002,16.21,370.429,23.743,0.043759,dead
7,A,A7,A7_00101,1.453,2.251,2.041,0.907,14.442,433.395,5.105,0.033323,dead
7,A,A7,A7_00102,2.045,3.089,2.836,0.918,65.471,444.471,2.314,0.147301,living
7,A,A7,A7_00103,1.217,1.821,1.680,0.922,38.097,495.139,2.542,0.076942,living
7,A,A7,A7_00104,2.704,2.251,2.784,1.237,66.013,516.056,2.85,0.127917,living
7,A,A7,A7_00105,1.944,2.432,2.453,1.009,24.922,520.339,2.209,0.047895,living
7,A,A7,A7_00106,2.349,2.740,2.863,1.045,20.95,534.36,2.388,0.039205,living
7,A,A7,A7_00108,1.437,2.251,2.029,0.902,43.553,393.2,17.647,0.110765,dead
7,A,A7,A7_00109,1.622,1.618,1.828,1.130,83.052,476.802,2.188,0.174186,living
7,A,A7,A7_00110,2.315,2.251,2.576,1.144,82.226,512.825,9.847,0.16034,dead
7,A,A7,A7_00111,1.622,1.588,1.811,1.140,43.771,506.479,2.615,0.086422,living
7,A,A7,A7_00113,2.366,2.413,2.696,1.117,46.879,524.364,2.643,0.089401,living
7,A,A7,A7_00114,2.062,2.030,2.309,1.137,23.418,530.926,2.164,0.044108,living
7,A,A7,A7_00115,1.977,2.706,2.610,0.964,29.137,432.436,2.564,0.067378,living
7,A,A7,A7_00118,1.487,1.545,1.710,1.107,15.5,513.784,2.807,0.030168,living
7,A,A7,A7_00119,2.484,2.650,2.895,1.092,111.571,612.864,2.707,0.182049,living
7,A,A7,A7_00120,2.129,3.172,2.932,0.924,63.254,593.556,2.54,0.106568,living
7,A,A7,A7_00123,2.298,2.400,2.650,1.104,83.919,469.963,2.566,0.178565,living
7,A,A7,A7_00124,1.673,1.501,1.788,1.191,94.616,508.788,2.192,0.185964,living
7,A,A7,A7_00125,2.062,1.786,2.165,1.212,102.877,499.066,2.344,0.206139,living
7,A,A7,A7_00126,1.166,2.251,1.828,0.812,49.58,398.565,28.507,0.124395,dead
7,A,A7,A7_00127,2.045,2.231,2.410,1.080,54.802,461.174,3.248,0.118831,living
7,A,A7,A7_00128,1.91,2.160,2.292,1.061,74.85,467.389,2.628,0.160144,living
7,A,A7,A7_00129,2.434,1.939,2.451,1.264,109.458,544.826,2.285,0.200905,living
7,A,A7,A7_00130,1.606,2.909,2.439,0.838,19.2,446.8,2.032,0.042972,living
7,A,A7,A7_00131,1.656,2.251,2.178,0.968,120.939,577.306,2.224,0.209488,living
7,A,A7,A7_00132,1.183,2.251,1.841,0.818,42.557,593.386,2.757,0.071719,living
7,A,A7,A7_00133,1.639,2.251,2.167,0.963,64.175,619.196,2.052,0.103643,living
7,A,A7,A7_00134,1.944,2.260,2.365,1.047,35.635,699.13,2.183,0.05097,living
7,A,A7,A7_00135,1.622,1.556,1.793,1.152,61.146,653.448,2.844,0.093574,living
7,A,A7,A7_00136,2.704,2.446,2.902,1.186,75.756,619.812,2.625,0.122224,living
7,A,A7,A7_00137,1.42,2.459,2.109,0.857,24.19,541.714,2.179,0.044655,living
7,A,A7,A7_00138,2.028,1.546,1.998,1.292,34.583,705.442,2.708,0.049024,living
7,A,A7,A7_00139,1.656,1.728,1.909,1.105,33.469,633.214,2.224,0.052856,living
7,A,A7,A7_00140,1.775,1.878,2.060,1.097,23.962,624.505,2.495,0.038369,living
7,A,A7,A7_00141,1.268,2.251,1.906,0.847,14.44,493.813,4.587,0.029242,living
7,A,A7,A7_00142,2.484,2.251,2.668,1.185,126.429,626.639,2.354,0.201756,living
7,A,A7,A7_00143,1.504,2.251,2.076,0.922,46.236,386.36,2.506,0.119671,living
7,A,A7,A7_00144,2.146,2.251,2.480,1.102,22.961,439.024,2.693,0.052299,living
7,A,A7,A7_00145,1.538,2.665,2.284,0.857,11.571,410.659,2.615,0.028178,living
7,A,A7,A7_00146,2.89,3.081,3.367,1.093,94.398,482.889,2.456,0.195485,living
7,A,A7,A7_00147,1.386,2.251,1.993,0.885,70.878,446.902,24.037,0.158598,dead
7,A,A7,A7_00148,2.248,2.472,2.660,1.076,71.188,553.977,2.624,0.128503,living
7,A,A7,A7_00149,2.231,2.359,2.589,1.097,99.644,560.508,2.72,0.177774,living
7,A,A7,A7_00150,2.636,2.135,2.677,1.254,35.968,612.192,2.673,0.058753,living
7,A,A7,A7_00151,2.028,1.578,2.019,1.279,54.867,648.433,2.175,0.084614,living
7,A,A7,A7_00152,2.028,2.251,2.411,1.071,30.433,506.6,3.692,0.060074,living
7,A,A7,A7_00154,1.893,2.251,2.329,1.035,82.58,479.866,2.83,0.17209,living
7,A,A7,A7_00155,2.873,2.350,2.932,1.248,128.771,561.259,2.035,0.229432,living
7,A,A7,A7_00157,2.67,2.594,2.970,1.145,53.424,560.525,2.506,0.095311,living
7,A,A7,A7_00158,2.924,2.251,2.895,1.286,35.925,506.439,3.312,0.070936,living
7,A,A7,A7_00159,1.065,2.705,1.915,0.708,14.54,449.048,2.333,0.032379,living
7,A,A7,A7_00160,2.873,1.892,2.631,1.390,63.818,320.171,2.253,0.199324,living
7,A,A7,A7_00161,1.335,1.786,1.742,0.976,34.544,235.848,2.291,0.146468,living
7,A,A7,A7_00162,1.065,2.807,1.951,0.695,46.381,182.333,2.302,0.254375,living
7,A,A7,A7_00163,1.335,2.251,1.956,0.869,12.354,263.646,3.291,0.04686,living
7,A,A7,A7_00164,1.825,2.720,2.514,0.924,94.491,422.676,2.954,0.223554,living
7,A,A7,A7_00167,1.791,2.325,2.303,0.990,33.934,471.613,2,0.071953,living
7,A,A7,A7_00168,1.572,2.251,2.122,0.943,36.495,460.237,46.333,0.079295,dead
7,A,A7,A7_00169,1.994,2.265,2.398,1.059,24.949,515.72,2.508,0.048377,living
7,A,A7,A7_00170,1.724,2.394,2.292,0.958,54.324,367.069,2.627,0.147993,living
7,A,A7,A7_00172,2.653,2.318,2.798,1.207,104.841,439.854,2.172,0.238354,living
7,A,A7,A7_00173,1.639,2.251,2.167,0.963,99.165,395.763,2.474,0.250567,living
7,A,A7,A7_00174,2.146,1.964,2.317,1.180,62.764,450.906,2.512,0.139195,living
7,A,A7,A7_00175,2.451,2.528,2.809,1.111,30.524,456.31,2.179,0.066893,living
7,A,A7,A7_00176,1.437,1.959,1.893,0.966,34.694,488.282,2.424,0.071053,living
7,A,A7,A7_00177,1.741,1.973,2.091,1.060,112.165,458.233,2.68,0.244777,living
7,A,A7,A7_00178,1.099,2.465,1.857,0.753,19.6,431.862,2.031,0.045385,living
7,A,A7,A7_00179,2.738,1.938,2.599,1.341,80.407,647.988,2.105,0.124088,living
7,A,A7,A7_00180,1.808,2.251,2.276,1.011,21.486,451.103,15.533,0.04763,dead
7,A,A7,A7_00181,2.822,3.147,3.363,1.069,20.928,526.826,2.904,0.039725,living
7,A,A7,A7_00182,1.132,2.251,1.801,0.800,17.836,481.03,7.03,0.037078,dead
7,A,A7,A7_00183,1.724,2.251,2.223,0.988,96.422,528.01,2.108,0.182613,living
7,A,A7,A7_00184,1.977,2.251,2.380,1.058,134.017,799.137,2.479,0.167702,living
7,A,A7,A7_00185,2.011,2.251,2.401,1.067,65.832,587.588,2.655,0.112038,living
7,A,A7,A7_00186,1.132,2.251,1.801,0.800,22.642,585.269,2.716,0.038686,living
7,A,A7,A7_00187,1.318,2.565,2.075,0.809,18.859,546.897,2.705,0.034484,living
7,A,A7,A7_00189,1.859,1.930,2.137,1.107,65.491,544.518,2.482,0.120273,living
7,A,A7,A7_00190,1.369,1.879,1.810,0.963,56.247,472.543,2.531,0.11903,living
7,A,A7,A7_00191,1.099,1.897,1.629,0.859,48.585,457.185,2.585,0.106269,living
7,A,A7,A7_00192,2.451,2.251,2.650,1.178,43.869,532.497,2.966,0.082384,living
7,A,A7,A7_00193,1.487,1.794,1.843,1.027,62.432,362.989,2.455,0.171994,living
7,A,A7,A7_00194,2.011,1.783,2.137,1.198,88.176,390.647,2.403,0.225719,living
7,A,A7,A7_00195,1.927,2.251,2.350,1.044,32.491,380.877,2.623,0.085306,living
7,A,A7,A7_00196,1.301,2.251,1.931,0.858,10.364,305.351,3.104,0.03394,living
7,A,A7,A7_00197,2.772,1.656,2.418,1.460,242.463,1061.823,2.402,0.228346,living
7,A,A7,A7_00199,2.129,2.251,2.470,1.097,38.881,591.571,27.349,0.065725,dead
7,A,A7,A7_00200,1.437,1.842,1.836,0.997,15.871,389.341,2.494,0.040763,living
7,A,A7,A7_00201,2.231,2.024,2.398,1.185,85.561,423.705,2.462,0.201935,living
7,A,A7,A7_00202,1.589,2.338,2.175,0.930,76.468,348.245,2.479,0.219581,living
7,A,A7,A7_00203,2.518,2.251,2.686,1.194,83.054,422.027,3.356,0.196797,living
7,A,A7,A7_00204,1.251,2.197,1.871,0.851,48.946,353.284,2.581,0.138546,living
7,A,A7,A7_00205,1.758,2.251,2.244,0.997,71.875,369.385,3.192,0.19458,living
7,A,A7,A7_00207,1.048,2.355,1.773,0.753,41.484,341.661,2.71,0.121418,living
7,A,A7,A7_00208,1.099,2.607,1.910,0.733,67.723,312.877,2.892,0.216453,living
7,A,A7,A7_00210,1.284,2.251,1.918,0.852,28.829,370.447,25.368,0.077822,dead
7,A,A7,A7_00211,2.552,2.092,2.607,1.246,51.815,542.066,2.457,0.095587,living
7,A,A7,A7_00212,1.268,1.911,1.756,0.919,15.733,419.627,2.293,0.037494,living
7,A,A7,A7_00213,1.234,2.251,1.880,0.836,40.11,309.205,15.178,0.129718,dead
7,A,A7,A7_00214,2.805,1.831,2.557,1.397,85.114,505.91,2.687,0.16824,living
7,A,A7,A7_00215,1.673,1.948,2.037,1.046,68.768,346.475,2.404,0.198478,living
7,A,A7,A7_00216,2.062,2.333,2.475,1.061,50.656,368.016,2.385,0.137645,living
7,A,A7,A7_00217,2.248,2.251,2.538,1.128,58.722,454.143,3,0.129302,living
7,A,A7,A7_00218,1.893,2.010,2.201,1.095,49.482,384.446,2.241,0.12871,living
7,A,A7,A7_00219,2.011,2.091,2.314,1.107,72.756,355.319,2.361,0.204763,living
7,A,A7,A7_00221,1.673,1.887,2.005,1.062,56.061,354.899,2.202,0.157962,living
7,A,A7,A7_00222,2.282,2.165,2.508,1.158,39.563,415.23,2.896,0.09528,living
7,A,A7,A7_00223,2.113,2.635,2.663,1.010,28.184,346.832,2.296,0.081261,living
7,A,A7,A7_00224,1.453,2.518,2.158,0.857,11.558,358.023,2.593,0.032283,living
7,A,A7,A7_00225,2.789,2.251,2.827,1.256,51.133,280.655,2.345,0.182193,living
7,A,A7,A7_00226,1.352,1.690,1.706,1.009,54.8,253.812,2.612,0.215907,living
7,A,A7,A7_00228,1.166,2.251,1.828,0.812,31.217,277.855,24.406,0.112351,dead
7,A,A7,A7_00229,1.741,2.074,2.144,1.034,53.806,370.563,2.728,0.1452,living
7,A,A7,A7_00231,2.231,2.251,2.528,1.123,41.629,421.902,4.424,0.098669,living
7,A,A7,A7_00232,1.386,2.187,1.965,0.898,13.244,353.463,2.22,0.037469,living
7,A,A7,A7_00233,2.315,1.882,2.355,1.251,25.679,440.066,1.949,0.058352,living
7,A,A7,A7_00234,2.265,1.599,2.147,1.343,55.985,472.56,2.246,0.118472,living
7,A,A7,A7_00235,2.484,2.470,2.795,1.132,23.163,380.891,2.748,0.060813,living
7,A,A7,A7_00236,2.349,2.251,2.594,1.153,52.691,312.022,3.914,0.168869,living
7,A,A7,A7_00237,1.335,2.251,1.956,0.869,58.557,279.316,34.089,0.209644,dead
7,A,A7,A7_00239,1.775,2.655,2.450,0.923,18.057,320.933,3.295,0.056264,living
7,A,A7,A7_00240,0.93,1.859,1.484,0.798,16.164,313.673,3.182,0.05153,living
7,A,A7,A7_00241,1.758,2.055,2.145,1.044,45.942,422.779,2.077,0.108667,living
7,A,A7,A7_00242,1.048,2.251,1.733,0.770,21.129,367.048,2.774,0.057565,living
7,A,A7,A7_00243,1.335,1.643,1.671,1.017,50.949,403.861,2.443,0.126156,living
7,A,A7,A7_00244,2.535,2.704,2.954,1.093,34.627,418.413,2.553,0.082757,living
7,A,A7,A7_00245,2.214,2.025,2.389,1.180,19.962,498.504,2.649,0.040043,living
7,A,A7,A7_00246,2.062,2.153,2.378,1.104,17.877,429.656,2.779,0.041608,living
7,A,A7,A7_00247,1.825,2.061,2.188,1.062,23.111,423.806,2.694,0.054532,living
7,A,A7,A7_00249,2.079,2.024,2.315,1.144,17.626,473.325,2.415,0.037239,living
7,A,A7,A7_00250,1.91,2.371,2.401,1.013,67.212,537.805,2.628,0.124975,living
7,A,A7,A7_00251,0.913,2.136,1.576,0.738,68.741,471.148,1.741,0.1459,living
7,A,A7,A7_00252,1.927,2.579,2.515,0.975,28.939,522.289,3.096,0.055407,living
7,A,A7,A7_00255,0.946,2.013,1.557,0.774,23.446,508.036,2.304,0.046151,living
7,A,A7,A7_00256,1.453,1.669,1.757,1.053,32.186,419.523,2.326,0.076721,living
7,A,A7,A7_00257,2.011,2.346,2.451,1.045,72.622,393.378,2.286,0.184611,living
7,A,A7,A7_00258,1.572,1.899,1.950,1.027,46.301,411.86,2.495,0.112419,living
7,A,A7,A7_00259,2.315,1.877,2.352,1.253,57.591,524.438,2.496,0.109815,living
7,A,A7,A7_00260,1.555,1.826,1.901,1.041,51.554,418.989,1.924,0.123045,living
7,A,A7,A7_00262,2.501,2.251,2.677,1.189,36.649,450.588,24.365,0.081335,dead
7,A,A7,A7_00263,2.113,2.212,2.439,1.103,27.576,443.504,2.096,0.062178,living
7,A,A7,A7_00264,2.383,2.146,2.552,1.189,17.929,501.149,2.447,0.035776,living
7,A,A7,A7_00265,1.082,2.251,1.761,0.782,13.141,390.953,3.656,0.033612,living
7,A,A7,A7_00266,1.183,2.450,1.921,0.784,10.743,387.214,2.343,0.027744,living
7,A,A7,A7_00267,1.825,2.639,2.476,0.938,48.269,616.491,2.343,0.078296,living
7,A,A7,A7_00269,2.62,2.452,2.860,1.166,118.252,653.774,2.29,0.180875,living
7,A,A7,A7_00270,2.298,1.801,2.296,1.275,171.419,749.456,2.096,0.228725,living
7,A,A7,A7_00272,1.437,2.251,2.029,0.902,92.553,451.965,1.929,0.204779,living
7,A,A7,A7_00273,1.082,2.251,1.761,0.782,37.219,487.797,2.625,0.0763,living
7,A,A7,A7_00274,1.842,2.251,2.297,1.021,47.404,573.11,2.413,0.082713,living
7,A,A7,A7_00275,2.941,2.251,2.903,1.290,87.408,549.443,2.661,0.159085,living
7,A,A7,A7_00276,1.842,2.251,2.297,1.021,29.22,603.734,2.697,0.048399,living
7,A,A7,A7_00277,2.653,2.251,2.757,1.225,51.089,691.72,2.446,0.073858,living
7,A,A7,A7_00278,1.538,2.251,2.099,0.933,13.648,526.462,2.396,0.025925,living
7,A,A7,A7_00279,1.977,2.251,2.380,1.058,22.137,515.872,2.821,0.042911,living
7,A,A7,A7_00280,1.775,2.212,2.236,1.011,19.933,593.171,2.267,0.033605,living
7,A,A7,A7_00281,1.825,2.202,2.262,1.027,112.324,438.472,2.241,0.256171,living
7,A,A7,A7_00282,1.91,2.251,2.340,1.039,80.77,395.841,32.381,0.204047,dead
7,A,A7,A7_00283,2.67,2.035,2.630,1.292,86.911,573.918,2.203,0.151435,living
7,A,A7,A7_00284,1.284,2.238,1.913,0.855,64.645,417.289,2.947,0.154916,living
7,A,A7,A7_00285,2.079,2.231,2.430,1.089,81.122,512.642,2.642,0.158243,living
7,A,A7,A7_00286,1.132,2.485,1.893,0.762,28.358,398.806,2.657,0.071108,living
7,A,A7,A7_00287,2.129,2.584,2.647,1.024,40.524,485.976,2.976,0.083386,living
7,A,A7,A7_00288,1.741,1.589,1.877,1.181,21.583,588.136,2.175,0.036696,living
7,A,A7,A7_00289,1.96,2.015,2.242,1.113,75.06,386.379,2.707,0.194266,living
7,A,A7,A7_00291,1.96,2.370,2.432,1.026,68.233,350.914,2.5,0.194443,living
7,A,A7,A7_00292,1.318,2.251,1.943,0.863,52.244,330.295,4.885,0.158173,living
7,A,A7,A7_00293,2.298,2.293,2.590,1.130,82.213,372.544,2.61,0.220681,living
7,A,A7,A7_00294,1.707,1.880,2.021,1.075,37.525,405.505,2.465,0.092538,living
7,A,A7,A7_00296,1.876,2.251,2.319,1.030,39.523,458.631,5.36,0.086175,dead
7,A,A7,A7_00298,1.724,1.660,1.909,1.150,17.069,465.98,2.667,0.036629,living
7,A,A7,A7_00299,1.065,2.251,1.747,0.776,18.302,353.524,17.952,0.051769,dead
7,A,A7,A7_00300,2.383,2.087,2.516,1.206,70.418,424.426,2.291,0.165915,living
7,A,A7,A7_00301,1.352,2.505,2.077,0.829,14.037,352.45,2.975,0.039828,living
7,A,A7,A7_00302,2.417,2.076,2.528,1.218,50.413,467.944,2.727,0.107732,living
7,A,A7,A7_00303,2.231,2.525,2.678,1.061,12.371,436.447,2.318,0.028345,living
7,A,A7,A7_00304,1.673,2.251,2.190,0.973,125.657,607.758,2.242,0.206754,living
7,A,A7,A7_00305,1.284,2.251,1.918,0.852,20.789,561.447,2.105,0.037028,living
7,A,A7,A7_00306,0.997,2.639,1.830,0.694,21.169,526.288,2.678,0.040224,living
7,A,A7,A7_00307,1.149,2.117,1.760,0.831,25.868,342.088,2.353,0.075617,living
7,A,A7,A7_00308,2.18,1.638,2.132,1.302,36.705,453.682,2.496,0.080906,living
7,A,A7,A7_00309,1.876,1.525,1.909,1.252,88.613,439.225,2.216,0.201748,living
7,A,A7,A7_00310,2.096,1.642,2.093,1.275,41.71,448.935,2.371,0.092908,living
7,A,A7,A7_00311,1.859,2.251,2.308,1.026,44.973,413.864,11.636,0.108666,dead
7,A,A7,A7_00312,1.437,2.251,2.029,0.902,49.459,348.647,31.012,0.141859,dead
7,A,A7,A7_00313,2.163,1.928,2.304,1.195,47.688,433.492,2.578,0.110008,living
7,A,A7,A7_00314,0.845,2.251,1.556,0.691,18.98,333.36,38.92,0.056935,dead
7,A,A7,A7_00315,1.183,2.251,1.841,0.818,13.186,341.114,26.443,0.038655,dead
7,A,A7,A7_00316,2.924,2.929,3.302,1.127,23.491,414.387,2.272,0.056689,living
7,A,A7,A7_00317,1.132,1.972,1.686,0.855,15.254,362.985,2.746,0.042023,living
7,A,A7,A7_00319,2.045,3.180,2.877,0.905,12.645,369.14,2.504,0.034254,living
7,A,A7,A7_00321,1.403,2.251,2.005,0.891,65.06,341.855,2.337,0.190315,living
7,A,A7,A7_00322,1.487,2.251,2.064,0.917,61.852,382.227,2.136,0.161821,living
7,A,A7,A7_00323,2.383,2.251,2.613,1.161,64.121,377.972,2.262,0.169644,living
7,A,A7,A7_00324,1.538,1.544,1.739,1.126,18.374,437.538,2.527,0.041993,living
7,B,B7,B7_00001,2.366,2.503,2.746,1.097,92.529,399.321,2.179,0.231715,living
7,B,B7,B7_00003,2.096,2.440,2.552,1.046,55.419,412.968,2.387,0.134198,living
7,B,B7,B7_00004,1.2,1.921,1.713,0.892,83.944,352.493,2.803,0.238143,living
7,B,B7,B7_00005,1.673,2.710,2.403,0.887,49.939,366.172,2.556,0.136382,living
7,B,B7,B7_00006,2.079,1.730,2.140,1.237,85.756,478.829,2.423,0.179095,living
7,B,B7,B7_00007,2.113,2.133,2.395,1.123,78.896,409.856,3.848,0.192497,living
7,B,B7,B7_00008,1.741,2.067,2.141,1.036,37.835,423.223,2.282,0.089397,living
7,B,B7,B7_00009,1.183,1.946,1.712,0.880,22.543,411.1,2.686,0.054835,living
7,B,B7,B7_00010,1.91,1.802,2.093,1.162,35.363,527.106,2.221,0.067089,living
7,B,B7,B7_00012,1.555,2.534,2.240,0.884,47.511,397.87,2.391,0.119413,living
7,B,B7,B7_00014,1.284,1.768,1.700,0.962,38.789,413.184,2.605,0.093879,living
7,B,B7,B7_00015,1.69,2.527,2.332,0.923,47.53,392.14,2.37,0.121207,living
7,B,B7,B7_00016,1.639,1.757,1.915,1.090,19.433,548.093,2.412,0.035456,living
7,B,B7,B7_00017,1.082,2.133,1.714,0.804,27.156,408.797,11.016,0.06643,dead
7,B,B7,B7_00019,1.166,2.892,2.072,0.716,14.855,393.551,2.478,0.037746,living
7,B,B7,B7_00020,1.775,1.679,1.948,1.160,23.095,525.676,2.124,0.043934,living
7,B,B7,B7_00021,1.115,1.461,1.440,0.986,69.47,414.318,1.909,0.167672,living
7,B,B7,B7_00022,1.758,1.888,2.056,1.089,74.538,417.279,2.24,0.17863,living
7,B,B7,B7_00024,2.096,3.189,2.917,0.915,75.629,337.427,3.177,0.224134,living
7,B,B7,B7_00026,1.639,2.029,2.058,1.014,40,429.351,2.268,0.093164,living
7,B,B7,B7_00027,1.437,1.971,1.899,0.963,61.459,409.882,2.788,0.149943,living
7,B,B7,B7_00028,2.028,2.581,2.582,1.000,82.433,394.725,2.317,0.208837,living
7,B,B7,B7_00029,2.484,2.133,2.597,1.218,83.619,575.429,2.612,0.145316,living
7,B,B7,B7_00030,1.538,2.133,2.044,0.958,62.604,433.297,3.198,0.144484,living
7,B,B7,B7_00031,0.896,1.779,1.425,0.801,30.302,399.679,2.302,0.075816,living
7,B,B7,B7_00032,2.501,2.489,2.815,1.131,57,468.905,2.23,0.12156,living
7,B,B7,B7_00034,1.284,2.133,1.867,0.876,86.618,367.211,3.816,0.235882,living
7,B,B7,B7_00035,2.298,2.164,2.516,1.163,106.618,410.14,2.493,0.259954,living
7,B,B7,B7_00036,1.234,1.550,1.561,1.007,109.137,378.26,2.822,0.288524,living
7,B,B7,B7_00037,1.741,1.910,2.058,1.077,76.806,435.777,2.495,0.17625,living
7,B,B7,B7_00038,1.825,2.133,2.226,1.044,44.944,388.213,2.731,0.115773,living
7,B,B7,B7_00039,1.876,2.133,2.257,1.058,32.198,453.162,13.045,0.071052,dead
7,B,B7,B7_00040,1.622,1.469,1.742,1.186,27.156,523.646,2.49,0.05186,living
7,B,B7,B7_00042,2.417,1.877,2.403,1.280,98.748,442.58,2.455,0.223119,living
7,B,B7,B7_00043,1.031,1.696,1.492,0.880,63.754,352.197,2.689,0.181018,living
7,B,B7,B7_00044,1.656,2.173,2.140,0.985,65.153,388.551,2.827,0.167682,living
7,B,B7,B7_00045,1.487,1.543,1.709,1.108,79.92,393.977,2.227,0.202855,living
7,B,B7,B7_00046,1.876,1.777,2.060,1.159,48.288,446.928,2.946,0.108045,living
7,B,B7,B7_00047,1.014,1.631,1.451,0.890,47.717,397.433,2.117,0.120062,living
7,B,B7,B7_00048,1.758,1.888,2.056,1.089,71.125,390.731,2.385,0.182031,living
7,B,B7,B7_00049,2.315,2.133,2.507,1.176,49.788,455.036,10.562,0.109416,dead
7,B,B7,B7_00050,1.808,1.841,2.059,1.118,26.458,473.514,2.477,0.055876,living
7,B,B7,B7_00051,2.129,2.039,2.351,1.153,53.278,443.73,2.849,0.120068,living
7,B,B7,B7_00053,1.048,1.387,1.360,0.981,16.548,409.016,2.387,0.040459,living
7,B,B7,B7_00054,1.149,2.421,1.882,0.777,12.544,380.706,2.338,0.03295,living
7,B,B7,B7_00056,1.927,1.791,2.096,1.170,74.711,432.281,2.596,0.172829,living
7,B,B7,B7_00057,2.146,2.133,2.414,1.132,85.063,410.52,2.748,0.207208,living
7,B,B7,B7_00058,1.521,1.634,1.779,1.089,58.478,438.822,2.344,0.133261,living
7,B,B7,B7_00059,1.115,2.822,2.002,0.709,12.045,357.333,2.53,0.033709,living
7,B,B7,B7_00060,1.977,1.832,2.147,1.172,23.077,498.393,2.803,0.046303,living
7,B,B7,B7_00062,0.862,2.133,1.530,0.717,29.137,447.078,2.51,0.065173,living
7,B,B7,B7_00063,1.504,2.133,2.021,0.948,41.876,499.022,2.27,0.083917,living
7,B,B7,B7_00064,0.997,2.133,1.645,0.771,30.322,511.814,2.085,0.059244,living
7,B,B7,B7_00065,1.082,2.133,1.714,0.804,17.344,450.719,3.172,0.03848,living
7,B,B7,B7_00066,0.896,1.729,1.404,0.812,22.566,515.491,2,0.043776,living
7,B,B7,B7_00069,2.113,2.605,2.647,1.016,74.648,405.344,2.392,0.18416,living
7,B,B7,B7_00070,1.639,1.906,1.994,1.046,77.392,420.907,2.722,0.183869,living
7,B,B7,B7_00071,1.352,2.133,1.916,0.898,73.1,414.913,11.912,0.176182,dead
7,B,B7,B7_00072,1.825,1.527,1.884,1.234,99.065,509.056,2.556,0.194605,living
7,B,B7,B7_00073,1.352,2.067,1.886,0.913,30.55,406.45,2.425,0.075163,living
7,B,B7,B7_00074,1.893,2.133,2.267,1.063,60.911,567.804,2.089,0.107274,living
7,B,B7,B7_00075,2.265,2.133,2.480,1.163,106.239,622.291,2.201,0.170722,living
7,B,B7,B7_00076,2.907,2.133,2.810,1.317,96.797,523.483,2.483,0.184909,living
7,B,B7,B7_00077,1.132,2.133,1.753,0.822,63.448,470.657,2.761,0.134807,living
7,B,B7,B7_00078,1.842,2.133,2.237,1.049,43.156,496.11,2.156,0.086989,living
7,B,B7,B7_00079,0.997,2.133,1.645,0.771,22.322,527.559,2.814,0.042312,living
7,B,B7,B7_00081,1.521,1.555,1.735,1.116,67.333,497.389,1.911,0.135374,living
7,B,B7,B7_00082,0.845,1.945,1.447,0.744,63.22,340.98,2.74,0.185407,living
7,B,B7,B7_00083,2.366,1.994,2.451,1.229,113.836,471.186,2.4,0.241594,living
7,B,B7,B7_00084,1.572,1.808,1.902,1.052,110.441,415.839,2.194,0.265586,living
7,B,B7,B7_00086,1.775,2.133,2.195,1.029,100.771,385.448,10.552,0.26144,dead
7,B,B7,B7_00087,1.741,2.133,2.174,1.019,57.864,428.689,20.291,0.134979,dead
7,B,B7,B7_00088,1.301,2.133,1.880,0.881,45.039,406.857,8.026,0.1107,dead
7,B,B7,B7_00089,1.42,2.133,1.964,0.921,43.798,400.881,3.095,0.109253,living
7,B,B7,B7_00090,1.014,1.547,1.413,0.914,13.183,421.583,2.617,0.031271,living
7,B,B7,B7_00091,1.318,2.710,2.133,0.787,78.987,328.41,2.077,0.240514,living
7,B,B7,B7_00092,1.149,1.667,1.562,0.937,71.809,359.706,2.485,0.199632,living
7,B,B7,B7_00093,2.18,1.673,2.155,1.288,111.891,542.93,2.566,0.206088,living
7,B,B7,B7_00094,2.332,2.317,2.623,1.132,105.862,392.601,2.609,0.269643,living
7,B,B7,B7_00095,1.555,1.420,1.677,1.181,114.957,429.098,2.402,0.267903,living
7,B,B7,B7_00096,1.42,1.643,1.724,1.049,93.845,409.786,2.488,0.229011,living
7,B,B7,B7_00097,1.808,2.272,2.287,1.007,107.047,380.439,2.897,0.281377,living
7,B,B7,B7_00098,1.403,1.919,1.851,0.965,32.373,414.458,2.554,0.07811,living
7,B,B7,B7_00099,2.113,2.047,2.347,1.146,76.608,439.824,2.952,0.174179,living
7,B,B7,B7_00100,1.69,1.699,1.912,1.125,38.46,483.73,2.27,0.079507,living
7,B,B7,B7_00101,1.825,2.133,2.226,1.044,22.324,448.185,3.435,0.04981,living
7,B,B7,B7_00102,1.183,2.595,1.977,0.762,11.571,382.229,2.314,0.030274,living
7,B,B7,B7_00104,2.282,2.133,2.489,1.167,82.407,463.889,2.896,0.177645,living
7,B,B7,B7_00105,1.42,2.133,1.964,0.921,118.917,422.012,2.56,0.281785,living
7,B,B7,B7_00106,2.045,2.133,2.357,1.105,115.992,456.744,2.306,0.253954,living
7,B,B7,B7_00107,2.4,2.133,2.553,1.197,61.38,404.225,2.197,0.151847,living
7,B,B7,B7_00108,0.946,2.133,1.603,0.751,32.679,384.321,2.696,0.085029,living
7,B,B7,B7_00109,1.099,2.133,1.728,0.810,22.2,446.815,2.062,0.049685,living
7,B,B7,B7_00112,1.217,1.767,1.655,0.936,78.764,402.486,2.917,0.195693,living
7,B,B7,B7_00113,2.096,1.577,2.051,1.301,81.04,472.177,2.597,0.171631,living
7,B,B7,B7_00115,1.639,2.393,2.235,0.934,43.247,407.237,2.619,0.106197,living
7,B,B7,B7_00116,0.963,1.845,1.504,0.815,15.351,422.228,3.07,0.036357,living
7,B,B7,B7_00117,1.268,1.696,1.655,0.976,24.36,472.973,2.267,0.051504,living
7,B,B7,B7_00118,1.369,1.470,1.601,1.089,19.111,470.037,2.136,0.040659,living
7,B,B7,B7_00119,1.606,2.133,2.088,0.979,25.116,532.453,15.758,0.04717,dead
7,B,B7,B7_00120,0.879,2.001,1.496,0.748,13.115,412.865,2.038,0.031767,living
7,B,B7,B7_00121,1.572,2.133,2.066,0.969,10.699,437.376,7.527,0.024462,dead
7,B,B7,B7_00122,0.997,2.343,1.725,0.736,13.356,407.39,2.254,0.032784,living
7,B,B7,B7_00123,1.791,2.133,2.205,1.034,53.349,312.651,2.085,0.170635,living
7,B,B7,B7_00124,2.451,2.133,2.580,1.210,52.552,339.566,2.262,0.154762,living
7,B,B7,B7_00125,2.974,2.133,2.842,1.332,90.08,422.051,2.477,0.213433,living
7,B,B7,B7_00126,1.606,2.133,2.088,0.979,75.758,338.789,2.6,0.223613,living
7,B,B7,B7_00127,1.42,2.133,1.964,0.921,45.869,367.643,2.655,0.124765,living
7,B,B7,B7_00128,1.572,2.133,2.066,0.969,29.925,371.505,2.215,0.08055,living
7,B,B7,B7_00129,2.586,2.133,2.650,1.242,78.556,471.608,2.654,0.16657,living
7,B,B7,B7_00130,1.504,2.133,2.021,0.948,33.854,421.517,2.584,0.080315,living
7,B,B7,B7_00131,1.606,2.133,2.088,0.979,25.347,414.053,2.411,0.061218,living
7,B,B7,B7_00132,0.93,1.692,1.415,0.837,10.473,364.636,2.691,0.028721,living
7,B,B7,B7_00134,2.467,2.541,2.825,1.112,134.692,494.521,2.39,0.272368,living
7,B,B7,B7_00135,2.636,2.430,2.856,1.175,65.378,596.41,2.821,0.10962,living
7,B,B7,B7_00136,2.704,2.133,2.710,1.271,66.219,521.181,11.031,0.127055,dead
7,B,B7,B7_00139,1.132,2.133,1.753,0.822,112.866,425.806,13.373,0.265064,dead
7,B,B7,B7_00140,1.775,2.022,2.138,1.057,71.048,509.276,2.61,0.139507,living
7,B,B7,B7_00141,1.741,2.880,2.527,0.877,55.612,481.515,2.524,0.115493,living
7,B,B7,B7_00142,0.963,1.758,1.468,0.835,37.754,481.474,2.456,0.078414,living
7,B,B7,B7_00143,1.47,1.846,1.859,1.007,57.138,526.506,2.563,0.108523,living
7,B,B7,B7_00144,1.082,3.089,2.063,0.668,14.062,471.5,2.922,0.029825,living
7,B,B7,B7_00145,2.907,2.133,2.810,1.317,133.192,605.413,2.849,0.220002,living
7,B,B7,B7_00146,0.811,1.588,1.281,0.806,21.833,504.417,2.396,0.043284,living
7,B,B7,B7_00147,1.048,1.779,1.541,0.866,78.403,334.581,2.145,0.234333,living
7,B,B7,B7_00148,1.132,1.686,1.559,0.925,44.045,359.104,2.224,0.122652,living
7,B,B7,B7_00149,1.555,1.833,1.905,1.039,83.717,365,2.402,0.229363,living
7,B,B7,B7_00150,1.96,2.133,2.307,1.082,79.034,327.5,2.388,0.241327,living
7,B,B7,B7_00151,1.572,1.873,1.936,1.034,38.075,403.688,2.419,0.094319,living
7,B,B7,B7_00152,1.893,2.341,2.375,1.015,56.482,389.473,2.179,0.145022,living
7,B,B7,B7_00153,1.521,1.668,1.797,1.078,35.622,443.911,2.411,0.080246,living
7,B,B7,B7_00154,1.284,2.412,1.986,0.823,13.829,373.684,2.026,0.037007,living
7,B,B7,B7_00155,1.453,1.991,1.919,0.964,24.942,408.558,2.605,0.061048,living
7,B,B7,B7_00156,1.2,2.133,1.805,0.846,61.901,408.31,2.127,0.151604,living
7,B,B7,B7_00157,1.842,2.133,2.237,1.049,58.817,425.028,2.385,0.138383,living
7,B,B7,B7_00158,1.69,2.133,2.142,1.004,53.6,492.81,2.44,0.108764,living
7,B,B7,B7_00159,2.231,2.133,2.461,1.154,104.727,590.348,2.553,0.177399,living
7,B,B7,B7_00160,1.048,2.133,1.687,0.791,53.355,377.274,2.177,0.141422,living
7,B,B7,B7_00161,1.453,2.133,1.986,0.931,43.314,420.465,2.686,0.103014,living
7,B,B7,B7_00162,2.974,2.133,2.842,1.332,43.54,444.489,2.653,0.097955,living
7,B,B7,B7_00163,1.707,2.133,2.153,1.009,33.099,460.871,2.802,0.071818,living
7,B,B7,B7_00164,1.369,2.133,1.928,0.904,30.914,489.79,2.778,0.063116,living
7,B,B7,B7_00165,1.065,2.133,1.701,0.797,16.889,383.143,2.508,0.04408,living
7,B,B7,B7_00166,0.879,2.133,1.545,0.724,22.788,434.885,1.846,0.052401,living
7,B,B7,B7_00167,1.656,2.133,2.121,0.994,21.541,436.153,2.571,0.049388,living
7,B,B7,B7_00168,1.301,1.871,1.760,0.941,22.87,437.766,2.805,0.052243,living
7,B,B7,B7_00169,1.521,2.560,2.227,0.870,65.478,336.511,2.289,0.194578,living
7,B,B7,B7_00170,1.825,2.035,2.175,1.069,63.787,390.806,2.611,0.163219,living
7,B,B7,B7_00171,2.028,2.012,2.279,1.133,81.3,420.875,2.458,0.193169,living
7,B,B7,B7_00172,1.251,2.064,1.813,0.878,24.554,391.446,2.635,0.062727,living
7,B,B7,B7_00173,1.014,2.133,1.659,0.778,13.25,360.833,2.917,0.036721,living
7,B,B7,B7_00174,1.369,2.133,1.928,0.904,93.309,389.864,2.926,0.239336,living
7,B,B7,B7_00175,0.913,1.792,1.443,0.805,71.815,449.037,2.296,0.159931,living
7,B,B7,B7_00177,1.352,2.166,1.931,0.891,99.287,436.975,2.312,0.227216,living
7,B,B7,B7_00178,1.538,2.687,2.294,0.854,71.747,451.253,2.505,0.158996,living
7,B,B7,B7_00179,1.775,2.082,2.169,1.042,108.362,497.571,2.362,0.217782,living
7,B,B7,B7_00180,2.079,2.133,2.376,1.114,88.74,556.837,2.724,0.159364,living
7,B,B7,B7_00181,1.606,1.712,1.871,1.093,84.621,547.684,2.611,0.154507,living
7,B,B7,B7_00182,0.879,1.578,1.329,0.842,22.692,498.173,2.192,0.045551,living
7,B,B7,B7_00183,1.791,2.094,2.185,1.044,37.434,534.962,2.557,0.069975,living
7,B,B7,B7_00185,1.369,2.495,2.085,0.836,13.358,514.58,2.469,0.025959,living
7,B,B7,B7_00186,1.69,2.133,2.142,1.004,67.4,319.69,3.12,0.210829,living
7,B,B7,B7_00187,1.589,1.946,1.984,1.020,37.936,381.777,2.755,0.099367,living
7,B,B7,B7_00188,1.234,1.697,1.633,0.962,43.685,374.973,2.945,0.116502,living
7,B,B7,B7_00189,2.603,2.190,2.694,1.230,98.156,445.123,2.338,0.220514,living
7,B,B7,B7_00191,1.96,2.528,2.512,0.994,24.638,390.034,2.388,0.063169,living
7,B,B7,B7_00192,1.724,2.485,2.336,0.940,17.657,383.578,2.971,0.046032,living
7,B,B7,B7_00193,1.099,1.658,1.523,0.919,38.569,389.385,2.631,0.099052,living
7,B,B7,B7_00194,1.031,2.133,1.673,0.785,16.787,359.967,3.918,0.046634,living
7,B,B7,B7_00195,1.96,2.529,2.512,0.993,18.767,392.397,2.793,0.047827,living
7,B,B7,B7_00196,1.048,2.133,1.687,0.791,11.742,375.048,15.758,0.031308,dead
7,B,B7,B7_00197,1.42,1.801,1.804,1.002,34.298,378.476,2.107,0.09062,living
7,B,B7,B7_00198,0.879,2.133,1.545,0.724,34.5,442.269,2.654,0.078007,living
7,B,B7,B7_00199,1.352,2.382,2.025,0.850,36.925,419.688,2.163,0.087982,living
7,B,B7,B7_00200,1.386,2.004,1.881,0.938,54.427,469.854,2.293,0.115838,living
7,B,B7,B7_00202,1.301,1.848,1.750,0.947,69.104,371.857,2.039,0.185835,living
7,B,B7,B7_00203,1.842,1.693,1.993,1.177,93.945,438.165,2.422,0.214405,living
7,B,B7,B7_00204,2.045,1.673,2.087,1.248,52.471,508.785,2.579,0.10313,living
7,B,B7,B7_00205,1.69,1.685,1.904,1.130,53.79,484.32,2.27,0.111063,living
7,B,B7,B7_00207,0.963,2.801,1.853,0.662,13.684,336.596,1.86,0.040655,living
7,B,B7,B7_00208,1.69,2.051,2.101,1.024,30.34,443.39,2.09,0.068427,living
7,B,B7,B7_00209,1.555,2.133,2.055,0.963,13.696,389.435,4.098,0.035168,living
7,B,B7,B7_00211,2.163,2.133,2.424,1.136,34.289,244.695,6.234,0.14013,dead
7,B,B7,B7_00212,1.42,2.213,2.000,0.904,45.81,175.357,3.036,0.261236,living
7,B,B7,B7_00213,1.386,1.633,1.698,1.040,51.366,181.012,2.159,0.28377,living
7,B,B7,B7_00214,0.93,1.882,1.493,0.793,26.4,188.927,2.364,0.139736,living
7,B,B7,B7_00215,1.149,2.112,1.758,0.832,14.191,196.735,2.632,0.072133,living
7,B,B7,B7_00216,1.183,1.832,1.661,0.907,94.914,369.686,2.314,0.256743,living
7,B,B7,B7_00217,0.98,2.133,1.631,0.765,47.517,432.81,7.759,0.109788,dead
7,B,B7,B7_00218,1.977,1.884,2.178,1.156,87.795,458.376,2.299,0.191535,living
7,B,B7,B7_00219,1.386,1.815,1.790,0.986,57.171,449.427,3.012,0.127208,living
7,B,B7,B7_00220,1.589,1.803,1.910,1.059,63.819,479.16,2.383,0.13319,living
7,B,B7,B7_00221,1.538,2.373,2.156,0.908,26.67,441.835,2.681,0.060363,living
7,B,B7,B7_00222,2.383,1.655,2.241,1.354,50.496,708.035,2.589,0.071319,living
7,B,B7,B7_00223,1.268,2.133,1.856,0.870,23.387,381.48,13.227,0.061305,dead
7,B,B7,B7_00224,1.47,2.015,1.942,0.964,18.402,482.529,2.552,0.038137,living
7,B,B7,B7_00225,1.656,1.887,1.995,1.057,15.194,527.347,2.122,0.028812,living
7,B,B7,B7_00228,1.437,1.592,1.707,1.072,160.941,597.024,2.682,0.269573,living
7,B,B7,B7_00229,2.079,2.578,2.612,1.013,108,619.764,2.309,0.17426,living
7,B,B7,B7_00230,2.417,2.133,2.562,1.201,122.364,473.35,6.713,0.258506,dead
7,B,B7,B7_00232,1.724,1.529,1.832,1.198,43.029,704.245,2.804,0.0611,living
7,B,B7,B7_00233,1.369,1.898,1.819,0.958,74.21,397.753,2.247,0.186573,living
7,B,B7,B7_00234,1.47,2.133,1.998,0.937,48.989,455.046,2.414,0.107656,living
7,B,B7,B7_00235,1.335,1.719,1.709,0.994,60.228,426.911,2.127,0.141078,living
7,B,B7,B7_00236,1.082,2.133,1.714,0.804,80.438,384.562,2.688,0.209166,living
7,B,B7,B7_00237,1.234,2.058,1.798,0.874,44.712,429.589,2.247,0.104082,living
7,B,B7,B7_00241,2.146,1.693,2.151,1.270,60.134,446,2.827,0.134829,living
7,B,B7,B7_00242,2.129,1.771,2.191,1.237,57.794,435.294,2.46,0.132769,living
7,B,B7,B7_00243,1.707,2.133,2.153,1.009,21.307,382.574,3.059,0.055694,living
7,B,B7,B7_00244,1.808,2.257,2.279,1.010,13.15,365.944,2.477,0.035933,living
7,B,B7,B7_00245,1.251,2.312,1.919,0.830,86.108,367.378,2.27,0.234385,living
7,B,B7,B7_00246,1.251,2.109,1.833,0.869,65.932,397.068,2.865,0.166048,living
7,B,B7,B7_00248,0.963,1.747,1.464,0.838,30.596,446.175,2.298,0.068575,living
7,B,B7,B7_00249,2.958,1.768,2.580,1.460,95.56,728.537,2.829,0.131167,living
7,B,B7,B7_00250,1.775,2.133,2.195,1.029,68.81,448.095,4.952,0.15356,living
7,B,B7,B7_00251,1.825,2.133,2.226,1.044,35.333,441.981,2.87,0.079943,living
7,B,B7,B7_00252,0.963,2.133,1.617,0.758,25.632,432.842,3.07,0.059217,living
7,B,B7,B7_00253,1.115,2.920,2.036,0.697,13.803,399.258,2.136,0.034572,living
7,B,B7,B7_00254,1.369,2.744,2.187,0.797,16.889,431.728,2.494,0.039119,living
7,B,B7,B7_00255,1.487,2.133,2.009,0.942,108.75,539.08,2.466,0.201733,living
7,B,B7,B7_00256,1.099,2.133,1.728,0.810,53.123,454.677,2.385,0.116837,living
7,B,B7,B7_00257,1.859,2.133,2.247,1.053,49.573,656.6,2.582,0.075499,living
7,B,B7,B7_00258,1.825,2.973,2.628,0.884,22.722,499.481,2.231,0.045492,living
7,B,B7,B7_00260,1.234,2.133,1.831,0.858,21.74,360.233,1.836,0.060349,living
7,B,B7,B7_00261,1.791,2.133,2.205,1.034,45.811,471.132,2.311,0.097237,living
7,B,B7,B7_00262,2.045,2.133,2.357,1.105,36.744,504.851,2.388,0.072781,living
7,B,B7,B7_00263,1.352,1.981,1.847,0.932,10.037,424.55,2.2,0.023643,living
7,B,B7,B7_00264,1.758,2.133,2.185,1.024,90.654,327,7.356,0.277229,dead
7,B,B7,B7_00265,2.18,1.417,1.983,1.400,77.86,557.186,2.411,0.139739,living
7,B,B7,B7_00266,1.47,2.159,2.010,0.931,51.184,370.977,2.655,0.137971,living
7,B,B7,B7_00268,1.758,1.976,2.103,1.064,35.673,427.067,2.644,0.08353,living
7,B,B7,B7_00269,1.589,2.928,2.434,0.831,15.255,361,2.17,0.042259,living
7,B,B7,B7_00271,1.606,1.584,1.800,1.136,16.579,472.968,3.063,0.035053,living
7,B,B7,B7_00273,1.318,1.862,1.768,0.949,13.564,432.179,2.91,0.031385,living
7,B,B7,B7_00275,1.251,1.675,1.633,0.975,95.068,396.378,2.635,0.23984,living
7,B,B7,B7_00277,2.214,1.498,2.055,1.372,145.519,669.496,2.282,0.217356,living
7,B,B7,B7_00278,1.791,2.639,2.453,0.930,80.783,394.311,2.642,0.204871,living
7,B,B7,B7_00279,0.845,1.820,1.399,0.769,56.08,386.62,2.64,0.145052,living
7,B,B7,B7_00281,2.096,1.960,2.287,1.167,58.508,545.298,2.508,0.107296,living
7,B,B7,B7_00282,1.775,2.133,2.195,1.029,22.314,482.571,3.2,0.04624,living
7,B,B7,B7_00283,1.014,1.761,1.508,0.856,20.3,458.9,2.7,0.044236,living
7,B,B7,B7_00284,1.014,2.133,1.659,0.778,13.05,461.3,5.917,0.02829,dead
7,B,B7,B7_00285,1.166,2.330,1.860,0.798,12.188,450.464,3.029,0.027057,living
7,B,B7,B7_00286,0.862,2.133,1.530,0.717,41.118,350.882,2.549,0.117184,living
7,B,B7,B7_00287,2.366,2.133,2.535,1.188,100.421,352.664,2.857,0.284751,living
7,B,B7,B7_00288,1.487,1.705,1.797,1.054,29.841,455.693,2.42,0.065485,living
7,B,B7,B7_00289,1.048,1.997,1.632,0.817,60.742,339.484,2.629,0.178924,living
7,B,B7,B7_00290,1.538,1.742,1.847,1.060,117.308,410.659,2.593,0.285657,living
7,B,B7,B7_00291,2.011,2.208,2.378,1.077,31.748,486.773,2.479,0.065221,living
7,B,B7,B7_00292,1.521,2.103,2.018,0.960,25.656,426.967,2.633,0.060088,living
7,B,B7,B7_00293,1.403,2.045,1.911,0.935,33.325,424.373,2.217,0.078528,living
7,B,B7,B7_00294,1.014,2.114,1.652,0.781,24.467,377.55,2.15,0.064804,living
7,B,B7,B7_00295,1.403,2.098,1.936,0.923,18.639,445.157,2.193,0.04187,living
7,B,B7,B7_00296,0.98,2.133,1.631,0.765,12.931,394.172,3.569,0.032806,living
7,B,B7,B7_00297,1.758,2.133,2.185,1.024,133.904,502.635,2.471,0.266404,living
7,B,B7,B7_00299,1.842,1.942,2.134,1.099,86.202,467.725,2.376,0.1843,living
7,B,B7,B7_00300,2.586,1.661,2.339,1.408,142.595,708.641,2.569,0.201223,living
7,B,B7,B7_00301,1.69,2.008,2.079,1.035,68.75,452.44,3.08,0.151954,living
7,B,B7,B7_00302,2.298,2.285,2.586,1.132,46.301,491.14,2.426,0.094274,living
7,B,B7,B7_00303,1.707,1.681,1.911,1.137,108.95,468.436,2.297,0.232584,living
7,B,B7,B7_00304,1.656,1.569,1.819,1.159,96.224,483.265,2.867,0.199113,living
7,B,B7,B7_00305,1.318,2.027,1.844,0.910,54.282,429.5,2.282,0.126384,living
7,B,B7,B7_00307,1.284,2.133,1.867,0.876,38.487,442.671,13.776,0.086942,dead
7,B,B7,B7_00308,1.099,2.610,1.911,0.732,18,427.031,2.308,0.042152,living
7,B,B7,B7_00309,0.93,2.153,1.597,0.742,15.145,416.764,2.527,0.036341,living
7,B,B7,B7_00310,2.687,2.228,2.761,1.239,55.491,527.535,2.396,0.105188,living
7,B,B7,B7_00311,1.504,1.930,1.922,0.996,37.685,396.169,2.382,0.095125,living
7,B,B7,B7_00312,1.149,2.189,1.790,0.818,28.441,389.779,2.471,0.072967,living
7,B,B7,B7_00313,1.842,2.133,2.237,1.049,104.349,490.633,3.046,0.212682,living
7,B,B7,B7_00314,1.96,2.613,2.554,0.977,81.586,411.612,2.733,0.198211,living
7,B,B7,B7_00315,0.98,1.774,1.488,0.839,60.724,383.776,2.534,0.158228,living
7,B,B7,B7_00316,1.318,2.818,2.175,0.772,37.808,370.628,2.577,0.10201,living
7,B,B7,B7_00317,1.758,2.133,2.185,1.024,41.51,441.76,3.067,0.093964,living
7,B,B7,B7_00318,1.048,1.856,1.574,0.848,17.839,452.161,2.823,0.039452,living
7,B,B7,B7_00319,1.656,1.537,1.800,1.171,142.551,524.061,2.684,0.272012,living
7,B,B7,B7_00320,1.284,2.054,1.832,0.892,114.197,432.987,3.013,0.263743,living
7,B,B7,B7_00321,1.555,2.133,2.055,0.963,74.772,590.304,11.011,0.126666,dead
7,B,B7,B7_00322,1.808,2.052,2.173,1.059,43.449,593.626,2.243,0.073192,living
7,B,B7,B7_00323,2.146,2.479,2.603,1.050,38.071,527.488,2.283,0.072174,living
7,B,B7,B7_00325,1.132,2.133,1.753,0.822,58.179,441.239,5.09,0.131854,dead
7,B,B7,B7_00326,2.298,1.922,2.371,1.234,111.265,605.699,2.265,0.183697,living
7,B,B7,B7_00327,1.335,2.033,1.859,0.914,84.392,460.823,2.228,0.183134,living
7,B,B7,B7_00328,1.707,2.133,2.153,1.009,27.881,482.02,6.426,0.057842,dead
7,B,B7,B7_00329,0.845,1.687,1.347,0.799,29.58,521.36,2.52,0.056736,living
7,B,B7,B7_00330,1.234,2.167,1.845,0.851,41.63,479.192,2.685,0.086876,living
7,B,B7,B7_00331,0.963,2.379,1.708,0.718,29.175,480.561,2.035,0.060711,living
7,B,B7,B7_00332,0.913,1.953,1.507,0.772,12.333,467.667,2.481,0.026372,living
7,B,B7,B7_00333,0.997,1.822,1.521,0.835,19.339,509.186,2.356,0.03798,living
7,B,B7,B7_00334,1.301,2.138,1.882,0.880,41.766,345.532,2.182,0.120875,living
7,B,B7,B7_00335,1.335,2.133,1.904,0.893,37.443,390.646,10.646,0.095849,dead
7,B,B7,B7_00336,1.707,1.535,1.827,1.190,47.257,471.069,2.267,0.100319,living
7,B,B7,B7_00337,1.859,2.267,2.316,1.022,51.836,407.5,2.973,0.127206,living
7,B,B7,B7_00338,1.183,2.488,1.936,0.778,29.843,352.529,2.6,0.084654,living
7,B,B7,B7_00339,1.741,1.514,1.832,1.210,43.602,493.204,2.311,0.088406,living
7,B,B7,B7_00340,1.217,1.575,1.562,0.992,15.792,433.347,1.847,0.036441,living
7,B,B7,B7_00341,1.453,2.133,1.986,0.931,19.453,483.081,4.605,0.04027,living
7,B,B7,B7_00342,1.606,2.103,2.074,0.986,40.705,478.179,2.832,0.085126,living
7,B,B7,B7_00343,2.129,2.533,2.620,1.034,78.833,441.611,2.659,0.178513,living
7,B,B7,B7_00344,1.656,2.133,2.121,0.994,73.99,437.469,11.388,0.169131,dead
7,B,B7,B7_00345,2.045,2.133,2.357,1.105,56.686,420.43,4.066,0.134829,living
7,B,B7,B7_00346,2.214,2.195,2.487,1.133,84.504,448.908,2.443,0.188243,living
7,B,B7,B7_00347,2.467,2.133,2.588,1.214,44.507,402.74,6,0.11051,dead
7,B,B7,B7_00348,2.045,2.569,2.586,1.007,46.231,425.835,2.835,0.108567,living
7,B,B7,B7_00349,1.065,1.844,1.581,0.858,20.175,420.175,2.063,0.048015,living
7,B,B7,B7_00350,1.453,2.133,1.986,0.931,65.767,308.453,13.326,0.213217,dead
7,B,B7,B7_00351,1.876,1.973,2.171,1.100,54.207,365.351,2.387,0.14837,living
7,B,B7,B7_00352,1.791,2.133,2.205,1.034,73.981,410.142,8.151,0.18038,dead
7,B,B7,B7_00353,1.386,1.884,1.823,0.968,37.244,377.22,2.012,0.098733,living
7,B,B7,B7_00354,1.96,2.506,2.501,0.998,28.095,374.371,2.517,0.075045,living
7,B,B7,B7_00355,2.586,2.133,2.650,1.242,55.163,356.784,2.797,0.154613,living
7,B,B7,B7_00356,2.113,2.236,2.453,1.097,64.672,308.04,2.664,0.209947,living
7,B,B7,B7_00358,2.484,1.845,2.416,1.309,74.85,393.558,2.51,0.190189,living
7,B,B7,B7_00359,2.062,2.004,2.294,1.145,47.369,337.279,2.32,0.140444,living
7,B,B7,B7_00360,1.555,1.850,1.914,1.035,17.315,346.022,2.261,0.050041,living
7,B,B7,B7_00361,2.552,2.795,3.014,1.078,15.642,372.755,2.278,0.041964,living
7,B,B7,B7_00362,2.349,2.671,2.826,1.058,16.446,353.475,2.511,0.046527,living
7,B,B7,B7_00364,1.572,1.802,1.899,1.054,51.29,391.505,2.57,0.131008,living
7,B,B7,B7_00365,2.467,1.657,2.281,1.377,34.61,569.308,2.568,0.060792,living
7,B,B7,B7_00366,1.893,2.225,2.316,1.041,24.062,384.366,2.134,0.062603,living
7,B,B7,B7_00367,1.504,2.431,2.158,0.888,17.775,355.865,2.258,0.049949,living
7,B,B7,B7_00368,1.149,2.133,1.766,0.828,13.309,363.5,7.074,0.036613,dead
7,B,B7,B7_00369,1.014,1.923,1.576,0.819,13.533,371.8,2.983,0.036399,living
7,B,B7,B7_00370,1.893,1.798,2.082,1.158,103.33,447.268,2.455,0.231026,living
7,B,B7,B7_00371,2.197,2.074,2.409,1.161,108.546,440.985,2.508,0.246145,living
7,B,B7,B7_00372,1.115,1.879,1.633,0.869,94.848,367.273,2.697,0.258251,living
7,B,B7,B7_00373,2.18,2.133,2.433,1.141,46.434,372.202,3,0.124755,living
7,B,B7,B7_00374,1.183,2.174,1.810,0.832,15.143,393.5,3.329,0.038482,living
7,B,B7,B7_00375,2.062,2.133,2.366,1.109,82.566,314.279,2.287,0.262715,living
7,B,B7,B7_00376,2.096,1.859,2.227,1.198,98.645,384.315,2.5,0.256678,living
7,B,B7,B7_00377,2.501,1.978,2.510,1.269,45.905,451.703,2.5,0.101627,living
7,B,B7,B7_00378,0.963,2.515,1.756,0.698,30.544,290.877,2.667,0.105006,living
7,B,B7,B7_00379,2.417,2.133,2.562,1.201,48.259,353.434,2.657,0.136543,living
7,B,B7,B7_00380,0.98,1.572,1.401,0.891,24.707,283.086,2.121,0.087277,living
7,B,B7,B7_00383,1.132,1.909,1.659,0.869,30.537,335.537,2.313,0.09101,living
7,B,B7,B7_00384,1.014,1.807,1.527,0.845,13.95,347.083,2.8,0.040192,living
8,A,A8,A8_00001,1.335,1.852,1.774,0.958,24.937,318.886,2.544,0.078199,living
8,A,A8,A8_00002,0.98,2.002,1.581,0.789,68.948,292.259,2.966,0.235915,living
8,A,A8,A8_00003,1.42,1.917,1.862,0.971,58.274,321.857,2.583,0.181055,living
8,A,A8,A8_00004,2.89,2.319,2.921,1.260,48.222,406.333,2.427,0.118677,living
8,A,A8,A8_00005,2.028,2.386,2.482,1.040,87.192,318.225,2.65,0.273994,living
8,A,A8,A8_00006,1.791,2.251,2.266,1.007,81.387,342.868,3.358,0.237371,living
8,A,A8,A8_00007,2.349,1.658,2.227,1.343,85.367,474.187,2.784,0.180028,living
8,A,A8,A8_00008,1.791,2.251,2.266,1.007,42.019,329.802,6.934,0.127406,dead
8,A,A8,A8_00009,2.129,2.251,2.470,1.097,40.73,334.738,24.111,0.121678,dead
8,A,A8,A8_00010,2.822,1.862,2.587,1.389,40.353,506.707,2.467,0.079638,living
8,A,A8,A8_00012,2.129,2.251,2.470,1.097,25.54,391.437,8.54,0.065246,dead
8,A,A8,A8_00013,1.859,2.126,2.243,1.055,15.991,385.018,2.4,0.041533,living
8,A,A8,A8_00014,1.183,2.971,2.115,0.712,10.386,318.186,2.357,0.03264,living
8,A,A8,A8_00015,1.149,2.085,1.746,0.838,13.103,339.559,2,0.038588,living
8,A,A8,A8_00016,1.808,2.212,2.257,1.020,14.308,383.243,2.551,0.037335,living
8,A,A8,A8_00017,2.772,2.904,3.201,1.102,14.567,395.213,2.927,0.036859,living
8,A,A8,A8_00018,1.825,3.104,2.686,0.865,54.056,254.009,2.278,0.212809,living
8,A,A8,A8_00019,2.974,2.496,3.074,1.232,89.574,317.017,2.159,0.282552,living
8,A,A8,A8_00021,2.451,2.251,2.650,1.177,81.076,318.697,2.931,0.254398,living
8,A,A8,A8_00022,2.383,2.249,2.612,1.162,66.56,331.362,2.376,0.200869,living
8,A,A8,A8_00023,1.977,1.825,2.143,1.174,95.709,315.496,2.068,0.303362,living
8,A,A8,A8_00024,0.963,2.251,1.661,0.738,47.018,255.667,18.456,0.183902,dead
8,A,A8,A8_00025,2.653,2.444,2.873,1.176,26.293,315.713,2.459,0.083281,living
8,A,A8,A8_00026,1.876,1.770,2.056,1.162,46.135,349.622,2.568,0.131957,living
8,A,A8,A8_00028,1.69,1.736,1.933,1.113,70.27,346.22,2.6,0.202963,living
8,A,A8,A8_00029,2.146,1.865,2.257,1.210,68.528,357.921,2.622,0.19146,living
8,A,A8,A8_00030,1.876,2.633,2.508,0.952,11.036,316.27,2.486,0.034894,living
8,A,A8,A8_00031,2.045,2.251,2.421,1.076,54.471,284.521,29.017,0.191449,dead
8,A,A8,A8_00032,2.146,2.251,2.480,1.102,30.992,288.567,22.976,0.1074,dead
8,A,A8,A8_00033,1.217,2.251,1.868,0.830,35.125,299.819,3.667,0.117154,living
8,A,A8,A8_00034,1.639,1.738,1.904,1.096,37.113,344.464,2.588,0.107742,living
8,A,A8,A8_00035,1.251,1.715,1.653,0.964,14.689,323.811,2.284,0.045363,living
8,A,A8,A8_00036,2.789,2.251,2.827,1.256,23.788,300.873,4.43,0.079063,living
8,A,A8,A8_00037,1.403,1.955,1.869,0.956,17.627,330.627,2.446,0.053312,living
8,A,A8,A8_00038,2.721,2.110,2.704,1.281,26.242,405.037,2.528,0.06479,living
8,A,A8,A8_00039,2.129,2.463,2.584,1.049,18,332.087,2.484,0.054203,living
8,A,A8,A8_00040,1.082,2.527,1.866,0.738,12.297,283.141,2.969,0.04343,living
8,A,A8,A8_00041,2.248,2.110,2.458,1.165,14.684,370.316,2.549,0.039653,living
8,A,A8,A8_00042,1.115,1.984,1.678,0.846,10.182,330.076,2.485,0.030847,living
8,A,A8,A8_00044,1.673,2.251,2.190,0.973,10.889,353.162,2.859,0.030833,living
8,A,A8,A8_00045,1.842,2.251,2.298,1.021,67.798,415.083,2.945,0.163337,living
8,A,A8,A8_00046,2.67,1.750,2.439,1.394,138.513,482.722,2.304,0.286941,living
8,A,A8,A8_00047,1.369,2.251,1.981,0.880,98.679,355.358,10.247,0.277689,dead
8,A,A8,A8_00048,2.282,2.251,2.557,1.136,59.193,341.83,6.933,0.173164,dead
8,A,A8,A8_00049,1.977,2.251,2.380,1.057,79.667,306.966,5.085,0.259529,dead
8,A,A8,A8_00050,2.315,2.251,2.576,1.144,90.861,326.248,3.869,0.278504,living
8,A,A8,A8_00051,1.538,1.844,1.900,1.031,25.978,393.769,3.077,0.065973,living
8,A,A8,A8_00052,2.552,1.630,2.301,1.412,58.768,394.702,2.132,0.148893,living
8,A,A8,A8_00053,1.825,1.930,2.118,1.097,64.713,379.306,2.583,0.170609,living
8,A,A8,A8_00054,1.842,1.320,1.759,1.333,52.202,404.697,2.771,0.12899,living
8,A,A8,A8_00055,2.434,2.159,2.587,1.198,65.111,446.424,2.646,0.145851,living
8,A,A8,A8_00056,2.805,2.251,2.835,1.260,59.994,415.452,3.217,0.144407,living
8,A,A8,A8_00057,1.96,2.216,2.352,1.061,36.319,411.698,2.733,0.088217,living
8,A,A8,A8_00058,2.045,2.289,2.441,1.067,40.876,414.488,2.793,0.098618,living
8,A,A8,A8_00059,2.434,2.205,2.614,1.186,18.604,445.465,2.382,0.041763,living
8,A,A8,A8_00060,2.298,2.172,2.521,1.161,24.426,423.287,2.625,0.057707,living
8,A,A8,A8_00061,0.997,1.949,1.573,0.807,20.678,368.492,2.203,0.056115,living
8,A,A8,A8_00063,1.487,2.026,1.959,0.967,64.557,311.818,2.716,0.207034,living
8,A,A8,A8_00064,1.386,2.251,1.993,0.885,31.268,299.024,2.61,0.104568,living
8,A,A8,A8_00067,1.673,1.629,1.863,1.144,106.242,352.515,2.434,0.301384,living
8,A,A8,A8_00068,1.268,2.062,1.825,0.885,69.613,314.133,2.48,0.221604,living
8,A,A8,A8_00069,2.839,2.251,2.852,1.267,79.952,428.649,10.393,0.186522,dead
8,A,A8,A8_00070,1.791,1.682,1.958,1.164,80.123,408.123,2.264,0.19632,living
8,A,A8,A8_00071,2.958,2.446,3.035,1.241,55.143,419.589,2.92,0.131421,living
8,A,A8,A8_00072,1.217,2.251,1.868,0.830,25.708,339.167,6.889,0.075799,dead
8,A,A8,A8_00073,1.994,1.770,2.120,1.198,41.78,435.746,2.551,0.095881,living
8,A,A8,A8_00074,2.501,1.937,2.484,1.282,25.23,487.838,1.986,0.051717,living
8,A,A8,A8_00075,2.011,2.305,2.429,1.054,19.168,394.017,2.227,0.048648,living
8,A,A8,A8_00076,1.741,2.251,2.234,0.992,16.971,365.194,12.922,0.046471,dead
8,A,A8,A8_00077,1.115,2.164,1.753,0.810,13.53,343.333,2.091,0.039409,living
8,A,A8,A8_00078,1.91,2.782,2.601,0.935,11.743,358.558,2.301,0.032752,living
8,A,A8,A8_00079,1.014,1.688,1.476,0.875,98.383,322.6,3.3,0.30497,living
8,A,A8,A8_00080,0.946,1.637,1.404,0.858,34.804,367.339,2.304,0.094745,living
8,A,A8,A8_00081,2.062,2.308,2.462,1.067,44.738,423.598,2.393,0.105613,living
8,A,A8,A8_00082,1.504,1.935,1.925,0.995,104.989,354.326,2.112,0.296306,living
8,A,A8,A8_00083,1.96,2.229,2.359,1.058,87.138,392.155,2.698,0.222203,living
8,A,A8,A8_00085,2.18,1.490,2.034,1.365,108.155,536.062,2.969,0.201758,living
8,A,A8,A8_00086,1.69,2.303,2.226,0.967,37.65,419.06,2.35,0.089844,living
8,A,A8,A8_00087,2.248,2.242,2.533,1.130,34.09,490.835,2.474,0.069454,living
8,A,A8,A8_00088,1.42,1.751,1.779,1.016,81.798,396.488,2.381,0.206305,living
8,A,A8,A8_00089,1.487,1.493,1.681,1.126,82.432,434.807,2.727,0.189583,living
8,A,A8,A8_00090,2.332,2.806,2.886,1.029,33.63,435.848,2.37,0.077161,living
8,A,A8,A8_00091,2.451,2.625,2.862,1.090,53.097,437.848,2.497,0.121267,living
8,A,A8,A8_00093,1.369,2.460,2.071,0.842,17.025,381.877,3.037,0.044582,living
8,A,A8,A8_00094,2.282,2.540,2.717,1.070,29.793,428.978,2.719,0.06945,living
8,A,A8,A8_00097,1.944,2.975,2.714,0.912,14.809,418.409,2.296,0.035393,living
8,A,A8,A8_00099,1.859,2.251,2.308,1.025,20.5,385.018,6.873,0.053244,dead
8,A,A8,A8_00100,1.301,3.099,2.266,0.731,19.532,369.727,2.325,0.052829,living
8,A,A8,A8_00101,1.251,1.849,1.716,0.928,14.243,427.824,2.432,0.033292,living
8,A,A8,A8_00103,1.572,1.576,1.776,1.127,67.28,349.108,2.419,0.192719,living
8,A,A8,A8_00104,1.2,2.703,2.032,0.752,57.465,328.366,2.577,0.175002,living
8,A,A8,A8_00105,2.501,2.473,2.806,1.135,109.365,376.338,3.007,0.290603,living
8,A,A8,A8_00106,1.96,2.251,2.370,1.053,88.198,333.052,3.922,0.264819,living
8,A,A8,A8_00107,2.18,2.215,2.480,1.119,46.031,367.961,2.667,0.125097,living
8,A,A8,A8_00108,1.791,1.603,1.912,1.193,134.679,420.528,2.236,0.320262,living
8,A,A8,A8_00110,2.129,2.251,2.470,1.097,116.96,371.984,3.04,0.314423,living
8,A,A8,A8_00111,2.079,2.001,2.301,1.150,67.52,430.569,2.528,0.156816,living
8,A,A8,A8_00112,1.876,2.145,2.264,1.055,32.613,423.667,2.135,0.076977,living
8,A,A8,A8_00113,2.451,2.037,2.521,1.238,89.469,468.083,2.186,0.191139,living
8,A,A8,A8_00114,1.352,1.685,1.703,1.011,50.388,415.8,2.275,0.121182,living
8,A,A8,A8_00115,1.555,1.745,1.859,1.065,46.75,438.5,2.793,0.106613,living
8,A,A8,A8_00117,0.93,1.923,1.509,0.785,20.018,391.564,2.055,0.051124,living
8,A,A8,A8_00118,1.707,2.251,2.212,0.983,16.307,369.802,3.139,0.044096,living
8,A,A8,A8_00119,2.045,1.889,2.218,1.174,19.744,481.157,2.769,0.041034,living
8,A,A8,A8_00120,1.014,2.906,1.937,0.667,11.2,369.95,2.15,0.030274,living
8,A,A8,A8_00121,2.197,2.601,2.697,1.037,88.731,341.631,2.346,0.259727,living
8,A,A8,A8_00122,2.417,2.251,2.632,1.169,94.748,347.748,2.413,0.272462,living
8,A,A8,A8_00123,1.284,1.869,1.748,0.935,99.474,327.342,2,0.303883,living
8,A,A8,A8_00124,1.183,1.599,1.552,0.971,78.014,330.729,1.971,0.235886,living
8,A,A8,A8_00125,1.69,1.720,1.924,1.118,89.75,390.4,3.1,0.229892,living
8,A,A8,A8_00126,2.586,2.251,2.722,1.209,91.837,417.699,5.242,0.219863,dead
8,A,A8,A8_00127,0.811,2.251,1.525,0.677,21.688,331.479,17.604,0.065426,dead
8,A,A8,A8_00128,1.217,1.974,1.749,0.886,36.236,365.653,2.722,0.0991,living
8,A,A8,A8_00129,2.129,1.592,2.077,1.305,43.532,417.778,2.175,0.104198,living
8,A,A8,A8_00130,1.301,1.779,1.717,0.965,40.182,352.026,3.078,0.114144,living
8,A,A8,A8_00131,2.113,1.731,2.158,1.247,64.264,440.376,2.624,0.14593,living
8,A,A8,A8_00133,1.318,2.702,2.129,0.788,19.077,342.038,2.91,0.055774,living
8,A,A8,A8_00134,1.538,2.358,2.149,0.911,25.604,370.912,2.89,0.069031,living
8,A,A8,A8_00135,1.352,1.987,1.849,0.931,24.225,368.387,2.3,0.06576,living
8,A,A8,A8_00136,2.484,3.182,3.172,0.997,32.116,387.463,2.483,0.082887,living
8,A,A8,A8_00137,1.115,1.681,1.545,0.919,24.167,397.985,1.894,0.060723,living
8,A,A8,A8_00138,1.014,2.251,1.705,0.757,16.85,338.817,14.95,0.049732,dead
8,A,A8,A8_00139,1.69,2.892,2.495,0.863,12.65,365.92,2.76,0.03457,living
8,A,A8,A8_00140,2.265,2.164,2.498,1.154,99.746,372.642,2.649,0.267673,living
8,A,A8,A8_00142,1.724,1.609,1.879,1.168,94.676,394.225,2.216,0.240158,living
8,A,A8,A8_00143,1.96,1.652,2.030,1.229,125.638,382.647,2.233,0.328339,living
8,A,A8,A8_00144,2.67,2.707,3.034,1.121,82.272,383.62,2.316,0.214462,living
8,A,A8,A8_00146,1.639,2.251,2.167,0.963,85.155,298.67,7.825,0.285113,dead
8,A,A8,A8_00147,2.113,2.079,2.365,1.138,107.888,365.304,2.424,0.295338,living
8,A,A8,A8_00148,2.028,2.251,2.411,1.071,68.408,347.642,4.608,0.196778,living
8,A,A8,A8_00149,2.417,1.913,2.426,1.268,96.524,403.993,2.413,0.238926,living
8,A,A8,A8_00150,1.791,1.392,1.782,1.280,45.764,451.387,1.934,0.101386,living
8,A,A8,A8_00151,1.437,2.219,2.015,0.908,49.859,350.553,2.212,0.142229,living
8,A,A8,A8_00152,1.284,2.251,1.918,0.852,32.184,302.908,5.461,0.106251,dead
8,A,A8,A8_00153,1.369,2.251,1.981,0.880,41.519,330.741,73.321,0.125532,dead
8,A,A8,A8_00154,1.707,2.251,2.212,0.983,29.911,407.891,7.713,0.073331,dead
8,A,A8,A8_00155,2.146,2.164,2.432,1.124,27.614,457.354,2.543,0.060378,living
8,A,A8,A8_00156,1.301,2.353,1.974,0.839,13.701,365.623,2.831,0.037474,living
8,A,A8,A8_00157,1.606,2.506,2.264,0.903,15.232,387.021,2.547,0.039356,living
8,A,A8,A8_00158,2.062,2.808,2.715,0.967,17.787,374.615,2.566,0.04748,living
8,A,A8,A8_00159,2.028,1.810,2.162,1.194,25.883,478.742,2.517,0.054065,living
8,A,A8,A8_00161,1.284,2.653,2.083,0.785,10.921,359.75,2.171,0.030357,living
8,A,A8,A8_00162,1.775,2.103,2.180,1.037,17.41,413.543,2.629,0.042098,living
8,A,A8,A8_00163,2.18,2.448,2.607,1.065,14.977,394.899,2.217,0.037925,living
8,A,A8,A8_00164,0.896,1.928,1.483,0.769,14.679,356.453,2.943,0.041181,living
8,A,A8,A8_00165,1.893,2.760,2.579,0.934,14.384,372.143,2.241,0.038652,living
8,A,A8,A8_00166,1.622,2.381,2.217,0.931,15.24,388.01,2.083,0.039276,living
8,A,A8,A8_00167,0.811,2.051,1.455,0.710,72.938,262.583,3,0.277769,living
8,A,A8,A8_00168,1.758,2.888,2.543,0.880,29.337,310.096,2.76,0.094605,living
8,A,A8,A8_00169,1.437,2.387,2.090,0.876,83,270.012,2.459,0.307394,living
8,A,A8,A8_00170,1.944,2.251,2.360,1.049,99.165,324.922,3.93,0.305197,living
8,A,A8,A8_00171,1.538,1.803,1.879,1.042,88.462,309.989,2.231,0.28537,living
8,A,A8,A8_00172,2.045,2.435,2.518,1.034,49.736,337.388,2.215,0.147413,living
8,A,A8,A8_00173,2.366,2.510,2.750,1.096,36.357,359.964,2.171,0.101002,living
8,A,A8,A8_00174,2.231,1.533,2.087,1.361,95.235,436.712,2.553,0.218072,living
8,A,A8,A8_00175,2.129,1.888,2.262,1.198,34.468,417.206,2.492,0.082617,living
8,A,A8,A8_00176,1.251,1.723,1.657,0.961,44.73,313.811,2.689,0.142537,living
8,A,A8,A8_00177,2.569,2.110,2.627,1.245,65.289,371.066,2.836,0.175951,living
8,A,A8,A8_00178,1.555,2.251,2.111,0.938,25.489,313.783,8.337,0.081232,dead
8,A,A8,A8_00179,1.91,2.415,2.423,1.003,34.805,343.973,2.142,0.101186,living
8,A,A8,A8_00180,2.028,1.746,2.123,1.216,47.725,414.908,2.533,0.115025,living
8,A,A8,A8_00181,1.622,2.130,2.097,0.985,33.01,365.115,2.25,0.090411,living
8,A,A8,A8_00182,2.045,2.051,2.311,1.127,31.215,401.273,2.347,0.07779,living
8,A,A8,A8_00183,2.738,1.809,2.511,1.388,33.858,433.253,2.235,0.078148,living
8,A,A8,A8_00184,1.893,1.899,2.139,1.127,18.402,404.964,1.991,0.045441,living
8,A,A8,A8_00185,1.69,1.867,2.004,1.074,26.35,380.23,2.79,0.0693,living
8,A,A8,A8_00187,1.014,1.675,1.471,0.878,12.8,348.217,2.383,0.036759,living
8,A,A8,A8_00188,2.265,2.500,2.685,1.074,14.642,372.731,2.493,0.039282,living
8,A,A8,A8_00192,1.115,1.935,1.657,0.857,83.803,285.136,2.894,0.293905,living
8,A,A8,A8_00193,1.369,1.968,1.852,0.941,35.16,346.63,2.494,0.101435,living
8,A,A8,A8_00194,2.231,2.647,2.742,1.036,72.992,342.098,2.652,0.213367,living
8,A,A8,A8_00195,2.096,2.251,2.451,1.089,97.355,321.331,20.887,0.302974,dead
8,A,A8,A8_00196,1.437,1.855,1.842,0.993,65.988,344.624,2.2,0.191479,living
8,A,A8,A8_00197,1.352,2.061,1.884,0.914,50.962,337.075,2.375,0.15119,living
8,A,A8,A8_00198,1.065,1.769,1.549,0.876,29,344.079,2.81,0.084283,living
8,A,A8,A8_00199,1.775,1.821,2.029,1.114,86.324,330.01,2.981,0.26158,living
8,A,A8,A8_00200,1.842,2.237,2.291,1.024,34.826,389.037,2.725,0.089518,living
8,A,A8,A8_00201,2.4,2.105,2.536,1.205,81.077,405.183,2.514,0.200101,living
8,A,A8,A8_00202,2.603,2.251,2.731,1.213,89.981,425.487,21.013,0.211477,dead
8,A,A8,A8_00203,1.301,2.251,1.931,0.858,57.299,338.688,3.455,0.169178,living
8,A,A8,A8_00204,1.977,2.079,2.288,1.100,51.077,396.197,2.513,0.128918,living
8,A,A8,A8_00205,2.873,2.607,3.088,1.185,49.082,377.606,2.976,0.129983,living
8,A,A8,A8_00206,1.622,1.665,1.854,1.114,58.052,428.135,2.885,0.135593,living
8,A,A8,A8_00207,1.115,1.915,1.649,0.861,35.106,341.545,2.303,0.102786,living
8,A,A8,A8_00208,1.487,1.669,1.778,1.065,35.148,399.591,2.625,0.087959,living
8,A,A8,A8_00209,2.636,2.163,2.694,1.246,34.404,462.814,2.577,0.074336,living
8,A,A8,A8_00210,1.707,1.987,2.078,1.046,15.891,376.307,2.436,0.042229,living
8,A,A8,A8_00212,1.707,2.305,2.238,0.971,14.416,377.604,2.822,0.038177,living
8,A,A8,A8_00213,1.487,2.132,2.009,0.942,18.591,382.864,2.693,0.048558,living
8,A,A8,A8_00214,1.521,2.251,2.088,0.928,14.022,388.811,48.644,0.036064,dead
8,A,A8,A8_00217,1.082,1.985,1.654,0.833,10.484,354.734,2.141,0.029556,living
8,A,A8,A8_00218,1.115,1.951,1.664,0.853,71.636,396.076,2.818,0.180865,living
8,A,A8,A8_00219,1.977,2.251,2.380,1.057,95.65,370.769,3.744,0.257976,living
8,A,A8,A8_00220,1.639,2.251,2.167,0.963,104.278,371.227,2.784,0.280902,living
8,A,A8,A8_00221,1.724,2.214,2.205,0.996,121.569,403.647,2.422,0.301176,living
8,A,A8,A8_00222,1.217,2.139,1.821,0.851,70.736,382.361,2.306,0.184998,living
8,A,A8,A8_00223,1.741,2.148,2.182,1.016,115.874,412.126,2.33,0.281161,living
8,A,A8,A8_00224,0.913,1.845,1.464,0.794,60.648,374.556,2.074,0.16192,living
8,A,A8,A8_00226,1.741,2.251,2.234,0.992,59.447,363.437,3.816,0.163568,living
8,A,A8,A8_00227,1.352,1.872,1.795,0.959,92.35,442.3,2.55,0.208795,living
8,A,A8,A8_00228,1.335,1.627,1.663,1.022,112.241,440.013,2.595,0.255085,living
8,A,A8,A8_00229,1.555,2.280,2.125,0.932,76.424,399.239,2.815,0.191424,living
8,A,A8,A8_00230,2.603,2.721,3.003,1.104,119.182,440.682,2.5,0.270449,living
8,A,A8,A8_00231,2.045,2.251,2.421,1.076,86.81,425.769,3.57,0.20389,living
8,A,A8,A8_00232,1.234,2.378,1.933,0.813,75.466,389.699,2.356,0.193652,living
8,A,A8,A8_00233,1.91,2.976,2.690,0.904,40.54,428.566,2.752,0.094594,living
8,A,A8,A8_00234,1.758,2.314,2.276,0.984,24.981,438.894,2.356,0.056918,living
8,A,A8,A8_00235,2.535,2.452,2.813,1.147,74.333,488.887,2.647,0.152046,living
8,A,A8,A8_00236,2.704,2.392,2.870,1.200,48.981,539.962,2.281,0.090712,living
8,A,A8,A8_00237,2.603,1.738,2.400,1.381,25.604,515.89,2.416,0.049631,living
8,A,A8,A8_00238,0.828,2.309,1.560,0.676,22.327,402.653,2.469,0.055449,living
8,A,A8,A8_00239,1.234,2.236,1.874,0.838,11.164,403.945,17.959,0.027638,dead
8,A,A8,A8_00240,1.217,1.887,1.710,0.906,17.889,477.778,2.083,0.037442,living
8,A,A8,A8_00243,1.69,2.477,2.309,0.932,14.31,476.07,2.63,0.030059,living
8,A,A8,A8_00244,1.825,2.251,2.287,1.016,93.824,344.194,4.5,0.27259,living
8,A,A8,A8_00245,2.755,3.093,3.294,1.065,65.448,402.11,2.282,0.162761,living
8,A,A8,A8_00246,1.606,2.161,2.102,0.973,98.095,333.747,2.368,0.293919,living
8,A,A8,A8_00247,1.386,2.608,2.145,0.823,55.012,334.524,2.232,0.164449,living
8,A,A8,A8_00248,1.166,2.218,1.815,0.818,66.725,339.522,2.87,0.196525,living
8,A,A8,A8_00249,1.96,2.915,2.697,0.925,89.491,338.664,2.224,0.264248,living
8,A,A8,A8_00250,1.065,2.251,1.747,0.776,26.81,319.746,4.81,0.083846,living
8,A,A8,A8_00251,1.606,2.673,2.338,0.875,60.989,337.189,2.242,0.180876,living
8,A,A8,A8_00252,1.741,2.174,2.195,1.010,66.66,376.019,2.621,0.177279,living
8,A,A8,A8_00253,2.248,2.100,2.452,1.167,111.406,379.624,1.985,0.293464,living
8,A,A8,A8_00254,1.859,1.787,2.057,1.151,36.445,378.491,2.191,0.096291,living
8,A,A8,A8_00255,2.011,1.843,2.172,1.179,91.185,420.765,2.445,0.216712,living
8,A,A8,A8_00256,2.4,1.701,2.280,1.340,99.113,479.718,2.662,0.206606,living
8,A,A8,A8_00257,2.518,3.200,3.203,1.001,71.362,386.604,2.161,0.184588,living
8,A,A8,A8_00258,0.845,2.251,1.556,0.691,47.34,332.46,77.74,0.142393,dead
8,A,A8,A8_00259,1.994,2.180,2.353,1.079,12.314,402.678,2.763,0.030579,living
8,A,A8,A8_00261,2.298,2.366,2.631,1.112,57.515,420.919,2.338,0.136641,living
8,A,A8,A8_00263,2.332,1.463,2.084,1.425,49.174,476.145,2.268,0.103275,living
8,A,A8,A8_00264,1.606,2.251,2.145,0.953,43.042,445.579,5.147,0.096598,dead
8,A,A8,A8_00265,2.586,2.641,2.949,1.117,33.993,426.229,2.961,0.079754,living
8,A,A8,A8_00266,0.862,2.303,1.590,0.690,19.902,354.235,2.667,0.056183,living
8,A,A8,A8_00267,2.349,2.062,2.483,1.204,35.072,487.273,2.165,0.071976,living
8,A,A8,A8_00268,2.67,1.868,2.520,1.349,25.772,582.778,2.342,0.044223,living
8,A,A8,A8_00270,1.031,2.251,1.719,0.764,11.689,384.967,13.541,0.030362,dead
8,A,A8,A8_00271,1.876,1.988,2.179,1.096,10.396,422.595,2.505,0.024601,living
8,A,A8,A8_00273,0.845,2.144,1.519,0.708,12.7,361.12,2.04,0.035168,living
8,A,A8,A8_00274,1.014,2.435,1.773,0.728,13.717,354.4,2.333,0.038704,living
8,A,A8,A8_00275,1.825,1.727,2.003,1.160,55.963,289.454,2.259,0.19334,living
8,A,A8,A8_00276,1.758,2.227,2.233,1.003,65.038,293.202,2.904,0.221821,living
8,A,A8,A8_00277,2.501,2.668,2.915,1.092,73.372,310.777,2.514,0.236091,living
8,A,A8,A8_00278,2.451,1.578,2.219,1.406,90.103,359.069,2.579,0.250936,living
8,A,A8,A8_00279,1.437,1.837,1.833,0.998,46.706,310.212,2.635,0.150561,living
8,A,A8,A8_00280,1.622,2.299,2.179,0.948,26.229,295.281,2.938,0.088828,living
8,A,A8,A8_00281,1.437,1.978,1.902,0.962,63.824,306.412,3.024,0.208293,living
8,A,A8,A8_00282,1.707,1.566,1.845,1.178,82.693,334.079,2.683,0.247525,living
8,A,A8,A8_00283,2.129,1.780,2.197,1.234,102.556,371.23,2.373,0.276259,living
8,A,A8,A8_00284,2.062,2.806,2.714,0.967,24.156,332.402,2.402,0.07267,living
8,A,A8,A8_00285,1.96,2.251,2.370,1.053,75.19,263.241,59.983,0.28563,dead
8,A,A8,A8_00286,1.876,2.005,2.188,1.091,21.351,360.072,2.27,0.059297,living
8,A,A8,A8_00287,2.467,2.251,2.659,1.181,26.027,302.007,4.521,0.086181,living
8,A,A8,A8_00288,1.656,2.251,2.179,0.968,38.776,320.378,46.061,0.121031,dead
8,A,A8,A8_00289,1.808,2.381,2.341,0.983,17.084,365.963,2.234,0.046683,living
8,A,A8,A8_00290,1.538,1.754,1.853,1.057,38.604,359.484,2.341,0.107388,living
8,A,A8,A8_00291,2.434,2.841,2.967,1.044,29.833,349.361,2.604,0.085394,living
8,A,A8,A8_00292,1.132,1.957,1.679,0.858,19.567,319.478,2.552,0.061247,living
8,A,A8,A8_00293,1.589,1.723,1.867,1.084,15.351,358.777,2.277,0.042787,living
8,A,A8,A8_00294,1.842,2.251,2.298,1.021,24.761,346.083,4.339,0.071548,living
8,A,A8,A8_00295,2.231,1.962,2.361,1.203,32.492,417.492,2.212,0.077828,living
8,A,A8,A8_00297,1.115,1.669,1.539,0.922,12.394,328.879,2.848,0.037685,living
8,A,A8,A8_00299,2.265,1.334,1.961,1.470,10.493,345.799,2.149,0.030343,living
8,A,A8,A8_00300,1.115,1.698,1.553,0.914,79.485,298,2.136,0.266728,living
8,A,A8,A8_00302,0.862,2.251,1.572,0.698,92.706,229.588,66.902,0.403792,dead
8,A,A8,A8_00303,1.622,2.397,2.225,0.928,40.26,331.885,2.417,0.121308,living
8,A,A8,A8_00304,1.048,2.251,1.733,0.770,104.774,287.355,53.742,0.364616,dead
8,A,A8,A8_00305,2.704,2.363,2.852,1.207,107.112,368.663,2.725,0.290544,living
8,A,A8,A8_00307,2.924,1.859,2.631,1.415,87.231,519.04,2.601,0.168062,living
8,A,A8,A8_00309,2.248,2.795,2.828,1.012,39.256,352.158,2.368,0.111472,living
8,A,A8,A8_00310,1.504,1.744,1.827,1.048,93.663,343.955,2.775,0.272312,living
8,A,A8,A8_00311,2.265,2.008,2.406,1.198,87.694,369.418,2.828,0.237384,living
8,A,A8,A8_00312,2.349,1.924,2.399,1.247,59.273,432.388,2.237,0.137084,living
8,A,A8,A8_00314,2.18,1.931,2.315,1.199,82.085,401.124,2.659,0.204638,living
8,A,A8,A8_00315,2.011,2.251,2.401,1.067,32.084,307.697,19.605,0.104271,dead
8,A,A8,A8_00316,2.366,1.821,2.342,1.286,88.3,439.386,2.343,0.200962,living
8,A,A8,A8_00317,2.129,2.900,2.804,0.967,27.738,362.016,2.238,0.076621,living
8,A,A8,A8_00318,1.808,2.251,2.276,1.011,33.664,341.29,3.692,0.098636,living
8,A,A8,A8_00319,1.42,2.318,2.047,0.883,18.262,366.583,2.274,0.049817,living
8,A,A8,A8_00320,1.301,2.183,1.902,0.871,37.818,343.519,2.675,0.11009,living
8,A,A8,A8_00321,2.265,2.664,2.772,1.040,35.187,360.97,2.187,0.097478,living
8,A,A8,A8_00322,2.265,1.614,2.157,1.337,46.955,443.291,2.448,0.105924,living
8,A,A8,A8_00323,2.045,2.661,2.632,0.989,13.95,337.215,2.752,0.04137,living
8,A,A8,A8_00324,2.197,1.919,2.317,1.207,35.846,452.377,2.462,0.07924,living
8,A,A8,A8_00325,2.603,2.330,2.779,1.193,21.227,434.649,2.136,0.048838,living
8,A,A8,A8_00326,1.403,2.389,2.066,0.865,17.614,342.53,2.012,0.051425,living
8,A,A8,A8_00327,2.89,2.251,2.878,1.279,29.082,422.058,3.515,0.068905,living
8,A,A8,A8_00328,1.69,1.922,2.034,1.058,31.94,394.96,2.34,0.080869,living
8,A,A8,A8_00330,1.538,1.696,1.822,1.075,23.747,427.615,2.11,0.055534,living
8,A,A8,A8_00331,1.234,2.236,1.874,0.838,11.164,351.082,2.767,0.0318,living
8,A,A8,A8_00332,1.065,1.844,1.581,0.858,14.921,363.254,2.429,0.041075,living
8,A,A8,A8_00333,1.115,2.251,1.788,0.794,15.015,352.697,55.076,0.042572,dead
8,A,A8,A8_00334,1.166,1.989,1.718,0.864,10.797,350.072,2.348,0.030842,living
8,A,A8,A8_00335,1.284,2.606,2.064,0.792,10.579,348.908,2.421,0.03032,living
8,A,A8,A8_00339,1.149,1.889,1.662,0.880,44.574,304.824,2.221,0.146227,living
8,A,A8,A8_00340,1.775,2.251,2.255,1.002,95.514,331.21,5.762,0.28838,dead
8,A,A8,A8_00341,1.91,1.691,2.028,1.199,124.752,401.929,2.558,0.310384,living
8,A,A8,A8_00343,1.453,1.660,1.752,1.056,72.465,369.86,1.953,0.195926,living
8,A,A8,A8_00344,1.369,3.159,2.347,0.743,43.765,316.185,2.346,0.138417,living
8,A,A8,A8_00345,1.031,1.834,1.552,0.846,55.639,305.77,2.934,0.181964,living
8,A,A8,A8_00346,1.386,1.821,1.793,0.984,63,346.634,2.22,0.181748,living
8,A,A8,A8_00347,2.045,2.271,2.432,1.071,53.917,400,2.347,0.134793,living
8,A,A8,A8_00348,2.417,1.862,2.394,1.286,87.993,444.909,2.818,0.197777,living
8,A,A8,A8_00349,2.518,2.064,2.572,1.246,38.852,403.671,2.49,0.096248,living
8,A,A8,A8_00350,2.839,2.517,3.016,1.198,42.494,385.363,2.327,0.11027,living
8,A,A8,A8_00352,2.755,2.823,3.147,1.115,47.65,421.89,2.62,0.112945,living
8,A,A8,A8_00353,0.963,2.627,1.795,0.683,15.246,325.298,2.754,0.046867,living
8,A,A8,A8_00354,1.014,2.251,1.705,0.757,16.2,335.567,18.217,0.048277,dead
8,A,A8,A8_00355,2.349,2.251,2.595,1.153,51.669,437.511,44.396,0.118098,dead
8,A,A8,A8_00356,2.839,2.251,2.852,1.267,48.19,403.589,4.024,0.119405,living
8,A,A8,A8_00357,1.825,1.748,2.015,1.153,30.491,450.398,2.824,0.067697,living
8,A,A8,A8_00358,1.437,2.863,2.289,0.799,22.988,341.494,2.565,0.067317,living
8,A,A8,A8_00359,1.453,2.251,2.041,0.907,20.593,342.942,66.965,0.060048,dead
8,A,A8,A8_00360,1.115,2.618,1.928,0.736,16.697,325.985,2.076,0.05122,living
8,A,A8,A8_00361,1.791,2.204,2.242,1.017,24.623,400,2.34,0.061557,living
8,A,A8,A8_00362,1.335,1.995,1.841,0.923,12.304,369.278,2.089,0.033318,living
8,A,A8,A8_00363,1.96,1.500,1.935,1.290,17.991,466.974,2.448,0.038528,living
8,A,A8,A8_00365,1.927,1.804,2.104,1.166,19.053,456.281,2.465,0.041756,living
8,A,A8,A8_00366,2.028,2.348,2.462,1.049,71.108,320.283,2.467,0.222017,living
8,A,A8,A8_00368,2.822,2.745,3.141,1.144,58.132,354.12,2.659,0.164158,living
8,A,A8,A8_00369,2.636,2.356,2.812,1.194,100.647,378.321,2.622,0.266037,living
8,A,A8,A8_00370,2.941,2.538,3.083,1.215,83.149,381.011,2.414,0.218233,living
8,A,A8,A8_00371,1.656,1.688,1.887,1.118,84.796,341.153,2.429,0.248557,living
8,A,A8,A8_00373,1.504,2.251,2.076,0.922,28.36,328.303,47.719,0.086382,dead
8,A,A8,A8_00374,1.487,2.872,2.332,0.812,75.455,281.761,2.568,0.267796,living
8,A,A8,A8_00375,2.62,2.506,2.891,1.154,43.232,413.503,2.355,0.104551,living
8,A,A8,A8_00376,1.758,2.688,2.453,0.913,19.221,356.942,2.269,0.053849,living
8,A,A8,A8_00380,2.214,2.521,2.666,1.057,23.786,384.489,2.687,0.061865,living
8,A,A8,A8_00381,0.879,1.759,1.403,0.798,15.75,377.712,2.923,0.041698,living
8,A,A8,A8_00382,2.569,3.070,3.169,1.032,11.224,379.711,2.487,0.029559,living
8,A,A8,A8_00383,2.197,2.793,2.795,1.001,16.892,376.038,2.615,0.044922,living
8,A,A8,A8_00385,1.2,2.857,2.089,0.731,10.563,334.014,2.352,0.031626,living
8,A,A8,A8_00386,0.98,1.921,1.548,0.806,12.121,348.155,2.397,0.034814,living
8,A,A8,A8_00387,1.96,2.128,2.304,1.083,96.267,348.733,2.431,0.276049,living
8,A,A8,A8_00388,2.552,2.830,3.032,1.072,47.848,347.338,2.444,0.137755,living
8,A,A8,A8_00389,1.352,1.685,1.703,1.011,102.15,370.188,2.462,0.275941,living
8,A,A8,A8_00390,1.656,1.916,2.010,1.049,101.684,348.061,2.5,0.292143,living
8,A,A8,A8_00391,2.62,2.895,3.108,1.073,106.523,359.523,2.419,0.296289,living
8,A,A8,A8_00392,1.639,1.898,1.990,1.049,95.485,365.33,2.66,0.261365,living
8,A,A8,A8_00393,0.896,1.751,1.413,0.807,67.906,339.868,2.245,0.1998,living
8,A,A8,A8_00394,1.707,2.118,2.146,1.013,71.396,374.099,2.149,0.190848,living
8,A,A8,A8_00395,1.217,1.933,1.731,0.895,93.111,336.125,2.236,0.277013,living
8,A,A8,A8_00396,2.366,1.864,2.370,1.271,48.586,420.414,2.229,0.115566,living
8,A,A8,A8_00397,2.265,2.410,2.636,1.094,84.955,387.925,2.963,0.218999,living
8,A,A8,A8_00399,1.335,1.786,1.742,0.976,47.937,383.873,2.873,0.124876,living
8,A,A8,A8_00400,1.521,1.741,1.836,1.055,72.467,383.233,3.278,0.189093,living
8,A,A8,A8_00401,2.755,2.753,3.108,1.129,54.276,434.307,2.693,0.124972,living
8,A,A8,A8_00402,2.315,2.347,2.630,1.121,48.664,441.847,2.496,0.110138,living
8,A,A8,A8_00403,1.707,1.488,1.798,1.209,45.119,454.554,2.04,0.099259,living
8,A,A8,A8_00404,1.47,2.174,2.017,0.928,25.839,399.874,2.506,0.064618,living
8,A,A8,A8_00405,1.504,2.395,2.142,0.894,29.719,371.034,2.022,0.080098,living
8,A,A8,A8_00406,0.896,1.723,1.402,0.814,22.302,389.547,2.321,0.057251,living
8,A,A8,A8_00407,1.234,1.842,1.701,0.924,24.89,396.959,2.205,0.062703,living
8,A,A8,A8_00408,1.166,2.251,1.828,0.812,15.13,298.043,3.232,0.050766,living
8,A,A8,A8_00412,1.994,1.828,2.154,1.178,66.449,512.339,2.288,0.129698,living
8,A,A8,A8_00413,1.758,2.144,2.191,1.022,87.01,428.731,3.048,0.202947,living
8,A,A8,A8_00415,1.284,1.614,1.624,1.006,77.316,444.053,2.289,0.174114,living
8,A,A8,A8_00417,1.47,1.744,1.807,1.036,24.138,449.379,2.586,0.053714,living
8,A,A8,A8_00418,1.859,2.294,2.330,1.016,57.309,493.455,2.845,0.116139,living
8,A,A8,A8_00419,1.91,2.916,2.663,0.913,38.416,421.044,2.407,0.09124,living
8,A,A8,A8_00421,0.963,1.923,1.536,0.799,17.053,434.246,2.649,0.03927,living
8,A,A8,A8_00422,1.115,2.065,1.712,0.829,17.333,416.348,2.061,0.041632,living
8,A,A8,A8_00423,1.234,2.636,2.035,0.772,44.959,353.014,2.205,0.127357,living
8,A,A8,A8_00424,1.318,2.251,1.944,0.863,87.333,333.654,6.667,0.261748,dead
8,A,A8,A8_00425,1.639,2.576,2.319,0.900,50.948,400.34,2.052,0.127263,living
8,A,A8,A8_00427,1.825,1.928,2.117,1.098,121.269,404.63,2.694,0.299703,living
8,A,A8,A8_00428,1.521,1.989,1.963,0.987,38.3,446.633,2.156,0.085753,living
8,A,A8,A8_00429,2.163,2.012,2.354,1.170,84.617,485.891,2.672,0.174149,living
8,A,A8,A8_00430,2.484,2.822,2.988,1.059,105.585,411.544,3.02,0.256558,living
8,A,A8,A8_00431,2.062,2.141,2.371,1.107,88.795,453.73,1.918,0.1957,living
8,A,A8,A8_00432,1.589,2.404,2.205,0.917,56.83,409.17,2.468,0.13889,living
8,A,A8,A8_00433,2.265,2.251,2.548,1.132,44.843,455.306,3.134,0.09849,living
8,A,A8,A8_00434,2.789,2.251,2.827,1.256,41.333,462.552,4.612,0.089359,living
8,A,A8,A8_00435,1.403,2.468,2.100,0.851,28.795,413.398,2.53,0.069655,living
8,A,A8,A8_00436,1.622,2.251,2.156,0.958,25.25,424.479,4.552,0.059485,living
8,A,A8,A8_00438,2.129,2.028,2.345,1.156,37.349,466.643,2.5,0.080038,living
8,A,A8,A8_00439,1.301,2.251,1.931,0.858,14.052,365.818,5.896,0.038412,dead
8,A,A8,A8_00440,1.335,3.028,2.269,0.749,17.633,397.051,2.759,0.04441,living
8,A,A8,A8_00441,2.248,2.142,2.476,1.156,24.917,484.85,2.241,0.051392,living
8,A,A8,A8_00442,1.893,2.444,2.427,0.993,17.062,468.509,2.464,0.036419,living
8,A,A8,A8_00444,1.369,2.655,2.151,0.810,12.16,429.469,2.543,0.028315,living
8,A,A8,A8_00445,0.98,2.514,1.771,0.705,11.052,391.776,2.103,0.028209,living
8,A,A8,A8_00446,0.997,2.251,1.690,0.751,101.322,282.644,62.017,0.358479,dead
8,A,A8,A8_00447,2.282,2.393,2.637,1.102,105.889,352.437,2.437,0.300448,living
8,A,A8,A8_00448,1.437,1.577,1.699,1.077,81.588,345.482,2.494,0.236157,living
8,A,A8,A8_00449,0.913,2.251,1.618,0.719,31.093,290.333,28.111,0.107093,dead
8,A,A8,A8_00450,2.18,2.052,2.387,1.163,101.527,357.496,2.496,0.283995,living
8,A,A8,A8_00451,1.622,1.426,1.716,1.203,66.562,424.042,2.385,0.156972,living
8,A,A8,A8_00452,1.369,2.992,2.284,0.763,82.605,283.383,2.716,0.291496,living
8,A,A8,A8_00453,2.113,2.251,2.461,1.093,106.032,356.104,3.016,0.297756,living
8,A,A8,A8_00454,1.386,2.429,2.070,0.852,28.061,358.329,2.427,0.078311,living
8,A,A8,A8_00456,2.383,2.251,2.613,1.161,102.028,363.064,3.106,0.28102,living
8,A,A8,A8_00457,1.96,2.642,2.568,0.972,36.267,379.56,2.405,0.095551,living
8,A,A8,A8_00458,1.91,2.252,2.340,1.039,57.805,387.292,2.354,0.149255,living
8,A,A8,A8_00459,2.163,1.830,2.245,1.227,50.805,489.031,2.305,0.103888,living
8,A,A8,A8_00460,1.318,1.755,1.716,0.978,33.654,389.359,2.59,0.086434,living
8,A,A8,A8_00461,2.028,1.849,2.185,1.182,54.033,447.1,2.208,0.120853,living
8,A,A8,A8_00462,1.149,1.608,1.534,0.954,35.515,370.765,1.956,0.095788,living
8,A,A8,A8_00463,2.451,2.006,2.502,1.247,46.076,463.49,2.538,0.099411,living
8,A,A8,A8_00464,0.913,2.489,1.701,0.683,13.611,337.611,2.519,0.040316,living
8,A,A8,A8_00465,2.163,1.991,2.342,1.176,31.281,462.266,2.672,0.067669,living
8,A,A8,A8_00466,1.893,1.671,2.007,1.201,27.866,474.089,2.661,0.058778,living
8,A,A8,A8_00467,1.673,2.251,2.190,0.973,15.778,330.354,3.747,0.04776,living
8,A,A8,A8_00468,1.825,2.257,2.290,1.015,22.5,401.037,2.37,0.056105,living
8,A,A8,A8_00469,0.896,2.251,1.602,0.712,19.642,331.094,79.132,0.059323,dead
8,A,A8,A8_00470,1.808,2.076,2.186,1.053,21.346,423.804,2.654,0.050367,living
8,A,A8,A8_00472,1.234,2.063,1.800,0.873,13.425,383.247,2.205,0.035029,living
8,A,A8,A8_00473,0.98,2.251,1.676,0.745,10.741,328.138,5.914,0.032734,dead
8,A,A8,A8_00474,1.572,1.678,1.833,1.092,45.538,330.828,2.538,0.137647,living
8,A,A8,A8_00475,2.028,1.985,2.264,1.141,52.708,340.192,2.817,0.154937,living
8,A,A8,A8_00476,2.096,2.393,2.527,1.056,67.097,335.25,2.129,0.20014,living
8,A,A8,A8_00477,2.163,2.228,2.477,1.112,81.219,324.195,2.117,0.250524,living
8,A,A8,A8_00479,1.758,2.150,2.194,1.020,83.577,302.308,2.798,0.276463,living
8,A,A8,A8_00480,2.653,2.034,2.621,1.289,78.287,399.025,2.28,0.196195,living
8,A,A8,A8_00481,1.808,1.682,1.968,1.170,96.458,342.402,2.57,0.28171,living
8,A,A8,A8_00483,1.673,2.251,2.190,0.973,23.141,330.556,37.909,0.070008,dead
8,A,A8,A8_00484,2.738,2.356,2.866,1.216,55.327,398.605,2.241,0.138802,living
8,A,A8,A8_00485,2.332,1.958,2.411,1.231,100.217,381.565,2.261,0.262648,living
8,A,A8,A8_00487,2.89,2.251,2.878,1.279,46.702,368.906,3.327,0.126595,living
8,A,A8,A8_00488,2.214,2.663,2.740,1.029,25.611,362.191,2.252,0.07071,living
8,A,A8,A8_00489,2.467,2.006,2.510,1.251,26.829,446.322,2.842,0.060111,living
8,A,A8,A8_00490,1.741,2.251,2.234,0.992,36.214,344.563,6.369,0.1051,dead
8,A,A8,A8_00492,1.149,2.369,1.862,0.786,14.838,320.441,2.956,0.046306,living
8,A,A8,A8_00493,1.69,2.085,2.118,1.016,15.47,351.53,2.53,0.044008,living
8,A,A8,A8_00494,1.149,2.251,1.815,0.806,15.294,354.985,2.647,0.043084,living
8,A,A8,A8_00495,1.589,2.027,2.025,0.999,20.383,356.106,2.777,0.057238,living
8,A,A8,A8_00496,1.284,2.395,1.979,0.826,12.724,323.342,2.737,0.039351,living
8,A,A8,A8_00497,1.082,2.251,1.761,0.782,11.578,305.156,42.312,0.037942,dead
8,A,A8,A8_00498,0.963,1.955,1.548,0.792,13.439,319.737,2.842,0.04203,living
8,A,A8,A8_00499,1.622,2.251,2.156,0.958,17.51,363.156,52.229,0.048217,dead
8,A,A8,A8_00500,2.383,2.561,2.788,1.088,16.17,391.922,2.312,0.041259,living
8,A,A8,A8_00503,1.47,1.703,1.785,1.048,50.241,459.057,2.011,0.109445,living
8,A,A8,A8_00504,1.741,1.483,1.813,1.223,114.272,475.699,3.126,0.240219,living
8,A,A8,A8_00505,2.096,2.236,2.443,1.092,91.355,442.565,2.492,0.206422,living
8,A,A8,A8_00506,1.96,1.791,2.114,1.180,83.802,494.026,2.517,0.16963,living
8,A,A8,A8_00507,2.028,2.206,2.387,1.082,84.1,412.592,2.783,0.203833,living
8,A,A8,A8_00508,2.062,3.085,2.846,0.923,55.656,396.049,2.484,0.140527,living
8,A,A8,A8_00509,2.434,2.119,2.563,1.209,104.833,485.778,2.486,0.215805,living
8,A,A8,A8_00510,1.284,1.716,1.675,0.976,26.276,434.961,2.579,0.060411,living
8,A,A8,A8_00511,1.115,1.752,1.577,0.900,29.97,414.545,2.591,0.072295,living
8,A,A8,A8_00512,1.284,1.768,1.700,0.962,53.763,436.421,2.447,0.123191,living
8,A,A8,A8_00513,1.065,1.995,1.645,0.824,29.333,409.048,1.429,0.071711,living
8,A,A8,A8_00514,1.775,1.932,2.090,1.082,34.495,400.524,2.562,0.086125,living
8,A,A8,A8_00515,2.484,2.172,2.621,1.207,64.422,510.435,2.707,0.126209,living
8,A,A8,A8_00516,1.91,2.251,2.340,1.039,44.69,455.478,14.283,0.098117,dead
8,A,A8,A8_00517,1.893,2.136,2.269,1.062,24.857,467.723,2.321,0.053145,living
8,A,A8,A8_00518,1.42,1.551,1.675,1.080,17.643,508.917,2.667,0.034667,living
8,A,A8,A8_00519,2.484,2.724,2.935,1.078,16.048,448.367,2.912,0.035791,living
8,A,A8,A8_00521,1.741,2.112,2.164,1.024,18,473.864,2.165,0.037986,living
8,A,A8,A8_00522,2.704,2.763,3.084,1.116,15.575,466.2,2.45,0.033408,living
8,A,A8,A8_00523,1.42,2.251,2.017,0.896,19.702,390.488,12.595,0.050456,dead
8,A,A8,A8_00524,1.217,1.503,1.526,1.015,15.681,499.069,1.917,0.03142,living
8,A,A8,A8_00526,0.896,3.108,1.883,0.606,11.057,380.472,2.321,0.02906,living
8,A,A8,A8_00527,1.656,1.768,1.931,1.092,100,364.622,2.898,0.274256,living
8,A,A8,A8_00528,1.268,2.331,1.940,0.832,29.027,355.227,2.387,0.081713,living
8,A,A8,A8_00529,1.183,2.021,1.745,0.863,54.757,358.757,2.7,0.15263,living
8,A,A8,A8_00530,2.163,3.073,2.909,0.947,84.656,326,2.523,0.259682,living
8,A,A8,A8_00531,1.741,1.882,2.043,1.085,83.32,416.631,2.466,0.199986,living
8,A,A8,A8_00532,1.048,2.251,1.733,0.770,32.097,355.403,4.71,0.090311,living
8,A,A8,A8_00534,1.504,1.958,1.936,0.989,44.73,382.079,2.607,0.117071,living
8,A,A8,A8_00538,1.234,2.251,1.881,0.835,45.918,356.904,29.534,0.128656,dead
8,A,A8,A8_00539,1.369,2.215,1.965,0.887,61.21,367.568,2.506,0.166527,living
8,A,A8,A8_00540,2.079,2.072,2.342,1.130,83,415.577,2.528,0.199722,living
8,A,A8,A8_00541,2.062,2.262,2.437,1.077,74.664,396.107,2.295,0.188495,living
8,A,A8,A8_00542,1.065,2.042,1.664,0.815,35.937,370.238,3.032,0.097063,living
8,A,A8,A8_00543,1.91,2.251,2.340,1.039,48.035,405.195,2.434,0.118549,living
8,A,A8,A8_00544,1.386,2.251,1.993,0.885,42.793,329.232,64.293,0.129977,dead
8,A,A8,A8_00545,1.352,1.927,1.821,0.945,20.913,396.975,2.788,0.05268,living
8,A,A8,A8_00546,2.67,2.420,2.868,1.185,51.772,471.867,2.297,0.109718,living
8,A,A8,A8_00548,2.789,2.346,2.886,1.230,50.624,472.133,2.667,0.107224,living
8,A,A8,A8_00549,1.977,1.749,2.098,1.200,40.026,512.068,2.282,0.078165,living
8,A,A8,A8_00550,1.927,2.380,2.416,1.015,21.737,416.167,2.465,0.052231,living
8,A,A8,A8_00551,1.065,2.121,1.696,0.800,14.206,357.508,2.46,0.039737,living
8,A,A8,A8_00552,2.484,2.792,2.972,1.064,25.626,422.231,2.721,0.060691,living
8,A,A8,A8_00553,1.2,2.054,1.772,0.862,16.338,386.915,2.296,0.042226,living
8,A,A8,A8_00555,0.913,1.799,1.446,0.804,10.5,388.796,2.759,0.027006,living
8,A,A8,A8_00556,1.656,1.734,1.912,1.103,82.724,415.704,1.959,0.198999,living
8,A,A8,A8_00557,1.724,1.879,2.031,1.081,107.51,379.647,2.775,0.283184,living
8,A,A8,A8_00558,1.251,2.251,1.894,0.841,84.095,299.514,40.622,0.280771,dead
8,A,A8,A8_00559,1.775,2.765,2.500,0.904,97.257,335.181,2.79,0.290163,living
8,A,A8,A8_00560,1.217,1.865,1.700,0.912,49.722,364.847,2.056,0.136282,living
8,A,A8,A8_00562,1.842,2.251,2.298,1.021,45.211,406.679,3.183,0.111171,living
8,A,A8,A8_00565,1.791,2.472,2.374,0.960,32.528,424.349,2.443,0.076655,living
8,A,A8,A8_00566,0.963,2.251,1.661,0.738,26.772,341.456,12.158,0.078405,dead
8,A,A8,A8_00568,1.555,1.705,1.837,1.078,17.098,460.402,2.707,0.037137,living
8,A,A8,A8_00569,1.42,2.868,2.277,0.794,11.69,348.476,2.607,0.033547,living
8,A,A8,A8_00570,1.065,1.468,1.411,0.961,32.714,289.778,2.429,0.112894,living
8,A,A8,A8_00571,2.704,2.040,2.650,1.299,98.425,329.994,2.538,0.298263,living
8,A,A8,A8_00574,0.896,2.189,1.580,0.722,23.811,244.962,2.283,0.097204,living
8,A,A8,A8_00575,0.896,2.352,1.638,0.696,43.528,232.321,2.585,0.187363,living
8,A,A8,A8_00576,1.099,1.766,1.572,0.890,59.769,245.123,2.4,0.243834,living
8,A,A8,A8_00577,2.721,2.050,2.665,1.300,37.509,335.522,2.398,0.111794,living
8,A,A8,A8_00578,1.622,1.759,1.906,1.084,60.188,285.969,2.219,0.210469,living
8,A,A8,A8_00581,1.707,2.051,2.111,1.029,35.059,309.129,2.475,0.113414,living
8,A,A8,A8_00582,1.352,2.781,2.188,0.787,12.637,273.762,2.3,0.046162,living
8,A,A8,A8_00583,1.876,2.410,2.399,0.996,18.315,300.595,2.378,0.06093,living
8,A,A8,A8_00584,2.028,1.851,2.186,1.181,21.542,353.167,2.225,0.060996,living
8,A,A8,A8_00587,1.741,2.251,2.234,0.992,14.35,286.184,3.66,0.050141,living
8,A,A8,A8_00589,2.011,2.779,2.668,0.960,12.571,316.992,2.647,0.039659,living
8,A,A8,A8_00590,1.082,3.048,2.049,0.672,70.391,226.359,2.75,0.310968,living
8,A,A8,A8_00591,2.941,2.229,2.889,1.296,59.23,292.144,2.339,0.202742,living
8,A,A8,A8_00592,2.67,2.021,2.621,1.297,73.924,349.38,2.519,0.211587,living
8,A,A8,A8_00593,2.113,1.971,2.303,1.168,95.888,313.896,2.504,0.305477,living
8,A,A8,A8_00594,2.417,2.111,2.549,1.207,99.063,342.14,2.727,0.289539,living
8,A,A8,A8_00595,1.065,2.092,1.684,0.805,27.222,314.032,2.476,0.086686,living
8,A,A8,A8_00596,1.589,1.821,1.919,1.054,27.819,366.83,2.585,0.075837,living
8,A,A8,A8_00597,2.805,2.251,2.835,1.260,91.687,340.518,6.518,0.269257,dead
8,A,A8,A8_00598,1.944,2.205,2.336,1.059,35.504,358,2.748,0.099174,living
8,A,A8,A8_00599,2.62,2.583,2.935,1.136,40.219,356.826,2.961,0.112714,living
8,A,A8,A8_00600,1.842,1.962,2.145,1.093,24.11,373.743,2.376,0.06451,living
8,A,A8,A8_00601,1.859,2.251,2.308,1.025,35.136,356.227,5.391,0.098635,dead
8,A,A8,A8_00602,1.335,2.251,1.956,0.869,34.608,346.127,3.342,0.099985,living
8,A,A8,A8_00603,1.014,2.331,1.735,0.744,17.017,284.917,1.983,0.059725,living
8,A,A8,A8_00604,2.332,2.076,2.483,1.196,31.043,425.478,2.268,0.072961,living
8,A,A8,A8_00605,2.248,2.380,2.610,1.097,22.91,360.12,2.677,0.063617,living
8,A,A8,A8_00606,0.93,1.889,1.496,0.792,18.382,317.145,2.091,0.05796,living
8,A,A8,A8_00608,1.386,1.863,1.813,0.973,18.817,329.085,3.073,0.05718,living
8,A,A8,A8_00610,1.927,1.884,2.150,1.141,17.482,392.535,2.658,0.044537,living
8,A,A8,A8_00613,0.93,1.614,1.382,0.857,14.218,320.891,2.164,0.044308,living
8,A,A8,A8_00615,1.893,2.543,2.476,0.974,81.777,280.786,2.045,0.291243,living
8,A,A8,A8_00616,1.775,2.251,2.255,1.002,59.952,301.59,9.305,0.198787,dead
8,A,A8,A8_00617,2.011,1.638,2.048,1.250,57.992,356.958,2.445,0.162461,living
8,A,A8,A8_00618,2.569,2.414,2.810,1.164,66.401,352.625,2.796,0.188306,living
8,A,A8,A8_00619,1.589,1.868,1.944,1.041,69.936,327.755,2.021,0.213379,living
8,A,A8,A8_00620,1.048,2.471,1.816,0.735,44.742,268.484,1.758,0.166647,living
8,A,A8,A8_00621,1.301,2.433,2.008,0.825,52.494,277.403,2.143,0.189232,living
8,A,A8,A8_00622,2.856,2.394,2.951,1.232,76.243,348.864,2.462,0.218545,living
8,A,A8,A8_00623,2.417,2.598,2.828,1.088,52.224,355.077,2.895,0.147077,living
8,A,A8,A8_00624,1.268,1.454,1.532,1.054,37.587,366.427,2.88,0.102576,living
8,A,A8,A8_00625,1.977,1.594,2.003,1.257,48.615,404.368,2.479,0.120226,living
8,A,A8,A8_00626,1.453,1.969,1.909,0.969,18.523,350.023,2.767,0.05292,living
8,A,A8,A8_00627,0.98,2.199,1.656,0.753,21.948,320.845,2.328,0.068408,living
8,A,A8,A8_00629,1.521,2.639,2.261,0.857,21.789,334.589,2.9,0.065121,living
8,A,A8,A8_00630,1.927,1.951,2.188,1.121,25.649,374.623,2.298,0.068467,living
8,A,A8,A8_00631,2.146,2.665,2.698,1.013,14.961,346.205,3.197,0.043213,living
8,A,A8,A8_00632,1.944,2.251,2.360,1.049,16.991,360.687,3.365,0.047108,living
8,A,A8,A8_00633,2.011,2.094,2.316,1.106,18.387,392.101,2.252,0.046892,living
8,A,A8,A8_00634,2.282,2.561,2.728,1.065,20.067,376.074,2.726,0.053358,living
8,A,A8,A8_00635,1.47,2.251,2.053,0.912,14.287,334.483,18.931,0.042715,dead
8,A,A8,A8_00636,2.18,2.251,2.500,1.110,14.55,331.24,26.473,0.043927,dead
8,A,A8,A8_00637,1.437,1.699,1.763,1.038,82.976,296,2.424,0.280326,living
8,A,A8,A8_00638,2.282,2.259,2.562,1.134,58.363,352.489,2.193,0.165574,living
8,A,A8,A8_00639,1.876,1.854,2.104,1.135,44.811,343.811,2.658,0.130336,living
8,A,A8,A8_00640,1.994,1.911,2.203,1.153,76.551,349.322,3.025,0.219141,living
8,A,A8,A8_00642,2.383,1.965,2.442,1.243,106.071,349.83,2.631,0.303207,living
8,A,A8,A8_00643,2.045,1.862,2.202,1.183,83.099,340.95,2.14,0.243728,living
8,A,A8,A8_00644,2.129,2.251,2.470,1.097,35.722,319.389,4.548,0.111846,living
8,A,A8,A8_00645,1.521,2.637,2.260,0.857,52.578,282.944,2.7,0.185824,living
8,A,A8,A8_00646,1.386,2.094,1.922,0.918,34.585,310.902,2.329,0.111242,living
8,A,A8,A8_00647,1.656,2.033,2.070,1.018,70.378,295.837,2.439,0.237893,living
8,A,A8,A8_00648,1.944,2.037,2.245,1.102,77.391,352.696,2.643,0.219428,living
8,A,A8,A8_00649,1.673,2.909,2.489,0.856,40.879,283.616,2.374,0.144134,living
8,A,A8,A8_00653,1.741,2.225,2.221,0.998,48.058,334.146,2.689,0.143824,living
8,A,A8,A8_00654,1.217,2.251,1.868,0.830,19.042,318.806,8.569,0.059728,dead
8,A,A8,A8_00656,1.386,2.251,1.993,0.885,50.915,281.817,67.171,0.180666,dead
8,A,A8,A8_00657,2.467,1.709,2.317,1.356,52.308,460.966,2.486,0.113475,living
8,A,A8,A8_00659,2.484,1.863,2.427,1.303,43.49,435.537,2.803,0.099853,living
8,A,A8,A8_00660,1.944,2.625,2.549,0.971,41.357,334.643,2.165,0.123584,living
8,A,A8,A8_00661,1.386,2.595,2.140,0.825,17.012,319.39,2.5,0.053265,living
8,A,A8,A8_00663,2.721,2.819,3.125,1.109,28.36,379.957,2.404,0.074641,living
8,A,A8,A8_00664,2.146,2.675,2.704,1.011,18.441,341.638,3.087,0.053978,living
8,A,A8,A8_00665,2.552,2.211,2.680,1.212,28.086,421.305,2.748,0.066665,living
8,A,A8,A8_00666,1.048,2.251,1.733,0.770,18.677,312.839,11.806,0.059703,dead
8,A,A8,A8_00667,0.845,2.000,1.467,0.733,11.7,314.58,2.08,0.037192,living
8,A,A8,A8_00669,1.369,1.989,1.862,0.936,15.815,334.481,2.568,0.047282,living
8,A,A8,A8_00671,1.268,1.822,1.715,0.941,13.72,357.693,3.053,0.038357,living
8,A,A8,A8_00672,1.538,2.294,2.119,0.924,15.824,335.824,2.868,0.04712,living
8,A,A8,A8_00674,1.96,2.718,2.604,0.958,10.5,335.621,2.397,0.031285,living
8,A,A8,A8_00675,2.772,2.630,3.047,1.158,42.256,410.549,2.25,0.102926,living
8,A,A8,A8_00676,1.268,2.934,2.176,0.742,72.133,290.907,2.24,0.24796,living
8,A,A8,A8_00677,2.451,2.251,2.650,1.177,66.724,286.379,11.069,0.232992,dead
8,A,A8,A8_00678,1.132,2.251,1.801,0.800,27.821,245.985,11.94,0.1131,dead
8,A,A8,A8_00679,0.828,2.251,1.540,0.684,33.612,222.837,16.939,0.150838,dead
8,A,A8,A8_00680,0.828,2.251,1.540,0.684,42.898,310.673,66.592,0.138081,dead
8,A,A8,A8_00681,1.572,1.603,1.791,1.117,73.871,368.226,2.495,0.200613,living
8,A,A8,A8_00682,2.974,2.875,3.299,1.148,40.534,371.568,2.511,0.109089,living
8,A,A8,A8_00683,2.552,2.559,2.884,1.127,107.45,375.331,2.854,0.286281,living
8,A,A8,A8_00684,2.18,2.251,2.500,1.110,53.992,357.24,7.295,0.151137,dead
8,A,A8,A8_00685,1.352,2.231,1.960,0.878,65.938,341.087,2.812,0.193315,living
8,A,A8,A8_00686,0.963,2.036,1.580,0.776,43.667,332.877,2.544,0.13118,living
8,A,A8,A8_00688,1.437,1.697,1.762,1.038,21.941,387.129,2.106,0.056677,living
8,A,A8,A8_00689,2.146,1.912,2.286,1.195,70.165,446,2.953,0.157321,living
8,A,A8,A8_00690,2.298,2.275,2.580,1.134,83.853,431.066,2.515,0.194525,living
8,A,A8,A8_00691,2.552,2.081,2.600,1.250,99.424,461.43,2.689,0.215469,living
8,A,A8,A8_00692,2.231,1.986,2.375,1.196,91.962,443.076,2.47,0.207554,living
8,A,A8,A8_00694,1.183,2.893,2.087,0.722,42.786,329.757,2.271,0.129749,living
8,A,A8,A8_00695,1.453,2.608,2.197,0.842,18.453,373.221,2.279,0.049444,living
8,A,A8,A8_00696,2.4,2.338,2.673,1.143,45.655,422.563,2.648,0.108043,living
8,A,A8,A8_00698,2.366,3.189,3.099,0.972,16.229,385.836,2.507,0.042061,living
8,A,A8,A8_00700,0.828,1.944,1.432,0.736,63.918,342.184,2.816,0.186795,living
8,A,A8,A8_00701,1.082,2.242,1.757,0.784,54.594,381.109,2.297,0.14325,living
8,A,A8,A8_00702,1.758,2.314,2.276,0.984,112.817,422.74,2.49,0.266871,living
8,A,A8,A8_00703,1.994,1.893,2.192,1.158,129.39,471.873,2.432,0.274205,living
8,A,A8,A8_00704,1.284,2.063,1.836,0.890,88.355,394.474,2.474,0.223983,living
8,A,A8,A8_00705,2.248,1.855,2.304,1.242,66.03,462.91,1.88,0.142641,living
8,A,A8,A8_00706,2.163,2.251,2.490,1.106,54.242,394.914,13.719,0.137352,dead
8,A,A8,A8_00707,2.873,2.381,2.951,1.239,84.324,581.065,2.347,0.145119,living
8,A,A8,A8_00708,2.62,2.830,3.073,1.086,59.239,440.181,2.258,0.134578,living
8,A,A8,A8_00709,1.808,1.964,2.126,1.083,120.486,450.346,2.645,0.267541,living
8,A,A8,A8_00710,1.318,1.778,1.727,0.972,69.692,434.077,2.603,0.160553,living
8,A,A8,A8_00711,2.315,1.629,2.191,1.345,50.934,624.226,2.19,0.081596,living
8,A,A8,A8_00712,2.18,1.953,2.328,1.192,62.155,497.581,2.488,0.124914,living
8,A,A8,A8_00714,1.166,1.963,1.707,0.870,19.855,465.058,2.29,0.042694,living
8,A,A8,A8_00715,1.284,1.954,1.787,0.915,37.816,483.013,2.421,0.078291,living
8,A,A8,A8_00717,2.704,2.251,2.784,1.237,43.569,549.456,5.775,0.079294,dead
8,A,A8,A8_00718,1.521,2.161,2.046,0.947,32.489,468.011,2.189,0.069419,living
8,A,A8,A8_00719,0.828,2.251,1.540,0.684,17.816,414.49,3.469,0.042984,living
8,A,A8,A8_00720,1.69,2.739,2.428,0.886,18.71,407.27,2.5,0.04594,living
8,A,A8,A8_00722,2.586,3.159,3.225,1.021,17.908,479.085,2.399,0.037381,living
8,A,A8,A8_00723,0.862,1.711,1.370,0.801,15.431,388.392,2.451,0.039731,living
8,A,A8,A8_00724,1.352,2.251,1.968,0.875,18.65,476.225,2.775,0.039162,living
8,A,A8,A8_00726,1.115,2.251,1.788,0.794,73.727,306.136,5.333,0.240831,dead
8,A,A8,A8_00727,1.622,2.251,2.156,0.958,67.01,344.615,3.167,0.19445,living
8,A,A8,A8_00728,1.251,2.027,1.797,0.886,85.5,380.919,2.284,0.224457,living
8,A,A8,A8_00730,0.93,2.247,1.631,0.726,25.909,351.727,1.782,0.073662,living
8,A,A8,A8_00731,1.589,2.520,2.258,0.896,91.404,376.553,2.351,0.242739,living
8,A,A8,A8_00732,1.048,1.769,1.536,0.869,107.661,359.371,2.274,0.299583,living
8,A,A8,A8_00734,1.301,2.251,1.931,0.858,93.571,382.779,10.961,0.244453,dead
8,A,A8,A8_00736,1.487,2.296,2.085,0.908,84.693,368.943,2.773,0.229556,living
8,A,A8,A8_00737,1.369,2.136,1.930,0.903,115.543,396.481,2.556,0.291421,living
8,A,A8,A8_00738,2.721,1.910,2.572,1.347,93.242,562.478,2.447,0.16577,living
8,A,A8,A8_00739,1.251,2.251,1.894,0.841,42.865,344.77,50.216,0.124329,dead
8,A,A8,A8_00740,1.217,1.355,1.449,1.069,26.889,411.208,2.708,0.06539,living
8,A,A8,A8_00741,1.099,1.983,1.666,0.840,65.738,403.046,2.723,0.163104,living
8,A,A8,A8_00742,2.129,1.571,2.064,1.314,100.492,476.127,2.46,0.211061,living
8,A,A8,A8_00743,1.589,2.419,2.212,0.915,60.723,413.16,2.872,0.146973,living
8,A,A8,A8_00744,2.146,2.195,2.449,1.116,57.425,492.008,2.48,0.116716,living
8,A,A8,A8_00745,1.082,2.062,1.685,0.817,21.047,421.203,2.328,0.049968,living
8,A,A8,A8_00746,0.811,1.597,1.284,0.804,42.438,420.062,2.229,0.101027,living
8,A,A8,A8_00747,2.417,2.120,2.554,1.205,31.776,496.636,2.545,0.063983,living
8,A,A8,A8_00748,1.842,1.808,2.059,1.139,33.156,500.679,2.514,0.066222,living
8,A,A8,A8_00750,0.811,2.251,1.525,0.677,27.708,381.312,33.083,0.072666,dead
8,A,A8,A8_00751,1.42,1.720,1.763,1.025,40.762,462.619,2.714,0.088111,living
8,A,A8,A8_00752,1.014,1.986,1.601,0.806,26.433,403.183,2.45,0.065562,living
8,A,A8,A8_00753,1.301,1.974,1.808,0.916,17.87,444.013,2.792,0.040247,living
8,A,A8,A8_00754,1.859,2.215,2.290,1.034,26.518,496.373,3.091,0.053424,living
8,A,A8,A8_00755,2.501,2.251,2.677,1.189,26.02,492.209,20.507,0.052864,dead
8,A,A8,A8_00756,2.315,1.532,2.125,1.387,23.613,501.869,2.365,0.04705,living
8,A,A8,A8_00757,1.403,1.782,1.784,1.001,20.639,453.771,2.928,0.045482,living
8,A,A8,A8_00758,1.91,2.576,2.503,0.972,16.584,456.788,2.566,0.036306,living
8,A,A8,A8_00759,1.268,2.433,1.982,0.815,49.253,318.427,2.533,0.154677,living
8,A,A8,A8_00760,0.896,2.547,1.705,0.669,26.019,319.094,2.038,0.08154,living
8,A,A8,A8_00761,1.927,1.737,2.064,1.188,74.632,422.167,2.465,0.176782,living
8,A,A8,A8_00762,2.67,2.608,2.978,1.142,93.411,355.386,2.525,0.262845,living
8,A,A8,A8_00763,2.231,2.654,2.746,1.035,79.023,352.955,2.568,0.223889,living
8,A,A8,A8_00764,2.163,1.873,2.271,1.213,58.859,428.453,2.406,0.137376,living
8,A,A8,A8_00765,1.065,1.741,1.536,0.883,18.857,335.746,2.683,0.056165,living
8,A,A8,A8_00766,0.913,2.103,1.564,0.743,26.296,325.204,2.667,0.080861,living
8,A,A8,A8_00767,0.879,2.490,1.669,0.670,29.212,317.519,1.942,0.091999,living
8,A,A8,A8_00768,2.366,2.251,2.604,1.157,109.786,364.679,6.007,0.301048,dead
8,A,A8,A8_00770,2.991,2.251,2.928,1.301,63.87,395.881,3.102,0.161336,living
8,A,A8,A8_00771,1.589,1.797,1.907,1.061,64.638,387.936,2.447,0.166621,living
8,A,A8,A8_00773,1.791,2.253,2.267,1.006,89.755,339.679,2.236,0.264234,living
8,A,A8,A8_00775,1.724,2.105,2.150,1.021,46.598,405.667,2.775,0.114868,living
8,A,A8,A8_00776,1.707,1.600,1.865,1.165,82.574,432.01,2.376,0.19114,living
8,A,A8,A8_00777,2.315,2.251,2.576,1.144,65.489,452.277,2.949,0.144798,living
8,A,A8,A8_00778,2.129,2.304,2.499,1.085,57.294,388.413,2.278,0.147507,living
8,A,A8,A8_00779,1.453,2.295,2.061,0.898,19.128,357.849,2.326,0.053452,living
8,A,A8,A8_00781,2.096,1.986,2.302,1.159,47.71,423.065,2.29,0.112772,living
8,A,A8,A8_00782,2.18,2.524,2.647,1.049,40.225,416.667,2.465,0.09654,living
8,A,A8,A8_00783,1.386,2.002,1.880,0.939,28.085,401.866,2.646,0.069887,living
8,A,A8,A8_00784,2.501,2.403,2.766,1.151,31.554,393.966,2.297,0.080093,living
8,A,A8,A8_00785,2.535,2.554,2.871,1.124,26.76,444.273,2.507,0.060233,living
8,A,A8,A8_00786,1.335,1.689,1.694,1.003,19.076,409.278,2.696,0.046609,living
8,A,A8,A8_00787,2.197,2.161,2.459,1.138,28.931,443.077,2.269,0.065295,living
8,A,A8,A8_00788,1.842,2.213,2.278,1.029,23.862,408.679,2.303,0.058389,living
8,A,A8,A8_00789,2.501,2.604,2.880,1.106,21.838,431.622,2.514,0.050595,living
8,A,A8,A8_00790,1.994,1.834,2.158,1.177,17.822,439.017,2.466,0.040595,living
8,A,A8,A8_00792,2.298,2.807,2.866,1.021,17.272,396.816,2.64,0.043527,living
8,A,A8,A8_00793,2.248,2.251,2.538,1.128,19.308,401.699,3.872,0.048066,living
8,A,A8,A8_00794,1.403,2.302,2.028,0.881,13.313,353.651,2.795,0.037645,living
8,A,A8,A8_00795,1.538,2.121,2.038,0.961,13.44,384.484,2.165,0.034955,living
8,A,A8,A8_00796,1.301,2.251,1.931,0.858,13.961,332.091,5.455,0.04204,dead
8,A,A8,A8_00797,0.879,2.068,1.521,0.736,11.154,364.577,2.25,0.030594,living
8,A,A8,A8_00798,0.997,3.042,1.965,0.646,10.339,340.322,1.644,0.03038,living
8,A,A8,A8_00799,1.217,2.744,2.062,0.751,56.944,298.444,2.778,0.190804,living
8,A,A8,A8_00800,2.434,2.135,2.572,1.205,71.944,414.049,2.465,0.173758,living
8,A,A8,A8_00801,1.149,2.034,1.725,0.848,73.059,327,2.485,0.223421,living
8,A,A8,A8_00802,1.876,1.743,2.040,1.171,121.559,385.901,2.441,0.314999,living
8,A,A8,A8_00803,1.994,2.251,2.391,1.062,112.831,315.864,38.949,0.357212,dead
8,A,A8,A8_00804,1.741,2.616,2.408,0.921,56.359,357.214,2.398,0.157775,living
8,A,A8,A8_00805,1.639,1.789,1.932,1.080,100.619,375.052,2.701,0.268279,living
8,A,A8,A8_00807,2.417,2.731,2.899,1.062,76.133,391.259,2.531,0.194584,living
8,A,A8,A8_00808,2.349,2.399,2.679,1.117,100.525,377.201,2.647,0.266503,living
8,A,A8,A8_00809,1.234,2.386,1.936,0.811,56.945,330.425,2.767,0.172339,living
8,A,A8,A8_00810,1.808,1.973,2.131,1.080,91.421,395.981,2.916,0.230871,living
8,A,A8,A8_00811,2.298,2.668,2.794,1.047,55.551,404.632,2.809,0.137289,living
8,A,A8,A8_00812,1.386,2.212,1.976,0.893,30.439,360.524,2.305,0.08443,living
8,A,A8,A8_00813,2.113,2.251,2.461,1.093,76.12,413.168,5.304,0.184235,dead
8,A,A8,A8_00814,1.741,1.825,2.011,1.102,34.942,434.748,2.301,0.080372,living
8,A,A8,A8_00815,2.045,2.012,2.289,1.138,72.008,447.231,2.397,0.161009,living
8,A,A8,A8_00816,1.707,2.251,2.212,0.983,34.525,375.158,7.059,0.092027,dead
8,A,A8,A8_00817,2.282,2.667,2.784,1.044,44.667,405.193,3.037,0.110236,living
8,A,A8,A8_00818,1.589,2.440,2.222,0.911,34.383,395.691,2.479,0.086893,living
8,A,A8,A8_00819,2.163,3.103,2.923,0.942,21.711,402.125,2.672,0.053991,living
8,A,A8,A8_00820,1.487,2.506,2.178,0.869,22.943,379.409,2.295,0.060471,living
8,A,A8,A8_00821,1.048,1.628,1.474,0.905,13.306,347.032,2.565,0.038344,living
8,A,A8,A8_00822,1.504,2.529,2.201,0.870,24.494,398.91,2.528,0.061403,living
8,A,A8,A8_00823,1.724,2.251,2.223,0.988,19.5,361.735,9.265,0.053907,dead
8,A,A8,A8_00824,1.403,1.751,1.769,1.010,18.241,430.554,2.217,0.042366,living
8,A,A8,A8_00825,1.538,2.251,2.099,0.933,15.176,428.692,4.604,0.0354,living
8,A,A8,A8_00826,1.453,2.554,2.174,0.851,12.523,379.023,2.337,0.033041,living
8,A,A8,A8_00827,1.369,2.251,1.981,0.880,16.901,393.185,2.815,0.042985,living
8,A,A8,A8_00828,1.403,2.251,2.005,0.891,15.096,380.928,49.373,0.039631,dead
8,A,A8,A8_00830,1.842,2.148,2.244,1.045,14.523,396.046,2.706,0.03667,living
8,A,A8,A8_00831,1.656,2.537,2.313,0.912,14.755,398.918,2.051,0.036988,living
8,A,A8,A8_00832,1.149,1.819,1.631,0.897,52.412,347.632,2.647,0.150768,living
8,A,A8,A8_00834,2.417,1.602,2.220,1.386,95.657,489.552,2.287,0.195398,living
8,A,A8,A8_00836,1.656,2.251,2.179,0.968,35.724,373.347,3.163,0.095687,living
8,A,A8,A8_00837,2.113,2.146,2.403,1.120,69,374.136,2.544,0.184425,living
8,A,A8,A8_00838,1.639,2.566,2.314,0.902,34.01,301.474,1.814,0.112813,living
8,A,A8,A8_00839,1.014,1.613,1.443,0.895,92.467,327.383,2.167,0.282442,living
8,A,A8,A8_00840,1.791,1.783,2.016,1.131,68.264,379.83,2.075,0.179723,living
8,A,A8,A8_00841,2.011,2.008,2.267,1.129,76.681,389.118,2.563,0.197063,living
8,A,A8,A8_00842,1.453,2.902,2.317,0.798,25.779,327.849,3.047,0.078631,living
8,A,A8,A8_00844,1.707,1.988,2.079,1.046,53.644,389.762,2.208,0.137631,living
8,A,A8,A8_00845,2.636,1.792,2.452,1.369,77.981,482.218,2.147,0.161713,living
8,A,A8,A8_00846,2.265,2.190,2.513,1.148,64.515,375.828,2.59,0.171661,living
8,A,A8,A8_00848,0.811,1.623,1.295,0.798,27.396,349.479,2.375,0.07839,living
8,A,A8,A8_00850,2.704,2.692,3.044,1.131,69.444,394.756,2.569,0.175916,living
8,A,A8,A8_00851,1.487,1.823,1.858,1.019,79.614,360.955,3.182,0.220564,living
8,A,A8,A8_00852,1.47,2.251,2.053,0.912,23.621,349.816,7.667,0.067523,dead
8,A,A8,A8_00853,2.315,2.551,2.742,1.075,79.365,366.35,2.547,0.216637,living
8,A,A8,A8_00854,2.062,1.750,2.143,1.225,75.049,456.205,2.672,0.164508,living
8,A,A8,A8_00855,2.214,2.067,2.414,1.168,75.191,411.099,2.145,0.182902,living
8,A,A8,A8_00856,2.586,2.066,2.608,1.262,60.327,442.288,2.569,0.136397,living
8,A,A8,A8_00857,2.332,2.251,2.585,1.149,68.993,369.348,48.007,0.186796,dead
8,A,A8,A8_00858,2.873,1.786,2.556,1.431,52.929,557.647,2.465,0.094916,living
8,A,A8,A8_00859,2.62,2.280,2.758,1.210,50.039,426.748,2.497,0.117256,living
8,A,A8,A8_00860,1.369,2.251,1.981,0.880,40.432,342.173,74.457,0.118163,dead
8,A,A8,A8_00861,1.927,2.029,2.231,1.100,31.482,410.728,2.412,0.07665,living
8,A,A8,A8_00862,1.386,1.791,1.778,0.993,28.927,405.244,2.293,0.071381,living
8,A,A8,A8_00863,1.234,2.048,1.794,0.876,18.055,384.425,2.753,0.046966,living
8,A,A8,A8_00865,1.234,1.704,1.636,0.960,21.795,402.438,2.699,0.054156,living
8,A,A8,A8_00866,1.859,2.329,2.348,1.008,23.327,410.155,2.545,0.056874,living
8,A,A8,A8_00868,2.18,3.095,2.931,0.947,14.202,383.953,2.651,0.036988,living
8,A,A8,A8_00870,1.589,2.163,2.092,0.967,85.021,321.234,2.404,0.264671,living
8,A,A8,A8_00871,1.69,2.072,2.112,1.019,83.06,310.53,2.08,0.267478,living
8,A,A8,A8_00872,2.011,1.447,1.925,1.330,51.311,443.706,2.101,0.115642,living
8,A,A8,A8_00873,1.69,2.625,2.377,0.905,85.43,308.29,2.29,0.277109,living
8,A,A8,A8_00875,2.704,3.099,3.266,1.054,62.331,324.025,2.55,0.192366,living
8,A,A8,A8_00876,2.18,2.212,2.478,1.120,104.984,345.256,2.636,0.304077,living
8,A,A8,A8_00877,1.099,2.251,1.775,0.788,45.877,277.015,51.877,0.165611,dead
8,A,A8,A8_00878,2.096,2.514,2.590,1.030,34.137,373.274,2.427,0.091453,living
8,A,A8,A8_00879,1.927,1.834,2.121,1.157,104.763,355.254,2.193,0.294896,living
8,A,A8,A8_00880,1.808,2.251,2.276,1.011,87.86,304.953,9.336,0.288109,dead
8,A,A8,A8_00882,1.775,1.645,1.928,1.172,88.714,388.495,2.381,0.228354,living
8,A,A8,A8_00883,1.606,2.251,2.145,0.953,56.379,338.337,2.842,0.166636,living
8,A,A8,A8_00884,2.383,2.664,2.843,1.067,46.121,363.27,2.972,0.12696,living
8,A,A8,A8_00885,2.231,1.998,2.382,1.192,75.985,393.167,2.962,0.193264,living
8,A,A8,A8_00886,2.434,2.330,2.687,1.153,42.889,405.181,2.319,0.105851,living
8,A,A8,A8_00887,2.298,2.474,2.690,1.088,29.147,401.537,2.882,0.072589,living
8,A,A8,A8_00888,1.572,2.251,2.123,0.943,28.968,362.688,12.215,0.07987,dead
8,A,A8,A8_00889,1.876,2.246,2.316,1.031,34.171,385.505,2.676,0.08864,living
8,A,A8,A8_00890,1.47,1.948,1.909,0.980,26.483,360.908,2.345,0.073378,living
8,A,A8,A8_00891,1.639,2.857,2.442,0.855,18.928,357.299,2.309,0.052975,living
8,A,A8,A8_00892,1.538,1.814,1.885,1.039,18.769,388.593,2.418,0.0483,living
8,A,A8,A8_00893,1.656,1.926,2.015,1.046,21.908,422.306,2.939,0.051877,living
8,A,A8,A8_00894,1.791,1.951,2.109,1.081,22.17,417.406,1.858,0.053113,living
8,A,A8,A8_00895,1.808,1.921,2.103,1.095,24.439,399.626,2.336,0.061155,living
8,A,A8,A8_00896,1.555,2.496,2.223,0.891,17.826,352.359,2.402,0.050591,living
8,A,A8,A8_00897,1.369,2.434,2.060,0.846,14.827,339.235,2.21,0.043708,living
8,A,A8,A8_00898,1.673,1.919,2.022,1.054,17.091,391.444,2.778,0.043661,living
8,A,A8,A8_00900,2.18,2.174,2.456,1.130,59.806,359.31,2.14,0.166447,living
8,A,A8,A8_00901,1.758,2.259,2.249,0.995,73.019,328.712,2.144,0.222138,living
8,A,A8,A8_00902,2.18,2.268,2.509,1.106,71.488,346.326,2.496,0.20642,living
8,A,A8,A8_00903,2.822,2.001,2.681,1.340,91.79,393.114,2.868,0.233496,living
8,A,A8,A8_00904,2.129,2.022,2.341,1.158,76.857,363.063,2.492,0.211691,living
8,A,A8,A8_00905,2.113,1.632,2.095,1.284,109.824,410.96,2.768,0.267238,living
8,A,A8,A8_00906,2.4,1.895,2.406,1.270,29.387,422.57,2.775,0.069544,living
8,A,A8,A8_00907,1.724,2.166,2.180,1.007,23.578,362.422,2.863,0.065058,living
8,A,A8,A8_00909,0.879,2.251,1.587,0.705,63.231,300.365,55.769,0.210513,dead
8,A,A8,A8_00910,1.656,2.251,2.179,0.968,62.429,339.684,6.592,0.183784,dead
8,A,A8,A8_00911,2.298,1.955,2.392,1.223,39.728,407.919,2.471,0.097392,living
8,A,A8,A8_00912,2.518,2.643,2.911,1.101,20.376,366.738,2.772,0.05556,living
8,A,A8,A8_00913,2.079,1.684,2.111,1.254,70.87,401.569,2.61,0.176482,living
8,A,A8,A8_00915,1.994,1.655,2.050,1.239,62.356,419.864,2.763,0.148514,living
8,A,A8,A8_00916,1.386,2.316,2.022,0.873,40.134,310.585,2.585,0.129221,living
8,A,A8,A8_00917,2.231,2.043,2.409,1.179,45.167,402.508,2.629,0.112213,living
8,A,A8,A8_00918,1.825,2.251,2.287,1.016,47.556,424.454,3.037,0.112039,living
8,A,A8,A8_00919,2.518,3.044,3.124,1.026,18.262,354.725,2.517,0.051481,living
8,A,A8,A8_00920,1.301,2.290,1.948,0.851,23.935,319.325,2.247,0.074955,living
8,A,A8,A8_00921,2.772,2.483,2.960,1.192,44.421,406.805,2.28,0.109194,living
8,A,A8,A8_00922,1.386,2.124,1.936,0.912,28.22,351.476,2.549,0.080289,living
8,A,A8,A8_00924,2.4,2.143,2.559,1.194,36.458,410.331,2.775,0.08885,living
8,A,A8,A8_00925,2.231,1.725,2.214,1.283,19.614,413.962,2.485,0.04738,living
8,A,A8,A8_00926,0.896,1.571,1.339,0.852,12.509,320.151,2.094,0.039074,living
8,A,A8,A8_00927,1.2,1.856,1.684,0.907,17.549,347.69,2.366,0.050474,living
8,A,A8,A8_00930,1.099,2.260,1.778,0.787,14.631,329.431,3.169,0.044412,living
8,A,A8,A8_00931,1.994,2.251,2.391,1.062,13.271,374.28,4.492,0.035458,living
8,A,A8,A8_00932,1.42,2.251,2.017,0.896,10.548,289.452,3.702,0.03644,living
8,A,A8,A8_00933,1.099,1.763,1.571,0.891,62.769,326.769,2.862,0.19209,living
8,A,A8,A8_00935,2.484,2.460,2.789,1.134,84.898,376.776,2.435,0.225328,living
8,A,A8,A8_00936,1.555,3.039,2.453,0.807,77.793,310.022,2.663,0.250929,living
8,A,A8,A8_00937,2.163,2.994,2.872,0.959,59.359,354.602,2.516,0.167397,living
8,A,A8,A8_00938,1.437,1.738,1.783,1.026,63.165,354.388,2.282,0.178236,living
8,A,A8,A8_00939,1.673,2.251,2.190,0.973,91.758,334.475,20.404,0.274333,dead
8,A,A8,A8_00940,1.487,2.341,2.105,0.899,50.557,310.205,2.295,0.162979,living
8,A,A8,A8_00941,2.282,2.808,2.856,1.017,101.244,337.089,2.363,0.300349,living
8,A,A8,A8_00943,1.775,1.694,1.957,1.155,121.476,404.733,2.667,0.300139,living
8,A,A8,A8_00944,0.845,2.251,1.556,0.691,93.88,290.32,7.04,0.323367,dead
8,A,A8,A8_00945,1.91,1.901,2.150,1.131,83.832,413.212,2.496,0.202878,living
8,A,A8,A8_00946,1.91,2.142,2.282,1.066,44.274,407.425,2.31,0.108669,living
8,A,A8,A8_00947,2.653,2.034,2.621,1.289,125.357,456.554,2.35,0.274571,living
8,A,A8,A8_00948,1.859,2.251,2.308,1.025,100.818,372.491,5.482,0.270659,dead
8,A,A8,A8_00949,0.896,1.973,1.500,0.760,81.849,312.698,2.396,0.261751,living
8,A,A8,A8_00951,2.146,1.685,2.146,1.273,65.441,511.504,2.378,0.127938,living
8,A,A8,A8_00952,2.214,2.734,2.776,1.015,54.481,414.237,2.71,0.131521,living
8,A,A8,A8_00953,1.572,1.859,1.929,1.038,40.978,401.774,3.097,0.101994,living
8,A,A8,A8_00954,2.248,2.370,2.605,1.099,67.812,397.128,2.398,0.170756,living
8,A,A8,A8_00955,2.113,2.068,2.359,1.141,68.896,394.12,2.36,0.17481,living
8,A,A8,A8_00956,1.859,1.772,2.048,1.156,83.327,411.4,2.218,0.202546,living
8,A,A8,A8_00957,2.197,2.483,2.635,1.061,60.377,385.992,2.723,0.15642,living
8,A,A8,A8_00958,1.639,2.130,2.108,0.990,49.918,351.629,2.711,0.141961,living
8,A,A8,A8_00959,1.555,2.251,2.111,0.938,57.663,338.228,66.87,0.170486,dead
8,A,A8,A8_00960,2.62,2.251,2.740,1.217,45.955,388.961,33.335,0.118148,dead
8,A,A8,A8_00961,2.282,2.919,2.912,0.998,23.541,411.904,2.333,0.057151,living
8,A,A8,A8_00962,1.977,1.865,2.167,1.162,46.085,442.726,2.624,0.104095,living
8,A,A8,A8_00963,1.572,2.198,2.097,0.954,37.935,383.065,2.957,0.099032,living
8,A,A8,A8_00964,2.552,2.251,2.704,1.201,60.722,428.576,3.45,0.141683,living
8,A,A8,A8_00965,1.842,2.251,2.298,1.021,41.991,415.22,3.606,0.101129,living
8,A,A8,A8_00966,1.572,1.865,1.932,1.036,40.215,398.645,2.667,0.100879,living
8,A,A8,A8_00967,2.062,2.251,2.431,1.080,48.369,384.516,6.123,0.125791,dead
8,A,A8,A8_00968,2.417,2.598,2.828,1.088,46.846,420.035,2.65,0.111529,living
8,A,A8,A8_00969,2.67,2.970,3.178,1.070,47.285,411.063,2.544,0.11503,living
8,A,A8,A8_00970,2.265,2.230,2.536,1.137,47.209,431.649,2.903,0.109369,living
8,A,A8,A8_00971,1.504,1.722,1.816,1.055,39.247,406.697,2.955,0.096502,living
8,A,A8,A8_00972,1.859,2.609,2.485,0.952,33.127,384.527,2.291,0.086151,living
8,A,A8,A8_00973,1.656,2.568,2.327,0.906,18.429,394.531,2.49,0.04671,living
8,A,A8,A8_00974,2.18,2.465,2.616,1.061,21.419,415.388,2.853,0.051563,living
8,A,A8,A8_00975,2.028,2.712,2.646,0.976,17.058,391.6,2.092,0.043561,living
8,A,A8,A8_00977,1.758,2.109,2.173,1.030,18.712,425.173,2.471,0.044009,living
8,A,A8,A8_00978,1.47,1.935,1.903,0.983,20.207,417.586,2.644,0.04839,living
8,A,A8,A8_00979,1.217,1.790,1.665,0.930,18.819,408.625,2.778,0.046056,living
8,A,A8,A8_00980,1.318,1.809,1.742,0.963,11.462,429.641,2.705,0.026677,living
8,A,A8,A8_00982,1.876,2.237,2.312,1.033,57.18,284.279,2.333,0.201141,living
8,A,A8,A8_00985,1.876,2.085,2.232,1.070,85.514,278.838,2.369,0.306678,living
8,A,A8,A8_00986,0.946,1.706,1.433,0.840,10.857,297.464,2.75,0.036499,living
8,A,A8,A8_00987,1.758,1.855,2.038,1.098,88.981,307.096,2.587,0.289749,living
8,A,A8,A8_00988,1.251,2.251,1.894,0.841,51.324,230.014,42.649,0.223136,dead
8,A,A8,A8_00989,1.639,1.481,1.758,1.187,76.856,301.619,2.443,0.254811,living
8,A,A8,A8_00990,1.741,1.880,2.041,1.086,95.835,298.767,2.379,0.320768,living
8,A,A8,A8_00994,2.451,2.309,2.684,1.163,24.517,326.428,2.869,0.075108,living
8,A,A8,A8_00996,1.775,2.251,2.255,1.002,81.638,254.695,27.171,0.320532,dead
8,A,A8,A8_00997,2.653,2.719,3.031,1.115,80.064,292.07,2.459,0.274125,living
8,A,A8,A8_00999,1.234,2.251,1.881,0.835,42.342,281.849,52.795,0.150231,dead
8,A,A8,A8_01000,2.721,2.691,3.053,1.135,28.248,336.019,2.578,0.084068,living
8,A,A8,A8_01001,1.284,1.657,1.646,0.993,49.934,315.618,2.855,0.158211,living
8,A,A8,A8_01002,2.332,2.168,2.537,1.170,50.754,347.688,2.116,0.145974,living
8,A,A8,A8_01005,1.606,2.251,2.145,0.953,49.126,300.884,3.463,0.163273,living
8,A,A8,A8_01006,2.484,1.800,2.386,1.326,55.612,398,2.456,0.139729,living
8,A,A8,A8_01007,1.099,1.739,1.560,0.897,17.062,316.262,2.523,0.053948,living
8,A,A8,A8_01009,0.98,2.221,1.665,0.750,14.759,269.845,2.621,0.054693,living
8,A,A8,A8_01011,1.91,1.843,2.117,1.149,27.186,365.867,2.354,0.074305,living
8,A,A8,A8_01012,2.231,2.534,2.683,1.059,26.311,320.939,2.689,0.08198,living
8,A,A8,A8_01013,2.011,2.864,2.708,0.946,15.05,310.261,2.412,0.048509,living
8,A,A8,A8_01019,2.011,2.437,2.498,1.025,10.202,316.151,2.807,0.032268,living
8,A,A8,A8_01020,1.437,2.774,2.253,0.812,13.294,297.788,1.871,0.044643,living
8,A,A8,A8_01021,2.265,2.867,2.875,1.003,13.724,324.09,2.493,0.042346,living
8,A,A8,A8_01022,2.146,2.822,2.777,0.984,13.26,317.465,2.339,0.041768,living
8,A,A8,A8_01027,1.977,2.251,2.380,1.057,12.094,344.342,3.632,0.035122,living
8,A,A8,A8_01030,1.166,2.739,2.017,0.736,26.145,298.551,2.29,0.087573,living
8,A,A8,A8_01031,1.42,2.653,2.190,0.826,73.357,294.56,2.583,0.24904,living
8,A,A8,A8_01032,1.656,2.503,2.297,0.918,53.398,327.949,2.224,0.162824,living
8,A,A8,A8_01033,1.251,3.158,2.243,0.710,33.595,280.608,3.284,0.119721,living
8,A,A8,A8_01034,1.42,1.778,1.793,1.008,17.417,341.286,2.25,0.051033,living
8,A,A8,A8_01035,2.062,2.706,2.665,0.985,16.23,366.713,2.664,0.044257,living
8,A,A8,A8_01036,1.994,1.749,2.107,1.205,104.966,374.72,2.322,0.280119,living
8,A,A8,A8_01037,0.946,2.169,1.616,0.745,50.357,318.304,2.857,0.158205,living
8,A,A8,A8_01038,1.893,2.630,2.518,0.957,17.321,359.518,2.67,0.04818,living
8,A,A8,A8_01039,2.315,1.609,2.178,1.353,68.35,410.978,2.511,0.166311,living
8,A,A8,A8_01040,2.298,2.619,2.768,1.057,99.294,336.25,2.125,0.295298,living
8,A,A8,A8_01042,1.876,2.093,2.236,1.068,99.027,341.297,1.991,0.290149,living
8,A,A8,A8_01044,2.434,1.839,2.387,1.298,109.535,397.576,2.521,0.275506,living
8,A,A8,A8_01045,1.791,2.424,2.351,0.970,54.189,358.208,2.84,0.151277,living
8,A,A8,A8_01046,1.876,2.547,2.467,0.968,39.937,370.631,2.342,0.107754,living
8,A,A8,A8_01047,1.994,2.264,2.397,1.059,50.373,395.525,2.093,0.127357,living
8,A,A8,A8_01048,2.011,1.779,2.134,1.200,46.042,372.345,2.378,0.123654,living
8,A,A8,A8_01049,2.451,3.156,3.138,0.994,34.524,360.807,2.372,0.095686,living
8,A,A8,A8_01050,1.301,2.079,1.856,0.893,34.13,340.584,2.662,0.10021,living
8,A,A8,A8_01051,1.639,2.030,2.058,1.014,47.289,380.784,2.536,0.124188,living
8,A,A8,A8_01052,1.487,2.251,2.064,0.917,22.591,334.102,4.807,0.067617,living
8,A,A8,A8_01054,2.805,3.019,3.284,1.088,13.548,377.235,2.729,0.035914,living
8,A,A8,A8_01055,0.93,2.774,1.812,0.653,24.2,312.418,2.964,0.07746,living
8,A,A8,A8_01056,1.977,2.111,2.305,1.092,32.436,404.615,2.137,0.080165,living
8,A,A8,A8_01057,1.115,2.401,1.846,0.769,12.061,339.379,2.136,0.035537,living
8,A,A8,A8_01058,1.318,1.836,1.755,0.956,19.577,400.103,2.628,0.04893,living
8,A,A8,A8_01059,2.079,1.805,2.186,1.211,33.398,458.878,2.472,0.072783,living
8,A,A8,A8_01060,1.284,2.840,2.155,0.759,16.474,346,2.566,0.047612,living
8,A,A8,A8_01061,1.842,1.830,2.072,1.132,30.037,419.541,2.541,0.071594,living
8,A,A8,A8_01062,2.231,1.443,2.025,1.403,16.833,347.97,2.674,0.048376,living
8,A,A8,A8_01063,1.335,2.447,2.039,0.833,23.38,349.519,2.532,0.066891,living
8,A,A8,A8_01064,1.572,2.850,2.388,0.838,20.409,357.226,2.548,0.057131,living
8,A,A8,A8_01065,1.301,1.839,1.745,0.949,22.442,405.221,2.74,0.055381,living
8,A,A8,A8_01067,1.521,2.251,2.088,0.928,14.611,358.533,4.133,0.040752,living
8,A,A8,A8_01068,1.2,2.952,2.124,0.719,11.296,329.901,1.803,0.03424,living
8,A,A8,A8_01069,1.893,1.925,2.154,1.119,10.277,392.214,2.107,0.026202,living
8,A,A8,A8_01073,2.045,2.055,2.313,1.126,92.182,319.066,2.612,0.288911,living
8,A,A8,A8_01074,2.197,2.251,2.509,1.115,102.969,332.223,5.638,0.30994,dead
8,A,A8,A8_01075,2.332,1.982,2.426,1.224,57.196,386.833,2.471,0.147856,living
8,A,A8,A8_01076,2.146,2.357,2.538,1.077,96.787,305.89,2.22,0.316413,living
8,A,A8,A8_01077,2.079,2.641,2.644,1.001,52.748,329.407,2.187,0.16013,living
8,A,A8,A8_01078,2.535,2.447,2.810,1.148,67.827,336.34,2.52,0.201661,living
8,A,A8,A8_01079,2.958,2.934,3.324,1.133,93.577,333.183,2.857,0.280858,living
8,A,A8,A8_01080,1.639,2.251,2.167,0.963,50.99,294.753,34.722,0.172992,dead
8,A,A8,A8_01082,2.163,1.903,2.289,1.203,62.906,366.25,2.281,0.171758,living
8,A,A8,A8_01083,1.031,2.087,1.655,0.793,26.197,326.393,2.803,0.080261,living
8,A,A8,A8_01084,1.707,2.589,2.372,0.916,37.851,325.653,2.337,0.116232,living
8,A,A8,A8_01086,1.2,1.921,1.713,0.892,30.254,333.042,2.451,0.09084,living
8,A,A8,A8_01087,2.332,2.316,2.622,1.132,69.63,368.08,2.797,0.189172,living
8,A,A8,A8_01088,2.332,1.614,2.189,1.356,32.855,477.536,2.261,0.068801,living
8,A,A8,A8_01089,2.417,2.315,2.669,1.153,60.783,348,2.273,0.174664,living
8,A,A8,A8_01091,2.603,2.711,2.997,1.106,61.539,350.506,2.604,0.175572,living
8,A,A8,A8_01092,1.132,2.486,1.893,0.761,33.642,296.149,3.015,0.113597,living
8,A,A8,A8_01093,2.417,2.586,2.821,1.091,48.294,360.65,1.909,0.133907,living
8,A,A8,A8_01094,2.315,2.612,2.775,1.062,41.277,367.978,2.474,0.112173,living
8,A,A8,A8_01095,1.521,2.251,2.088,0.928,20.356,337.111,3.144,0.060382,living
8,A,A8,A8_01096,2.011,3.071,2.804,0.913,20.336,337.983,2.58,0.060169,living
8,A,A8,A8_01097,2.467,2.316,2.697,1.165,17.075,380.459,2.452,0.044881,living
8,A,A8,A8_01098,2.282,2.164,2.508,1.159,33.741,390.837,2.393,0.086329,living
8,A,A8,A8_01099,2.163,2.095,2.402,1.147,30.781,378.664,2.297,0.081289,living
8,A,A8,A8_01100,2.535,2.590,2.891,1.116,20.927,395.56,2.413,0.052904,living
8,A,A8,A8_01102,2.789,2.616,3.048,1.165,23.036,404.242,2.527,0.056987,living
8,A,A8,A8_01104,2.941,2.070,2.784,1.345,27,461.391,2.494,0.058519,living
8,A,A8,A8_01106,1.149,2.101,1.753,0.834,11.868,334.5,2.397,0.035479,living
8,A,A8,A8_01107,1.673,1.935,2.030,1.049,13.97,343.141,2.263,0.040711,living
8,A,A8,A8_01108,2.062,1.919,2.245,1.170,12.984,360.533,2.787,0.036012,living
8,A,A8,A8_01109,1.808,2.187,2.244,1.026,10.533,368.065,2.477,0.028616,living
8,A,A8,A8_01111,1.707,2.251,2.212,0.983,91.465,309.05,6.099,0.295957,dead
8,A,A8,A8_01112,1.014,2.251,1.705,0.757,70.217,272.05,12.033,0.258102,dead
8,A,A8,A8_01113,1.234,1.760,1.663,0.945,91.356,341.849,2.178,0.267241,living
8,A,A8,A8_01114,2.349,2.639,2.809,1.065,83.043,347.065,2.331,0.239273,living
8,A,A8,A8_01115,1.589,2.271,2.144,0.944,38.809,340.947,2.394,0.113826,living
8,A,A8,A8_01116,1.284,1.862,1.745,0.937,98.408,334.842,2.724,0.293893,living
8,A,A8,A8_01118,1.42,1.886,1.847,0.979,67.821,360.536,2.702,0.188113,living
8,A,A8,A8_01119,2.163,2.251,2.490,1.106,105.828,338.438,4.93,0.312696,living
8,A,A8,A8_01120,1.994,2.076,2.296,1.106,86.847,337.042,2.017,0.257675,living
8,A,A8,A8_01121,2.772,2.536,2.992,1.180,74.732,408.756,2.659,0.182827,living
8,A,A8,A8_01122,1.386,1.924,1.843,0.958,62.39,340.439,2.037,0.183264,living
8,A,A8,A8_01124,1.825,1.644,1.955,1.189,39.028,394.528,2.037,0.098923,living
8,A,A8,A8_01126,2.789,2.806,3.157,1.125,95.406,382.921,2.764,0.249153,living
8,A,A8,A8_01128,1.622,2.144,2.104,0.981,61.667,381.073,2.375,0.161824,living
8,A,A8,A8_01129,2.501,2.645,2.902,1.097,60.892,401.392,2.169,0.151702,living
8,A,A8,A8_01130,1.284,1.765,1.699,0.962,68.645,367.105,2.737,0.186989,living
8,A,A8,A8_01131,1.386,3.134,2.352,0.750,36.732,341.183,2.902,0.10766,living
8,A,A8,A8_01132,1.69,2.146,2.149,1.001,67.55,375.57,2.1,0.17986,living
8,A,A8,A8_01133,2.603,2.216,2.710,1.223,18.682,399.929,2.396,0.046713,living
8,A,A8,A8_01135,0.828,1.665,1.325,0.796,32.837,347.265,1.878,0.094558,living
8,A,A8,A8_01136,1.335,1.582,1.640,1.037,35.405,392.316,2.582,0.090246,living
8,A,A8,A8_01138,1.656,2.115,2.112,0.998,19.133,399.5,2.429,0.047891,living
8,A,A8,A8_01139,1.082,1.668,1.516,0.909,24.609,401.375,2.484,0.061313,living
8,A,A8,A8_01140,2.67,1.859,2.514,1.352,28.449,577.728,2.873,0.049244,living
8,A,A8,A8_01141,0.879,2.251,1.587,0.705,14.769,337.827,63.115,0.043718,dead
8,A,A8,A8_01145,1.622,1.962,2.013,1.026,86.875,343.771,2.76,0.252712,living
8,A,A8,A8_01147,2.366,2.035,2.476,1.217,106.364,422.436,2.793,0.251788,living
8,A,A8,A8_01149,2.822,3.113,3.344,1.074,100.425,343.952,2.449,0.291974,living
8,A,A8,A8_01150,1.707,2.251,2.212,0.983,98.624,314.139,9.099,0.31395,dead
8,A,A8,A8_01152,2.805,2.708,3.110,1.148,85.873,361.127,2.675,0.237793,living
8,A,A8,A8_01154,1.47,1.752,1.811,1.034,66.621,389.966,2.356,0.170837,living
8,A,A8,A8_01156,2.079,1.415,1.935,1.368,60.878,374.537,2.699,0.162542,living
8,A,A8,A8_01157,1.69,1.896,2.020,1.065,34.51,372.93,2.54,0.092537,living
8,A,A8,A8_01159,2.096,2.177,2.410,1.107,58.218,407.435,2.589,0.142888,living
8,A,A8,A8_01160,1.284,1.847,1.738,0.941,31.803,409.421,2.013,0.077677,living
8,A,A8,A8_01161,1.589,3.020,2.472,0.818,18.926,364.479,2.532,0.051925,living
8,A,A8,A8_01162,2.349,2.251,2.595,1.153,24.835,420.712,6.288,0.05903,dead
8,A,A8,A8_01163,2.434,2.357,2.703,1.147,19.292,437.188,2.632,0.044127,living
8,A,A8,A8_01164,1.453,2.026,1.936,0.956,13.256,400.012,2.605,0.033139,living
8,A,A8,A8_01165,1.656,2.460,2.277,0.926,14.265,382.143,2.745,0.03733,living
8,A,A8,A8_01167,1.437,1.541,1.679,1.090,14.235,386.318,2.365,0.036849,living
8,A,A8,A8_01169,2.163,2.119,2.416,1.140,95.781,336.297,2.148,0.284812,living
8,A,A8,A8_01170,2.163,2.237,2.482,1.110,83.195,341.742,2.43,0.243445,living
8,A,A8,A8_01171,2.096,2.360,2.510,1.063,87.605,306.831,2.702,0.285515,living
8,A,A8,A8_01172,2.129,2.166,2.423,1.119,81.524,339.603,2.563,0.240056,living
8,A,A8,A8_01173,0.997,1.811,1.516,0.837,31.576,325.169,2.881,0.097107,living
8,A,A8,A8_01174,2.214,2.161,2.468,1.142,60.924,401.252,2.473,0.151834,living
8,A,A8,A8_01175,0.896,2.251,1.602,0.712,42.792,275.547,22.887,0.1553,dead
8,A,A8,A8_01176,1.927,1.825,2.116,1.159,16.491,290.807,2.228,0.056708,living
8,A,A8,A8_01177,2.907,2.430,2.999,1.234,83.494,349.698,2.308,0.238761,living
8,A,A8,A8_01178,2.636,1.840,2.485,1.351,120.064,429.596,2.468,0.279481,living
8,A,A8,A8_01179,2.653,2.326,2.803,1.205,100.904,371.548,2.217,0.271579,living
8,A,A8,A8_01180,1.099,2.291,1.790,0.782,52.938,297.769,2.677,0.177784,living
8,A,A8,A8_01181,2.332,2.013,2.445,1.214,85.406,329.928,2.601,0.258862,living
8,A,A8,A8_01182,1.876,1.728,2.032,1.176,49.279,376.009,2.387,0.131059,living
8,A,A8,A8_01183,1.775,1.913,2.079,1.087,51.857,354.648,2.8,0.146222,living
8,A,A8,A8_01184,2.501,3.141,3.163,1.007,54.919,309.899,2.338,0.177216,living
8,A,A8,A8_01185,2.518,2.281,2.704,1.186,73.718,378.664,2.98,0.194679,living
8,A,A8,A8_01186,1.555,1.918,1.949,1.016,64.033,331.826,2.391,0.19297,living
8,A,A8,A8_01187,1.775,1.821,2.029,1.114,55.771,411.514,2.067,0.135527,living
8,A,A8,A8_01188,1.977,1.904,2.189,1.150,62.709,391.863,2.521,0.160029,living
8,A,A8,A8_01189,1.284,1.665,1.650,0.991,44.171,313.526,2.697,0.140885,living
8,A,A8,A8_01190,1.69,2.400,2.273,0.947,19.65,351.08,2.44,0.05597,living
8,A,A8,A8_01191,1.487,2.072,1.981,0.956,32.659,357.932,2.75,0.091244,living
8,A,A8,A8_01193,1.808,2.135,2.217,1.038,18.841,368.505,2.551,0.051129,living
8,A,A8,A8_01195,1.994,2.251,2.391,1.062,29.593,338.517,3.864,0.08742,living
8,A,A8,A8_01196,1.606,2.251,2.145,0.953,15.032,327.611,15.968,0.045882,dead
8,A,A8,A8_01197,2.822,1.774,2.525,1.423,62.994,549.683,2.503,0.114601,living
8,A,A8,A8_01198,1.284,2.081,1.844,0.886,18.421,345.829,2.645,0.053266,living
8,A,A8,A8_01199,1.859,2.251,2.308,1.025,26.082,361.482,10.491,0.072153,dead
8,A,A8,A8_01200,1.47,1.713,1.791,1.045,23.08,379.368,2.782,0.060839,living
8,A,A8,A8_01203,1.217,2.251,1.868,0.830,20.042,317.472,68.111,0.063129,dead
8,A,A8,A8_01205,2.129,2.251,2.470,1.097,17.183,408.579,3.198,0.042054,living
8,A,A8,A8_01206,0.811,1.970,1.426,0.724,12.271,342.396,2.021,0.035838,living
8,A,A8,A8_01207,1.741,2.176,2.196,1.009,83.301,343.961,2.262,0.242181,living
8,A,A8,A8_01209,2.721,2.314,2.831,1.224,62.23,390.311,2.727,0.159437,living
8,A,A8,A8_01210,2.501,2.251,2.677,1.189,94.365,327.622,24.446,0.28803,dead
8,A,A8,A8_01211,1.606,1.870,1.955,1.046,69.379,342.726,2.379,0.202433,living
8,A,A8,A8_01213,2.282,2.251,2.557,1.136,99.881,325.793,3.563,0.30658,living
8,A,A8,A8_01215,1.944,1.747,2.079,1.190,90.557,407.426,2.565,0.222265,living
8,A,A8,A8_01216,2.738,2.251,2.801,1.244,115.79,376.938,2.753,0.307186,living
8,A,A8,A8_01217,1.335,1.664,1.682,1.011,95.962,335.013,2.785,0.286443,living
8,A,A8,A8_01219,2.738,2.025,2.657,1.312,97.111,435.056,2.395,0.223215,living
8,A,A8,A8_01220,2.89,2.288,2.902,1.268,65.158,348.608,2.222,0.186909,living
8,A,A8,A8_01223,1.048,2.145,1.692,0.789,31.887,331.71,2.5,0.09613,living
8,A,A8,A8_01224,1.775,2.073,2.164,1.044,64.21,352.6,3.305,0.182103,living
8,A,A8,A8_01225,1.284,2.251,1.918,0.852,45.316,305.197,38.855,0.14848,dead
8,A,A8,A8_01226,1.251,2.575,2.025,0.786,48.122,330.189,3.554,0.14574,living
8,A,A8,A8_01228,1.403,2.032,1.905,0.938,52.651,356.41,2.771,0.147725,living
8,A,A8,A8_01229,1.724,2.199,2.197,0.999,59.882,350.284,2.49,0.170954,living
8,A,A8,A8_01230,2.366,1.832,2.349,1.282,55.643,421.95,2.321,0.131871,living
8,A,A8,A8_01231,1.268,2.014,1.803,0.895,20.8,373.107,3.013,0.055748,living
8,A,A8,A8_01232,1.42,2.251,2.017,0.896,49.429,322.464,59.298,0.153284,dead
8,A,A8,A8_01233,1.589,2.251,2.134,0.948,41.309,310.638,52.383,0.132979,dead
8,A,A8,A8_01235,1.268,1.949,1.774,0.910,23.947,387.027,2.413,0.061873,living
8,A,A8,A8_01236,2.349,2.251,2.595,1.153,41.871,420.151,25.583,0.099656,dead
8,A,A8,A8_01238,1.521,1.841,1.888,1.026,24.011,390.289,2.456,0.061521,living
8,A,A8,A8_01239,1.301,2.251,1.931,0.858,24.065,356.649,28.74,0.067475,dead
8,A,A8,A8_01240,1.251,2.251,1.894,0.841,15.041,351.189,3.23,0.042827,living
8,A,A8,A8_01241,1.115,1.821,1.608,0.883,22.318,384.061,2.545,0.058111,living
8,A,A8,A8_01242,2.129,2.183,2.433,1.114,24.508,409.762,2.444,0.05981,living
8,A,A8,A8_01243,2.265,1.418,2.022,1.426,36.366,658.507,2.612,0.055224,living
8,A,A8,A8_01245,2.079,2.713,2.680,0.988,17.919,399.195,2.244,0.044887,living
8,A,A8,A8_01246,1.707,2.251,2.212,0.983,14.168,341.743,26.535,0.041459,dead
8,A,A8,A8_01247,1.031,2.045,1.638,0.801,15.852,365.098,3.098,0.04342,living
8,A,A8,A8_01248,1.42,1.815,1.811,0.998,19.357,404.167,2.298,0.047894,living
8,A,A8,A8_01250,0.946,2.251,1.647,0.732,15.161,346.25,11.893,0.043785,dead
8,A,A8,A8_01251,1.741,3.016,2.586,0.857,15.291,368.379,2.379,0.04151,living
8,A,A8,A8_01252,1.166,2.251,1.828,0.812,13.043,338.246,3.116,0.038562,living
8,A,A8,A8_01253,1.437,2.809,2.267,0.807,40.494,309.565,2.812,0.13081,living
8,A,A8,A8_01255,1.825,2.061,2.188,1.062,100.38,344.287,2.185,0.291558,living
8,A,A8,A8_01256,1.893,2.218,2.312,1.042,90.071,318.161,2.598,0.2831,living
8,A,A8,A8_01257,1.352,2.251,1.968,0.875,94.037,263.337,41.913,0.357099,dead
8,A,A8,A8_01258,1.386,2.098,1.924,0.917,70.341,321.793,2.537,0.218592,living
8,A,A8,A8_01259,2.839,2.517,3.016,1.198,51.911,330.244,2.161,0.157189,living
8,A,A8,A8_01262,1.183,2.251,1.841,0.818,43.614,282.686,3.771,0.154285,living
8,A,A8,A8_01263,1.994,2.251,2.391,1.062,69.288,324.136,3.407,0.213763,living
8,A,A8,A8_01264,2.484,2.941,3.050,1.037,41.816,340.905,2.599,0.122663,living
8,A,A8,A8_01266,1.555,2.033,2.006,0.987,55.348,352.946,2.293,0.156817,living
8,A,A8,A8_01267,1.031,2.564,1.835,0.716,16.459,312.852,2.279,0.05261,living
8,A,A8,A8_01268,2.18,2.251,2.500,1.110,100.039,411.93,7.271,0.242854,dead
8,A,A8,A8_01269,2.687,2.922,3.162,1.082,80.824,348.17,2.214,0.232139,living
8,A,A8,A8_01270,1.149,2.723,1.996,0.733,48.941,306.603,2.706,0.159624,living
8,A,A8,A8_01271,2.028,2.753,2.666,0.968,96.808,320.8,2.442,0.301772,living
8,A,A8,A8_01272,1.977,1.666,2.048,1.229,103.299,438.12,2.231,0.235778,living
8,A,A8,A8_01273,1.521,1.742,1.837,1.054,28.678,360.278,2.389,0.079599,living
8,A,A8,A8_01274,2.045,2.024,2.296,1.134,97.43,393.149,2.496,0.247819,living
8,A,A8,A8_01275,1.166,2.085,1.759,0.844,28.536,367.406,2.638,0.07767,living
8,A,A8,A8_01277,1.521,2.008,1.972,0.982,28.067,392,2.778,0.071599,living
8,A,A8,A8_01278,2.332,2.905,2.937,1.011,69.754,354.79,2.348,0.196605,living
8,A,A8,A8_01280,1.504,2.169,2.038,0.940,27.169,386.652,3.079,0.070266,living
8,A,A8,A8_01281,1.386,1.953,1.856,0.951,47,368.305,2.866,0.127612,living
8,A,A8,A8_01282,1.504,2.520,2.197,0.872,24.506,366.067,2.764,0.066943,living
8,A,A8,A8_01283,0.862,2.251,1.572,0.698,35.765,306.314,49.902,0.116758,dead
8,A,A8,A8_01284,1.234,1.690,1.630,0.964,47.589,366.233,2.932,0.129942,living
8,A,A8,A8_01285,1.859,2.251,2.308,1.025,44.027,353.9,3.109,0.124406,living
8,A,A8,A8_01286,2.653,2.612,2.970,1.137,48.949,403.987,2.535,0.121165,living
8,A,A8,A8_01287,1.977,2.011,2.250,1.119,13.034,392.06,2.333,0.033245,living
8,A,A8,A8_01288,2.062,2.302,2.458,1.068,30.746,378.984,2.713,0.081127,living
8,A,A8,A8_01289,1.082,2.251,1.761,0.782,34.094,331.094,72.891,0.102973,dead
8,A,A8,A8_01290,1.149,2.859,2.045,0.715,19.985,338.25,2.382,0.059084,living
8,A,A8,A8_01291,1.927,2.235,2.342,1.048,26.561,387.491,3,0.068547,living
8,A,A8,A8_01293,1.352,2.251,1.968,0.875,30.65,337.938,63.025,0.090697,dead
8,A,A8,A8_01294,1.014,2.549,1.814,0.712,18.917,338.183,2.25,0.055936,living
8,A,A8,A8_01295,1.622,2.251,2.156,0.958,23.052,370.896,4.823,0.062152,living
8,A,A8,A8_01296,1.352,1.780,1.750,0.983,24.812,398.512,2.75,0.062263,living
8,A,A8,A8_01297,1.521,2.104,2.019,0.959,22.844,379.8,2.522,0.060149,living
8,A,A8,A8_01300,2.417,2.436,2.738,1.124,25.336,419.524,2.503,0.060391,living
8,A,A8,A8_01301,1.352,2.590,2.112,0.815,12.95,334.262,2.5,0.038742,living
8,A,A8,A8_01302,1.47,1.822,1.847,1.014,16.023,399.69,2.092,0.040089,living
8,A,A8,A8_01303,0.862,2.094,1.516,0.724,12.02,352.569,3.235,0.034092,living
8,A,A8,A8_01305,1.555,2.251,2.111,0.938,10.348,324.576,3.413,0.031881,living
8,A,A8,A8_01306,0.896,1.831,1.445,0.789,10.057,338.679,2.264,0.029694,living
8,A,A8,A8_01309,2.18,2.854,2.815,0.986,87.264,316.953,2.705,0.27532,living
8,A,A8,A8_01310,1.775,2.251,2.255,1.002,52.686,345.505,3.448,0.152489,living
8,A,A8,A8_01311,2.822,2.640,3.080,1.167,108.341,360.521,2.192,0.300513,living
8,A,A8,A8_01314,1.47,2.745,2.267,0.826,85.138,315.092,3.092,0.2702,living
8,A,A8,A8_01315,1.521,2.875,2.360,0.821,50.711,324.4,2.533,0.156323,living
8,A,A8,A8_01317,2.991,2.898,3.322,1.146,104.842,378.977,2.367,0.276644,living
8,A,A8,A8_01318,2.4,2.832,2.942,1.039,79.627,342.887,2.796,0.232224,living
8,A,A8,A8_01319,1.893,1.904,2.142,1.125,24.054,364.036,2.339,0.066075,living
8,A,A8,A8_01320,2.062,2.967,2.791,0.941,30.721,349.074,2.631,0.088008,living
8,A,A8,A8_01321,1.149,1.513,1.488,0.983,18.882,260.397,2.015,0.072514,living
8,A,A8,A8_01322,0.93,2.251,1.633,0.725,30.218,292.836,52,0.103191,dead
8,A,A8,A8_01323,2.789,1.684,2.445,1.452,39.436,326.2,2.285,0.120896,living
8,A,A8,A8_01324,1.808,2.234,2.268,1.015,61.215,366.907,2.336,0.166841,living
8,A,A8,A8_01325,1.808,1.973,2.131,1.080,80.056,357.935,2.776,0.223661,living
8,A,A8,A8_01327,1.268,1.419,1.514,1.067,70.867,348.747,2.787,0.203204,living
8,A,A8,A8_01328,1.132,1.527,1.484,0.972,28.343,373.731,2.403,0.075839,living
8,A,A8,A8_01329,1.521,2.095,2.014,0.961,53.967,352.567,2.567,0.153068,living
8,A,A8,A8_01330,2.704,2.164,2.730,1.261,119.237,428.519,2.381,0.278255,living
8,A,A8,A8_01331,2.315,2.342,2.627,1.122,95.431,368.715,2.423,0.258819,living
8,A,A8,A8_01332,1.403,1.984,1.883,0.949,23.289,382.349,2.735,0.060911,living
8,A,A8,A8_01333,2.89,2.004,2.716,1.355,64.17,481.018,2.766,0.133404,living
8,A,A8,A8_01334,1.673,2.774,2.431,0.876,32.869,357.404,2.818,0.091965,living
8,A,A8,A8_01335,1.96,1.583,1.988,1.256,46.784,407.966,2.112,0.114678,living
8,A,A8,A8_01336,2.518,2.251,2.686,1.193,65.906,401.49,5.557,0.164154,dead
8,A,A8,A8_01337,1.555,2.323,2.145,0.923,25.478,359.022,2.022,0.070966,living
8,A,A8,A8_01339,2.265,2.251,2.548,1.132,29.933,396.187,2.634,0.075552,living
8,A,A8,A8_01341,1.656,2.413,2.256,0.935,27.469,399.367,2.316,0.068782,living
8,A,A8,A8_01342,2.248,3.143,2.999,0.954,22.459,385.504,2.526,0.058258,living
8,A,A8,A8_01343,1.944,2.012,2.232,1.109,27.8,433.835,2.47,0.06408,living
8,A,A8,A8_01344,1.487,1.449,1.656,1.143,27.034,456.511,2.648,0.059219,living
8,A,A8,A8_01346,1.521,2.251,2.088,0.928,19.533,343.789,3.867,0.056818,living
8,A,A8,A8_01347,1.825,2.507,2.414,0.963,15.556,391.935,2.333,0.039689,living
8,A,A8,A8_01350,1.2,2.222,1.843,0.829,13.127,375.366,2.338,0.034971,living
8,A,A8,A8_01351,1.352,2.251,1.968,0.875,12.4,362.188,10.838,0.034236,dead
8,A,A8,A8_01352,1.622,2.237,2.149,0.961,65.24,356.146,3.094,0.183182,living
8,A,A8,A8_01353,1.014,1.523,1.402,0.921,76.95,338.267,2.733,0.227483,living
8,A,A8,A8_01354,1.606,1.570,1.792,1.141,51.095,303.432,1.989,0.16839,living
8,A,A8,A8_01355,1.403,1.940,1.862,0.960,48.277,366.494,2.506,0.131727,living
8,A,A8,A8_01357,1.268,2.209,1.888,0.855,64.907,368.653,2.347,0.176064,living
8,A,A8,A8_01358,2.163,2.825,2.789,0.987,113.836,341.211,2.297,0.333623,living
8,A,A8,A8_01359,1.656,2.206,2.157,0.978,109.561,359.837,2.286,0.304475,living
8,A,A8,A8_01360,2.129,2.925,2.816,0.963,106.968,344.016,2.643,0.31094,living
8,A,A8,A8_01361,1.96,1.945,2.203,1.133,81.448,359.017,2.483,0.226865,living
8,A,A8,A8_01362,1.572,3.131,2.503,0.800,30.946,319.151,2.258,0.096964,living
8,A,A8,A8_01363,2.417,2.028,2.498,1.232,115.573,405.748,2.636,0.28484,living
8,A,A8,A8_01365,1.487,1.908,1.901,0.996,74.068,344.909,2.545,0.214747,living
8,A,A8,A8_01366,1.217,1.821,1.680,0.922,82.764,374,2.139,0.221294,living
8,A,A8,A8_01367,0.862,2.251,1.572,0.698,33.882,325.863,4.431,0.103977,living
8,A,A8,A8_01368,1.555,1.933,1.956,1.012,55.217,401.196,2.783,0.137632,living
8,A,A8,A8_01369,2.197,1.482,2.036,1.374,61.592,501.338,2.715,0.122856,living
8,A,A8,A8_01370,1.876,1.664,1.994,1.198,112.505,414.811,2.387,0.271219,living
8,A,A8,A8_01371,2.113,1.933,2.280,1.180,107.936,443.584,2.8,0.243327,living
8,A,A8,A8_01372,1.927,2.701,2.574,0.953,33.789,416.482,2.553,0.081131,living
8,A,A8,A8_01373,1.758,2.251,2.245,0.997,101.346,366.923,58.135,0.276205,dead
8,A,A8,A8_01374,1.808,1.928,2.107,1.093,96.243,386.15,2.495,0.249238,living
8,A,A8,A8_01377,2.079,1.698,2.120,1.249,91.927,510.821,2.48,0.179959,living
8,A,A8,A8_01378,1.47,2.251,2.053,0.912,69.989,399.69,8.483,0.175107,dead
8,A,A8,A8_01380,2.417,2.097,2.540,1.211,62.818,470.538,2.552,0.133503,living
8,A,A8,A8_01381,2.248,1.699,2.205,1.298,50.496,431.323,2.331,0.117073,living
8,A,A8,A8_01382,1.859,2.027,2.190,1.081,74.936,421.273,2.818,0.177881,living
8,A,A8,A8_01383,1.268,1.941,1.770,0.912,35.573,412.093,2.08,0.086323,living
8,A,A8,A8_01384,1.487,2.324,2.098,0.903,50.159,367.239,2.693,0.136584,living
8,A,A8,A8_01385,1.538,2.251,2.099,0.933,41.681,366.593,5.099,0.113699,dead
8,A,A8,A8_01386,1.842,2.434,2.389,0.982,44.092,399.165,2.257,0.11046,living
8,A,A8,A8_01387,2.4,1.607,2.216,1.379,44.444,509.894,2.803,0.087162,living
8,A,A8,A8_01388,1.251,2.441,1.972,0.808,14.716,383.027,2.757,0.038421,living
8,A,A8,A8_01389,1.369,2.476,2.077,0.839,34.198,402.753,3.16,0.084909,living
8,A,A8,A8_01390,0.896,2.251,1.602,0.712,21.226,350.774,13.736,0.060513,dead
8,A,A8,A8_01391,1.268,1.627,1.621,0.996,40.373,436.467,2.4,0.0925,living
8,A,A8,A8_01393,1.639,2.679,2.364,0.883,22.371,406.711,3.093,0.055005,living
8,A,A8,A8_01395,1.791,2.435,2.356,0.968,24.123,424.783,2.453,0.056788,living
8,A,A8,A8_01396,1.369,2.576,2.119,0.823,12.235,363.617,2.605,0.033647,living
8,A,A8,A8_01397,1.234,2.213,1.865,0.843,17.192,400.836,2.534,0.04289,living
8,A,A8,A8_01399,1.555,2.289,2.129,0.930,19.663,414.804,3.087,0.047403,living
8,A,A8,A8_01400,1.487,2.251,2.064,0.917,23.102,396.102,17.977,0.058324,dead
8,A,A8,A8_01401,1.453,2.044,1.945,0.951,22.674,444.756,2.628,0.050982,living
8,A,A8,A8_01402,1.521,1.911,1.924,1.007,16.644,428.478,2.678,0.038846,living
8,A,A8,A8_01404,1.335,2.881,2.213,0.768,11.19,356.911,2.785,0.031352,living
8,A,A8,A8_01406,1.758,2.603,2.414,0.927,11.183,380.394,2.317,0.029398,living
8,A,A8,A8_01407,1.234,2.716,2.066,0.761,12.247,401.795,2.288,0.03048,living
8,A,A8,A8_01408,0.845,2.251,1.556,0.691,13.34,379.56,4.74,0.035146,living
8,A,A8,A8_01409,1.132,1.873,1.643,0.877,18.045,405.627,2.507,0.044486,living
8,A,A8,A8_01412,1.453,2.272,2.050,0.902,24.035,299.116,2.43,0.080353,living
8,A,A8,A8_01413,1.369,1.750,1.747,0.998,25.642,309.963,2.395,0.082726,living
8,A,A8,A8_01415,0.862,2.173,1.544,0.711,48.373,252.294,2.941,0.191731,living
8,A,A8,A8_01416,0.913,2.251,1.618,0.719,40.296,238.37,8.13,0.169049,dead
8,A,A8,A8_01417,1.791,2.411,2.345,0.973,15.453,311.509,2.509,0.049606,living
8,A,A8,A8_01418,2.315,2.006,2.432,1.212,48.139,311.985,2.934,0.154298,living
8,A,A8,A8_01419,2.214,1.549,2.090,1.349,99.893,417.198,2.626,0.239438,living
8,A,A8,A8_01420,1.639,2.251,2.167,0.963,51.68,250.928,10.918,0.205957,dead
8,A,A8,A8_01422,2.451,2.033,2.519,1.239,107.497,337.269,2.841,0.318726,living
8,A,A8,A8_01423,2.839,1.741,2.509,1.441,22.97,324.47,2.333,0.070793,living
8,A,A8,A8_01425,1.91,2.323,2.377,1.023,36.496,312.319,2.637,0.116854,living
8,A,A8,A8_01427,1.808,2.355,2.328,0.989,47.224,291.607,2.112,0.161945,living
8,A,A8,A8_01428,2.535,1.704,2.345,1.376,101.22,395.127,2.607,0.256171,living
8,A,A8,A8_01429,1.132,2.251,1.801,0.800,54.194,292.373,15.716,0.185359,dead
8,A,A8,A8_01430,1.96,1.741,2.084,1.197,87.543,347.345,2.319,0.252035,living
8,A,A8,A8_01432,0.963,1.656,1.425,0.860,32.123,311.702,2.719,0.103056,living
8,A,A8,A8_01433,2.636,2.136,2.677,1.254,73.051,369.301,2.391,0.197809,living
8,A,A8,A8_01434,1.656,2.251,2.179,0.968,26.765,316.224,20.837,0.08464,dead
8,A,A8,A8_01435,1.741,1.533,1.843,1.202,71.961,336.777,2.252,0.213676,living
8,A,A8,A8_01437,1.555,2.105,2.041,0.970,26.804,340.424,2.891,0.078738,living
8,A,A8,A8_01438,2.958,2.122,2.827,1.332,52.697,398.217,2.491,0.132333,living
8,A,A8,A8_01439,1.977,2.251,2.380,1.057,57.615,329.778,3.915,0.17471,living
8,A,A8,A8_01441,2.805,1.866,2.582,1.383,53.928,471.994,2.681,0.114255,living
8,A,A8,A8_01442,0.913,1.955,1.508,0.771,29.648,292.796,2.352,0.101259,living
8,A,A8,A8_01443,2.603,2.642,2.959,1.120,44.844,363.468,2.818,0.123379,living
8,A,A8,A8_01444,0.98,2.251,1.676,0.745,15.776,294.81,54.448,0.053512,dead
8,A,A8,A8_01445,1.521,2.795,2.327,0.832,25.289,308.367,2.478,0.082009,living
8,A,A8,A8_01446,1.622,1.889,1.975,1.046,32.458,372.969,2.562,0.087027,living
8,A,A8,A8_01447,2.586,2.566,2.907,1.133,20.248,381.614,2.438,0.05306,living
8,A,A8,A8_01448,1.284,1.768,1.700,0.962,20.039,340.461,2.421,0.05886,living
8,A,A8,A8_01449,0.93,2.251,1.633,0.725,11.818,308.291,22.945,0.038335,dead
8,A,A8,A8_01451,2.417,2.757,2.913,1.057,26.748,366.601,2.776,0.072963,living
8,A,A8,A8_01452,1.2,1.946,1.724,0.886,13.085,327.268,2.577,0.039981,living
8,A,A8,A8_01453,2.197,2.251,2.509,1.115,13.308,344.262,3.831,0.038656,living
8,A,A8,A8_01454,1.825,2.529,2.424,0.959,15.694,336.343,2.278,0.046662,living
8,A,A8,A8_01456,1.284,1.605,1.620,1.009,16.855,356.711,2.553,0.047252,living
8,A,A8,A8_01458,2.045,2.251,2.421,1.076,10.066,358.983,23.033,0.028041,dead
8,A,A8,A8_01460,1.149,2.852,2.043,0.716,10.441,302.015,2.279,0.034572,living
8,A,A8,A8_01463,1.217,2.237,1.862,0.832,11.111,295.083,1.833,0.037654,living
8,A,A8,A8_01464,1.403,2.448,2.091,0.854,13.06,317.855,2.301,0.041089,living
8,A,A8,A8_01469,2.214,2.692,2.755,1.023,85.924,320.718,2.489,0.267911,living
8,A,A8,A8_01470,2.383,2.506,2.757,1.100,97.965,326.418,2.766,0.30012,living
8,A,A8,A8_01471,1.352,2.473,2.063,0.834,44.038,300.2,2.263,0.146694,living
8,A,A8,A8_01472,1.217,1.992,1.757,0.882,98.153,302.958,3.028,0.323981,living
8,A,A8,A8_01473,1.775,2.251,2.255,1.002,72.41,279.333,5.076,0.259223,dead
8,A,A8,A8_01475,1.775,2.221,2.240,1.009,25.152,356.01,2.905,0.070651,living
8,A,A8,A8_01476,0.93,2.354,1.670,0.709,33.127,320.891,2.309,0.103235,living
8,A,A8,A8_01477,1.268,1.707,1.660,0.973,105.347,313.173,2.707,0.336385,living
8,A,A8,A8_01479,1.386,2.084,1.918,0.920,28.293,329.512,2.427,0.085862,living
8,A,A8,A8_01480,0.98,2.251,1.676,0.745,51.328,266.69,56.276,0.192462,dead
8,A,A8,A8_01481,1.859,2.266,2.316,1.022,35.564,383.736,2.255,0.092677,living
8,A,A8,A8_01482,2.789,2.251,2.827,1.256,75.667,420.588,3.552,0.179907,living
8,A,A8,A8_01483,2.197,2.242,2.504,1.117,101.992,374.062,2.662,0.272662,living
8,A,A8,A8_01485,1.301,2.681,2.107,0.786,38.273,319.377,2.779,0.119836,living
8,A,A8,A8_01486,1.386,1.918,1.840,0.959,55.61,328.72,3.207,0.169171,living
8,A,A8,A8_01487,2.366,1.853,2.363,1.275,77.243,390.371,2.514,0.19787,living
8,A,A8,A8_01488,1.386,1.727,1.746,1.011,61.915,361.11,2.232,0.171457,living
8,A,A8,A8_01489,1.673,1.881,2.002,1.064,67.182,386.879,2.485,0.173651,living
8,A,A8,A8_01490,2.332,2.080,2.485,1.195,75.384,413.341,2.754,0.182378,living
8,A,A8,A8_01491,1.96,2.251,2.370,1.053,54.793,342.397,26.397,0.160028,dead
8,A,A8,A8_01492,1.673,2.251,2.190,0.973,44.909,355.758,8.596,0.126235,dead
8,A,A8,A8_01494,1.741,1.865,2.033,1.090,62.194,396.67,2.485,0.156791,living
8,A,A8,A8_01495,2.4,1.930,2.429,1.258,68.028,434.275,2.514,0.156648,living
8,A,A8,A8_01496,1.622,2.251,2.156,0.958,52.698,351.219,55.583,0.150043,dead
8,A,A8,A8_01498,2.163,2.835,2.794,0.986,32.578,360.078,2.352,0.090475,living
8,A,A8,A8_01499,2.062,2.762,2.693,0.975,32.91,386.451,2.943,0.085159,living
8,A,A8,A8_01500,1.437,1.704,1.766,1.036,33.506,400.506,2.576,0.083659,living
8,A,A8,A8_01501,2.197,2.791,2.794,1.001,12.538,357.454,2.7,0.035077,living
8,A,A8,A8_01502,1.825,1.947,2.127,1.092,31.935,409.694,2,0.077949,living
8,A,A8,A8_01503,1.538,2.362,2.151,0.911,17.176,366.846,2.527,0.04682,living
8,A,A8,A8_01504,1.403,1.945,1.864,0.958,21.434,404.434,2.614,0.052997,living
8,A,A8,A8_01506,1.707,1.938,2.052,1.059,27.782,400.703,2.842,0.069334,living
8,A,A8,A8_01508,2.146,2.785,2.759,0.991,11.654,395.197,2.244,0.029488,living
8,A,A8,A8_01509,1.301,2.802,2.154,0.769,18.623,347.065,2.545,0.05366,living
8,A,A8,A8_01511,1.42,1.634,1.719,1.052,10.31,347.595,2.393,0.02966,living
8,A,A8,A8_01513,1.318,2.216,1.928,0.870,14.936,363.218,2.5,0.041121,living
8,A,A8,A8_01515,2.603,3.026,3.167,1.047,15.383,386.494,2.448,0.039802,living
8,A,A8,A8_01516,1.386,1.919,1.840,0.959,19.976,396.524,2.183,0.050377,living
8,A,A8,A8_01517,1.639,2.017,2.052,1.017,19.804,407.526,2.227,0.048596,living
8,A,A8,A8_01518,1.707,1.746,1.948,1.116,13.673,386.683,2.673,0.03536,living
8,A,A8,A8_01519,0.997,2.507,1.784,0.712,10.864,349.678,2.39,0.03107,living
8,A,A8,A8_01521,2.501,2.251,2.677,1.189,13.419,363.439,19.932,0.036922,dead
8,B,B8,B8_00001,1.352,1.457,1.584,1.087,61.925,623.388,2.9,0.099336,living
8,B,B8,B8_00002,1.217,2.549,1.987,0.780,83.097,500.931,2.431,0.165886,living
8,B,B8,B8_00003,1.183,2.131,1.792,0.841,18.857,506.757,2.014,0.037211,living
8,B,B8,B8_00007,1.369,2.039,1.885,0.925,96.037,552.556,2.753,0.173805,living
8,B,B8,B8_00009,1.842,1.661,1.974,1.188,100.44,720.22,2.22,0.139458,living
8,B,B8,B8_00011,1.572,2.006,2.004,0.999,74.312,593.86,2.409,0.125134,living
8,B,B8,B8_00013,1.386,1.467,1.609,1.097,41.646,616.28,3.073,0.067577,living
8,B,B8,B8_00014,2.62,1.716,2.393,1.394,71.11,1012.761,2.484,0.070214,living
8,B,B8,B8_00015,2.603,2.180,2.688,1.233,40.052,731.221,7.214,0.054774,dead
8,B,B8,B8_00016,2.146,2.556,2.643,1.034,34.102,616.535,2.37,0.055313,living
8,B,B8,B8_00017,2.011,2.180,2.363,1.084,36.597,665.261,17.639,0.055011,dead
8,B,B8,B8_00019,2.248,2.337,2.586,1.107,10.12,650.707,2.82,0.015553,living
8,B,B8,B8_00020,2.197,2.567,2.680,1.044,11.438,601.6,2.777,0.019013,living
8,B,B8,B8_00021,1.656,2.291,2.198,0.959,20.888,597.5,2.786,0.034959,living
8,B,B8,B8_00022,1.724,2.725,2.446,0.898,62.039,496.755,2.608,0.124889,living
8,B,B8,B8_00023,1.369,2.180,1.949,0.894,71.062,459.605,3.358,0.154615,living
8,B,B8,B8_00024,1.876,2.232,2.309,1.034,59.369,514.486,2.36,0.115395,living
8,B,B8,B8_00025,1.014,1.374,1.332,0.969,62.25,548.5,2.367,0.113491,living
8,B,B8,B8_00028,2.974,1.979,2.737,1.383,55.966,481.642,2.966,0.116198,living
8,B,B8,B8_00029,2.096,1.868,2.233,1.195,14.685,574.121,2.75,0.025579,living
8,B,B8,B8_00031,2.383,2.097,2.522,1.203,34.014,645.291,2.418,0.052711,living
8,B,B8,B8_00032,0.963,2.180,1.635,0.750,59.491,440.316,3.982,0.13511,living
8,B,B8,B8_00033,2.535,2.590,2.891,1.116,103.153,555.533,2.567,0.185683,living
8,B,B8,B8_00034,2.62,2.432,2.848,1.171,27.632,543.323,2.503,0.050858,living
8,B,B8,B8_00037,1.099,2.180,1.747,0.801,52.092,487.477,77.031,0.106861,dead
8,B,B8,B8_00038,2.062,2.603,2.614,1.004,27.369,506.598,2.377,0.054025,living
8,B,B8,B8_00039,1.91,2.465,2.448,0.993,18.478,538.788,2.823,0.034295,living
8,B,B8,B8_00042,1.318,2.180,1.913,0.877,35.321,496.897,52.795,0.071082,dead
8,B,B8,B8_00043,0.828,2.180,1.516,0.695,14.857,453.388,12.265,0.032769,dead
8,B,B8,B8_00044,2.045,1.697,2.102,1.239,36.645,658.397,2.504,0.055657,living
8,B,B8,B8_00045,1.606,2.124,2.084,0.981,17.842,559.474,2.2,0.031891,living
8,B,B8,B8_00046,1.606,2.931,2.448,0.835,11.232,454.326,2.474,0.024721,living
8,B,B8,B8_00049,1.183,1.927,1.704,0.884,55.057,491.186,2.643,0.11209,living
8,B,B8,B8_00050,2.062,1.908,2.238,1.173,38.148,450.033,2.73,0.084766,living
8,B,B8,B8_00052,1.775,2.180,2.220,1.018,80.552,515.771,5.143,0.156178,dead
8,B,B8,B8_00054,2.501,1.494,2.181,1.460,59.885,554.966,2.554,0.107908,living
8,B,B8,B8_00055,1.893,1.710,2.030,1.187,47.08,711.625,2.696,0.066159,living
8,B,B8,B8_00057,1.386,2.881,2.255,0.783,87.341,437.976,2.22,0.199421,living
8,B,B8,B8_00058,2.518,1.750,2.369,1.354,63.711,627.698,2.389,0.1015,living
8,B,B8,B8_00059,1.386,1.710,1.737,1.016,26.817,637.341,2.463,0.042076,living
8,B,B8,B8_00060,1.775,2.180,2.220,1.018,58.171,569.686,3.819,0.102111,living
8,B,B8,B8_00061,1.487,1.935,1.914,0.989,68.455,579.08,2.148,0.118213,living
8,B,B8,B8_00062,1.927,2.379,2.416,1.016,35.684,578.754,2.36,0.061657,living
8,B,B8,B8_00063,2.197,2.180,2.470,1.133,54.285,589.7,6.108,0.092055,dead
8,B,B8,B8_00064,1.504,1.997,1.956,0.979,46.674,563.629,2.202,0.08281,living
8,B,B8,B8_00065,1.91,1.521,1.923,1.264,23.982,639.08,2.619,0.037526,living
8,B,B8,B8_00067,0.93,1.921,1.508,0.785,15.745,542.164,1.945,0.029042,living
8,B,B8,B8_00068,2.332,2.194,2.552,1.163,17.08,627.007,2.333,0.02724,living
8,B,B8,B8_00070,1.2,1.446,1.486,1.028,49.465,517.352,2.521,0.095611,living
8,B,B8,B8_00071,1.284,1.995,1.806,0.905,65.105,473.408,2.724,0.137525,living
8,B,B8,B8_00072,2.332,1.770,2.292,1.295,104.101,594.739,2.268,0.175037,living
8,B,B8,B8_00073,1.91,2.288,2.359,1.031,82.965,532.858,2.611,0.155697,living
8,B,B8,B8_00074,1.082,2.180,1.733,0.795,53.922,497.875,10.078,0.108304,dead
8,B,B8,B8_00075,0.828,2.033,1.464,0.720,73.286,428.98,2.245,0.170837,living
8,B,B8,B8_00076,1.268,1.507,1.560,1.035,51.507,584,2.16,0.088196,living
8,B,B8,B8_00077,2.501,2.178,2.634,1.209,74.48,521.264,2.108,0.142883,living
8,B,B8,B8_00078,2.738,2.671,3.051,1.142,66.265,668.611,2.469,0.099109,living
8,B,B8,B8_00079,1.791,1.471,1.832,1.245,28.019,542.698,2.387,0.051629,living
8,B,B8,B8_00080,1.335,1.551,1.624,1.047,95.139,530.873,2.582,0.179213,living
8,B,B8,B8_00081,2.366,2.825,2.917,1.033,105.493,552.179,2.479,0.191048,living
8,B,B8,B8_00083,2.282,2.068,2.451,1.185,107.133,633.904,2.059,0.169006,living
8,B,B8,B8_00084,1.251,1.628,1.610,0.989,97.784,566.378,2.703,0.172647,living
8,B,B8,B8_00085,2.822,2.180,2.799,1.284,101.701,620.108,6.347,0.164005,dead
8,B,B8,B8_00086,2.89,3.161,3.410,1.079,85.813,574.287,2.842,0.149425,living
8,B,B8,B8_00087,2.332,3.147,3.057,0.971,60.522,537.391,2.754,0.112621,living
8,B,B8,B8_00088,0.879,2.177,1.561,0.717,13.654,490.019,3.019,0.027864,living
8,B,B8,B8_00089,1.335,1.665,1.682,1.010,19.43,558.772,3.051,0.034773,living
8,B,B8,B8_00090,1.47,2.180,2.020,0.927,79.31,575.678,20.402,0.137769,dead
8,B,B8,B8_00091,2.907,1.680,2.494,1.484,67.058,743.372,2.901,0.090208,living
8,B,B8,B8_00092,2.586,1.926,2.518,1.307,29.575,708.647,1.98,0.041735,living
8,B,B8,B8_00093,1.183,2.180,1.812,0.831,37.757,547.343,3.143,0.068983,living
8,B,B8,B8_00095,1.521,1.511,1.711,1.132,17.422,576.567,2.433,0.030217,living
8,B,B8,B8_00096,1.42,2.180,1.985,0.911,11.274,492.524,2.405,0.02289,living
8,B,B8,B8_00097,1.673,2.329,2.227,0.956,21.525,606.182,2.01,0.03551,living
8,B,B8,B8_00098,1.994,1.660,2.053,1.237,11.754,566.975,2.339,0.020732,living
8,B,B8,B8_00101,1.622,1.974,2.019,1.023,69.208,574.229,2.479,0.120524,living
8,B,B8,B8_00102,1.065,2.241,1.743,0.778,47.524,530.317,2.397,0.089614,living
8,B,B8,B8_00103,2.214,2.282,2.536,1.111,86.267,661.954,2.244,0.130322,living
8,B,B8,B8_00104,2.332,2.064,2.476,1.199,74.717,652.507,2.565,0.114508,living
8,B,B8,B8_00105,2.383,1.462,2.106,1.441,87.972,628.759,2.369,0.139913,living
8,B,B8,B8_00106,1.453,1.595,1.718,1.077,92,607.64,2.651,0.151406,living
8,B,B8,B8_00108,2.721,2.604,3.004,1.153,65.323,631.82,2.242,0.103389,living
8,B,B8,B8_00110,1.555,2.042,2.011,0.985,54.717,622.75,2.674,0.087864,living
8,B,B8,B8_00111,1.91,1.737,2.055,1.183,45.965,691.796,2.743,0.066442,living
8,B,B8,B8_00113,2.4,2.588,2.812,1.087,49.669,620.535,2.69,0.080042,living
8,B,B8,B8_00114,1.994,2.180,2.353,1.079,28.703,608.576,6.331,0.047165,dead
8,B,B8,B8_00115,0.946,2.180,1.621,0.743,16.839,587.929,12.429,0.028642,dead
8,B,B8,B8_00116,0.828,1.865,1.402,0.752,24.306,603.286,2.98,0.04029,living
8,B,B8,B8_00117,1.639,1.816,1.947,1.072,24.381,677.423,2.66,0.035991,living
8,B,B8,B8_00119,2.096,2.276,2.465,1.083,19.661,727.097,2.427,0.027041,living
8,B,B8,B8_00122,1.538,1.441,1.680,1.166,70.473,639.978,2.725,0.110117,living
8,B,B8,B8_00123,1.589,3.121,2.513,0.805,70.681,502.16,2.681,0.140754,living
8,B,B8,B8_00124,1.217,2.323,1.897,0.817,92.153,527.528,3.097,0.174688,living
8,B,B8,B8_00125,1.724,2.234,2.214,0.991,78.784,518.304,2.833,0.152004,living
8,B,B8,B8_00126,0.963,3.034,1.929,0.636,18.772,461.14,3.193,0.040708,living
8,B,B8,B8_00127,1.876,2.180,2.282,1.047,57.153,631.667,2.784,0.09048,living
8,B,B8,B8_00128,1.994,1.999,2.253,1.127,88.907,566.424,3.034,0.156962,living
8,B,B8,B8_00129,2.062,1.770,2.156,1.218,92.492,629.148,2.885,0.147011,living
8,B,B8,B8_00130,0.98,1.746,1.476,0.845,71.828,505.138,3.431,0.142194,living
8,B,B8,B8_00131,2.755,1.831,2.534,1.384,56.681,589.755,2.38,0.096109,living
8,B,B8,B8_00132,1.014,2.180,1.678,0.770,46.283,488.65,61.383,0.094717,dead
8,B,B8,B8_00134,2.248,1.468,2.050,1.396,102.752,908.218,2.571,0.113136,living
8,B,B8,B8_00135,1.538,1.909,1.933,1.013,90.143,595.714,2.582,0.151319,living
8,B,B8,B8_00137,1.065,2.225,1.737,0.781,71.317,484.921,2.238,0.14707,living
8,B,B8,B8_00138,1.927,1.643,2.008,1.222,91.456,750.079,2.833,0.121929,living
8,B,B8,B8_00139,2.501,2.180,2.635,1.209,71.872,733.709,11.061,0.097957,dead
8,B,B8,B8_00140,2.163,1.956,2.321,1.187,45.773,666.219,2.438,0.068706,living
8,B,B8,B8_00141,2.113,1.813,2.209,1.218,58,705.152,2.2,0.082252,living
8,B,B8,B8_00142,1.47,2.180,2.020,0.927,22.46,538.816,13.977,0.041684,dead
8,B,B8,B8_00143,2.67,2.545,2.941,1.156,21.867,591.633,2.456,0.036961,living
8,B,B8,B8_00144,2.941,2.180,2.857,1.311,38.534,763.167,2.575,0.050493,living
8,B,B8,B8_00145,1.825,2.719,2.514,0.924,11.222,583.5,2.38,0.019233,living
8,B,B8,B8_00146,2.552,3.012,3.128,1.039,11.576,682.868,2.503,0.016952,living
8,B,B8,B8_00147,2.789,2.180,2.783,1.276,13.733,389.042,4.988,0.0353,living
8,B,B8,B8_00148,1.555,1.966,1.973,1.004,51.826,446.478,2.25,0.116078,living
8,B,B8,B8_00149,1.555,2.180,2.078,0.953,57.37,409.12,32.565,0.140227,dead
8,B,B8,B8_00150,2.113,1.977,2.306,1.167,47.576,528.256,2.56,0.090062,living
8,B,B8,B8_00151,1.521,2.180,2.055,0.942,58.311,444.1,7.311,0.131302,dead
8,B,B8,B8_00152,1.673,1.784,1.949,1.093,40.465,482.838,2.768,0.083806,living
8,B,B8,B8_00153,2.518,2.180,2.644,1.213,28.886,517.51,4.94,0.055817,living
8,B,B8,B8_00154,2.231,1.634,2.154,1.318,102.523,574.439,2.348,0.178474,living
8,B,B8,B8_00156,1.082,2.180,1.733,0.795,20.719,416.578,42.656,0.049736,dead
8,B,B8,B8_00157,2.89,2.180,2.832,1.299,56.444,552.006,2.509,0.102253,living
8,B,B8,B8_00158,1.453,2.372,2.095,0.883,19.465,443.721,2.512,0.043868,living
8,B,B8,B8_00160,1.927,2.180,2.313,1.061,34.982,434.009,31.702,0.080603,dead
8,B,B8,B8_00161,2.518,1.535,2.218,1.445,13.604,601.45,2.081,0.022619,living
8,B,B8,B8_00163,1.47,1.592,1.726,1.084,13.816,487.241,2.31,0.028356,living
8,B,B8,B8_00164,0.93,2.180,1.607,0.737,14.455,420.2,43.836,0.034399,dead
8,B,B8,B8_00165,1.876,1.796,2.071,1.153,21.468,544.667,2.18,0.039416,living
8,B,B8,B8_00168,1.521,2.315,2.117,0.915,27.4,473.956,2.4,0.057811,living
8,B,B8,B8_00169,1.96,3.131,2.795,0.893,62.414,494.931,2.638,0.126106,living
8,B,B8,B8_00170,1.42,1.840,1.824,0.991,39.738,603.393,1.976,0.065858,living
8,B,B8,B8_00171,2.197,2.666,2.731,1.024,91.985,580.831,2.246,0.158367,living
8,B,B8,B8_00172,1.876,1.778,2.061,1.159,41.892,695.919,2.351,0.060197,living
8,B,B8,B8_00173,1.977,2.610,2.563,0.982,22.838,565.658,2.598,0.040374,living
8,B,B8,B8_00174,2.332,2.411,2.676,1.110,103.638,618.551,2.051,0.167549,living
8,B,B8,B8_00176,1.386,1.933,1.847,0.955,75.28,562.598,2.22,0.133809,living
8,B,B8,B8_00177,1.791,2.180,2.230,1.023,86.132,587.434,3.745,0.146624,living
8,B,B8,B8_00178,2.113,1.423,1.957,1.375,42.968,682.28,2.456,0.062977,living
8,B,B8,B8_00179,1.149,1.700,1.577,0.928,57.5,571.471,2,0.100618,living
8,B,B8,B8_00182,2.924,2.209,2.868,1.298,44.376,828.983,2.705,0.05353,living
8,B,B8,B8_00183,1.234,2.238,1.875,0.838,15.247,525.205,2.959,0.02903,living
8,B,B8,B8_00184,1.318,2.383,2.000,0.839,18.564,590.718,2.321,0.031426,living
8,B,B8,B8_00185,1.115,2.696,1.956,0.726,11.636,561.667,2.258,0.020718,living
8,B,B8,B8_00186,2.011,1.789,2.140,1.196,36.008,736.739,2.244,0.048875,living
8,B,B8,B8_00187,1.099,3.158,2.102,0.666,12,512.015,2.462,0.023437,living
8,B,B8,B8_00188,1.42,1.919,1.863,0.971,20.929,605.571,2.476,0.03456,living
8,B,B8,B8_00189,2.079,1.727,2.138,1.238,25.553,744,2.146,0.034345,living
8,B,B8,B8_00190,2.197,2.180,2.470,1.133,13.808,515.969,3.062,0.026761,living
8,B,B8,B8_00192,1.301,1.357,1.499,1.105,14.403,724.662,2.169,0.019875,living
8,B,B8,B8_00193,2.113,1.535,2.032,1.324,18.024,644.648,2.848,0.027959,living
8,B,B8,B8_00194,1.437,2.035,1.930,0.948,13.024,549.247,2.8,0.023712,living
8,B,B8,B8_00195,1.977,1.896,2.185,1.152,90.444,561.265,2.308,0.161144,living
8,B,B8,B8_00196,2.18,2.180,2.460,1.128,49.45,510.62,2.581,0.096842,living
8,B,B8,B8_00197,2.417,1.562,2.192,1.404,33.965,663.741,2.301,0.051172,living
8,B,B8,B8_00199,1.775,2.441,2.349,0.962,51.571,489.143,2.657,0.105432,living
8,B,B8,B8_00201,2.89,2.702,3.153,1.167,59.977,577.877,2.924,0.103788,living
8,B,B8,B8_00202,2.62,2.613,2.952,1.130,37.652,593.845,2.348,0.063403,living
8,B,B8,B8_00203,1.589,1.999,2.011,1.006,33.457,554.894,2.021,0.060295,living
8,B,B8,B8_00205,1.572,2.084,2.042,0.980,27.559,565.355,2.699,0.048747,living
8,B,B8,B8_00206,1.808,2.180,2.240,1.028,16.009,610.374,2.393,0.026229,living
8,B,B8,B8_00207,1.065,2.180,1.719,0.789,14.095,485.413,5.048,0.029038,dead
8,B,B8,B8_00208,1.2,2.486,1.949,0.784,10.718,504.113,2.169,0.021262,living
8,B,B8,B8_00209,2.163,2.721,2.737,1.006,11.211,507.43,2.891,0.022094,living
8,B,B8,B8_00210,1.622,2.914,2.453,0.842,65.198,460.625,2.229,0.141542,living
8,B,B8,B8_00212,1.453,2.180,2.008,0.921,91.86,542.581,6.233,0.169303,dead
8,B,B8,B8_00214,0.879,2.180,1.562,0.716,24.423,477.962,5,0.051098,dead
8,B,B8,B8_00215,1.673,3.002,2.529,0.842,37.364,483.99,2.747,0.077199,living
8,B,B8,B8_00216,2.501,1.879,2.446,1.302,98.696,653.541,2.5,0.151017,living
8,B,B8,B8_00217,1.099,2.427,1.843,0.759,71.754,484.523,2.215,0.148092,living
8,B,B8,B8_00218,1.538,1.757,1.855,1.056,82.824,472.549,2.462,0.175271,living
8,B,B8,B8_00220,2.755,2.216,2.788,1.258,68.368,541.847,2.871,0.126176,living
8,B,B8,B8_00221,1.268,1.997,1.796,0.899,56.387,486.987,2.507,0.115787,living
8,B,B8,B8_00222,1.504,1.457,1.670,1.146,30.101,538.596,2.281,0.055888,living
8,B,B8,B8_00223,1.065,2.526,1.851,0.733,61.667,445.635,2.952,0.138379,living
8,B,B8,B8_00224,1.639,1.669,1.866,1.118,104.567,554.32,2.856,0.18864,living
8,B,B8,B8_00225,1.927,2.180,2.313,1.061,102.667,502.237,50.544,0.204419,dead
8,B,B8,B8_00227,1.842,1.865,2.091,1.121,48.138,563.587,2.11,0.085413,living
8,B,B8,B8_00228,0.963,1.602,1.402,0.875,42.509,491.456,2.719,0.086496,living
8,B,B8,B8_00229,1.96,2.180,2.333,1.070,44.569,485.716,5.871,0.091759,dead
8,B,B8,B8_00230,2.282,1.700,2.222,1.307,59.385,643.452,2.304,0.092292,living
8,B,B8,B8_00231,1.825,2.221,2.272,1.023,64.13,564.731,3.093,0.113558,living
8,B,B8,B8_00232,1.69,2.180,2.166,0.993,53.81,530.96,2.87,0.101345,living
8,B,B8,B8_00233,2.248,2.180,2.498,1.146,48.173,587.429,4.038,0.082006,living
8,B,B8,B8_00234,2.856,2.485,3.006,1.210,47.201,614.976,2.107,0.076753,living
8,B,B8,B8_00235,1.622,1.790,1.923,1.074,45.417,622.531,2.365,0.072955,living
8,B,B8,B8_00236,1.42,1.786,1.797,1.006,33.226,582.536,2.643,0.057037,living
8,B,B8,B8_00237,1.893,2.199,2.302,1.047,26.116,544.875,2.5,0.04793,living
8,B,B8,B8_00239,2.535,1.987,2.532,1.275,33.033,685.06,2.433,0.04822,living
8,B,B8,B8_00240,1.369,2.023,1.878,0.928,16.667,570.531,2.864,0.029213,living
8,B,B8,B8_00241,2.417,1.982,2.470,1.246,28.252,677.182,2.517,0.04172,living
8,B,B8,B8_00242,1.386,1.781,1.773,0.995,14.171,586.512,2.463,0.024161,living
8,B,B8,B8_00243,2.383,1.950,2.432,1.247,11.567,537.908,2.248,0.021504,living
8,B,B8,B8_00245,1.369,2.035,1.883,0.925,34.852,497.37,2.296,0.070072,living
8,B,B8,B8_00246,1.622,2.170,2.117,0.976,75.927,450.969,2.406,0.168364,living
8,B,B8,B8_00249,2.755,1.689,2.434,1.441,52.466,479.301,2.374,0.109464,living
8,B,B8,B8_00250,2.129,1.988,2.321,1.168,59.373,569.754,2.278,0.104208,living
8,B,B8,B8_00251,2.298,1.948,2.387,1.226,113.368,580.735,2.588,0.195214,living
8,B,B8,B8_00252,2.231,1.456,2.034,1.397,96.492,659.121,2.78,0.146396,living
8,B,B8,B8_00253,1.69,2.881,2.490,0.864,41.52,459.92,2.63,0.090277,living
8,B,B8,B8_00254,1.335,1.820,1.759,0.966,58.177,496.089,2.532,0.117272,living
8,B,B8,B8_00255,2.552,1.955,2.520,1.289,29.682,462.43,2.649,0.064187,living
8,B,B8,B8_00257,2.197,1.728,2.199,1.272,23.115,464.377,2.8,0.049777,living
8,B,B8,B8_00258,1.673,2.180,2.155,0.988,27.919,501.758,3.818,0.055643,living
8,B,B8,B8_00259,2.822,2.109,2.753,1.305,25.635,627.305,2.551,0.040865,living
8,B,B8,B8_00262,1.791,2.169,2.224,1.025,18.925,541.283,2.538,0.034962,living
8,B,B8,B8_00266,2.366,2.254,2.606,1.156,19.407,596.229,2.371,0.03255,living
8,B,B8,B8_00267,2.214,2.527,2.669,1.056,91.092,549.84,3.084,0.165669,living
8,B,B8,B8_00268,1.284,2.180,1.888,0.866,68.539,442.974,19.329,0.154726,dead
8,B,B8,B8_00269,1.504,2.180,2.043,0.937,85.888,468.371,46.483,0.183375,dead
8,B,B8,B8_00270,2.282,1.441,2.046,1.420,75.526,900.348,2.578,0.083885,living
8,B,B8,B8_00271,2.129,1.740,2.172,1.248,63.881,684.921,2.373,0.093268,living
8,B,B8,B8_00272,2.096,2.113,2.375,1.124,107.113,581.581,2.621,0.184175,living
8,B,B8,B8_00274,2.315,2.180,2.535,1.163,85.686,624.365,5.788,0.137237,dead
8,B,B8,B8_00280,2.096,2.490,2.578,1.035,50.863,581.548,2.403,0.087461,living
8,B,B8,B8_00281,0.913,2.128,1.573,0.739,18.556,506.074,3.222,0.036666,living
8,B,B8,B8_00283,2.518,2.180,2.644,1.213,22.899,663.356,14.96,0.03452,dead
8,B,B8,B8_00286,1.082,2.109,1.705,0.808,10.453,542.5,2.734,0.019268,living
8,B,B8,B8_00287,1.082,2.180,1.733,0.795,47.766,454.172,4.766,0.105171,living
8,B,B8,B8_00289,2.417,1.702,2.289,1.345,117.517,729.769,2.538,0.161034,living
8,B,B8,B8_00291,1.808,2.180,2.240,1.028,87.626,558.421,24.944,0.156918,dead
8,B,B8,B8_00292,1.876,2.445,2.417,0.988,58.297,512.658,2.45,0.113716,living
8,B,B8,B8_00294,2.383,1.461,2.105,1.441,109.213,836.128,2.582,0.130617,living
8,B,B8,B8_00295,1.2,1.742,1.631,0.937,44.817,490.113,2.775,0.091442,living
8,B,B8,B8_00296,2.315,2.707,2.825,1.043,71.708,608.54,2.241,0.117836,living
8,B,B8,B8_00297,2.451,2.044,2.526,1.236,105.476,789.966,2.497,0.13352,living
8,B,B8,B8_00298,0.896,2.180,1.577,0.723,15.774,563.528,2.151,0.027991,living
8,B,B8,B8_00300,1.234,2.386,1.936,0.811,47.37,529.219,2.247,0.089509,living
8,B,B8,B8_00301,2.113,2.180,2.422,1.111,17.192,541.432,4.304,0.031753,living
8,B,B8,B8_00303,1.386,2.180,1.962,0.900,38.976,532.963,63.073,0.07313,dead
8,B,B8,B8_00304,1.741,2.180,2.198,1.008,25.049,685.223,2.951,0.036555,living
8,B,B8,B8_00305,1.065,2.180,1.719,0.789,25.587,499.81,4.032,0.051194,living
8,B,B8,B8_00306,1.487,2.112,2.000,0.947,31.568,609.659,2.443,0.05178,living
8,B,B8,B8_00309,1.994,2.180,2.353,1.079,16.059,564.856,8.347,0.028431,dead
8,B,B8,B8_00310,1.301,2.127,1.877,0.882,10.896,545.597,2.623,0.019971,living
8,B,B8,B8_00312,1.268,1.943,1.771,0.912,43.053,582.227,1.933,0.073946,living
8,B,B8,B8_00313,1.47,2.465,2.148,0.871,90.747,550.609,2.46,0.164812,living
8,B,B8,B8_00314,2.197,2.916,2.856,0.979,90.892,568.046,2.608,0.160009,living
8,B,B8,B8_00315,2.586,1.635,2.320,1.419,56.503,590.732,2.614,0.09565,living
8,B,B8,B8_00316,1.065,2.296,1.764,0.769,54.079,505.54,2.587,0.106974,living
8,B,B8,B8_00317,2.18,1.900,2.296,1.209,95.124,602.698,2.984,0.15783,living
8,B,B8,B8_00319,1.352,2.046,1.877,0.917,32.75,530.188,2.362,0.061771,living
8,B,B8,B8_00320,2.484,1.877,2.436,1.298,111.136,661.218,2.286,0.168078,living
8,B,B8,B8_00321,1.656,2.180,2.144,0.983,98.286,527.408,11.184,0.186356,dead
8,B,B8,B8_00322,2.163,2.150,2.433,1.132,113.141,621.133,2.359,0.182152,living
8,B,B8,B8_00323,1.217,1.693,1.620,0.957,106.097,593.653,2.556,0.178719,living
8,B,B8,B8_00324,2.552,1.548,2.243,1.449,102.583,919.96,2.371,0.111508,living
8,B,B8,B8_00325,2.282,2.411,2.647,1.098,67.8,593.904,2.77,0.11416,living
8,B,B8,B8_00327,1.301,1.589,1.622,1.021,47.675,668.065,2.442,0.071363,living
8,B,B8,B8_00329,1.369,2.180,1.949,0.894,38.951,556.395,10.16,0.070005,dead
8,B,B8,B8_00330,0.997,2.180,1.664,0.763,34.593,538.458,2.831,0.064245,living
8,B,B8,B8_00332,1.927,1.727,2.058,1.192,38.868,636.289,2,0.061086,living
8,B,B8,B8_00333,1.741,3.133,2.635,0.841,23.621,576.718,2.641,0.040958,living
8,B,B8,B8_00336,0.811,1.713,1.330,0.776,23.854,576,2.562,0.041413,living
8,B,B8,B8_00337,1.031,2.180,1.692,0.776,50.705,549.148,5.016,0.092334,dead
8,B,B8,B8_00338,1.251,2.400,1.955,0.815,27.892,577.405,2.622,0.048306,living
8,B,B8,B8_00340,1.352,2.452,2.054,0.838,20.212,613.725,2.138,0.032934,living
8,B,B8,B8_00341,0.845,2.176,1.530,0.703,11.36,541.56,2.58,0.020976,living
8,B,B8,B8_00346,1.521,2.258,2.091,0.926,17.211,452.833,2.578,0.038008,living
8,B,B8,B8_00347,2.822,2.938,3.249,1.106,37.257,429.749,2.144,0.086696,living
8,B,B8,B8_00348,1.352,2.433,2.047,0.841,18.712,437.825,2.062,0.04274,living
8,B,B8,B8_00350,2.146,2.180,2.441,1.119,40.512,407.787,3.244,0.099345,living
8,B,B8,B8_00351,2.518,2.809,3.001,1.068,59.208,449.577,2.463,0.131697,living
8,B,B8,B8_00352,2.603,1.953,2.544,1.303,80.877,570.773,2.552,0.141697,living
8,B,B8,B8_00353,2.62,2.180,2.697,1.237,71.039,517.606,3.916,0.137245,living
8,B,B8,B8_00354,0.98,2.346,1.711,0.729,36.345,384.914,2.793,0.094423,living
8,B,B8,B8_00355,1.403,2.099,1.936,0.923,20.711,473.349,2.265,0.043754,living
8,B,B8,B8_00357,2.569,2.180,2.671,1.225,18.395,521.493,5.914,0.035273,dead
8,B,B8,B8_00358,2.079,2.290,2.462,1.075,19.512,490.862,2.537,0.039751,living
8,B,B8,B8_00360,1.893,1.899,2.139,1.127,23.116,442.562,2.366,0.052232,living
8,B,B8,B8_00362,2.687,2.464,2.903,1.178,22.535,559.377,2.107,0.040285,living
8,B,B8,B8_00363,1.2,2.241,1.850,0.826,15.845,425.817,2.521,0.037211,living
8,B,B8,B8_00364,1.555,2.271,2.120,0.934,14.065,454.978,2.543,0.030914,living
8,B,B8,B8_00365,0.946,1.519,1.353,0.890,10.054,440.036,2.625,0.022847,living
8,B,B8,B8_00368,2.451,2.298,2.678,1.165,45.124,500.297,2.379,0.090195,living
8,B,B8,B8_00369,1.504,2.916,2.363,0.810,22.416,426.112,2.73,0.052605,living
8,B,B8,B8_00370,2.265,2.470,2.669,1.081,91.216,495.963,2.366,0.183918,living
8,B,B8,B8_00371,1.859,2.180,2.272,1.042,33.482,451.055,11.882,0.07423,dead
8,B,B8,B8_00372,1.352,1.892,1.805,0.954,34.875,520.575,2.312,0.066993,living
8,B,B8,B8_00373,2.839,2.461,2.983,1.212,109.488,577.089,2.423,0.189725,living
8,B,B8,B8_00374,1.251,2.503,1.997,0.798,21.243,458.297,2.527,0.046353,living
8,B,B8,B8_00376,1.437,2.185,1.999,0.915,19.894,469.953,2.459,0.042332,living
8,B,B8,B8_00377,0.98,2.015,1.586,0.787,35.914,460.621,2.414,0.077968,living
8,B,B8,B8_00378,2.113,2.847,2.768,0.972,55.896,503.952,2.256,0.110915,living
8,B,B8,B8_00379,1.234,1.707,1.638,0.959,64.534,513.767,2.411,0.12561,living
8,B,B8,B8_00380,1.707,1.805,1.981,1.097,57.139,566.733,2.505,0.100821,living
8,B,B8,B8_00381,1.251,2.372,1.944,0.819,49.419,477.338,2.716,0.10353,living
8,B,B8,B8_00384,2.907,2.121,2.802,1.321,41.907,616.041,2.285,0.068026,living
8,B,B8,B8_00385,1.301,2.276,1.942,0.853,29.403,511.519,2.364,0.057481,living
8,B,B8,B8_00386,1.791,2.381,2.330,0.979,21.604,518.415,2.302,0.041673,living
8,B,B8,B8_00387,2.028,2.456,2.518,1.025,61.233,448.375,2.417,0.136567,living
8,B,B8,B8_00389,1.403,2.591,2.151,0.830,49.964,407.53,1.916,0.122602,living
8,B,B8,B8_00390,1.437,1.609,1.716,1.066,49.341,519.259,2.153,0.095022,living
8,B,B8,B8_00391,1.2,1.806,1.661,0.920,58.789,424.07,2.282,0.13863,living
8,B,B8,B8_00392,2.129,1.850,2.239,1.210,78.04,582.452,2.357,0.133985,living
8,B,B8,B8_00394,2.924,2.180,2.849,1.307,30.127,496.081,14.983,0.06073,dead
8,B,B8,B8_00395,1.234,2.180,1.851,0.849,44.616,383.219,35.233,0.116425,dead
8,B,B8,B8_00396,2.586,2.179,2.679,1.229,100.902,577.02,2.621,0.174867,living
8,B,B8,B8_00397,2.89,2.018,2.725,1.350,46.368,576.409,2.327,0.080444,living
8,B,B8,B8_00398,2.146,2.076,2.382,1.147,84.307,439.913,2.465,0.191645,living
8,B,B8,B8_00399,1.572,1.615,1.798,1.113,85.624,503.516,2.258,0.170051,living
8,B,B8,B8_00400,1.724,2.180,2.188,1.003,59.99,435.235,8.284,0.137834,dead
8,B,B8,B8_00401,0.879,1.803,1.421,0.788,35.846,432.346,2.423,0.082911,living
8,B,B8,B8_00402,0.828,2.286,1.552,0.679,57.449,430.265,1.959,0.13352,living
8,B,B8,B8_00403,2.113,2.193,2.429,1.108,65.032,497.536,2.4,0.130708,living
8,B,B8,B8_00404,1.149,1.840,1.641,0.892,75.75,398.397,2,0.190137,living
8,B,B8,B8_00405,2.501,2.237,2.669,1.193,31.804,496.689,2.405,0.064032,living
8,B,B8,B8_00406,2.163,1.962,2.325,1.185,21.055,465.188,2.344,0.045261,living
8,B,B8,B8_00407,2.045,2.306,2.450,1.063,56.793,495.083,2.331,0.114715,living
8,B,B8,B8_00408,1.538,2.180,2.066,0.948,50.758,492.956,2.857,0.102967,living
8,B,B8,B8_00409,1.352,1.906,1.811,0.950,24.55,475.587,2.45,0.05162,living
8,B,B8,B8_00410,2.079,1.556,2.029,1.304,38.911,653.472,2.789,0.059544,living
8,B,B8,B8_00411,1.335,2.274,1.966,0.865,35,442.582,2.468,0.079081,living
8,B,B8,B8_00413,1.859,2.180,2.272,1.042,16.636,477.5,3.164,0.034841,living
8,B,B8,B8_00415,2.265,2.180,2.508,1.150,20.903,582.418,4.276,0.03589,living
8,B,B8,B8_00416,1.183,2.328,1.873,0.804,12.771,449.986,2.171,0.028382,living
8,B,B8,B8_00418,1.048,2.557,1.847,0.722,10.371,426,2.323,0.024345,living
8,B,B8,B8_00420,2.315,1.947,2.396,1.230,42.453,556.774,2.146,0.076247,living
8,B,B8,B8_00421,1.115,1.993,1.682,0.844,31.227,414.152,1.985,0.075401,living
8,B,B8,B8_00422,1.91,2.180,2.303,1.056,64.69,406.363,3.31,0.159193,living
8,B,B8,B8_00423,2.67,2.485,2.907,1.170,71.215,506.316,2.487,0.140654,living
8,B,B8,B8_00425,0.997,2.180,1.664,0.763,68.814,330.508,27.966,0.208205,dead
8,B,B8,B8_00426,2.079,2.026,2.316,1.143,74.268,419.033,1.976,0.177238,living
8,B,B8,B8_00427,2.045,2.513,2.558,1.018,52.81,447.182,2.157,0.118095,living
8,B,B8,B8_00428,2.738,1.586,2.351,1.483,57.216,655.846,2.525,0.08724,living
8,B,B8,B8_00430,2.501,1.892,2.455,1.297,43.128,451.074,2.804,0.095613,living
8,B,B8,B8_00431,1.555,1.856,1.917,1.033,87.728,473.891,2.283,0.185123,living
8,B,B8,B8_00432,1.572,2.112,2.056,0.973,21.796,498.742,2.258,0.043701,living
8,B,B8,B8_00434,2.535,2.180,2.653,1.217,77.12,470.293,10.947,0.163983,dead
8,B,B8,B8_00435,1.335,1.898,1.796,0.946,38.873,476.367,3.203,0.081604,living
8,B,B8,B8_00436,2.89,2.180,2.832,1.299,36.304,498.152,3.427,0.072878,living
8,B,B8,B8_00437,2.856,2.180,2.816,1.291,55.787,544.598,3.095,0.102437,living
8,B,B8,B8_00438,1.183,2.298,1.860,0.810,35.871,441.6,2.057,0.081231,living
8,B,B8,B8_00439,2.349,2.180,2.554,1.171,43.46,637.129,2.899,0.068213,living
8,B,B8,B8_00440,1.048,2.436,1.803,0.740,19.581,357.355,2.065,0.054793,living
8,B,B8,B8_00443,2.265,2.206,2.522,1.143,28.03,516.828,2.44,0.054234,living
8,B,B8,B8_00445,2.451,2.513,2.800,1.114,25.586,552.483,2.538,0.046311,living
8,B,B8,B8_00446,1.014,1.738,1.498,0.862,11.6,418.383,2.383,0.027726,living
8,B,B8,B8_00447,1.521,2.080,2.007,0.965,12.822,475.167,2.667,0.026985,living
8,B,B8,B8_00449,1.284,1.769,1.701,0.961,16.368,476.303,2.25,0.034366,living
8,B,B8,B8_00450,1.538,2.180,2.066,0.948,17.912,419.374,6.099,0.042712,dead
8,B,B8,B8_00451,1.166,2.180,1.799,0.825,90.464,557.464,25.594,0.162277,dead
8,B,B8,B8_00452,2.18,1.633,2.129,1.304,110.977,729.574,2.287,0.152112,living
8,B,B8,B8_00453,1.031,2.798,1.916,0.685,19,484.541,2.721,0.039212,living
8,B,B8,B8_00454,1.352,2.490,2.070,0.831,80.075,509.55,2.038,0.157148,living
8,B,B8,B8_00455,2.231,2.122,2.455,1.157,47.25,512.47,2.576,0.092201,living
8,B,B8,B8_00457,0.93,1.859,1.484,0.798,52.691,508.036,2.055,0.103715,living
8,B,B8,B8_00458,1.369,2.180,1.949,0.894,31.506,456.926,33.049,0.068952,dead
8,B,B8,B8_00459,2.265,1.938,2.364,1.220,54.918,656.343,2.291,0.083673,living
8,B,B8,B8_00460,1.335,1.587,1.642,1.035,67.797,587.747,2.671,0.115351,living
8,B,B8,B8_00461,1.808,2.180,2.240,1.028,101.374,617.757,4.299,0.1641,living
8,B,B8,B8_00462,1.048,2.180,1.706,0.782,51.532,491.758,3.145,0.104792,living
8,B,B8,B8_00463,1.47,1.830,1.851,1.011,76.368,573.437,2.517,0.133176,living
8,B,B8,B8_00464,0.98,1.952,1.561,0.800,12.5,535.138,2.759,0.023358,living
8,B,B8,B8_00465,2.4,2.043,2.499,1.223,76.077,657.204,2.394,0.115759,living
8,B,B8,B8_00466,1.47,1.959,1.915,0.977,70.264,594.655,2.23,0.11816,living
8,B,B8,B8_00467,2.265,2.180,2.508,1.150,57.59,541.194,5.56,0.106412,dead
8,B,B8,B8_00469,2.062,1.675,2.097,1.252,20.008,703.475,2.303,0.028442,living
8,B,B8,B8_00470,2.062,2.180,2.393,1.097,84.18,556.32,14.467,0.151316,dead
8,B,B8,B8_00471,1.014,1.871,1.554,0.831,65.817,580.283,2.983,0.113422,living
8,B,B8,B8_00473,1.994,2.032,2.271,1.118,87.754,668.746,2.517,0.131222,living
8,B,B8,B8_00475,1.048,2.180,1.706,0.782,37.661,542.758,5.065,0.069389,dead
8,B,B8,B8_00476,1.606,2.180,2.111,0.968,36.379,589.084,8.642,0.061755,dead
8,B,B8,B8_00477,2.484,2.180,2.626,1.204,40.177,619.755,8.197,0.064827,dead
8,B,B8,B8_00478,2.4,2.343,2.676,1.142,26.782,678.085,2.824,0.039496,living
8,B,B8,B8_00479,1.318,2.119,1.886,0.890,40.615,604.795,2.513,0.067156,living
8,B,B8,B8_00480,1.622,2.739,2.378,0.868,17.896,598.708,2.208,0.029891,living
8,B,B8,B8_00482,1.606,1.681,1.854,1.103,62.589,536.747,2.463,0.116609,living
8,B,B8,B8_00484,1.69,2.412,2.278,0.945,57.04,507.12,2.39,0.112478,living
8,B,B8,B8_00486,1.606,1.828,1.933,1.058,99.579,515.053,2.442,0.193337,living
8,B,B8,B8_00487,1.132,1.749,1.588,0.908,47.955,504.03,2.866,0.095144,living
8,B,B8,B8_00488,0.896,2.180,1.577,0.723,40.566,456.717,5.434,0.088821,dead
8,B,B8,B8_00489,2.096,2.144,2.392,1.116,56.113,661.508,2.815,0.084826,living
8,B,B8,B8_00490,1.656,1.640,1.860,1.134,42.286,585.041,2.755,0.072278,living
8,B,B8,B8_00494,1.994,2.232,2.380,1.067,23.737,622.254,2.61,0.038147,living
8,B,B8,B8_00496,1.335,2.180,1.925,0.883,88.342,536.62,4.646,0.164626,living
8,B,B8,B8_00499,1.47,2.180,2.020,0.927,43,551.897,18.31,0.077913,dead
8,B,B8,B8_00500,1.741,2.180,2.198,1.008,66.748,576.078,3.417,0.115866,living
8,B,B8,B8_00501,2.146,2.180,2.441,1.119,101.26,746.087,2.504,0.135721,living
8,B,B8,B8_00502,1.927,2.180,2.313,1.061,58.132,595.886,16.053,0.097555,dead
8,B,B8,B8_00503,1.555,2.069,2.024,0.978,51.913,583.641,2.37,0.088947,living
8,B,B8,B8_00504,2.332,2.180,2.544,1.167,104.928,615.717,2.667,0.170415,living
8,B,B8,B8_00505,1.622,3.127,2.541,0.813,30.354,495.302,2.604,0.061284,living
8,B,B8,B8_00506,1.048,1.786,1.544,0.864,21,560.613,2.694,0.037459,living
8,B,B8,B8_00507,2.146,2.299,2.506,1.090,72.016,627.323,2.669,0.114799,living
8,B,B8,B8_00508,1.96,1.986,2.226,1.121,90.052,626.862,2.69,0.143655,living
8,B,B8,B8_00509,0.845,2.942,1.779,0.605,38.54,467.3,2.56,0.082474,living
8,B,B8,B8_00510,1.487,2.180,2.032,0.932,41.318,574.295,26.443,0.071946,dead
8,B,B8,B8_00511,1.707,1.486,1.797,1.209,61.188,623.416,2.604,0.09815,living
8,B,B8,B8_00512,1.065,2.180,1.719,0.789,74.794,524.873,51.143,0.142499,dead
8,B,B8,B8_00513,2.569,2.180,2.671,1.225,84.007,665.691,3.033,0.126195,living
8,B,B8,B8_00515,1.251,2.180,1.864,0.855,60.5,562.514,65.405,0.107553,dead
8,B,B8,B8_00516,1.183,2.180,1.812,0.831,29.6,559.314,16.057,0.052922,dead
8,B,B8,B8_00517,1.352,1.872,1.795,0.959,36.125,586.938,2.788,0.061548,living
8,B,B8,B8_00518,1.775,2.019,2.136,1.058,36.448,613.943,2.543,0.059366,living
8,B,B8,B8_00519,0.98,2.429,1.741,0.717,35.603,497.483,2.414,0.071567,living
8,B,B8,B8_00520,1.808,1.747,2.005,1.148,47.888,670.411,2.364,0.071431,living
8,B,B8,B8_00521,1.099,2.180,1.747,0.801,28.615,587.8,34.877,0.048682,dead
8,B,B8,B8_00522,0.946,2.869,1.859,0.648,21.393,471.821,2.536,0.045341,living
8,B,B8,B8_00523,2.721,1.645,2.387,1.451,30.441,703.559,2.317,0.043267,living
8,B,B8,B8_00524,1.369,1.879,1.810,0.963,26.667,646.16,2.506,0.041269,living
8,B,B8,B8_00525,2.687,2.855,3.125,1.095,22.233,665.189,2.509,0.033423,living
8,B,B8,B8_00528,1.825,1.306,1.742,1.334,41.37,476.87,3.222,0.086754,living
8,B,B8,B8_00529,2.586,2.320,2.764,1.191,24.569,541.987,2.458,0.045331,living
8,B,B8,B8_00530,1.842,1.739,2.020,1.161,69.101,600.844,2.495,0.115006,living
8,B,B8,B8_00531,2.265,2.180,2.508,1.150,66.463,532.642,3.933,0.124779,living
8,B,B8,B8_00532,1.301,1.989,1.815,0.913,24.675,512.286,2.636,0.048167,living
8,B,B8,B8_00533,2.958,2.904,3.307,1.139,80.52,538.634,2.669,0.149489,living
8,B,B8,B8_00534,1.183,2.698,2.016,0.747,63.657,474.957,2.114,0.134027,living
8,B,B8,B8_00536,2.755,2.180,2.765,1.268,124.853,769.558,2.436,0.16224,living
8,B,B8,B8_00537,2.603,1.638,2.330,1.422,127.643,651.643,2.299,0.195879,living
8,B,B8,B8_00538,1.149,2.180,1.786,0.819,67.838,524.456,3.397,0.12935,living
8,B,B8,B8_00539,1.606,2.355,2.194,0.932,54.463,579.621,2.021,0.093963,living
8,B,B8,B8_00540,2.146,3.069,2.896,0.944,82.504,523.016,2.764,0.157747,living
8,B,B8,B8_00541,1.69,2.683,2.403,0.896,41.99,558.57,2.72,0.075174,living
8,B,B8,B8_00542,0.896,1.514,1.314,0.868,30.189,557.189,2.434,0.05418,living
8,B,B8,B8_00543,2.079,1.797,2.181,1.214,35.707,682.862,2.846,0.052291,living
8,B,B8,B8_00544,2.113,1.983,2.310,1.165,38.584,648.064,2.32,0.059537,living
8,B,B8,B8_00545,1.453,1.705,1.776,1.042,57.698,582.942,2.477,0.098977,living
8,B,B8,B8_00547,1.487,1.724,1.807,1.048,42.773,659.205,2.17,0.064885,living
8,B,B8,B8_00548,1.47,2.180,2.020,0.927,39.563,523.759,53.954,0.075537,dead
8,B,B8,B8_00549,2.484,2.375,2.741,1.154,46.599,696.741,2.503,0.066881,living
8,B,B8,B8_00550,1.606,1.969,2.007,1.019,17.042,580.042,2.147,0.029381,living
8,B,B8,B8_00551,2.146,3.013,2.869,0.952,17.094,564.433,2.543,0.030286,living
8,B,B8,B8_00552,1.656,1.764,1.929,1.093,12.551,598.163,1.898,0.020983,living
8,B,B8,B8_00553,1.115,2.180,1.759,0.807,61.242,459.212,21.152,0.133364,dead
8,B,B8,B8_00554,1.808,1.924,2.105,1.094,37.009,485.121,2.458,0.076289,living
8,B,B8,B8_00555,1.707,1.768,1.960,1.109,41.564,519.941,2.881,0.079941,living
8,B,B8,B8_00556,2.907,2.180,2.841,1.303,101.785,528.587,3.337,0.19256,living
8,B,B8,B8_00557,2.079,1.721,2.134,1.240,36.691,644.008,2.407,0.056973,living
8,B,B8,B8_00558,1.42,2.162,1.977,0.914,40.095,452.726,2.107,0.088564,living
8,B,B8,B8_00560,1.268,1.811,1.710,0.944,24.64,520.24,2.52,0.047363,living
8,B,B8,B8_00561,2.129,2.677,2.694,1.006,42.587,506.802,2.437,0.084032,living
8,B,B8,B8_00562,1.707,1.906,2.035,1.068,43.99,549.129,2.317,0.080109,living
8,B,B8,B8_00563,1.403,1.766,1.776,1.006,40.108,553.53,2.59,0.072459,living
8,B,B8,B8_00564,1.572,2.180,2.089,0.958,39.387,510.032,43.634,0.077225,dead
8,B,B8,B8_00566,1.335,1.893,1.794,0.948,12.228,542.734,2.519,0.02253,living
8,B,B8,B8_00569,1.149,2.363,1.859,0.787,38.397,527.956,1.75,0.072728,living
8,B,B8,B8_00570,1.521,2.166,2.048,0.946,87.078,539.9,2.622,0.161285,living
8,B,B8,B8_00571,1.183,2.180,1.812,0.831,95.886,469.943,59.043,0.204037,dead
8,B,B8,B8_00573,2.298,2.485,2.696,1.085,100.147,589.735,2.838,0.169817,living
8,B,B8,B8_00574,1.234,2.180,1.851,0.849,94.096,533.479,6.575,0.176381,dead
8,B,B8,B8_00576,2.282,2.180,2.517,1.154,48.504,621.719,8.4,0.078016,dead
8,B,B8,B8_00577,1.437,2.180,1.997,0.916,46.329,582.576,6.024,0.079525,dead
8,B,B8,B8_00578,1.437,1.753,1.791,1.022,43.506,636.518,2.576,0.06835,living
8,B,B8,B8_00579,2.417,1.877,2.403,1.280,45.266,802.21,2.58,0.056426,living
8,B,B8,B8_00580,0.93,1.789,1.455,0.814,22.473,561.091,2.6,0.040052,living
8,B,B8,B8_00581,0.828,1.789,1.373,0.768,20.082,572.571,2.429,0.035073,living
8,B,B8,B8_00584,1.437,1.844,1.837,0.996,20.694,613.329,2.024,0.033741,living
8,B,B8,B8_00585,1.453,2.180,2.008,0.921,12.163,546.07,6.291,0.022273,dead
8,B,B8,B8_00586,0.845,2.130,1.514,0.711,52.74,382.4,1.82,0.137918,living
8,B,B8,B8_00587,1.775,2.192,2.226,1.015,53.829,455.705,2.895,0.118122,living
8,B,B8,B8_00588,2.62,2.180,2.697,1.237,96.658,541.587,4.323,0.178472,living
8,B,B8,B8_00589,2.569,1.643,2.318,1.411,70.954,569.724,2.388,0.124541,living
8,B,B8,B8_00590,1.876,1.871,2.114,1.130,56.721,442.477,1.982,0.128189,living
8,B,B8,B8_00591,1.893,1.998,2.194,1.098,25.071,476.161,2.196,0.052653,living
8,B,B8,B8_00592,1.876,1.725,2.030,1.177,34.532,570.468,2.622,0.060532,living
8,B,B8,B8_00594,2.129,2.180,2.431,1.115,63.008,452.659,5.849,0.139195,dead
8,B,B8,B8_00595,2.569,2.180,2.671,1.225,56.007,538.73,3.322,0.10396,living
8,B,B8,B8_00596,1.741,2.180,2.198,1.008,24.379,546.913,2.971,0.044575,living
8,B,B8,B8_00597,2.653,2.130,2.682,1.259,65.968,543.439,2.127,0.12139,living
8,B,B8,B8_00598,1.251,2.180,1.864,0.855,35.176,386.757,12.622,0.09095,dead
8,B,B8,B8_00599,2.856,2.910,3.253,1.118,20.467,530.367,2.675,0.038591,living
8,B,B8,B8_00601,1.251,2.089,1.824,0.873,14.014,348.297,2.662,0.040234,living
8,B,B8,B8_00602,2.315,2.180,2.535,1.163,80.964,508.066,4.27,0.159356,living
8,B,B8,B8_00603,0.862,2.855,1.770,0.620,61.51,369.804,2.627,0.166331,living
8,B,B8,B8_00605,1.403,2.169,1.968,0.908,74.783,449.157,1.783,0.166497,living
8,B,B8,B8_00606,1.572,1.811,1.904,1.051,92.032,522.269,2.688,0.176216,living
8,B,B8,B8_00607,1.589,1.879,1.950,1.038,77.766,458.713,2.723,0.169531,living
8,B,B8,B8_00608,2.569,2.105,2.624,1.247,95.309,623.336,2.25,0.152902,living
8,B,B8,B8_00609,2.417,2.150,2.572,1.196,117.804,506.58,2.79,0.232548,living
8,B,B8,B8_00610,1.758,2.792,2.500,0.895,23.442,471.587,2.404,0.049709,living
8,B,B8,B8_00612,1.031,2.226,1.709,0.768,37.246,447.836,2.279,0.083169,living
8,B,B8,B8_00613,2.501,1.997,2.522,1.263,72.277,678.696,2.547,0.106494,living
8,B,B8,B8_00614,2.484,2.759,2.954,1.071,30.85,539.776,2.503,0.057154,living
8,B,B8,B8_00615,0.879,2.190,1.566,0.715,15.673,445.154,2.731,0.035208,living
8,B,B8,B8_00616,1.369,2.180,1.949,0.894,42.58,482.605,2.901,0.08823,living
8,B,B8,B8_00617,1.639,2.180,2.133,0.978,28.856,493.247,12.443,0.058501,dead
8,B,B8,B8_00618,2.18,1.683,2.161,1.284,40.147,710.535,1.822,0.056503,living
8,B,B8,B8_00619,1.065,1.614,1.479,0.917,26.381,512.46,2.651,0.051479,living
8,B,B8,B8_00621,1.572,1.594,1.786,1.121,10.688,617.258,2.172,0.017316,living
8,B,B8,B8_00624,1.538,2.000,1.979,0.990,52.703,476.209,2.703,0.110673,living
8,B,B8,B8_00625,2.332,2.307,2.617,1.134,83.21,482.058,2.514,0.172614,living
8,B,B8,B8_00627,1.268,2.180,1.876,0.861,84.907,383.333,51.627,0.221496,dead
8,B,B8,B8_00629,1.572,1.779,1.887,1.061,76.011,431.43,2.161,0.176183,living
8,B,B8,B8_00630,1.251,2.180,1.864,0.855,21.014,426.635,13.324,0.049254,dead
8,B,B8,B8_00631,2.603,2.180,2.688,1.233,41.981,513.584,3.201,0.08174,living
8,B,B8,B8_00632,2.163,2.180,2.450,1.124,70.172,442.109,16.742,0.158721,dead
8,B,B8,B8_00634,0.879,2.760,1.758,0.637,56.173,396.731,2.5,0.14159,living
8,B,B8,B8_00635,1.842,1.719,2.008,1.168,98.339,545.936,2.303,0.18013,living
8,B,B8,B8_00636,2.873,2.359,2.938,1.245,18.859,526.347,3.006,0.03583,living
8,B,B8,B8_00638,2.096,1.979,2.298,1.161,45.315,572.258,2.718,0.079185,living
8,B,B8,B8_00639,2.197,1.553,2.084,1.342,60.823,734.515,2.285,0.082807,living
8,B,B8,B8_00641,1.842,1.847,2.081,1.127,21.752,477.532,2.743,0.045551,living
8,B,B8,B8_00642,1.369,2.400,2.045,0.852,10.716,458.889,2.519,0.023352,living
8,B,B8,B8_00643,1.437,1.941,1.885,0.971,35.271,536.847,3.212,0.0657,living
8,B,B8,B8_00644,1.606,1.738,1.885,1.085,30.842,520.589,2.758,0.059245,living
8,B,B8,B8_00645,2.079,2.180,2.402,1.102,32.472,588.52,3.634,0.055175,living
8,B,B8,B8_00646,2.958,2.045,2.775,1.357,38.566,648.84,2.44,0.059438,living
8,B,B8,B8_00647,2.805,2.753,3.136,1.139,31.458,581.657,3.078,0.054083,living
8,B,B8,B8_00648,1.775,1.725,1.974,1.145,23.41,615.4,2.267,0.03804,living
8,B,B8,B8_00650,2.197,1.951,2.336,1.197,25.677,601.185,2.462,0.042711,living
8,B,B8,B8_00652,2.011,2.751,2.654,0.965,18.345,500.824,2.697,0.036629,living
8,B,B8,B8_00653,2.772,2.486,2.962,1.192,20.86,582.238,2.665,0.035827,living
8,B,B8,B8_00654,2.011,2.776,2.666,0.960,10.798,496.807,2.277,0.021735,living
8,B,B8,B8_00655,1.572,1.634,1.808,1.107,13.022,552.441,2.548,0.023571,living
8,B,B8,B8_00658,1.115,1.669,1.539,0.922,12.212,492.636,2.227,0.024789,living
8,B,B8,B8_00659,1.403,2.180,1.974,0.905,10.904,498.084,3.12,0.021891,living
8,B,B8,B8_00660,1.251,1.657,1.625,0.980,10.365,506.419,2.149,0.020467,living
8,B,B8,B8_00661,2.146,2.423,2.573,1.062,45.126,478.102,2.638,0.094386,living
8,B,B8,B8_00663,0.946,1.703,1.432,0.841,78.5,513.893,1.554,0.152756,living
8,B,B8,B8_00664,1.369,1.704,1.723,1.011,63.938,596.84,2.407,0.107128,living
8,B,B8,B8_00665,2.146,2.225,2.466,1.108,64.173,623.724,2.276,0.102887,living
8,B,B8,B8_00666,1.251,2.180,1.864,0.855,79.568,531.932,3.703,0.149582,living
8,B,B8,B8_00667,1.403,1.676,1.730,1.032,94.313,630.434,1.988,0.149601,living
8,B,B8,B8_00668,1.893,2.569,2.488,0.969,99.161,541.741,2.455,0.183041,living
8,B,B8,B8_00669,1.589,2.180,2.100,0.963,66.543,629,4.5,0.105791,living
8,B,B8,B8_00670,2.096,1.594,2.063,1.294,102.903,802.782,2.315,0.128183,living
8,B,B8,B8_00671,1.403,2.180,1.974,0.905,60.41,551.12,61.373,0.109612,dead
8,B,B8,B8_00672,2.18,2.392,2.577,1.077,62.372,638.248,2.574,0.097724,living
8,B,B8,B8_00673,2.603,2.459,2.855,1.161,42.89,725.922,2.682,0.059083,living
8,B,B8,B8_00674,1.724,1.926,2.056,1.068,35.941,688.745,2.725,0.052184,living
8,B,B8,B8_00675,2.231,2.188,2.493,1.139,45.545,699.614,2.242,0.065101,living
8,B,B8,B8_00677,1.318,2.180,1.913,0.877,26.359,530.564,7.41,0.049681,dead
8,B,B8,B8_00678,2.501,1.994,2.520,1.264,43.831,814.101,2.574,0.05384,living
8,B,B8,B8_00679,1.622,2.627,2.329,0.887,21.167,580.667,2.802,0.036452,living
8,B,B8,B8_00680,2.214,2.356,2.577,1.094,14.893,593.328,2.702,0.025101,living
8,B,B8,B8_00682,1.318,2.301,1.965,0.854,16.487,575.09,2.692,0.028669,living
8,B,B8,B8_00683,1.538,2.098,2.027,0.966,10.648,634.571,2.44,0.01678,living
8,B,B8,B8_00684,1.065,1.936,1.620,0.837,15.825,589.667,2.937,0.026838,living
8,B,B8,B8_00687,1.606,2.180,2.111,0.968,74.232,435.084,3.158,0.170614,living
8,B,B8,B8_00688,1.437,1.452,1.630,1.123,53.624,650.165,2.224,0.082477,living
8,B,B8,B8_00690,1.842,1.749,2.025,1.158,66.688,625.44,2.578,0.106626,living
8,B,B8,B8_00691,2.282,2.383,2.631,1.104,23.978,571.444,2.778,0.04196,living
8,B,B8,B8_00692,1.944,1.686,2.043,1.212,116.53,635.983,2.252,0.183229,living
8,B,B8,B8_00693,1.707,1.878,2.020,1.076,95.762,551.782,2.683,0.173551,living
8,B,B8,B8_00694,1.065,2.180,1.719,0.789,49.968,464.492,54.333,0.107576,dead
8,B,B8,B8_00695,2.62,2.180,2.697,1.237,72.4,533.981,3.968,0.135585,living
8,B,B8,B8_00697,2.417,1.979,2.468,1.247,102.273,626.755,2.343,0.163178,living
8,B,B8,B8_00698,1.487,2.587,2.213,0.855,57.557,516.852,2.205,0.11136,living
8,B,B8,B8_00699,1.639,2.180,2.133,0.978,68.371,464.268,2.907,0.147267,living
8,B,B8,B8_00700,1.927,1.938,2.181,1.125,48.895,617.667,2.561,0.07916,living
8,B,B8,B8_00701,2.214,2.180,2.479,1.137,33.588,575.84,2.573,0.058328,living
8,B,B8,B8_00702,2.789,1.750,2.493,1.424,72.206,845.776,2.479,0.085373,living
8,B,B8,B8_00703,1.47,2.571,2.194,0.853,26.828,520.931,2.448,0.051499,living
8,B,B8,B8_00704,1.927,2.473,2.463,0.996,32.833,578.184,2.947,0.056787,living
8,B,B8,B8_00705,2.096,3.133,2.892,0.923,40.266,518.992,2.774,0.077585,living
8,B,B8,B8_00706,1.69,1.603,1.857,1.159,48.86,634.9,2.36,0.076957,living
8,B,B8,B8_00707,1.234,2.180,1.851,0.849,15.795,522.493,4.849,0.030229,living
8,B,B8,B8_00708,1.453,2.176,2.006,0.922,12.535,503.814,2.512,0.02488,living
8,B,B8,B8_00709,1.606,1.618,1.819,1.124,34.579,630.042,2.168,0.054884,living
8,B,B8,B8_00710,1.166,1.881,1.671,0.888,16.754,550.71,2.609,0.030422,living
8,B,B8,B8_00711,1.825,2.046,2.180,1.066,33.065,588.435,2.583,0.056191,living
8,B,B8,B8_00712,2.603,2.180,2.688,1.233,27.571,606.903,7.539,0.04543,dead
8,B,B8,B8_00713,1.673,1.688,1.896,1.123,35.384,649.899,2.263,0.054445,living
8,B,B8,B8_00714,1.775,2.457,2.356,0.959,17.629,485.343,2.371,0.036322,living
8,B,B8,B8_00715,1.538,3.038,2.439,0.803,18.385,525.033,2.516,0.035016,living
8,B,B8,B8_00716,2.113,1.770,2.182,1.233,24.752,630.2,3.224,0.039276,living
8,B,B8,B8_00720,1.994,2.815,2.673,0.950,12.169,517.424,2.593,0.023519,living
8,B,B8,B8_00722,1.386,1.547,1.652,1.068,76.549,546.659,2.598,0.14003,living
8,B,B8,B8_00723,1.284,2.405,1.983,0.824,47.039,494.316,2.105,0.095161,living
8,B,B8,B8_00724,1.639,2.205,2.145,0.973,71.897,519.814,2.392,0.138313,living
8,B,B8,B8_00725,1.369,2.180,1.949,0.894,72.198,462.926,5.963,0.155959,dead
8,B,B8,B8_00726,2.231,1.937,2.346,1.211,63.371,565.894,2.629,0.111984,living
8,B,B8,B8_00728,1.622,2.009,2.037,1.014,84.604,558.49,2.573,0.151487,living
8,B,B8,B8_00729,1.555,1.838,1.908,1.038,36.946,576.065,1.902,0.064134,living
8,B,B8,B8_00730,2.028,2.339,2.458,1.051,101.7,521.092,2.567,0.195167,living
8,B,B8,B8_00731,2.434,1.670,2.275,1.362,114.868,715.549,2.799,0.160531,living
8,B,B8,B8_00732,1.352,2.180,1.937,0.889,39.65,543.062,5.65,0.073012,dead
8,B,B8,B8_00733,1.369,2.107,1.916,0.910,75.889,443.296,1.889,0.171192,living
8,B,B8,B8_00734,2.366,1.448,2.089,1.442,151.393,922.329,2.386,0.164142,living
8,B,B8,B8_00735,2.18,2.928,2.851,0.974,43.961,525.248,2.783,0.083696,living
8,B,B8,B8_00736,2.062,2.180,2.392,1.097,71.59,595.295,2.074,0.12026,living
8,B,B8,B8_00737,2.248,1.855,2.304,1.242,50.534,673.541,2.549,0.075027,living
8,B,B8,B8_00738,2.62,2.180,2.697,1.237,94.51,555.8,3.477,0.170043,living
8,B,B8,B8_00739,1.47,1.682,1.774,1.055,107.414,560.839,2.632,0.191523,living
8,B,B8,B8_00740,1.403,1.807,1.797,0.994,87.651,523.795,2.59,0.167338,living
8,B,B8,B8_00741,2.298,2.843,2.884,1.014,30.184,577.368,2.765,0.052278,living
8,B,B8,B8_00742,1.572,1.492,1.728,1.158,99.129,631,2.527,0.157098,living
8,B,B8,B8_00743,2.028,2.180,2.373,1.088,86.108,536.633,16.667,0.16046,dead
8,B,B8,B8_00744,2.839,2.180,2.807,1.288,28.339,587.208,12.851,0.048261,dead
8,B,B8,B8_00745,1.91,2.917,2.663,0.913,53.575,488.248,2.265,0.10973,living
8,B,B8,B8_00746,1.69,2.512,2.325,0.926,20.04,518.41,2.84,0.038657,living
8,B,B8,B8_00747,2.248,1.339,1.958,1.462,26.06,697.098,2.534,0.037384,living
8,B,B8,B8_00748,2.298,1.942,2.384,1.227,53.978,705.294,2.485,0.076533,living
8,B,B8,B8_00749,2.113,1.386,1.931,1.393,49.184,594.272,2.44,0.082763,living
8,B,B8,B8_00750,1.453,2.373,2.095,0.883,36.698,533.093,3.023,0.068839,living
8,B,B8,B8_00751,1.977,2.195,2.351,1.071,48.897,583.444,2.598,0.083808,living
8,B,B8,B8_00752,1.082,2.180,1.733,0.795,28.359,491.453,10.234,0.057705,dead
8,B,B8,B8_00754,1.284,2.294,1.937,0.844,21.303,553.934,2.632,0.038457,living
8,B,B8,B8_00755,2.079,2.045,2.327,1.138,47.553,631.366,2.65,0.075317,living
8,B,B8,B8_00756,0.963,2.180,1.635,0.750,34.105,523.439,12.982,0.065156,dead
8,B,B8,B8_00757,1.217,2.180,1.838,0.843,10.208,480.75,5.361,0.021234,dead
8,B,B8,B8_00758,1.251,2.060,1.811,0.879,11.27,549.797,2.5,0.020499,living
8,B,B8,B8_00759,1.977,1.782,2.118,1.189,29.974,637.197,2.453,0.047041,living
8,B,B8,B8_00760,1.842,2.347,2.346,1.000,19.633,551.734,2.991,0.035584,living
8,B,B8,B8_00761,1.352,1.816,1.768,0.974,18.325,551.9,2.337,0.033203,living
8,B,B8,B8_00762,1.217,1.833,1.685,0.919,12.875,503.708,2.778,0.02556,living
8,B,B8,B8_00766,1.166,1.886,1.673,0.887,12.304,552.348,2.391,0.022276,living
8,B,B8,B8_00767,1.082,1.523,1.449,0.951,19.719,600.219,2.594,0.032853,living
8,B,B8,B8_00769,1.268,2.452,1.990,0.811,10.44,492.307,2.173,0.021206,living
8,B,B8,B8_00771,2.383,2.239,2.606,1.164,18.17,502.191,2.489,0.036182,living
8,B,B8,B8_00772,2.434,2.180,2.599,1.192,44.028,515.84,3.09,0.085352,living
8,B,B8,B8_00773,1.758,2.180,2.209,1.013,33.154,457.01,8.25,0.072545,dead
8,B,B8,B8_00774,1.791,2.180,2.230,1.023,82.189,495.594,18.708,0.165839,dead
8,B,B8,B8_00775,1.149,2.173,1.783,0.821,64.706,430.029,2.676,0.150469,living
8,B,B8,B8_00776,2.282,1.634,2.179,1.333,81.496,669.859,2.259,0.121662,living
8,B,B8,B8_00778,1.622,2.180,2.122,0.973,101.875,482.615,27.49,0.21109,dead
8,B,B8,B8_00779,2.772,2.874,3.185,1.108,25.872,555.195,2.659,0.0466,living
8,B,B8,B8_00780,2.67,1.832,2.496,1.362,112.601,537.373,2.07,0.20954,living
8,B,B8,B8_00781,1.572,2.335,2.162,0.926,87.28,468.14,2.968,0.186439,living
8,B,B8,B8_00782,1.842,2.180,2.261,1.037,82.303,568.321,3.303,0.144817,living
8,B,B8,B8_00783,0.997,2.180,1.664,0.763,17.085,449.746,34.78,0.037988,dead
8,B,B8,B8_00784,2.501,1.567,2.234,1.426,21.966,497.777,2.791,0.044129,living
8,B,B8,B8_00785,2.197,2.061,2.401,1.165,70.077,564.754,2.254,0.124084,living
8,B,B8,B8_00786,2.18,1.903,2.298,1.208,24.054,531.628,2.426,0.045246,living
8,B,B8,B8_00787,2.653,1.637,2.352,1.436,79.682,848,2.975,0.093964,living
8,B,B8,B8_00788,2.265,2.338,2.597,1.111,74.955,541.381,2.44,0.138452,living
8,B,B8,B8_00789,0.98,2.884,1.897,0.658,49.207,420.948,2.759,0.116895,living
8,B,B8,B8_00791,2.434,1.939,2.451,1.264,28.938,627.583,3.125,0.046109,living
8,B,B8,B8_00792,1.589,2.415,2.210,0.915,33.936,495.234,2.223,0.068526,living
8,B,B8,B8_00793,1.791,2.227,2.254,1.012,19.877,508.83,2.679,0.039065,living
8,B,B8,B8_00794,2.62,2.292,2.765,1.206,38.942,649.206,2.355,0.059984,living
8,B,B8,B8_00795,1.234,2.015,1.779,0.883,21.904,491.507,2.11,0.044565,living
8,B,B8,B8_00796,1.217,2.163,1.831,0.846,14.458,475.806,2.542,0.030387,living
8,B,B8,B8_00797,1.386,1.541,1.649,1.070,27.744,550.707,2.805,0.050379,living
8,B,B8,B8_00798,2.113,2.069,2.359,1.140,46.976,579.152,2.672,0.081112,living
8,B,B8,B8_00799,1.234,1.670,1.620,0.970,13.836,512.699,2.548,0.026986,living
8,B,B8,B8_00800,2.265,1.780,2.266,1.273,25.104,570.119,2.687,0.044034,living
8,B,B8,B8_00802,0.811,1.700,1.325,0.779,19,500.521,2.333,0.03796,living
8,B,B8,B8_00803,1.166,2.180,1.799,0.825,14,492.014,45.333,0.028454,dead
8,B,B8,B8_00804,1.758,2.386,2.311,0.969,21.663,524.846,2.317,0.041276,living
8,B,B8,B8_00806,2.265,1.995,2.399,1.202,22.903,608.396,2.373,0.037645,living
8,B,B8,B8_00808,2.18,2.071,2.398,1.158,24.302,637,2.86,0.038151,living
8,B,B8,B8_00809,0.896,2.180,1.577,0.723,16.038,484.925,37.943,0.033073,dead
8,B,B8,B8_00810,1.166,2.180,1.799,0.825,15.783,627.246,3.377,0.025162,living
8,B,B8,B8_00811,1.166,1.846,1.655,0.897,16.275,524.913,2.319,0.031006,living
8,B,B8,B8_00812,2.248,1.551,2.107,1.358,11.203,497.647,2.489,0.022512,living
8,B,B8,B8_00813,1.403,2.180,1.974,0.905,12.747,454.783,3.614,0.028029,living
8,B,B8,B8_00815,0.879,2.180,1.562,0.716,14.096,473.212,10.192,0.029788,dead
8,B,B8,B8_00816,2.062,1.673,2.096,1.253,18.115,659.721,3.09,0.027458,living
8,B,B8,B8_00818,2.062,2.598,2.612,1.005,36.352,442.582,2.246,0.082137,living
8,B,B8,B8_00820,1.639,1.989,2.037,1.024,63.082,442.619,2.619,0.142521,living
8,B,B8,B8_00821,1.639,2.180,2.133,0.978,49.412,454.711,3.113,0.108668,living
8,B,B8,B8_00822,1.47,1.703,1.785,1.048,39.149,471.448,2.736,0.083041,living
8,B,B8,B8_00823,2.434,3.065,3.082,1.006,69.799,425.125,3.174,0.164184,living
8,B,B8,B8_00824,1.099,1.763,1.571,0.891,48.077,427.108,2.738,0.112564,living
8,B,B8,B8_00825,2.315,2.050,2.458,1.199,21.54,566.197,2.467,0.038044,living
8,B,B8,B8_00826,1.555,1.640,1.802,1.099,45.272,465.457,2.663,0.097263,living
8,B,B8,B8_00827,1.825,1.811,2.051,1.133,34.269,518.593,2.898,0.06608,living
8,B,B8,B8_00829,1.369,1.721,1.732,1.006,55.914,472.333,2.667,0.118377,living
8,B,B8,B8_00830,1.606,2.180,2.111,0.968,61.842,558.621,6.463,0.110705,dead
8,B,B8,B8_00831,1.808,2.124,2.211,1.041,56,491.355,2.411,0.113971,living
8,B,B8,B8_00832,2.451,2.510,2.799,1.115,59.021,505.462,2.517,0.116766,living
8,B,B8,B8_00834,1.758,2.575,2.401,0.932,35.51,473.308,2.74,0.075024,living
8,B,B8,B8_00835,2.197,1.692,2.176,1.286,61.885,555.831,2.077,0.111337,living
8,B,B8,B8_00836,1.386,2.073,1.913,0.923,30.805,447.024,2.085,0.068911,living
8,B,B8,B8_00837,2.18,1.382,1.959,1.417,24.24,578.008,2.271,0.041938,living
8,B,B8,B8_00838,1.707,2.047,2.109,1.030,23.188,498.475,2.455,0.046518,living
8,B,B8,B8_00839,2.129,2.499,2.603,1.042,19.484,493.817,2.468,0.039456,living
8,B,B8,B8_00840,1.487,1.670,1.778,1.065,13.295,539.648,2.977,0.024637,living
8,B,B8,B8_00843,2.518,2.180,2.644,1.213,60.342,470.678,5.282,0.128203,dead
8,B,B8,B8_00844,1.166,1.799,1.634,0.908,79.594,450.551,2.435,0.17666,living
8,B,B8,B8_00845,0.997,1.809,1.515,0.838,53.746,477.661,2.39,0.112519,living
8,B,B8,B8_00846,1.268,2.350,1.948,0.829,78.387,405.56,2.84,0.19328,living
8,B,B8,B8_00847,0.997,1.800,1.512,0.840,16.441,440.525,2.644,0.037321,living
8,B,B8,B8_00848,0.98,2.180,1.649,0.757,21.19,438.828,7.845,0.048287,dead
8,B,B8,B8_00849,2.383,2.293,2.638,1.150,98.922,527.411,3.007,0.187561,living
8,B,B8,B8_00851,1.859,2.180,2.272,1.042,42.245,522.218,28.809,0.080896,dead
8,B,B8,B8_00853,2.248,2.665,2.762,1.036,83.977,471.752,2.474,0.178012,living
8,B,B8,B8_00854,1.437,2.180,1.997,0.916,79.4,465.435,26.612,0.170593,dead
8,B,B8,B8_00855,1.521,1.604,1.762,1.099,29.756,547.244,2.478,0.054373,living
8,B,B8,B8_00856,2.924,2.316,2.936,1.268,105.913,608.156,2.52,0.174155,living
8,B,B8,B8_00857,2.941,2.263,2.911,1.286,52.109,537.649,2.368,0.09692,living
8,B,B8,B8_00858,1.927,2.048,2.242,1.095,23.061,530.807,2.272,0.043446,living
8,B,B8,B8_00859,2.687,2.191,2.738,1.250,47.679,630.063,2.314,0.075674,living
8,B,B8,B8_00860,0.963,1.746,1.463,0.838,15.947,461.386,2.684,0.034564,living
8,B,B8,B8_00861,2.755,2.376,2.887,1.215,75.589,606.472,2.687,0.124637,living
8,B,B8,B8_00862,2.011,2.180,2.363,1.084,47.118,530.521,3.571,0.088814,living
8,B,B8,B8_00863,1.065,1.523,1.437,0.944,43.508,503.492,2.222,0.086412,living
8,B,B8,B8_00864,1.673,2.007,2.068,1.030,54.152,484.051,2.404,0.111872,living
8,B,B8,B8_00866,1.791,2.368,2.324,0.981,14.604,486.443,2.585,0.030022,living
8,B,B8,B8_00867,1.284,2.180,1.888,0.866,19.553,497.316,3.553,0.039316,living
8,B,B8,B8_00868,2.467,2.180,2.617,1.200,11.171,525.26,7.63,0.021268,dead
8,B,B8,B8_00869,2.349,2.180,2.554,1.171,20.799,522.043,11.065,0.039841,dead
8,B,B8,B8_00870,2.045,1.606,2.045,1.273,13.223,598.471,2.298,0.022095,living
8,B,B8,B8_00871,1.268,1.852,1.729,0.934,16.52,523.653,2.413,0.031548,living
8,B,B8,B8_00872,1.335,1.986,1.837,0.925,12.557,501.608,2.291,0.025033,living
8,B,B8,B8_00873,2.282,2.686,2.794,1.040,16.726,557.052,2.815,0.030026,living
8,B,B8,B8_00875,2.518,3.063,3.134,1.023,19.255,547.255,2.369,0.035185,living
8,B,B8,B8_00877,1.944,1.700,2.051,1.207,12.4,587.539,2.026,0.021105,living
8,B,B8,B8_00878,2.18,2.211,2.477,1.120,36.806,575.86,2.248,0.063915,living
8,B,B8,B8_00879,2.315,1.748,2.270,1.299,105.314,778.285,2.431,0.135315,living
8,B,B8,B8_00882,2.4,2.641,2.841,1.076,93.887,615.775,2.627,0.15247,living
8,B,B8,B8_00883,1.775,1.887,2.065,1.094,95.238,590.086,2.695,0.161397,living
8,B,B8,B8_00884,1.251,2.019,1.793,0.888,74.135,525.73,2.203,0.141014,living
8,B,B8,B8_00885,1.386,3.158,2.361,0.748,27.402,533.183,2.366,0.051394,living
8,B,B8,B8_00886,2.248,2.180,2.498,1.146,60.391,526.248,15.008,0.114758,dead
8,B,B8,B8_00887,1.639,1.688,1.877,1.112,97.804,577.155,2.505,0.169459,living
8,B,B8,B8_00888,1.994,1.625,2.031,1.250,77.203,713.186,2.288,0.108251,living
8,B,B8,B8_00890,1.977,2.010,2.249,1.119,87.214,661.231,2.419,0.131896,living
8,B,B8,B8_00891,1.284,1.813,1.722,0.950,63.684,594.5,2.382,0.107122,living
8,B,B8,B8_00892,2.231,2.119,2.453,1.158,71.962,653.924,2.235,0.110047,living
8,B,B8,B8_00894,1.606,1.967,2.006,1.020,79.326,607.768,2.463,0.130521,living
8,B,B8,B8_00896,2.62,2.180,2.697,1.237,42.31,610.297,20.916,0.069326,dead
8,B,B8,B8_00897,1.268,1.917,1.759,0.918,37.307,563.267,2.773,0.066233,living
8,B,B8,B8_00898,1.791,1.588,1.903,1.198,77.877,737.217,2.302,0.105637,living
8,B,B8,B8_00899,1.487,2.609,2.223,0.852,51.318,526.955,2.75,0.097386,living
8,B,B8,B8_00900,0.828,2.180,1.516,0.695,33.327,500.653,56.02,0.066566,dead
8,B,B8,B8_00901,2.062,1.906,2.237,1.174,53.623,655.893,2.738,0.081756,living
8,B,B8,B8_00902,1.403,1.889,1.837,0.972,50.699,589.819,3.084,0.085956,living
8,B,B8,B8_00903,2.113,2.364,2.522,1.067,61.496,672.832,2.352,0.091399,living
8,B,B8,B8_00904,2.214,2.318,2.556,1.103,49.466,656.275,2.412,0.075373,living
8,B,B8,B8_00905,2.586,2.078,2.616,1.259,38.98,776.634,2.261,0.050191,living
8,B,B8,B8_00906,2.163,2.180,2.450,1.124,27.617,591.266,3.047,0.046709,living
8,B,B8,B8_00907,2.011,1.992,2.258,1.134,23.008,635.756,2.403,0.036191,living
8,B,B8,B8_00908,1.437,2.658,2.205,0.830,13.671,525.741,2.635,0.026003,living
8,B,B8,B8_00910,1.149,2.138,1.769,0.827,13.309,544.735,2.456,0.024432,living
8,B,B8,B8_00911,0.98,2.031,1.592,0.784,13.103,553.603,2.603,0.023669,living
8,B,B8,B8_00912,1.656,2.180,2.144,0.983,14.112,534.459,2.663,0.026405,living
8,B,B8,B8_00913,1.639,2.050,2.068,1.009,17.289,644.67,2.32,0.026818,living
8,B,B8,B8_00914,1.217,2.703,2.047,0.757,16.472,529.556,2.792,0.031106,living
8,B,B8,B8_00915,1.622,2.013,2.039,1.013,11.323,623.208,2.438,0.018169,living
8,B,B8,B8_00916,2.772,2.296,2.847,1.240,102.171,728.171,2.171,0.140312,living
8,B,B8,B8_00918,1.504,2.180,2.043,0.937,65.281,632.101,3.506,0.103276,living
8,B,B8,B8_00919,1.538,2.361,2.150,0.911,58.253,571.374,2.648,0.101952,living
8,B,B8,B8_00920,2.653,2.466,2.886,1.170,39.713,749.242,2.433,0.053005,living
8,B,B8,B8_00921,1.487,2.180,2.032,0.932,49.534,521.636,39.818,0.094959,dead
8,B,B8,B8_00922,1.656,1.849,1.974,1.068,110.49,645.694,2.316,0.171118,living
8,B,B8,B8_00924,1.589,1.728,1.870,1.082,106.468,611.755,2.319,0.174037,living
8,B,B8,B8_00925,1.437,2.219,2.015,0.908,98.847,540.176,2.235,0.18299,living
8,B,B8,B8_00927,2.332,1.927,2.392,1.241,45.565,696.094,2.283,0.065458,living
8,B,B8,B8_00928,1.589,1.593,1.795,1.127,28.16,653.096,2.394,0.043117,living
8,B,B8,B8_00929,2.941,2.778,3.225,1.161,27.592,650.374,2.264,0.042425,living
8,B,B8,B8_00931,2.721,1.609,2.361,1.467,49.23,787.882,2.491,0.062484,living
8,B,B8,B8_00932,1.504,1.744,1.827,1.048,55.775,642.663,2.708,0.086788,living
8,B,B8,B8_00933,1.217,2.564,1.993,0.777,17.972,567.042,2.472,0.031695,living
8,B,B8,B8_00934,2.603,2.897,3.099,1.070,67.994,642.461,2.74,0.105833,living
8,B,B8,B8_00935,1.217,1.487,1.518,1.021,67.264,667,2.5,0.100845,living
8,B,B8,B8_00936,1.639,1.407,1.714,1.218,15.742,529.113,2.216,0.029752,living
8,B,B8,B8_00937,2.586,2.180,2.679,1.229,49.039,684.438,9.379,0.071649,dead
8,B,B8,B8_00938,1.622,1.723,1.886,1.095,35.094,602.062,2.927,0.058289,living
8,B,B8,B8_00939,1.927,2.511,2.482,0.988,35.395,641.939,2.342,0.055137,living
8,B,B8,B8_00940,2.636,2.963,3.154,1.064,15.577,676.949,2.686,0.02301,living
8,B,B8,B8_00941,2.484,2.625,2.881,1.098,27.517,654.531,2.646,0.042041,living
8,B,B8,B8_00942,1.91,2.758,2.590,0.939,14.973,617.23,2.549,0.024259,living
8,B,B8,B8_00943,0.862,2.472,1.647,0.666,11.118,545.647,2.412,0.020375,living
8,B,B8,B8_00945,1.352,2.021,1.865,0.923,92.5,528.163,2.812,0.175135,living
8,B,B8,B8_00946,2.89,2.575,3.078,1.195,100.216,617.719,2.485,0.162236,living
8,B,B8,B8_00947,1.47,2.180,2.020,0.927,51.828,582.253,33.241,0.089012,dead
8,B,B8,B8_00948,1.656,2.065,2.087,1.010,55.429,577.398,2.071,0.095997,living
8,B,B8,B8_00949,2.873,2.180,2.824,1.295,77.547,608.594,6.053,0.12742,dead
8,B,B8,B8_00950,2.096,1.670,2.111,1.264,110.597,714.145,2.452,0.154866,living
8,B,B8,B8_00951,2.805,2.186,2.794,1.278,101.916,689.452,2.627,0.147821,living
8,B,B8,B8_00952,2.079,2.298,2.466,1.073,85.057,576.561,2.366,0.147525,living
8,B,B8,B8_00954,1.589,2.575,2.282,0.886,35.702,534.351,2.511,0.066814,living
8,B,B8,B8_00955,1.014,2.467,1.785,0.723,14.733,492.667,2.767,0.029905,living
8,B,B8,B8_00956,2.958,1.996,2.742,1.374,97.589,895.697,2.509,0.108953,living
8,B,B8,B8_00958,0.879,2.180,1.562,0.716,31.365,465.077,19.308,0.067441,dead
8,B,B8,B8_00959,2.62,2.180,2.697,1.237,45.723,601.69,3.239,0.07599,living
8,B,B8,B8_00961,1.099,1.609,1.500,0.933,20.615,584.138,2.969,0.035292,living
8,B,B8,B8_00962,1.487,2.512,2.181,0.868,17.432,567.864,2.92,0.030697,living
8,B,B8,B8_00963,2.315,2.214,2.555,1.154,55.905,483.883,2.759,0.115534,living
8,B,B8,B8_00964,1.944,1.979,2.213,1.118,50.07,587.939,3,0.085161,living
8,B,B8,B8_00966,2.873,3.132,3.385,1.081,85.847,547.365,2.888,0.156837,living
8,B,B8,B8_00968,2.011,2.180,2.363,1.084,32.504,468.084,9.05,0.069441,dead
8,B,B8,B8_00969,1.284,1.579,1.607,1.018,23.961,548.934,2.421,0.043649,living
8,B,B8,B8_00970,1.555,1.801,1.888,1.048,52.326,533,2.185,0.098173,living
8,B,B8,B8_00971,2.298,2.443,2.674,1.094,84.728,531.103,2.419,0.159532,living
8,B,B8,B8_00972,1.893,2.180,2.292,1.051,64.027,558.214,3.759,0.114699,living
8,B,B8,B8_00973,2.62,1.732,2.404,1.388,84.484,749.748,2.477,0.112683,living
8,B,B8,B8_00974,0.963,2.180,1.635,0.750,53.175,480.421,35.526,0.110685,dead
8,B,B8,B8_00975,1.014,2.180,1.678,0.770,53.9,446.517,4.167,0.120712,living
8,B,B8,B8_00976,2.603,2.410,2.826,1.173,75.623,587,2.604,0.12883,living
8,B,B8,B8_00977,1.639,2.180,2.133,0.978,89.505,529.227,6.175,0.169124,dead
8,B,B8,B8_00978,2.518,2.687,2.935,1.092,70.329,574.872,2.517,0.122338,living
8,B,B8,B8_00979,2.113,1.893,2.257,1.192,65.792,621.288,2.296,0.105896,living
8,B,B8,B8_00981,2.011,1.931,2.224,1.152,54.966,632.924,2.328,0.086845,living
8,B,B8,B8_00983,1.42,1.790,1.799,1.005,40.083,574.655,2.762,0.069752,living
8,B,B8,B8_00984,1.555,2.180,2.078,0.953,17.685,490.522,4.196,0.036053,living
8,B,B8,B8_00987,1.403,1.640,1.712,1.044,65.133,570.036,2.494,0.11426,living
8,B,B8,B8_00988,0.98,1.871,1.528,0.817,37.931,456.397,2.81,0.08311,living
8,B,B8,B8_00989,1.741,1.814,2.005,1.105,36.417,632.67,2.136,0.057562,living
8,B,B8,B8_00990,1.403,3.171,2.380,0.751,48.542,437.458,2.434,0.110964,living
8,B,B8,B8_00992,1.2,2.180,1.825,0.837,30.31,480.606,15.648,0.063066,dead
8,B,B8,B8_00993,1.876,2.005,2.188,1.091,47.523,593.225,2.73,0.080109,living
8,B,B8,B8_00994,1.673,1.607,1.850,1.151,91.636,566.586,2.061,0.161734,living
8,B,B8,B8_00995,2.434,2.180,2.599,1.192,41.993,532.243,3.007,0.078898,living
8,B,B8,B8_00997,2.197,2.732,2.764,1.012,85.723,465.931,2.708,0.183982,living
8,B,B8,B8_00998,2.451,3.086,3.103,1.006,66.441,486.255,2.759,0.136639,living
8,B,B8,B8_00999,2.484,2.706,2.925,1.081,95.129,521.633,2.476,0.182368,living
8,B,B8,B8_01000,2.298,2.376,2.637,1.110,80.426,552.684,2.353,0.14552,living
8,B,B8,B8_01002,1.166,2.198,1.806,0.822,39.855,500.159,2.333,0.079685,living
8,B,B8,B8_01003,2.434,2.322,2.683,1.155,82.306,530.694,2.486,0.15509,living
8,B,B8,B8_01004,0.811,1.848,1.381,0.748,47.396,463.271,2.188,0.102307,living
8,B,B8,B8_01005,2.856,2.362,2.931,1.241,44.243,622.456,2.521,0.071078,living
8,B,B8,B8_01006,1.808,2.180,2.240,1.028,44.028,428.065,15.047,0.102854,dead
8,B,B8,B8_01007,2.248,2.180,2.498,1.146,56.549,436.278,3.556,0.129617,living
8,B,B8,B8_01008,1.521,2.066,2.000,0.968,59.411,504.378,2.456,0.117791,living
8,B,B8,B8_01009,0.879,2.180,1.562,0.716,45.288,439.269,10.462,0.1031,dead
8,B,B8,B8_01010,1.775,1.810,2.023,1.117,93.924,562.724,2.705,0.166909,living
8,B,B8,B8_01011,2.045,2.292,2.443,1.066,69.653,545.347,2.512,0.127722,living
8,B,B8,B8_01013,2.924,2.271,2.908,1.280,107.462,687.884,2.526,0.156222,living
8,B,B8,B8_01014,2.552,2.180,2.662,1.221,54.834,619.305,3.775,0.088542,living
8,B,B8,B8_01015,1.521,1.638,1.781,1.087,68.722,548.389,1.856,0.125317,living
8,B,B8,B8_01017,2.146,1.765,2.196,1.244,79.236,573.835,2.638,0.138082,living
8,B,B8,B8_01018,1.842,2.670,2.502,0.937,63.138,500.899,2.523,0.126049,living
8,B,B8,B8_01019,1.031,2.445,1.792,0.733,29.705,469.902,2.377,0.063215,living
8,B,B8,B8_01021,2.298,2.663,2.791,1.048,50.375,563.985,2.331,0.08932,living
8,B,B8,B8_01022,0.913,2.566,1.727,0.673,29.778,454.037,3.074,0.065584,living
8,B,B8,B8_01024,1.47,2.820,2.297,0.815,35.529,492.701,2.264,0.07211,living
8,B,B8,B8_01025,1.791,2.180,2.230,1.023,51.472,561.226,3.047,0.091713,living
8,B,B8,B8_01026,1.842,2.147,2.244,1.045,49.009,561.615,2.083,0.087265,living
8,B,B8,B8_01027,2.163,2.168,2.444,1.127,52.516,591.75,2.57,0.088746,living
8,B,B8,B8_01028,1.335,2.292,1.974,0.861,20.797,519.759,2.152,0.040014,living
8,B,B8,B8_01029,1.301,1.507,1.580,1.048,18.688,582.519,2.286,0.032082,living
8,B,B8,B8_01030,2.704,2.180,2.740,1.257,12.506,476.438,3.831,0.02625,living
8,B,B8,B8_01031,1.352,2.313,1.995,0.863,21.375,600.788,2.263,0.035578,living
8,B,B8,B8_01032,1.048,1.718,1.514,0.881,69.5,578.71,2.065,0.120095,living
8,B,B8,B8_01033,1.403,2.917,2.283,0.783,61.639,530.301,2.675,0.116233,living
8,B,B8,B8_01034,1.115,2.848,2.011,0.706,68.53,529.833,2.242,0.129343,living
8,B,B8,B8_01035,1.437,1.618,1.721,1.063,25.247,611.529,2.388,0.041285,living
8,B,B8,B8_01037,1.791,2.665,2.465,0.925,101.302,590.745,2.623,0.171481,living
8,B,B8,B8_01039,1.403,2.180,1.974,0.905,51.157,572.53,21.47,0.089352,dead
8,B,B8,B8_01040,1.977,1.559,1.981,1.271,119.957,772.043,2.444,0.155376,living
8,B,B8,B8_01041,2.518,2.180,2.644,1.213,66.738,724.054,3.362,0.092173,living
8,B,B8,B8_01042,1.673,1.796,1.956,1.089,120.04,644.182,2.808,0.186346,living
8,B,B8,B8_01043,2.163,1.682,2.152,1.280,43.102,692.148,2.156,0.062272,living
8,B,B8,B8_01044,2.197,2.427,2.606,1.074,81.931,698.415,2.4,0.11731,living
8,B,B8,B8_01045,1.521,1.589,1.754,1.104,125.544,691.822,2.1,0.181469,living
8,B,B8,B8_01046,1.251,1.982,1.777,0.896,68.595,660.486,1.932,0.103855,living
8,B,B8,B8_01047,1.2,1.820,1.668,0.916,116.577,616.169,2.972,0.189197,living
8,B,B8,B8_01048,1.808,2.490,2.394,0.962,109.701,613.336,2.766,0.178859,living
8,B,B8,B8_01049,2.67,1.884,2.531,1.343,134.127,901.253,2.513,0.148822,living
8,B,B8,B8_01050,2.248,1.990,2.387,1.199,88.278,653.805,2.692,0.135022,living
8,B,B8,B8_01051,1.217,2.180,1.838,0.843,24.639,621.319,2.958,0.039656,living
8,B,B8,B8_01052,1.284,2.434,1.995,0.820,81.461,583.158,1.974,0.139689,living
8,B,B8,B8_01053,1.606,2.076,2.060,0.992,87.2,686.2,2.4,0.127077,living
8,B,B8,B8_01054,2.231,2.193,2.496,1.138,40.356,789.621,2.644,0.051108,living
8,B,B8,B8_01055,2.248,2.180,2.498,1.146,73.128,622.256,3.414,0.117521,living
8,B,B8,B8_01056,1.318,2.180,1.913,0.877,66.064,559.692,53.846,0.118036,dead
8,B,B8,B8_01057,1.977,1.702,2.070,1.216,96.94,774.256,2.248,0.125204,living
8,B,B8,B8_01058,2.332,1.388,2.030,1.463,78.855,614.855,2.428,0.12825,living
8,B,B8,B8_01059,2.129,1.843,2.235,1.213,97.563,822.81,2.016,0.118574,living
8,B,B8,B8_01061,0.896,1.669,1.380,0.827,39.83,625.528,2.981,0.063674,living
8,B,B8,B8_01062,1.791,2.174,2.227,1.024,52.472,723.557,2.415,0.072519,living
8,B,B8,B8_01063,1.673,1.749,1.930,1.104,25.606,786.141,2.192,0.032572,living
8,B,B8,B8_01065,1.234,2.761,2.083,0.754,13.904,562.342,2.534,0.024725,living
8,B,B8,B8_01066,1.521,2.180,2.055,0.942,11.778,552.289,3.622,0.021325,living
8,B,B8,B8_01068,2.129,3.154,2.924,0.927,25.452,436.31,2.437,0.058336,living
8,B,B8,B8_01069,2.67,2.534,2.935,1.158,37.424,448.348,3.019,0.083471,living
8,B,B8,B8_01070,2.974,2.310,2.958,1.280,86,560.58,2.42,0.153413,living
8,B,B8,B8_01071,2.028,2.363,2.470,1.045,23.892,470.333,2.733,0.050797,living
8,B,B8,B8_01072,0.879,2.060,1.518,0.737,69.327,365.769,2.115,0.189537,living
8,B,B8,B8_01073,1.42,1.944,1.875,0.964,79.131,427.488,2.5,0.185107,living
8,B,B8,B8_01075,1.944,1.970,2.208,1.121,31.478,514.043,2.348,0.061237,living
8,B,B8,B8_01076,2.265,1.489,2.072,1.392,67.201,521.03,2.328,0.128978,living
8,B,B8,B8_01077,1.504,2.180,2.043,0.937,54.876,442.506,41.966,0.124013,dead
8,B,B8,B8_01078,1.758,2.180,2.209,1.013,64.673,497.048,5.481,0.130114,dead
8,B,B8,B8_01079,1.369,2.180,1.949,0.894,13.136,387.654,3.679,0.033885,living
8,B,B8,B8_01080,1.876,2.180,2.282,1.047,15.063,468.91,5.009,0.032124,dead
8,B,B8,B8_01081,2.434,2.201,2.612,1.187,50.896,558.757,2.278,0.091088,living
8,B,B8,B8_01082,2.434,1.884,2.416,1.283,64.097,591.5,2.097,0.108364,living
8,B,B8,B8_01083,2.096,2.325,2.491,1.071,47.944,503.452,2.073,0.09523,living
8,B,B8,B8_01084,1.301,1.931,1.788,0.926,16.013,488.532,2.571,0.032778,living
8,B,B8,B8_01085,1.403,2.088,1.931,0.925,14.398,446.181,2.699,0.032269,living
8,B,B8,B8_01086,1.944,2.023,2.238,1.106,18.296,528.704,2.313,0.034605,living
8,B,B8,B8_01087,1.606,2.180,2.111,0.968,20.189,492.979,3.147,0.040954,living
8,B,B8,B8_01088,1.859,1.939,2.142,1.105,35.227,522,2.664,0.067485,living
8,B,B8,B8_01089,2.907,2.180,2.841,1.303,35.721,609.75,13.721,0.058583,dead
8,B,B8,B8_01090,1.91,1.597,1.971,1.234,16.035,597.195,2.85,0.026851,living
8,B,B8,B8_01091,1.876,2.221,2.303,1.037,16.784,485.369,3.468,0.034579,living
8,B,B8,B8_01092,1.521,1.748,1.840,1.053,19.367,487.411,3.1,0.039734,living
8,B,B8,B8_01093,2.045,2.180,2.383,1.093,33.256,552.372,31.488,0.060206,dead
8,B,B8,B8_01096,2.417,2.180,2.590,1.188,16.455,506.497,3.105,0.032487,living
8,B,B8,B8_01097,1.234,2.180,1.851,0.849,13.192,434.589,3.781,0.030355,living
8,B,B8,B8_01101,1.859,2.611,2.486,0.952,12.164,483.5,2.073,0.025157,living
8,B,B8,B8_01102,1.318,1.683,1.681,0.999,46.013,516.167,1.821,0.089143,living
8,B,B8,B8_01103,1.369,2.180,1.949,0.894,85.988,524.235,19.963,0.164025,dead
8,B,B8,B8_01104,1.217,2.180,1.838,0.843,48.319,502.472,3.569,0.096163,living
8,B,B8,B8_01105,0.862,2.180,1.547,0.709,59.765,465.804,6.157,0.128304,dead
8,B,B8,B8_01106,1.2,2.717,2.037,0.750,81.789,474.197,2.38,0.172478,living
8,B,B8,B8_01107,2.146,2.254,2.482,1.101,97.079,552.976,2.22,0.175557,living
8,B,B8,B8_01108,1.2,2.180,1.825,0.837,35.493,558.803,35.014,0.063516,dead
8,B,B8,B8_01109,1.555,2.401,2.180,0.908,68.478,523.489,2.467,0.130811,living
8,B,B8,B8_01110,1.47,1.843,1.857,1.008,76.345,577.46,2.264,0.132208,living
8,B,B8,B8_01111,0.845,1.965,1.454,0.740,62.38,496.72,1.78,0.125584,living
8,B,B8,B8_01113,2.518,2.322,2.728,1.175,95.007,648.523,2.913,0.146497,living
8,B,B8,B8_01114,2.586,2.068,2.609,1.262,98.379,660.137,2.542,0.149028,living
8,B,B8,B8_01115,1.606,2.536,2.277,0.898,29.621,555.011,2.768,0.05337,living
8,B,B8,B8_01116,1.758,2.180,2.209,1.013,27.817,544.365,5.673,0.0511,dead
8,B,B8,B8_01117,2.873,2.180,2.824,1.295,90.094,603.924,14.212,0.149181,dead
8,B,B8,B8_01118,1.622,1.940,2.002,1.032,70.365,573.146,2.604,0.122769,living
8,B,B8,B8_01119,1.335,1.626,1.662,1.022,74.43,566.101,2.241,0.131479,living
8,B,B8,B8_01120,1.504,2.180,2.043,0.937,56.528,519.528,2.663,0.108807,living
8,B,B8,B8_01121,1.369,2.555,2.110,0.826,19.802,537.025,2.247,0.036874,living
8,B,B8,B8_01122,1.606,1.804,1.921,1.065,80.232,607.116,2.453,0.132152,living
8,B,B8,B8_01123,1.639,1.709,1.888,1.105,20.247,565.526,2.969,0.035803,living
8,B,B8,B8_01124,1.589,2.890,2.418,0.837,44.181,533.936,2.84,0.082746,living
8,B,B8,B8_01125,1.335,2.180,1.925,0.883,42.759,600.899,6.481,0.071159,dead
8,B,B8,B8_01126,1.47,1.683,1.775,1.055,34.138,601.299,2.931,0.056774,living
8,B,B8,B8_01127,2.079,1.746,2.150,1.231,57.073,760.203,1.878,0.075076,living
8,B,B8,B8_01128,2.298,1.823,2.310,1.267,61.132,780.243,2.551,0.07835,living
8,B,B8,B8_01129,2.315,1.867,2.346,1.256,48.431,719.599,2.453,0.067302,living
8,B,B8,B8_01130,2.315,2.287,2.596,1.135,37.518,655.628,2.693,0.057225,living
8,B,B8,B8_01131,1.369,1.832,1.787,0.975,36.395,589.531,2.136,0.061736,living
8,B,B8,B8_01133,1.014,2.180,1.678,0.770,39.717,537.833,4.017,0.073846,living
8,B,B8,B8_01134,2.18,2.286,2.519,1.102,50.039,642.589,2.031,0.077871,living
8,B,B8,B8_01135,1.301,1.691,1.674,0.990,42.623,597.701,2.779,0.071312,living
8,B,B8,B8_01136,2.501,2.231,2.665,1.195,22.831,731.568,2.128,0.031208,living
8,B,B8,B8_01138,1.47,1.824,1.848,1.013,17.713,618.724,2.632,0.028628,living
8,B,B8,B8_01139,1.065,2.180,1.719,0.789,19.079,565.825,15.444,0.03372,dead
8,B,B8,B8_01140,1.014,1.759,1.507,0.857,20.383,570.417,2.567,0.035734,living
8,B,B8,B8_01141,2.822,2.865,3.208,1.120,17.174,565.952,2.778,0.030345,living
8,B,B8,B8_01142,1.149,1.916,1.674,0.874,16.368,591.765,3.265,0.027659,living
8,B,B8,B8_01143,0.963,2.392,1.713,0.716,15.07,539.316,2.877,0.027943,living
8,B,B8,B8_01144,1.403,2.180,1.974,0.905,13.386,518.651,3.301,0.025808,living
8,B,B8,B8_01146,1.403,2.240,2.000,0.893,18.554,571.253,2.976,0.03248,living
8,B,B8,B8_01148,2.214,2.688,2.753,1.024,41.893,504.282,2.183,0.083075,living
8,B,B8,B8_01149,1.808,2.397,2.349,0.980,70.131,495.346,2.308,0.14158,living
8,B,B8,B8_01150,1.352,2.965,2.259,0.762,45.575,417.625,2.913,0.109129,living
8,B,B8,B8_01153,1.673,2.193,2.161,0.986,25.879,515.263,2.313,0.050224,living
8,B,B8,B8_01154,0.896,2.180,1.577,0.723,71.698,429.283,14.906,0.167018,dead
8,B,B8,B8_01156,1.504,3.198,2.475,0.774,19.191,451.461,2.056,0.042509,living
8,B,B8,B8_01157,1.842,1.977,2.153,1.089,62.679,531.174,2.578,0.118001,living
8,B,B8,B8_01158,1.977,1.672,2.052,1.227,50.966,617.376,2.368,0.082552,living
8,B,B8,B8_01159,1.504,2.307,2.102,0.911,76.685,463.506,2.303,0.165447,living
8,B,B8,B8_01160,1.927,2.467,2.460,0.997,56.579,501.219,2.289,0.112883,living
8,B,B8,B8_01161,1.369,1.836,1.789,0.974,24,569.765,2.432,0.042123,living
8,B,B8,B8_01162,2.231,1.365,1.969,1.443,52.311,479.773,2.333,0.109032,living
8,B,B8,B8_01163,0.896,1.798,1.432,0.797,60.849,439.377,2.528,0.138489,living
8,B,B8,B8_01164,1.504,2.180,2.043,0.937,41.022,513.82,3.506,0.079838,living
8,B,B8,B8_01165,2.434,1.928,2.444,1.268,99.264,639.403,2.493,0.155245,living
8,B,B8,B8_01166,1.504,2.398,2.143,0.894,49.146,480.966,2.36,0.102182,living
8,B,B8,B8_01167,2.805,2.692,3.101,1.152,67.518,581.825,2.301,0.116045,living
8,B,B8,B8_01168,1.707,1.709,1.927,1.128,66.663,533.861,2.396,0.12487,living
8,B,B8,B8_01169,2.028,1.573,2.015,1.281,34.917,724.192,2.925,0.048215,living
8,B,B8,B8_01170,1.775,2.180,2.220,1.018,66.933,521.076,5.314,0.128452,dead
8,B,B8,B8_01171,1.91,1.712,2.040,1.192,94,579.248,2.646,0.162279,living
8,B,B8,B8_01172,1.673,1.979,2.053,1.037,34.646,565.061,2.697,0.061315,living
8,B,B8,B8_01173,2.265,2.180,2.508,1.150,86.142,572.784,2.97,0.150392,living
8,B,B8,B8_01174,1.656,1.820,1.959,1.076,62.265,516.5,2.48,0.120552,living
8,B,B8,B8_01175,1.234,2.049,1.794,0.876,53.123,500.767,2.589,0.106084,living
8,B,B8,B8_01176,2.467,2.901,3.019,1.041,69.61,507.87,2.562,0.137062,living
8,B,B8,B8_01177,1.91,1.994,2.202,1.104,67.478,556.301,2.354,0.121297,living
8,B,B8,B8_01178,2.349,1.962,2.422,1.235,61.835,606.511,2.583,0.101951,living
8,B,B8,B8_01179,2.451,2.157,2.594,1.203,65.91,588.034,2.621,0.112086,living
8,B,B8,B8_01180,2.197,2.180,2.470,1.133,58.923,568.623,37.754,0.103624,dead
8,B,B8,B8_01181,1.791,1.745,1.995,1.143,22.896,605.651,2.566,0.037804,living
8,B,B8,B8_01182,2.062,2.881,2.750,0.955,37.328,522.721,2.623,0.071411,living
8,B,B8,B8_01183,1.099,2.180,1.747,0.801,35.985,541,27.338,0.066515,dead
8,B,B8,B8_01184,1.842,2.893,2.605,0.900,29.606,501.046,2.358,0.059087,living
8,B,B8,B8_01185,0.997,1.592,1.422,0.893,33.458,515.678,2.61,0.064881,living
8,B,B8,B8_01186,0.862,2.184,1.548,0.709,22.039,469.137,2.608,0.046978,living
8,B,B8,B8_01187,1.132,1.850,1.633,0.883,32.955,535.075,2.657,0.06159,living
8,B,B8,B8_01188,1.944,2.681,2.576,0.961,33.609,534.591,2.487,0.062868,living
8,B,B8,B8_01189,2.315,2.285,2.595,1.136,23.102,631.489,2.664,0.036584,living
8,B,B8,B8_01191,2.096,2.180,2.412,1.106,20.895,510.669,15.089,0.040917,dead
8,B,B8,B8_01192,2.518,3.016,3.110,1.031,30.785,566.067,2.114,0.054384,living
8,B,B8,B8_01193,0.98,2.180,1.649,0.757,11.948,485.345,8.776,0.024618,dead
8,B,B8,B8_01195,1.166,2.180,1.799,0.825,15.812,524.058,4.681,0.030171,living
8,B,B8,B8_01196,1.538,2.386,2.162,0.906,13.978,486.429,2.703,0.028736,living
8,B,B8,B8_01197,1.572,2.326,2.158,0.928,18.548,512.387,2.495,0.0362,living
8,B,B8,B8_01198,2.028,2.180,2.373,1.088,15.483,516.475,5.617,0.029979,dead
8,B,B8,B8_01199,1.42,1.748,1.778,1.017,19.274,570.512,2.31,0.033783,living
8,B,B8,B8_01200,1.284,1.919,1.771,0.923,13.237,541.961,2.039,0.024424,living
8,B,B8,B8_01204,1.403,2.461,2.097,0.852,14.687,514.976,2.434,0.028519,living
8,B,B8,B8_01205,1.318,1.752,1.715,0.979,81.487,528.346,2.179,0.154231,living
8,B,B8,B8_01206,1.673,1.917,2.021,1.054,56.727,593.152,3.02,0.095637,living
8,B,B8,B8_01207,1.301,1.795,1.724,0.961,58.584,533.104,3.091,0.109893,living
8,B,B8,B8_01208,1.521,2.155,2.043,0.948,82.178,510.333,2.389,0.161028,living
8,B,B8,B8_01209,1.606,2.344,2.189,0.934,49.063,537.684,2.558,0.091249,living
8,B,B8,B8_01210,1.403,1.928,1.856,0.963,62.518,506.06,2.602,0.123539,living
8,B,B8,B8_01211,1.842,1.871,2.095,1.120,86.083,563.936,2.128,0.152646,living
8,B,B8,B8_01212,1.47,2.180,2.020,0.927,23.678,447.195,3.655,0.052948,living
8,B,B8,B8_01213,0.93,2.723,1.796,0.659,12.055,445.018,3.709,0.027088,living
8,B,B8,B8_01214,2.231,2.933,2.886,0.984,87.258,522.583,2.189,0.166974,living
8,B,B8,B8_01215,2.366,2.878,2.944,1.023,95.064,538.036,2.357,0.176688,living
8,B,B8,B8_01216,2.451,2.089,2.553,1.222,87.766,678.683,2.407,0.129317,living
8,B,B8,B8_01217,0.862,2.180,1.547,0.709,21.039,507.569,5.608,0.041451,dead
8,B,B8,B8_01218,1.639,1.874,1.978,1.055,104.722,531.577,2.268,0.197002,living
8,B,B8,B8_01219,1.927,2.180,2.313,1.061,113.079,581.904,2.947,0.194326,living
8,B,B8,B8_01220,2.332,2.355,2.644,1.123,24.08,544.79,2.391,0.0442,living
8,B,B8,B8_01221,2.163,1.906,2.291,1.202,95.898,615.992,2.414,0.155681,living
8,B,B8,B8_01222,1.96,2.226,2.357,1.059,31.293,593.19,2.655,0.052754,living
8,B,B8,B8_01223,1.741,1.884,2.044,1.085,25.301,576.563,2.68,0.043882,living
8,B,B8,B8_01224,2.484,2.180,2.626,1.204,60.116,569.503,3.136,0.105558,living
8,B,B8,B8_01225,1.2,2.180,1.825,0.837,75.197,486.394,32.38,0.154601,dead
8,B,B8,B8_01226,1.183,2.180,1.812,0.831,88.229,494.057,28.843,0.17858,dead
8,B,B8,B8_01227,0.997,1.678,1.459,0.870,63.169,490.492,1.966,0.128788,living
8,B,B8,B8_01228,1.994,1.760,2.114,1.201,35.712,603.602,2.864,0.059165,living
8,B,B8,B8_01229,2.974,2.355,2.986,1.268,86.972,690.932,2.358,0.125876,living
8,B,B8,B8_01230,1.91,2.192,2.309,1.053,59.257,514.195,2.637,0.115242,living
8,B,B8,B8_01232,2.18,2.520,2.645,1.050,61.891,550.938,2.085,0.112338,living
8,B,B8,B8_01233,1.791,2.180,2.230,1.023,36.868,548.981,4.198,0.067157,living
8,B,B8,B8_01234,2.467,2.180,2.617,1.200,88.384,683.349,2.37,0.129339,living
8,B,B8,B8_01235,1.758,1.895,2.060,1.087,67.048,531.981,2.096,0.126035,living
8,B,B8,B8_01237,0.913,2.166,1.587,0.733,17.426,463.019,2.481,0.037635,living
8,B,B8,B8_01238,2.045,2.168,2.376,1.096,59.033,556.289,2.826,0.106119,living
8,B,B8,B8_01239,1.268,1.513,1.563,1.033,54.413,567.533,2.333,0.095877,living
8,B,B8,B8_01240,1.048,2.180,1.706,0.782,53.903,505.177,5.065,0.106702,dead
8,B,B8,B8_01241,2.011,2.534,2.547,1.005,54.193,573.849,2.597,0.094438,living
8,B,B8,B8_01242,1.977,1.566,1.985,1.268,72.333,715.88,2.436,0.101041,living
8,B,B8,B8_01243,1.268,2.180,1.876,0.861,50.08,517.053,31.8,0.096857,dead
8,B,B8,B8_01244,1.893,2.268,2.338,1.031,12.545,544.411,2.402,0.023043,living
8,B,B8,B8_01245,2.298,2.196,2.535,1.154,34.574,636.037,2.412,0.054358,living
8,B,B8,B8_01246,2.062,1.876,2.219,1.183,54.156,650.705,2.484,0.083226,living
8,B,B8,B8_01247,2.349,2.061,2.483,1.205,37.094,590.612,2.259,0.062805,living
8,B,B8,B8_01248,1.977,1.746,2.096,1.201,22.137,666.496,2.154,0.033214,living
8,B,B8,B8_01249,1.775,2.592,2.420,0.934,20.543,528.619,1.952,0.038861,living
8,B,B8,B8_01250,1.031,1.671,1.481,0.886,34.361,523.689,2.328,0.065613,living
8,B,B8,B8_01251,1.656,1.616,1.846,1.142,32.469,613.204,2.337,0.05295,living
8,B,B8,B8_01252,0.879,2.180,1.562,0.716,27.192,519.558,3.577,0.052337,living
8,B,B8,B8_01253,2.18,1.509,2.047,1.356,32.217,667.302,2.395,0.04828,living
8,B,B8,B8_01254,0.946,2.180,1.621,0.743,23,486.875,48.018,0.04724,dead
8,B,B8,B8_01256,1.994,1.719,2.089,1.215,35.322,718.72,2.203,0.049146,living
8,B,B8,B8_01257,1.842,2.540,2.441,0.961,24.477,573.284,2.881,0.042696,living
8,B,B8,B8_01260,1.555,2.723,2.322,0.853,12.696,520.641,2.13,0.024385,living
8,B,B8,B8_01261,1.606,1.884,1.963,1.042,21.779,606.368,2.421,0.035917,living
8,B,B8,B8_01262,0.93,1.922,1.509,0.785,11.909,509.673,2.436,0.023366,living
8,B,B8,B8_01263,1.437,2.109,1.964,0.931,15.882,571.753,2.529,0.027778,living
8,B,B8,B8_01265,2.028,2.430,2.505,1.031,49.408,531.467,2.55,0.092966,living
8,B,B8,B8_01266,1.42,2.291,2.035,0.888,67.286,447.56,2.405,0.150339,living
8,B,B8,B8_01267,2.028,1.734,2.116,1.220,60.858,575.35,2.35,0.105776,living
8,B,B8,B8_01268,0.879,2.503,1.674,0.669,25.019,415.712,2.75,0.060184,living
8,B,B8,B8_01269,2.248,2.447,2.646,1.082,61.91,548.805,2.248,0.112808,living
8,B,B8,B8_01270,1.808,2.041,2.168,1.062,41.411,486.692,2.542,0.085087,living
8,B,B8,B8_01271,0.946,2.180,1.621,0.743,54.25,408.071,45.107,0.132942,dead
8,B,B8,B8_01272,1.69,1.958,2.053,1.048,41.11,519.03,2.93,0.079205,living
8,B,B8,B8_01274,1.808,2.657,2.473,0.931,50.028,473.271,2.467,0.105707,living
8,B,B8,B8_01275,1.808,2.148,2.224,1.035,87.981,516.467,2.467,0.170352,living
8,B,B8,B8_01276,1.504,2.180,2.043,0.937,51.067,498.888,3.393,0.102363,living
8,B,B8,B8_01277,2.535,2.583,2.887,1.118,45.987,529.52,2.787,0.086846,living
8,B,B8,B8_01278,1.048,2.180,1.706,0.782,73.532,380.145,41.5,0.193432,dead
8,B,B8,B8_01279,1.149,1.816,1.630,0.898,67.662,481.397,1.926,0.140553,living
8,B,B8,B8_01280,1.656,2.086,2.097,1.005,79.204,453.929,2.071,0.174486,living
8,B,B8,B8_01281,1.386,2.251,1.993,0.885,76.622,438.146,2.598,0.174878,living
8,B,B8,B8_01282,2.028,2.180,2.373,1.088,36.283,558.175,3.683,0.065004,living
8,B,B8,B8_01283,1.893,2.180,2.292,1.051,105.438,549.893,3.045,0.191742,living
8,B,B8,B8_01284,1.386,1.915,1.838,0.960,50.756,490.037,2.659,0.103576,living
8,B,B8,B8_01285,2.535,2.000,2.541,1.270,73.587,607.8,2.453,0.121071,living
8,B,B8,B8_01286,2.197,2.180,2.470,1.133,99.015,588.769,3.515,0.168174,living
8,B,B8,B8_01287,1.622,2.024,2.044,1.010,23.844,542.562,2.354,0.043947,living
8,B,B8,B8_01290,2.214,2.693,2.755,1.023,61.931,494.458,2.344,0.125251,living
8,B,B8,B8_01291,2.467,2.980,3.059,1.027,60.993,573.301,2.534,0.106389,living
8,B,B8,B8_01292,0.828,2.180,1.516,0.695,41.673,451.694,20.102,0.09226,dead
8,B,B8,B8_01293,1.825,2.023,2.168,1.072,61.278,557.296,2.324,0.109955,living
8,B,B8,B8_01294,1.876,2.689,2.534,0.942,19.595,546.73,2.351,0.03584,living
8,B,B8,B8_01295,1.606,1.719,1.875,1.091,25.811,565.842,2.589,0.045614,living
8,B,B8,B8_01296,1.69,1.910,2.027,1.061,41.71,557.92,2.34,0.07476,living
8,B,B8,B8_01297,2.974,2.180,2.873,1.318,48.415,685.972,27.767,0.070578,dead
8,B,B8,B8_01298,1.656,2.180,2.144,0.983,23.847,507.939,49.112,0.046948,dead
8,B,B8,B8_01299,1.369,1.923,1.831,0.952,38.025,522.543,2.321,0.072769,living
8,B,B8,B8_01301,2.113,2.911,2.799,0.961,38.256,503.504,2.536,0.07598,living
8,B,B8,B8_01302,2.873,2.180,2.824,1.295,20.647,482.371,26.253,0.042803,dead
8,B,B8,B8_01303,1.352,2.470,2.062,0.835,16.488,474.575,2.438,0.034742,living
8,B,B8,B8_01304,2.129,2.180,2.431,1.115,33.103,526.444,5.548,0.062881,dead
8,B,B8,B8_01305,1.115,1.548,1.482,0.958,28.758,539.924,2.606,0.053262,living
8,B,B8,B8_01306,2.248,2.059,2.428,1.179,30.94,633.353,2.767,0.048851,living
8,B,B8,B8_01307,1.944,1.998,2.224,1.113,12.357,479.496,2.391,0.02577,living
8,B,B8,B8_01308,1.504,2.391,2.140,0.895,17.427,522.236,2.551,0.03337,living
8,B,B8,B8_01310,1.268,2.344,1.945,0.830,14.933,490.707,1.733,0.030432,living
8,B,B8,B8_01311,1.944,2.065,2.261,1.095,21.574,567.217,2.461,0.038035,living
8,B,B8,B8_01312,1.453,2.180,2.008,0.921,16.57,523.326,3.93,0.031662,living
8,B,B8,B8_01313,1.944,2.867,2.664,0.929,11.878,527.713,2.496,0.022509,living
8,B,B8,B8_01314,1.403,1.939,1.861,0.960,18.325,567.723,3.036,0.032279,living
8,B,B8,B8_01316,1.301,2.480,2.027,0.817,12.623,482.792,2.532,0.026147,living
8,B,B8,B8_01320,1.369,1.879,1.810,0.963,41.691,588.247,2.321,0.070874,living
8,B,B8,B8_01322,2.079,1.984,2.292,1.155,102.894,586.13,2.577,0.175549,living
8,B,B8,B8_01323,0.811,2.026,1.446,0.714,58.417,478.854,2.771,0.121993,living
8,B,B8,B8_01324,1.555,2.811,2.359,0.839,47.826,492.033,2.837,0.097201,living
8,B,B8,B8_01325,1.622,1.942,2.003,1.031,21.104,579.312,2.365,0.03643,living
8,B,B8,B8_01326,2.383,2.350,2.670,1.136,56.943,622.993,2.482,0.091403,living
8,B,B8,B8_01328,2.822,1.813,2.552,1.408,89.886,961.102,2.15,0.093524,living
8,B,B8,B8_01329,1.944,2.180,2.323,1.065,98,554.052,3.174,0.176879,living
8,B,B8,B8_01330,1.622,1.970,2.017,1.024,62.333,618.042,2.188,0.100856,living
8,B,B8,B8_01332,2.738,2.180,2.757,1.264,93.827,631.043,3.142,0.148686,living
8,B,B8,B8_01333,2.451,1.977,2.484,1.256,115.745,693.952,2.724,0.166791,living
8,B,B8,B8_01334,1.234,2.180,1.851,0.849,48.521,523.521,8.342,0.092681,dead
8,B,B8,B8_01335,1.284,1.677,1.656,0.987,57.776,598.026,3.224,0.096612,living
8,B,B8,B8_01336,1.724,2.293,2.243,0.978,90.951,554.843,2.206,0.163922,living
8,B,B8,B8_01337,2.805,3.029,3.289,1.086,53.578,647.283,2.151,0.082774,living
8,B,B8,B8_01338,1.082,2.895,1.997,0.690,37.359,510.094,3.516,0.07324,living
8,B,B8,B8_01339,2.197,2.108,2.428,1.152,98.269,662.1,2.408,0.148421,living
8,B,B8,B8_01340,1.538,2.180,2.066,0.948,56.099,552.055,4.725,0.101618,living
8,B,B8,B8_01341,1.234,2.180,1.851,0.849,68.411,442.096,14.658,0.154742,dead
8,B,B8,B8_01344,1.065,2.180,1.719,0.789,50.048,516.492,4.365,0.096899,living
8,B,B8,B8_01345,2.687,2.465,2.904,1.178,82.623,671.214,2.459,0.123094,living
8,B,B8,B8_01346,1.369,2.118,1.921,0.907,75.79,565.259,2.222,0.13408,living
8,B,B8,B8_01348,1.977,1.622,2.021,1.246,84.829,714.188,2.59,0.118777,living
8,B,B8,B8_01349,2.501,2.610,2.883,1.105,53.297,609.534,2.453,0.087439,living
8,B,B8,B8_01350,2.129,2.245,2.467,1.099,66.746,641.738,2.659,0.104008,living
8,B,B8,B8_01351,1.994,2.180,2.353,1.079,75.076,609.169,9.339,0.123244,dead
8,B,B8,B8_01352,2.822,2.636,3.078,1.168,37.665,608.826,2.886,0.061864,living
8,B,B8,B8_01354,2.163,2.064,2.384,1.155,58.711,700.688,2.859,0.08379,living
8,B,B8,B8_01355,1.014,1.303,1.297,0.995,17.817,641.333,2.633,0.027781,living
8,B,B8,B8_01356,1.453,2.136,1.988,0.931,44.012,587.628,2,0.074897,living
8,B,B8,B8_01358,1.065,2.180,1.719,0.789,25.921,490.556,22.873,0.052839,dead
8,B,B8,B8_01359,1.47,2.494,2.161,0.866,24.586,576.184,2.356,0.042671,living
8,B,B8,B8_01360,2.045,2.272,2.432,1.071,29.405,583.851,2.826,0.050364,living
8,B,B8,B8_01361,2.18,2.644,2.709,1.025,35.031,610.76,2.589,0.057356,living
8,B,B8,B8_01362,1.487,1.628,1.756,1.078,18.886,684.75,2.886,0.027581,living
8,B,B8,B8_01363,2.586,2.251,2.722,1.209,21.503,571.137,2.268,0.03765,living
8,B,B8,B8_01365,1.487,1.835,1.864,1.016,23.67,647.295,2.477,0.036568,living
8,B,B8,B8_01366,1.521,2.114,2.023,0.957,26.1,635.156,2.444,0.041092,living
8,B,B8,B8_01367,2.569,1.746,2.390,1.369,28.836,576.296,2.743,0.050036,living
8,B,B8,B8_01369,2.079,1.546,2.023,1.309,24.715,678.252,2.26,0.03644,living
8,B,B8,B8_01371,1.622,2.100,2.083,0.992,14.719,567.062,3.01,0.025956,living
8,B,B8,B8_01373,1.335,1.907,1.800,0.944,18.861,458.975,2.557,0.041093,living
8,B,B8,B8_01374,1.859,1.586,1.938,1.222,74.755,490.255,2.282,0.152481,living
8,B,B8,B8_01375,2.113,2.059,2.354,1.143,95.128,531.528,2.592,0.178971,living
8,B,B8,B8_01376,2.383,1.879,2.388,1.271,99.816,552.624,2.34,0.180621,living
8,B,B8,B8_01378,1.538,1.938,1.948,1.005,28.857,490.495,2.407,0.058833,living
8,B,B8,B8_01379,1.622,1.733,1.892,1.092,15.146,483.365,2.708,0.031334,living
8,B,B8,B8_01380,2.197,1.522,2.063,1.356,44.692,720.831,2.546,0.062001,living
8,B,B8,B8_01382,1.876,2.180,2.282,1.047,21.559,474.604,7.604,0.045424,dead
8,B,B8,B8_01383,1.842,1.484,1.866,1.257,44.174,627.505,2.78,0.070397,living
8,B,B8,B8_01384,1.791,2.010,2.141,1.065,38.811,554.887,2.33,0.069945,living
8,B,B8,B8_01385,1.521,1.909,1.923,1.007,15.356,511.111,2.656,0.030043,living
8,B,B8,B8_01386,1.673,2.149,2.140,0.996,32.152,492.556,2.333,0.065275,living
8,B,B8,B8_01388,1.504,2.180,2.043,0.937,13.191,432.034,26.843,0.030532,dead
8,B,B8,B8_01391,1.927,1.471,1.900,1.291,18.649,630.789,2.079,0.029565,living
8,B,B8,B8_01392,1.031,2.423,1.783,0.736,14.361,445.689,2.77,0.032221,living
8,B,B8,B8_01393,1.284,2.180,1.888,0.866,10.934,441.079,19.553,0.02479,dead
8,B,B8,B8_01395,1.927,2.861,2.649,0.926,58.465,524.816,2.386,0.111401,living
8,B,B8,B8_01396,2.383,2.342,2.666,1.138,79.184,536.043,2.816,0.14772,living
8,B,B8,B8_01397,1.014,1.710,1.486,0.869,72.417,511.183,2.417,0.141665,living
8,B,B8,B8_01398,1.825,1.764,2.025,1.148,81.259,528.685,2.528,0.153701,living
8,B,B8,B8_01399,2.113,1.700,2.139,1.258,46.456,663.912,2.064,0.069973,living
8,B,B8,B8_01400,1.403,1.944,1.864,0.959,103.386,517.795,2.422,0.199665,living
8,B,B8,B8_01401,1.859,2.180,2.272,1.042,102.055,555.136,3.291,0.183837,living
8,B,B8,B8_01403,1.944,2.180,2.323,1.065,115.409,583.583,7.617,0.197759,dead
8,B,B8,B8_01404,2.282,1.676,2.207,1.317,127.274,719.541,2.444,0.176882,living
8,B,B8,B8_01405,1.639,2.214,2.149,0.971,53.227,549.093,2.443,0.096936,living
8,B,B8,B8_01406,1.825,1.882,2.091,1.111,53.981,584.361,2.481,0.092377,living
8,B,B8,B8_01407,1.572,2.180,2.089,0.958,64.183,549.731,12.935,0.116753,dead
8,B,B8,B8_01408,1.944,1.950,2.197,1.127,71.704,686.67,2.148,0.104423,living
8,B,B8,B8_01410,0.862,2.141,1.533,0.716,32.529,495.922,2.314,0.065594,living
8,B,B8,B8_01411,1.352,1.538,1.627,1.058,67.987,494.175,3.175,0.137578,living
8,B,B8,B8_01412,2.417,2.180,2.590,1.188,89.797,671.748,4.545,0.133677,living
8,B,B8,B8_01413,1.69,1.780,1.957,1.099,68.83,552,2.63,0.124692,living
8,B,B8,B8_01414,1.741,2.180,2.198,1.008,21.155,539.214,36.485,0.039234,dead
8,B,B8,B8_01415,1.234,1.908,1.731,0.907,66.836,525.356,3.096,0.12722,living
8,B,B8,B8_01416,1.69,1.687,1.905,1.129,33.93,681.47,2.65,0.049789,living
8,B,B8,B8_01417,1.589,1.861,1.940,1.043,32.67,617.745,2.362,0.052886,living
8,B,B8,B8_01418,1.859,2.428,2.397,0.987,42.282,588.009,2.827,0.071907,living
8,B,B8,B8_01419,2.18,1.778,2.222,1.249,23.581,571.442,2.403,0.041266,living
8,B,B8,B8_01420,0.997,2.033,1.606,0.790,15.051,564.356,2.763,0.026669,living
8,B,B8,B8_01421,1.622,1.661,1.852,1.115,27.406,700.125,3.104,0.039145,living
8,B,B8,B8_01422,1.132,2.180,1.773,0.813,13.896,569.642,3.97,0.024393,living
8,B,B8,B8_01423,1.099,2.180,1.747,0.801,10.938,509.846,3.523,0.021454,living
8,B,B8,B8_01425,2.383,2.293,2.638,1.150,79.901,553.135,2.277,0.144451,living
8,B,B8,B8_01426,1.825,2.008,2.160,1.076,24.806,476.176,2.185,0.052093,living
8,B,B8,B8_01427,1.166,2.180,1.799,0.825,95.333,521.406,12.609,0.182839,dead
8,B,B8,B8_01428,2.873,1.855,2.605,1.404,101.194,575.194,2.453,0.17593,living
8,B,B8,B8_01429,1.065,2.180,1.719,0.789,27.365,505.413,10.587,0.054144,dead
8,B,B8,B8_01430,1.504,2.600,2.231,0.858,23.843,546.809,2.169,0.043603,living
8,B,B8,B8_01431,1.031,2.180,1.692,0.776,34.885,488.148,38.672,0.071465,dead
8,B,B8,B8_01432,2.146,2.865,2.798,0.977,19.22,472.134,2.803,0.04071,living
8,B,B8,B8_01433,2.383,2.138,2.547,1.191,113.631,613.922,2.348,0.185091,living
8,B,B8,B8_01434,1.842,1.879,2.099,1.117,21.596,607.505,2.385,0.035549,living
8,B,B8,B8_01435,1.977,1.906,2.190,1.149,85.239,580.684,2.197,0.146791,living
8,B,B8,B8_01436,2.569,2.255,2.716,1.204,100.112,663.414,2.664,0.150904,living
8,B,B8,B8_01437,1.369,2.068,1.899,0.918,23.765,560.765,2.556,0.04238,living
8,B,B8,B8_01438,1.369,2.412,2.050,0.850,42.79,520.062,2.654,0.082279,living
8,B,B8,B8_01439,2.721,1.922,2.580,1.343,17.031,592.826,2.373,0.028729,living
8,B,B8,B8_01440,0.828,2.019,1.459,0.723,24.224,505.918,2.571,0.047882,living
8,B,B8,B8_01441,1.791,1.757,2.002,1.139,52.547,615.226,2.33,0.085411,living
8,B,B8,B8_01442,1.132,1.951,1.677,0.860,14.567,547.97,3.403,0.026584,living
8,B,B8,B8_01443,1.944,2.180,2.323,1.065,65.13,615.243,5.461,0.105861,dead
8,B,B8,B8_01445,1.521,2.180,2.055,0.942,18.711,565.822,3.856,0.033069,living
8,B,B8,B8_01446,1.335,2.340,1.994,0.852,15.025,529.81,2.038,0.02836,living
8,B,B8,B8_01447,1.572,2.180,2.089,0.958,31.151,531.301,15.763,0.058631,dead
8,B,B8,B8_01448,2.822,1.740,2.500,1.437,52.228,787.335,2.383,0.066335,living
8,B,B8,B8_01449,1.487,1.964,1.928,0.982,24.716,581.557,2.682,0.0425,living
8,B,B8,B8_01450,2.603,2.180,2.688,1.233,27.974,613.039,4.494,0.045632,living
8,B,B8,B8_01451,1.318,1.716,1.697,0.989,29.91,598.603,2.5,0.049967,living
8,B,B8,B8_01452,2.197,2.180,2.470,1.133,34.908,766.231,26.485,0.045558,dead
8,B,B8,B8_01453,2.248,2.022,2.406,1.190,21.361,660.947,2.827,0.032319,living
8,B,B8,B8_01454,0.93,1.844,1.478,0.801,21.036,559.855,2.691,0.037575,living
8,B,B8,B8_01455,1.352,2.978,2.264,0.760,11.675,526.325,2.038,0.022182,living
8,B,B8,B8_01457,1.284,2.180,1.888,0.866,14.237,508.408,41.724,0.028003,dead
8,B,B8,B8_01458,1.741,2.500,2.354,0.942,18.612,570.981,2.544,0.032596,living
8,B,B8,B8_01459,1.825,2.388,2.356,0.986,22.565,583.611,2.824,0.038664,living
8,B,B8,B8_01460,1.504,2.611,2.236,0.856,11.146,521.82,2.292,0.02136,living
8,B,B8,B8_01461,2.366,2.443,2.713,1.110,16.043,541.993,2.507,0.0296,living
8,B,B8,B8_01462,2.653,2.045,2.628,1.285,11.879,491.796,2.516,0.024154,living
8,B,B8,B8_01463,1.217,2.773,2.073,0.748,13.931,392.986,3.083,0.035448,living
8,B,B8,B8_01464,1.014,2.984,1.963,0.658,14.95,377.05,2.45,0.03965,living
8,B,B8,B8_01465,1.47,2.180,2.020,0.927,82.092,407.759,44.77,0.201325,dead
8,B,B8,B8_01466,1.808,2.082,2.189,1.052,63.477,455.607,2.374,0.139323,living
8,B,B8,B8_01468,2.501,2.351,2.736,1.164,35.338,504.912,2.277,0.069988,living
8,B,B8,B8_01469,2.636,2.247,2.746,1.222,87.013,514.628,2.788,0.169079,living
8,B,B8,B8_01470,2.062,2.468,2.545,1.031,18.967,495.402,2.262,0.038287,living
8,B,B8,B8_01471,1.91,1.946,2.175,1.118,29.628,510.858,2.239,0.057997,living
8,B,B8,B8_01472,2.146,2.180,2.441,1.119,49.063,427.543,21.307,0.114756,dead
8,B,B8,B8_01473,2.467,1.936,2.466,1.274,34.055,618.123,2.479,0.055094,living
8,B,B8,B8_01474,2.028,1.712,2.103,1.228,24.192,539.042,2.808,0.044879,living
8,B,B8,B8_01475,1.893,1.877,2.127,1.133,19.714,521.482,2.152,0.037804,living
8,B,B8,B8_01476,1.927,1.607,1.986,1.236,12.175,445,2.307,0.027361,living
8,B,B8,B8_01481,1.606,1.823,1.931,1.059,16.632,516.137,2.484,0.032223,living
9,A,A9,A9_00001,1.606,2.319,2.178,0.939,28.084,529.842,2.642,0.053005,living
9,A,A9,A9_00002,2.484,2.267,2.678,1.181,112.653,581.639,2.81,0.193682,living
9,A,A9,A9_00003,1.825,2.265,2.294,1.013,72.5,571.167,54.833,0.126933,dead
9,A,A9,A9_00004,2.045,1.857,2.199,1.184,37.298,665.537,2.826,0.056041,living
9,A,A9,A9_00006,2.113,1.964,2.299,1.170,31.856,652.576,2.848,0.048816,living
9,A,A9,A9_00008,2.298,2.265,2.574,1.137,32.007,565.154,2.647,0.056635,living
9,A,A9,A9_00009,1.234,2.265,1.886,0.833,38.452,350.507,2.425,0.109704,living
9,A,A9,A9_00010,2.146,2.265,2.488,1.098,45.693,421.945,2.661,0.108291,living
9,A,A9,A9_00011,2.129,2.265,2.478,1.094,74.722,524.659,2.016,0.142421,living
9,A,A9,A9_00012,2.991,2.265,2.937,1.297,31.627,594.655,2.514,0.053186,living
9,A,A9,A9_00013,2.282,2.265,2.565,1.133,23.281,496.393,3.007,0.046901,living
9,A,A9,A9_00014,2.873,2.265,2.878,1.271,35.641,510.759,2.765,0.069781,living
9,A,A9,A9_00017,0.997,1.952,1.574,0.806,16.051,397.915,2.898,0.040337,living
9,A,A9,A9_00018,2.129,2.265,2.478,1.094,115.087,600.468,2.532,0.191663,living
9,A,A9,A9_00019,2.045,2.265,2.428,1.072,50.248,427.545,2.86,0.117527,living
9,A,A9,A9_00020,2.687,2.265,2.784,1.229,70.403,627.346,2.189,0.112223,living
9,A,A9,A9_00021,2.907,2.265,2.895,1.278,32.826,707.11,2.424,0.046422,living
9,A,A9,A9_00022,1.927,2.213,2.330,1.053,15.333,591.333,2.719,0.02593,living
9,A,A9,A9_00023,2.62,2.265,2.749,1.214,91.955,693.252,2.542,0.132643,living
9,A,A9,A9_00024,1.538,2.265,2.106,0.930,103.692,622.527,2.374,0.166567,living
9,A,A9,A9_00025,2.552,2.265,2.713,1.198,133.086,777.47,2.272,0.171178,living
9,A,A9,A9_00026,2.535,2.265,2.704,1.194,76.947,892.913,2.82,0.086175,living
9,A,A9,A9_00027,2.113,2.265,2.468,1.090,61.104,722.344,2.608,0.084591,living
9,A,A9,A9_00028,1.707,2.265,2.219,0.980,42.554,792.574,2.693,0.053691,living
9,A,A9,A9_00029,2.484,2.265,2.676,1.182,59.837,703.517,2.673,0.085054,living
9,A,A9,A9_00030,1.521,2.488,2.195,0.882,31.433,673.244,2.067,0.046689,living
9,A,A9,A9_00031,2.603,2.265,2.740,1.210,105.779,491.669,2.26,0.215143,living
9,A,A9,A9_00032,1.876,1.954,2.160,1.106,80.333,502.721,2.333,0.159797,living
9,A,A9,A9_00035,1.994,2.345,2.440,1.041,70.475,633.729,2.72,0.111206,living
9,A,A9,A9_00037,1.521,1.639,1.782,1.087,67.067,410.6,2.689,0.163338,living
9,A,A9,A9_00039,1.386,1.819,1.792,0.985,60.707,373.232,2.646,0.162653,living
9,A,A9,A9_00040,1.977,2.265,2.388,1.054,42.419,337.658,46.009,0.125626,dead
9,A,A9,A9_00043,2.011,1.946,2.232,1.147,22.109,455.882,1.689,0.048498,living
9,A,A9,A9_00044,1.318,2.415,2.013,0.834,14.603,365.936,2.897,0.039905,living
9,A,A9,A9_00045,1.538,2.141,2.048,0.956,14.78,396.714,2.198,0.037257,living
9,A,A9,A9_00048,1.859,2.265,2.315,1.022,38.873,469.691,2.682,0.082762,living
9,A,A9,A9_00049,1.673,2.265,2.196,0.970,28.02,497.525,2.707,0.056319,living
9,A,A9,A9_00050,1.453,2.265,2.047,0.904,20.674,443,2.198,0.046669,living
9,A,A9,A9_00051,0.963,2.265,1.666,0.736,11.772,432.105,2.246,0.027243,living
9,A,A9,A9_00053,1.741,2.301,2.258,0.982,45.019,455.291,3,0.09888,living
9,A,A9,A9_00054,0.811,2.265,1.529,0.675,10.958,400.958,134.271,0.02733,dead
9,A,A9,A9_00055,2.991,2.265,2.937,1.297,13.39,485.446,3.475,0.027583,living
9,A,A9,A9_00056,0.997,2.993,1.949,0.651,15.593,400.814,2.644,0.038904,living
9,A,A9,A9_00057,1.521,2.265,2.094,0.925,15.233,425.889,4.956,0.035768,living
9,A,A9,A9_00059,1.96,2.649,2.571,0.971,10.388,492.129,2.707,0.021108,living
9,A,A9,A9_00060,2.129,2.265,2.478,1.094,28.365,532.54,2.754,0.053264,living
9,A,A9,A9_00061,1.791,2.265,2.273,1.003,43.009,477.547,2.783,0.090063,living
9,A,A9,A9_00062,2.096,2.265,2.458,1.086,23.105,559.71,2.21,0.04128,living
9,A,A9,A9_00063,1.91,1.976,2.192,1.109,14.699,602.133,2.646,0.024412,living
9,A,A9,A9_00064,1.91,2.265,2.347,1.036,82.823,423.602,2.469,0.195521,living
9,A,A9,A9_00065,2.282,2.265,2.565,1.133,91.77,535.667,2.474,0.17132,living
9,A,A9,A9_00066,2.789,2.265,2.836,1.252,73.945,648.152,2.63,0.114087,living
9,A,A9,A9_00067,2.045,2.265,2.428,1.072,42.347,572.273,2.388,0.073998,living
9,A,A9,A9_00072,1.656,2.265,2.185,0.965,36.306,669.398,2.551,0.054237,living
9,A,A9,A9_00075,1.69,2.074,2.113,1.019,42.46,78.24,2.18,0.542689,living
9,A,A9,A9_00077,1.673,1.999,2.064,1.032,19.283,104.758,2.687,0.184071,living
9,A,A9,A9_00079,2.129,2.265,2.478,1.094,111.294,610.159,2.54,0.182401,living
9,A,A9,A9_00080,1.352,1.852,1.786,0.964,12.738,525.288,2.562,0.024249,living
9,A,A9,A9_00082,2.062,2.265,2.438,1.077,60.59,369.164,2.254,0.164128,living
9,A,A9,A9_00086,1.639,2.265,2.174,0.960,104.67,449.134,135.979,0.233049,dead
9,A,A9,A9_00087,2.67,2.401,2.857,1.190,62.778,576.392,2.475,0.108916,living
9,A,A9,A9_00088,2.045,2.610,2.607,0.999,45.107,490.636,2.223,0.091937,living
9,A,A9,A9_00090,1.96,2.357,2.425,1.029,20.44,551.75,2.983,0.037045,living
9,A,A9,A9_00092,1.166,2.265,1.834,0.810,124.884,1198.159,2.681,0.10423,living
9,A,A9,A9_00093,1.284,2.282,1.932,0.846,212.026,1198.618,2.395,0.176892,living
9,A,A9,A9_00094,2.772,2.265,2.827,1.248,41.061,577.262,2.579,0.071131,living
9,A,A9,A9_00095,2.332,2.265,2.593,1.145,19.609,513.297,2.297,0.038201,living
9,A,A9,A9_00096,2.028,2.265,2.418,1.068,20.383,560.758,2.283,0.03635,living
9,A,A9,A9_00097,1.775,2.265,2.262,0.999,18.648,492.39,2.524,0.037872,living
9,A,A9,A9_00099,2.062,2.265,2.438,1.077,65.967,701.492,2.27,0.094038,living
9,A,A9,A9_00100,1.589,2.265,2.141,0.945,30.553,639.628,2.585,0.047767,living
9,A,A9,A9_00101,1.724,2.265,2.230,0.985,58.167,581.686,2.755,0.099997,living
9,A,A9,A9_00102,2.907,2.265,2.895,1.278,34.547,654.419,2.436,0.05279,living
9,A,A9,A9_00105,2.265,1.842,2.305,1.251,30.06,489.201,2.5,0.061446,living
9,A,A9,A9_00106,1.47,2.705,2.250,0.832,58.195,306.54,2.816,0.189846,living
9,A,A9,A9_00107,2.856,2.091,2.757,1.319,28.852,513.402,2.722,0.056198,living
9,A,A9,A9_00112,1.825,2.269,2.296,1.012,35.528,507.565,2.528,0.069997,living
9,A,A9,A9_00113,2.789,2.265,2.836,1.252,74.352,712.382,3.012,0.10437,living
9,A,A9,A9_00117,1.893,2.265,2.336,1.032,20.562,460.812,12.491,0.044622,dead
9,A,A9,A9_00122,0.913,2.265,1.623,0.716,13.278,394.981,128.519,0.033616,dead
9,A,A9,A9_00123,1.335,1.990,1.839,0.924,53.671,460.278,2.367,0.116605,living
9,A,A9,A9_00124,1.606,1.887,1.964,1.041,53.558,495.663,2.484,0.108053,living
9,A,A9,A9_00125,2.231,2.265,2.536,1.120,83.659,412.379,80.939,0.20287,dead
9,A,A9,A9_00126,1.741,2.265,2.241,0.989,47.854,581.66,31.845,0.082272,dead
9,A,A9,A9_00127,1.437,1.553,1.686,1.085,31.518,526.306,2.612,0.059885,living
9,A,A9,A9_00130,2.315,2.991,2.969,0.993,32.197,437.883,2.292,0.073529,living
9,A,A9,A9_00131,2.045,2.017,2.292,1.136,36.124,528.231,2.496,0.068387,living
9,A,A9,A9_00132,2.755,2.265,2.819,1.245,33.853,521.117,30.742,0.064962,dead
9,A,A9,A9_00135,1.504,1.969,1.942,0.986,33.989,467.596,2.36,0.072688,living
9,A,A9,A9_00136,1.707,1.571,1.848,1.176,24.465,504.574,2.505,0.048487,living
9,A,A9,A9_00138,2.687,2.265,2.784,1.229,63.472,739.113,2.459,0.085875,living
9,A,A9,A9_00139,1.082,2.265,1.766,0.780,48.312,408.375,2.656,0.118304,living
9,A,A9,A9_00140,0.98,3.043,1.949,0.640,45.931,362.241,2.534,0.126797,living
9,B,B9,B9_00001,1.217,1.775,1.658,0.934,46.042,215.042,2.736,0.214106,living
9,B,B9,B9_00002,0.93,1.882,1.493,0.793,19.891,212.891,1.636,0.093432,living
9,B,B9,B9_00003,1.842,2.007,2.170,1.081,37.743,236.651,2.183,0.159488,living
9,B,B9,B9_00005,1.082,2.260,1.764,0.781,35.281,191.25,22.656,0.184477,dead
9,B,B9,B9_00006,1.487,2.377,2.121,0.892,61.443,185.625,2.705,0.331007,living
9,B,B9,B9_00007,1.555,1.744,1.858,1.065,65.837,236.5,2.924,0.27838,living
9,B,B9,B9_00008,1.183,2.843,2.069,0.728,14.929,184.914,3.086,0.080732,living
9,B,B9,B9_00009,2.062,1.883,2.223,1.181,58.18,258.402,2.525,0.225155,living
9,B,B9,B9_00010,2.62,2.824,3.069,1.087,40.181,257.219,2.426,0.156212,living
9,B,B9,B9_00011,2.028,1.739,2.119,1.219,84.383,263.642,3.033,0.320068,living
9,B,B9,B9_00012,2.873,2.620,3.096,1.182,57.141,248.312,2.571,0.230119,living
9,B,B9,B9_00013,0.811,1.633,1.299,0.795,19.896,217.146,2.292,0.091624,living
9,B,B9,B9_00014,2.4,1.970,2.454,1.245,84.627,270.859,2.437,0.312438,living
9,B,B9,B9_00015,2.89,2.441,2.997,1.228,68.468,251.684,2.316,0.272039,living
9,B,B9,B9_00016,1.166,2.260,1.832,0.811,22.275,211.971,48.638,0.105087,dead
9,B,B9,B9_00017,2.484,1.716,2.330,1.358,28.891,318.986,2.367,0.090572,living
9,B,B9,B9_00018,2.991,2.337,2.983,1.277,70.192,279.938,2.638,0.250742,living
9,B,B9,B9_00019,2.856,2.858,3.224,1.128,52.225,241.751,2.68,0.216027,living
9,B,B9,B9_00020,2.163,2.315,2.525,1.091,42.125,248.445,2.492,0.169554,living
9,B,B9,B9_00021,2.028,2.260,2.416,1.069,58.5,245.892,4.517,0.23791,living
9,B,B9,B9_00022,1.741,1.778,1.985,1.117,49.874,249.728,2.689,0.199712,living
9,B,B9,B9_00023,1.741,2.771,2.478,0.894,39.282,207.272,2.447,0.189517,living
9,B,B9,B9_00025,1.504,1.873,1.894,1.011,43.18,235.843,2.157,0.183087,living
9,B,B9,B9_00026,2.18,2.395,2.578,1.077,34.574,241.457,2.76,0.143187,living
9,B,B9,B9_00027,1.268,1.884,1.744,0.926,33.533,215.467,2.2,0.155631,living
9,B,B9,B9_00028,1.893,1.931,2.157,1.117,32.518,242.804,2.616,0.133927,living
9,B,B9,B9_00029,1.724,2.260,2.227,0.986,40.127,229.353,2.863,0.174959,living
9,B,B9,B9_00030,1.453,2.260,2.045,0.905,18.791,236.349,13.802,0.079504,dead
9,B,B9,B9_00031,2.484,2.651,2.896,1.092,36.088,248.687,2.973,0.145116,living
9,B,B9,B9_00032,2.755,2.537,2.983,1.176,41.037,259.061,2.301,0.158406,living
9,B,B9,B9_00033,1.234,2.260,1.884,0.834,19.575,229.082,33.342,0.085451,dead
9,B,B9,B9_00035,2.434,2.014,2.498,1.240,37.236,310.958,2.66,0.119746,living
9,B,B9,B9_00036,1.589,2.260,2.138,0.946,28.223,219.117,8.798,0.128805,dead
9,B,B9,B9_00038,2.163,2.291,2.512,1.096,22.828,257.914,3.102,0.088511,living
9,B,B9,B9_00039,1.639,1.962,2.023,1.031,19.381,253.546,2.289,0.076441,living
9,B,B9,B9_00040,2.434,2.260,2.646,1.171,18.382,299.035,4.069,0.061471,living
9,B,B9,B9_00041,2.163,2.917,2.834,0.972,14.32,241.516,2.289,0.059294,living
9,B,B9,B9_00042,2.282,2.128,2.487,1.168,22.252,295.541,2.63,0.075292,living
9,B,B9,B9_00043,1.758,2.260,2.249,0.995,16.519,250.202,4.683,0.066024,living
9,B,B9,B9_00045,1.791,2.448,2.363,0.965,15.358,239.321,2.547,0.064175,living
9,B,B9,B9_00047,1.758,2.425,2.330,0.961,14.625,246.087,2.183,0.05943,living
9,B,B9,B9_00048,0.997,1.880,1.545,0.822,12.39,244.305,2.576,0.050715,living
9,B,B9,B9_00049,2.096,2.479,2.572,1.038,13.782,258.919,2.258,0.05323,living
9,B,B9,B9_00050,1.538,1.680,1.814,1.080,13.505,273.659,2.341,0.049351,living
9,B,B9,B9_00051,1.724,2.934,2.538,0.865,10.167,225.441,2.422,0.045097,living
9,B,B9,B9_00053,2.18,2.513,2.641,1.051,14.178,257.829,2.465,0.054991,living
9,B,B9,B9_00056,2.113,2.346,2.512,1.071,64.616,275.28,2.408,0.234728,living
9,B,B9,B9_00057,2.163,2.315,2.525,1.091,86,269.25,2.805,0.319406,living
9,B,B9,B9_00058,2.062,2.379,2.499,1.051,68.041,261.041,2.328,0.260652,living
9,B,B9,B9_00059,1.099,2.260,1.778,0.787,79.154,230.8,16.615,0.342954,dead
9,B,B9,B9_00060,1.183,2.282,1.854,0.812,25.743,264.943,2.657,0.097164,living
9,B,B9,B9_00061,1.318,2.260,1.947,0.862,45.423,228.526,30.474,0.198766,dead
9,B,B9,B9_00062,1.099,1.767,1.572,0.890,57.431,249.477,2.415,0.230205,living
9,B,B9,B9_00063,2.941,2.390,2.992,1.252,52.598,363.126,2.552,0.144847,living
9,B,B9,B9_00064,1.082,2.663,1.915,0.719,31.859,233.297,2.062,0.136562,living
9,B,B9,B9_00065,1.572,2.022,2.012,0.995,77.301,256.118,2.29,0.301818,living
9,B,B9,B9_00066,1.453,1.797,1.823,1.015,18.093,284.058,2.093,0.063695,living
9,B,B9,B9_00067,0.997,2.260,1.694,0.749,40.068,263.169,19.203,0.152251,dead
9,B,B9,B9_00068,0.879,2.260,1.590,0.704,71.212,230.712,32.577,0.30866,dead
9,B,B9,B9_00069,1.859,1.707,2.010,1.178,35.627,253.936,2.682,0.1403,living
9,B,B9,B9_00070,2.738,2.313,2.840,1.228,54.062,338.636,2.642,0.159646,living
9,B,B9,B9_00071,1.099,1.742,1.561,0.896,34.4,271.631,2.154,0.126643,living
9,B,B9,B9_00072,0.98,1.676,1.446,0.863,45.121,280.431,2.19,0.160898,living
9,B,B9,B9_00073,1.099,2.260,1.778,0.787,51.862,247.785,29.308,0.209301,dead
9,B,B9,B9_00074,1.065,1.787,1.557,0.871,42.873,258.444,3.603,0.165889,living
9,B,B9,B9_00075,0.828,1.931,1.427,0.739,28.245,255.755,1.755,0.110437,living
9,B,B9,B9_00076,2.349,3.174,3.081,0.971,46.079,271.554,2.468,0.169687,living
9,B,B9,B9_00077,2.4,2.260,2.628,1.163,44.408,268.683,3.451,0.165282,living
9,B,B9,B9_00078,1.791,2.936,2.588,0.881,32.123,260.623,2.594,0.123253,living
9,B,B9,B9_00079,1.318,2.260,1.947,0.862,29.474,304.436,2.923,0.096816,living
9,B,B9,B9_00080,1.91,1.963,2.185,1.113,50.336,323.584,2.965,0.155559,living
9,B,B9,B9_00082,1.115,1.881,1.634,0.869,29.288,285.864,2.879,0.102454,living
9,B,B9,B9_00083,1.301,1.917,1.782,0.930,21.429,284.948,2.39,0.075202,living
9,B,B9,B9_00084,1.268,1.668,1.641,0.984,24.893,306.067,2.373,0.081333,living
9,B,B9,B9_00085,2.552,2.088,2.605,1.247,30.411,379.377,2.411,0.080159,living
9,B,B9,B9_00087,1.91,2.396,2.414,1.007,22.248,307.761,2.416,0.072289,living
9,B,B9,B9_00089,1.217,2.260,1.871,0.828,12.931,258.694,3.264,0.049984,living
9,B,B9,B9_00090,1.724,2.600,2.389,0.919,19.755,278.118,2.627,0.071031,living
9,B,B9,B9_00093,1.589,1.480,1.730,1.169,23.202,358.096,2.457,0.064793,living
9,B,B9,B9_00094,0.997,2.260,1.694,0.749,13.475,237.153,3.814,0.056818,living
9,B,B9,B9_00095,1.606,2.098,2.071,0.987,15.789,299.295,2.568,0.052756,living
9,B,B9,B9_00096,1.606,3.052,2.498,0.819,16.053,274.926,2.421,0.058389,living
9,B,B9,B9_00097,1.808,2.078,2.187,1.053,15.28,306.215,2.449,0.049901,living
9,B,B9,B9_00098,1.572,2.260,2.127,0.941,15.269,303.538,3.699,0.050303,living
9,B,B9,B9_00099,1.099,2.047,1.692,0.827,12.692,264.4,2.462,0.048004,living
9,B,B9,B9_00100,1.487,2.260,2.068,0.915,15.318,290.818,3.25,0.052673,living
9,B,B9,B9_00101,0.879,2.429,1.649,0.679,11.192,266.615,2.385,0.041979,living
9,B,B9,B9_00102,2.214,2.300,2.546,1.107,73.191,251.985,2.099,0.290457,living
9,B,B9,B9_00103,1.47,1.747,1.808,1.035,64.506,221.747,2.368,0.290898,living
9,B,B9,B9_00104,1.352,2.260,1.972,0.873,68.638,222.525,3.4,0.308448,living
9,B,B9,B9_00105,2.67,2.036,2.631,1.292,92.57,288.684,2.449,0.320661,living
9,B,B9,B9_00106,2.214,2.260,2.524,1.117,72.511,229.191,6.908,0.31638,dead
9,B,B9,B9_00107,2.755,2.979,3.233,1.085,70.442,254.767,2.344,0.276495,living
9,B,B9,B9_00108,1.284,1.869,1.748,0.935,42.474,241.066,2.25,0.176191,living
9,B,B9,B9_00109,1.031,2.260,1.722,0.762,35.738,223.59,51.836,0.159836,dead
9,B,B9,B9_00110,2.62,2.750,3.029,1.101,68.942,251.768,2.729,0.273831,living
9,B,B9,B9_00112,1.758,1.949,2.089,1.072,38.99,261.058,2.452,0.149355,living
9,B,B9,B9_00113,1.977,1.564,1.984,1.269,55.359,288.573,2.231,0.191837,living
9,B,B9,B9_00114,1.606,2.260,2.150,0.951,52.926,213.905,36.242,0.247429,dead
9,B,B9,B9_00115,2.062,2.260,2.436,1.078,51.918,225.303,4.525,0.230436,living
9,B,B9,B9_00116,1.758,1.704,1.953,1.146,68.673,275.913,2.067,0.248894,living
9,B,B9,B9_00117,1.453,2.260,2.045,0.905,54.012,254.965,11.721,0.211839,dead
9,B,B9,B9_00118,1.352,2.457,2.057,0.837,14.988,223.312,2.837,0.067114,living
9,B,B9,B9_00119,2.467,2.396,2.743,1.145,56.582,263.534,2.548,0.214705,living
9,B,B9,B9_00120,1.099,1.874,1.619,0.864,38.138,231.477,2.723,0.164761,living
9,B,B9,B9_00121,2.721,2.931,3.187,1.087,30.484,257.497,2.72,0.118388,living
9,B,B9,B9_00122,2.366,1.748,2.295,1.313,39.743,323.814,2.579,0.122733,living
9,B,B9,B9_00123,1.977,2.477,2.497,1.008,46.658,256.239,2.744,0.182088,living
9,B,B9,B9_00124,1.724,2.260,2.227,0.986,27.892,237.676,5.931,0.117353,dead
9,B,B9,B9_00125,1.977,1.772,2.112,1.192,39.821,299.103,2.462,0.133133,living
9,B,B9,B9_00126,1.318,2.575,2.079,0.807,23.949,233.885,3.231,0.102395,living
9,B,B9,B9_00127,2.704,1.930,2.578,1.336,43.725,349.312,2.413,0.125174,living
9,B,B9,B9_00128,1.369,2.260,1.985,0.878,19.358,250.765,4.691,0.077196,living
9,B,B9,B9_00129,2.535,2.205,2.668,1.210,27.887,324.447,2.793,0.085951,living
9,B,B9,B9_00130,1.183,2.158,1.803,0.835,16.671,234.8,2.629,0.071003,living
9,B,B9,B9_00131,1.487,1.755,1.823,1.039,20.807,294.659,2.17,0.070613,living
9,B,B9,B9_00132,1.47,1.712,1.790,1.046,19.862,288.241,2.149,0.068908,living
9,B,B9,B9_00133,0.963,2.260,1.665,0.737,10.947,223.035,4.702,0.049084,living
9,B,B9,B9_00134,1.808,2.910,2.588,0.889,13.14,258.477,2.692,0.050837,living
9,B,B9,B9_00135,0.879,2.377,1.631,0.686,11.346,238.019,2.365,0.047669,living
9,B,B9,B9_00136,1.538,3.064,2.450,0.799,11.824,240.286,2.176,0.049209,living
9,B,B9,B9_00138,2.028,1.999,2.272,1.137,50.033,270.183,2.767,0.185183,living
9,B,B9,B9_00140,1.977,2.373,2.444,1.030,82.35,269.385,2.077,0.305698,living
9,B,B9,B9_00141,0.98,1.914,1.545,0.807,68.983,227.241,2.31,0.303566,living
9,B,B9,B9_00143,2.332,2.772,2.869,1.035,66.109,258.804,2.225,0.255439,living
9,B,B9,B9_00144,1.842,2.161,2.251,1.042,46.55,282.284,2.404,0.164906,living
9,B,B9,B9_00145,1.234,2.260,1.884,0.834,71.918,245.137,8.123,0.293378,dead
9,B,B9,B9_00146,2.839,2.883,3.228,1.120,63.53,302.399,2.423,0.210086,living
9,B,B9,B9_00147,2.569,3.185,3.228,1.013,73.526,261.507,2.191,0.281164,living
9,B,B9,B9_00148,1.724,1.541,1.839,1.193,85.186,315.775,2.431,0.269769,living
9,B,B9,B9_00149,1.538,2.257,2.102,0.931,53.121,256.692,2.615,0.206944,living
9,B,B9,B9_00150,2.045,1.892,2.220,1.173,80.686,300.008,2.339,0.268946,living
9,B,B9,B9_00151,1.099,1.798,1.586,0.882,27.231,268.062,2.323,0.101584,living
9,B,B9,B9_00152,1.47,2.260,2.057,0.910,43.46,273.747,36.793,0.158759,dead
9,B,B9,B9_00153,1.555,2.304,2.136,0.927,33.261,281.326,2.652,0.118229,living
9,B,B9,B9_00155,1.031,2.260,1.722,0.762,49.295,251.836,48.738,0.195743,dead
9,B,B9,B9_00156,2.079,1.687,2.113,1.253,42.553,358.236,2.333,0.118784,living
9,B,B9,B9_00157,2.197,1.493,2.044,1.369,27.877,429.638,2.608,0.064885,living
9,B,B9,B9_00158,1.437,1.870,1.850,0.989,35.024,299.059,2.129,0.117113,living
9,B,B9,B9_00159,1.386,1.746,1.755,1.005,18.646,287.341,2.793,0.064893,living
9,B,B9,B9_00160,1.622,2.260,2.160,0.956,19.896,285.51,5.844,0.069685,dead
9,B,B9,B9_00161,1.994,2.319,2.426,1.046,31.186,295.229,2.11,0.105635,living
9,B,B9,B9_00162,2.518,2.615,2.895,1.107,24.201,313.43,2.483,0.077215,living
9,B,B9,B9_00163,2.129,1.678,2.133,1.271,25.373,389.508,2.667,0.065141,living
9,B,B9,B9_00164,1.555,1.565,1.760,1.125,24.804,325.815,2.891,0.07613,living
9,B,B9,B9_00166,0.896,1.507,1.311,0.870,87.019,265.189,2.774,0.328139,living
9,B,B9,B9_00167,1.927,2.484,2.469,0.994,52.561,248.675,2.465,0.211365,living
9,B,B9,B9_00168,1.166,1.886,1.673,0.887,48.667,280.696,2.42,0.173379,living
9,B,B9,B9_00169,1.589,1.714,1.862,1.086,84.894,290.34,2,0.292393,living
9,B,B9,B9_00170,1.386,2.104,1.927,0.916,51.073,276.293,2.39,0.184852,living
9,B,B9,B9_00171,1.589,2.632,2.308,0.877,31.723,289.011,2.277,0.109766,living
9,B,B9,B9_00172,2.062,2.121,2.360,1.113,66.787,328.705,2.516,0.203182,living
9,B,B9,B9_00173,2.028,2.836,2.706,0.954,63.642,275.658,2.642,0.230872,living
9,B,B9,B9_00175,1.555,2.043,2.011,0.984,37.652,314.467,2.174,0.119733,living
9,B,B9,B9_00176,1.521,1.806,1.870,1.036,41.3,313.922,2.222,0.131561,living
9,B,B9,B9_00177,1.504,1.969,1.942,0.986,33.427,325.753,2.562,0.102615,living
9,B,B9,B9_00178,1.521,1.915,1.926,1.006,24.256,321.489,2.389,0.075448,living
9,B,B9,B9_00179,1.318,1.703,1.691,0.993,34.821,321.795,2.474,0.108207,living
9,B,B9,B9_00180,1.91,2.582,2.506,0.970,28.858,311.204,2.487,0.092732,living
9,B,B9,B9_00181,1.166,1.902,1.680,0.883,23.391,309.319,2.783,0.075622,living
9,B,B9,B9_00182,1.639,2.260,2.172,0.961,22.505,330.216,3.062,0.068153,living
9,B,B9,B9_00183,0.896,2.260,1.606,0.711,16.736,296.83,8.132,0.056382,dead
9,B,B9,B9_00184,0.879,1.869,1.446,0.774,11.308,268.058,2.269,0.042184,living
9,B,B9,B9_00185,2.113,2.166,2.414,1.114,21.176,356.48,2.792,0.059403,living
9,B,B9,B9_00188,2.501,1.420,2.126,1.498,49.709,246.128,2.209,0.201966,living
9,B,B9,B9_00190,1.099,2.188,1.750,0.800,20.031,219.169,2.738,0.091394,living
9,B,B9,B9_00191,2.248,2.885,2.874,0.996,63.812,218.075,2.173,0.292615,living
9,B,B9,B9_00192,1.791,1.682,1.958,1.164,65.981,264.5,2.642,0.249456,living
9,B,B9,B9_00193,2.045,2.152,2.367,1.100,73.719,264.669,2.512,0.278532,living
9,B,B9,B9_00195,2.62,2.305,2.773,1.203,33.594,288.748,2.845,0.116342,living
9,B,B9,B9_00196,1.301,2.260,1.935,0.856,40.117,245.455,3.766,0.163439,living
9,B,B9,B9_00197,2.349,2.156,2.539,1.178,42.475,293.482,2.777,0.144727,living
9,B,B9,B9_00198,1.639,2.535,2.300,0.907,22.433,244.412,2.052,0.091783,living
9,B,B9,B9_00199,1.859,1.728,2.022,1.170,33.709,287.155,2.355,0.11739,living
9,B,B9,B9_00200,2.687,2.861,3.129,1.094,22.56,294.818,2.843,0.076521,living
9,B,B9,B9_00201,2.62,3.096,3.214,1.038,23.806,266.529,2.458,0.08932,living
9,B,B9,B9_00202,1.758,2.370,2.303,0.972,19.221,254.279,2.942,0.075591,living
9,B,B9,B9_00204,1.622,1.683,1.864,1.108,19.552,302.781,2.323,0.064575,living
9,B,B9,B9_00205,1.69,2.223,2.187,0.984,15.97,259.7,2.66,0.061494,living
9,B,B9,B9_00206,2.467,2.041,2.532,1.241,19.555,319.774,2.473,0.061152,living
9,B,B9,B9_00207,1.521,2.194,2.061,0.940,15.122,265.056,2.133,0.057053,living
9,B,B9,B9_00208,1.572,2.260,2.127,0.941,11.634,233.516,3.462,0.049823,living
9,B,B9,B9_00209,1.927,2.014,2.223,1.104,12.14,276.64,2.921,0.043885,living
9,B,B9,B9_00210,1.048,2.356,1.773,0.753,10.629,237.048,3.113,0.044839,living
9,B,B9,B9_00212,0.828,2.469,1.613,0.653,24.918,160.673,2.388,0.155087,living
9,B,B9,B9_00213,1.082,2.535,1.869,0.737,29.547,159.438,2.844,0.185319,living
9,B,B9,B9_00214,1.791,2.701,2.482,0.919,46,175.094,2.566,0.262716,living
9,B,B9,B9_00215,2.924,2.441,3.015,1.235,72.035,209.988,2.757,0.343041,living
9,B,B9,B9_00216,1.606,2.058,2.051,0.997,43.937,187.011,2.326,0.234943,living
9,B,B9,B9_00218,2.636,2.260,2.754,1.219,54.071,179.519,7.942,0.301196,dead
9,B,B9,B9_00219,0.93,1.733,1.433,0.827,50.073,157.327,2.691,0.318271,living
9,B,B9,B9_00220,2.315,2.366,2.641,1.116,61.109,192.708,2.562,0.317109,living
9,B,B9,B9_00221,1.386,1.843,1.803,0.979,32.573,174.476,2.037,0.186692,living
9,B,B9,B9_00222,2.011,2.260,2.405,1.064,57.714,194.664,9.723,0.296482,dead
9,B,B9,B9_00223,2.197,1.594,2.112,1.325,65.992,242.769,2.523,0.271831,living
9,B,B9,B9_00224,2.805,2.000,2.673,1.336,63.711,260.042,2.627,0.245002,living
9,B,B9,B9_00225,1.555,2.777,2.345,0.844,17.413,177.913,2.63,0.097874,living
9,B,B9,B9_00226,1.115,2.260,1.791,0.793,52.924,161.773,5.697,0.327152,dead
9,B,B9,B9_00227,1.251,1.939,1.757,0.906,20.514,194,2.5,0.10574,living
9,B,B9,B9_00228,2.265,2.088,2.454,1.175,55.067,224.09,2.351,0.245737,living
9,B,B9,B9_00229,2.873,2.260,2.875,1.272,17.906,215.153,3.847,0.083224,living
9,B,B9,B9_00230,1.284,2.521,2.030,0.805,21.895,172.026,2.539,0.127276,living
9,B,B9,B9_00232,2.079,2.016,2.310,1.146,38.065,215.309,2.569,0.176793,living
9,B,B9,B9_00233,2.434,2.265,2.649,1.170,27.299,226.09,1.84,0.120742,living
9,B,B9,B9_00236,1.504,1.777,1.845,1.038,28.978,203.281,2.213,0.142549,living
9,B,B9,B9_00237,1.825,2.041,2.178,1.067,15.87,218.065,3.056,0.072778,living
9,B,B9,B9_00238,2.636,2.174,2.701,1.243,42.615,231.667,2.5,0.183951,living
9,B,B9,B9_00239,1.149,2.260,1.818,0.805,16.706,166.926,11.647,0.100079,dead
9,B,B9,B9_00240,1.994,2.880,2.704,0.939,25.449,194.89,2.364,0.130582,living
9,B,B9,B9_00241,1.876,2.083,2.231,1.071,21.423,222.874,2.153,0.096124,living
9,B,B9,B9_00242,2.958,2.669,3.171,1.188,25.857,243.006,2.354,0.106405,living
9,B,B9,B9_00243,1.521,1.715,1.822,1.063,25.956,221.667,2.467,0.117093,living
9,B,B9,B9_00244,1.96,1.859,2.154,1.159,27.681,235.853,2.302,0.117365,living
9,B,B9,B9_00245,0.98,2.260,1.679,0.743,19.897,192.172,6.483,0.103535,dead
9,B,B9,B9_00246,1.2,2.260,1.858,0.822,14.254,179.789,4.451,0.079279,living
9,B,B9,B9_00247,1.724,1.866,2.024,1.085,20.843,215.353,1.951,0.096786,living
9,B,B9,B9_00248,1.251,2.450,1.975,0.806,12.149,191.108,2.243,0.06357,living
9,B,B9,B9_00250,1.944,2.015,2.233,1.108,17.4,229.643,2.252,0.07577,living
9,B,B9,B9_00251,1.825,2.128,2.224,1.045,16.519,217.333,2.704,0.076005,living
9,B,B9,B9_00252,1.622,2.788,2.400,0.861,10.938,206.031,2.479,0.053087,living
9,B,B9,B9_00253,1.656,2.574,2.330,0.905,11.235,199.816,2.265,0.056225,living
9,B,B9,B9_00256,1.183,1.928,1.704,0.884,55.457,170.5,2.371,0.325262,living
9,B,B9,B9_00257,1.42,2.029,1.915,0.944,51.643,180.714,2.071,0.285771,living
9,B,B9,B9_00258,1.589,1.823,1.920,1.053,61.5,188.745,2.564,0.325837,living
9,B,B9,B9_00259,2.4,2.886,2.970,1.029,67.134,177.711,2.204,0.377769,living
9,B,B9,B9_00260,1.403,1.737,1.762,1.014,34.349,196.325,1.904,0.174962,living
9,B,B9,B9_00261,1.927,1.639,2.005,1.224,74.886,218.868,2.439,0.342151,living
9,B,B9,B9_00262,1.217,2.260,1.871,0.828,66.458,128.083,45.25,0.518868,dead
9,B,B9,B9_00263,2.349,1.987,2.438,1.227,65.036,232.806,2.453,0.279357,living
9,B,B9,B9_00264,2.028,2.396,2.487,1.038,49.842,206.642,2.142,0.241199,living
9,B,B9,B9_00265,2.062,1.961,2.269,1.157,45.885,234.779,2.59,0.19544,living
9,B,B9,B9_00266,2.839,2.728,3.140,1.151,40.994,229.619,2.607,0.178531,living
9,B,B9,B9_00267,1.251,2.075,1.818,0.876,30.324,187.946,2.568,0.161346,living
9,B,B9,B9_00268,1.893,2.260,2.334,1.033,34.062,191.759,4.17,0.177632,living
9,B,B9,B9_00269,1.268,1.906,1.754,0.920,18.707,199.413,2.4,0.093809,living
9,B,B9,B9_00270,2.265,2.275,2.561,1.126,36.358,228.142,2.56,0.159367,living
9,B,B9,B9_00271,2.062,2.928,2.773,0.947,13.975,210.68,2.393,0.066335,living
9,B,B9,B9_00274,1.724,2.047,2.120,1.036,25.314,223.324,2.539,0.11335,living
9,B,B9,B9_00276,1.403,2.750,2.216,0.806,39.205,162.398,1.988,0.241413,living
9,B,B9,B9_00278,1.149,1.470,1.466,0.998,33.029,191.588,2.015,0.172398,living
9,B,B9,B9_00279,2.011,2.260,2.405,1.064,55.16,174.471,3.16,0.316155,living
9,B,B9,B9_00280,1.335,1.903,1.799,0.945,55.532,164.342,2.215,0.337903,living
9,B,B9,B9_00281,1.504,2.260,2.080,0.921,18.64,179.551,2.697,0.103817,living
9,B,B9,B9_00282,2.146,1.926,2.294,1.191,57.441,169.039,2.591,0.339808,living
9,B,B9,B9_00283,2.163,2.319,2.527,1.090,60.391,200.594,2.695,0.301059,living
9,B,B9,B9_00284,1.487,2.189,2.036,0.930,42.193,194.125,2.273,0.217351,living
9,B,B9,B9_00285,2.434,1.955,2.461,1.259,76.91,235.153,2.479,0.327063,living
9,B,B9,B9_00286,1.572,2.260,2.127,0.941,49.505,201.602,4.806,0.24556,living
9,B,B9,B9_00287,1.741,1.835,2.017,1.099,44.563,202.544,2.806,0.220017,living
9,B,B9,B9_00288,2.197,2.316,2.545,1.099,22.969,232.408,2.662,0.098832,living
9,B,B9,B9_00289,1.335,1.578,1.638,1.038,39.152,216.38,2.772,0.180941,living
9,B,B9,B9_00290,2.248,2.228,2.525,1.133,50.782,208.278,2.662,0.243818,living
9,B,B9,B9_00291,2.518,2.738,2.963,1.082,31.154,206.785,2.913,0.15066,living
9,B,B9,B9_00292,2.451,2.492,2.789,1.119,36.91,200.697,2.566,0.183911,living
9,B,B9,B9_00293,0.98,2.260,1.679,0.743,52.017,134.31,37.931,0.387291,dead
9,B,B9,B9_00294,1.927,1.728,2.059,1.192,40.579,230.711,2.298,0.175887,living
9,B,B9,B9_00295,1.69,1.547,1.824,1.179,42.85,218.68,2.91,0.195948,living
9,B,B9,B9_00296,2.789,2.562,3.016,1.177,45.273,225.236,2.024,0.201001,living
9,B,B9,B9_00297,1.487,2.260,2.068,0.915,34.182,173.239,3.489,0.197311,living
9,B,B9,B9_00298,1.775,3.026,2.615,0.864,26.581,184.476,2.2,0.144089,living
9,B,B9,B9_00299,1.69,2.065,2.108,1.021,39.62,183.82,2.96,0.215537,living
9,B,B9,B9_00300,1.859,1.481,1.872,1.264,53.264,251.182,2.3,0.212052,living
9,B,B9,B9_00301,2.315,2.098,2.487,1.185,25.672,257.92,2.248,0.099533,living
9,B,B9,B9_00302,1.893,2.169,2.286,1.054,27.67,214.991,2.411,0.128701,living
9,B,B9,B9_00303,1.589,1.926,1.974,1.025,30.532,223.851,2.67,0.136394,living
9,B,B9,B9_00304,1.335,1.958,1.824,0.932,24.342,200.494,2.608,0.121409,living
9,B,B9,B9_00305,1.673,2.247,2.188,0.974,15.343,210.303,2.919,0.072959,living
9,B,B9,B9_00306,0.828,2.340,1.571,0.671,13.163,185.204,2.592,0.071074,living
9,B,B9,B9_00308,1.791,2.979,2.606,0.875,14.868,194.217,2.792,0.076553,living
9,B,B9,B9_00309,2.062,2.207,2.407,1.091,14.918,235.926,2.221,0.063232,living
9,B,B9,B9_00313,1.775,3.062,2.631,0.859,33.467,214.476,2.981,0.156039,living
9,B,B9,B9_00316,1.284,1.898,1.762,0.928,59.224,196.711,2.921,0.30107,living
9,B,B9,B9_00317,1.521,1.799,1.867,1.038,65.233,213.422,2.422,0.305654,living
9,B,B9,B9_00318,2.755,3.061,3.277,1.070,66.54,204.448,2.755,0.325461,living
9,B,B9,B9_00319,2.805,2.344,2.893,1.234,44.078,259.91,2.56,0.169591,living
9,B,B9,B9_00320,1.284,2.639,2.077,0.787,20.25,211.776,2.434,0.09562,living
9,B,B9,B9_00321,1.944,1.820,2.122,1.166,74.183,235.957,1.93,0.314391,living
9,B,B9,B9_00322,1.031,1.701,1.494,0.878,27.377,225.164,2.672,0.121587,living
9,B,B9,B9_00323,1.251,1.934,1.755,0.908,23.446,228.068,2.446,0.102803,living
9,B,B9,B9_00325,2.873,2.964,3.293,1.111,57.171,232.324,2.841,0.246082,living
9,B,B9,B9_00326,2.856,2.394,2.951,1.232,78.059,263.769,2.71,0.295937,living
9,B,B9,B9_00327,2.231,2.260,2.534,1.121,64.114,263.061,4.545,0.243722,living
9,B,B9,B9_00328,1.572,2.260,2.127,0.941,64.634,228.29,11.387,0.283124,dead
9,B,B9,B9_00330,1.91,2.260,2.344,1.037,55.451,212.062,43.504,0.261486,dead
9,B,B9,B9_00331,2.062,1.984,2.282,1.150,40.098,265.59,2.426,0.150978,living
9,B,B9,B9_00332,1.268,2.607,2.052,0.787,34.16,195,2.453,0.175179,living
9,B,B9,B9_00333,2.974,2.260,2.925,1.294,38.182,299.494,15.801,0.127488,dead
9,B,B9,B9_00334,1.318,2.260,1.947,0.862,29.795,245.487,9.103,0.12137,dead
9,B,B9,B9_00335,2.451,2.295,2.676,1.166,21,226.193,2.517,0.092841,living
9,B,B9,B9_00336,2.062,2.260,2.436,1.078,13.656,250.492,6.328,0.054516,dead
9,B,B9,B9_00337,2.67,2.293,2.792,1.218,22.722,304.006,2.177,0.07474,living
9,B,B9,B9_00338,1.555,1.746,1.859,1.065,26.859,263.207,2.185,0.102044,living
9,B,B9,B9_00339,1.521,1.816,1.875,1.033,16.444,243.989,2.889,0.067398,living
9,B,B9,B9_00341,2.062,1.894,2.230,1.177,25.582,289.697,2.09,0.088306,living
9,B,B9,B9_00342,2.214,2.155,2.465,1.144,21.771,277.389,2.504,0.078485,living
9,B,B9,B9_00344,1.893,2.005,2.198,1.096,22.134,264.661,2.348,0.083631,living
9,B,B9,B9_00345,1.622,2.111,2.088,0.989,18.031,249.771,2.552,0.072191,living
9,B,B9,B9_00346,1.099,2.415,1.838,0.761,12.385,209.831,2.015,0.059022,living
9,B,B9,B9_00347,1.099,2.260,1.778,0.787,16.092,223.2,7.015,0.072098,dead
9,B,B9,B9_00348,1.251,1.882,1.731,0.920,16.716,243.027,2.973,0.068783,living
9,B,B9,B9_00349,1.065,2.260,1.751,0.775,13.683,219.095,5.286,0.06245,dead
9,B,B9,B9_00350,0.963,1.924,1.536,0.798,12.544,220.491,3,0.056891,living
9,B,B9,B9_00351,2.062,2.814,2.718,0.966,15,260.943,2.549,0.057484,living
9,B,B9,B9_00353,1.268,1.632,1.623,0.995,14.307,254.12,2.653,0.056299,living
9,B,B9,B9_00354,1.251,2.248,1.892,0.842,14.176,240.568,2.757,0.058926,living
9,B,B9,B9_00355,1.741,1.568,1.864,1.189,16.835,309.495,2.806,0.054395,living
9,B,B9,B9_00358,1.183,1.789,1.642,0.918,10.757,249.514,2.814,0.043112,living
9,B,B9,B9_00359,1.014,2.260,1.708,0.756,11.6,228.067,4.683,0.050862,living
9,B,B9,B9_00360,1.217,1.696,1.621,0.956,12.444,264.167,2.264,0.047108,living
9,B,B9,B9_00363,1.538,1.787,1.871,1.047,12.396,266.33,2.67,0.046542,living
9,B,B9,B9_00364,1.115,2.186,1.762,0.806,18.606,196.879,2.909,0.094505,living
9,B,B9,B9_00365,0.879,2.299,1.604,0.698,45.481,164.769,2.481,0.276027,living
9,B,B9,B9_00366,0.963,1.949,1.546,0.793,44.035,179.789,3.105,0.244926,living
9,B,B9,B9_00368,0.879,2.322,1.612,0.694,33.615,179.481,2.558,0.187292,living
9,B,B9,B9_00369,2.366,2.467,2.726,1.105,74.179,200.421,2.407,0.370113,living
9,B,B9,B9_00370,2.18,2.260,2.505,1.108,49.946,217.744,5.333,0.229378,dead
9,B,B9,B9_00371,2.569,2.422,2.815,1.162,70.678,217.059,2.447,0.325615,living
9,B,B9,B9_00372,1.639,2.276,2.179,0.958,59.33,197.794,2.454,0.299958,living
9,B,B9,B9_00373,1.132,2.260,1.805,0.799,53.761,187.03,8.91,0.287447,dead
9,B,B9,B9_00374,2.028,2.260,2.416,1.069,85.15,203.8,37.358,0.417812,dead
9,B,B9,B9_00375,2.163,2.115,2.413,1.141,78.602,230.555,2.391,0.340924,living
9,B,B9,B9_00376,1.944,1.645,2.018,1.227,73.843,259.217,1.887,0.284871,living
9,B,B9,B9_00377,2.315,1.883,2.356,1.251,69.445,264.438,2.745,0.262615,living
9,B,B9,B9_00378,2.417,2.354,2.692,1.143,51.028,250.608,1.993,0.203616,living
9,B,B9,B9_00379,2.738,2.320,2.844,1.226,59.932,253.105,2.611,0.236788,living
9,B,B9,B9_00380,1.927,2.260,2.355,1.042,65.842,206.746,39.623,0.318469,dead
9,B,B9,B9_00381,1.724,2.260,2.227,0.986,46.931,245.245,9.157,0.191365,dead
9,B,B9,B9_00382,1.994,1.916,2.206,1.151,23.025,247.458,2.424,0.093048,living
9,B,B9,B9_00383,1.741,2.260,2.238,0.990,49.33,243.359,6.553,0.202705,dead
9,B,B9,B9_00384,0.997,2.395,1.744,0.728,14.559,203.61,2.492,0.071506,living
9,B,B9,B9_00385,1.115,2.260,1.791,0.793,28.121,204.394,3.621,0.137583,living
9,B,B9,B9_00386,1.893,2.127,2.264,1.065,24.884,243.607,2.625,0.102148,living
9,B,B9,B9_00387,1.031,2.260,1.722,0.762,19.803,211.508,23.475,0.093629,dead
9,B,B9,B9_00388,2.011,2.180,2.363,1.084,17.748,246.345,2.454,0.072045,living
9,B,B9,B9_00389,1.741,2.659,2.428,0.913,15.922,228.534,2.544,0.069672,living
9,B,B9,B9_00391,1.099,1.956,1.654,0.846,11.985,226.708,2.738,0.052864,living
9,B,B9,B9_00392,2.231,2.733,2.786,1.019,14.008,238.894,2.917,0.058635,living
9,B,B9,B9_00394,1.622,1.525,1.775,1.164,15.281,282.219,1.927,0.054147,living
9,B,B9,B9_00395,1.639,1.876,1.979,1.055,12.144,245.608,2.402,0.049446,living
9,B,B9,B9_00396,2.096,2.260,2.456,1.087,11.927,223.234,2.379,0.05343,living
9,B,B9,B9_00397,2.011,2.190,2.368,1.081,15.361,259.95,2.681,0.059094,living
9,B,B9,B9_00398,1.47,1.753,1.811,1.033,13.31,264.759,2.724,0.050274,living
9,B,B9,B9_00400,1.115,1.698,1.553,0.914,47.439,145.667,2.864,0.325671,living
9,B,B9,B9_00401,1.707,1.759,1.955,1.112,49.614,175.505,2.386,0.282692,living
9,B,B9,B9_00402,1.724,1.894,2.039,1.077,16.196,181.676,2.755,0.089148,living
9,B,B9,B9_00403,2.146,2.260,2.485,1.100,51.197,156.591,12.394,0.326947,dead
9,B,B9,B9_00404,1.115,1.505,1.462,0.971,57.364,159.742,2.485,0.359101,living
9,B,B9,B9_00405,1.893,2.223,2.315,1.041,36.009,179.536,2.161,0.200567,living
9,B,B9,B9_00406,2.67,2.594,2.970,1.145,63.399,168.076,2.152,0.377203,living
9,B,B9,B9_00408,1.166,2.291,1.844,0.805,45.188,135.638,2.623,0.333155,living
9,B,B9,B9_00409,2.704,2.223,2.766,1.244,61.325,216.5,2.594,0.283256,living
9,B,B9,B9_00410,1.673,1.740,1.925,1.106,46.768,175.343,2.838,0.26672,living
9,B,B9,B9_00411,0.845,2.260,1.559,0.690,35.28,130.14,8.88,0.271093,dead
9,B,B9,B9_00412,1.893,2.089,2.244,1.074,23.982,194.321,2.473,0.123415,living
9,B,B9,B9_00413,1.944,1.701,2.052,1.206,46.226,203.252,2.626,0.227432,living
9,B,B9,B9_00415,2.045,2.166,2.375,1.096,34.058,186.826,2.215,0.182297,living
9,B,B9,B9_00416,2.484,2.639,2.889,1.095,31.463,153.578,2.592,0.204864,living
9,B,B9,B9_00417,1.183,2.260,1.845,0.816,29.214,158.229,5.014,0.184633,dead
9,B,B9,B9_00418,1.893,1.507,1.906,1.265,17.991,242.312,2.268,0.074247,living
9,B,B9,B9_00419,0.98,2.943,1.916,0.651,15.569,158.672,2.793,0.09812,living
9,B,B9,B9_00420,2.501,2.763,2.966,1.074,20.986,196,2.764,0.107074,living
9,B,B9,B9_00421,1.572,1.747,1.870,1.070,11.527,200.925,2.581,0.057369,living
9,B,B9,B9_00422,0.896,1.994,1.508,0.756,15.038,171.264,2.283,0.087804,living
9,B,B9,B9_00423,2.214,2.318,2.556,1.103,14.634,206.145,2.84,0.070987,living
9,B,B9,B9_00425,2.332,2.498,2.723,1.090,11.449,168.362,2.457,0.068004,living
9,B,B9,B9_00428,2.805,2.664,3.085,1.158,15.247,224.211,2.114,0.068003,living
9,B,B9,B9_00430,1.2,2.058,1.773,0.862,10.592,186.324,2.718,0.056845,living
9,B,B9,B9_00432,0.946,2.260,1.650,0.730,26.179,54.018,2.429,0.484628,living
9,B,B9,B9_00433,0.98,2.260,1.679,0.743,29.103,45.862,2.724,0.634586,living
9,B,B9,B9_00434,1.606,2.260,2.150,0.951,29.463,54.084,2.916,0.544764,living
9,B,B9,B9_00435,1.42,2.260,2.021,0.894,19.798,64.476,2.417,0.307053,living
9,B,B9,B9_00436,1.014,2.260,1.708,0.756,12.417,60.517,1.9,0.205178,living
9,B,B9,B9_00437,1.91,2.260,2.344,1.037,12.292,70.513,2.142,0.174322,living
9,B,B9,B9_00438,1.132,2.260,1.805,0.799,17.343,57.821,2.955,0.299948,living
9,B,B9,B9_00439,1.149,2.260,1.818,0.805,10.382,72.015,2.559,0.14417,living
9,B,B9,B9_00445,1.944,2.079,2.268,1.091,64.017,188.8,2.504,0.339075,living
9,B,B9,B9_00446,2.332,1.489,2.103,1.412,70.058,289.442,2.159,0.242045,living
9,B,B9,B9_00447,1.183,2.279,1.853,0.813,58.271,160.714,2.414,0.362578,living
9,B,B9,B9_00448,1.318,1.898,1.785,0.940,54.692,173.885,1.936,0.314532,living
9,B,B9,B9_00449,1.487,2.260,2.068,0.915,54.5,137.08,25.841,0.397579,dead
9,B,B9,B9_00450,1.791,1.918,2.091,1.090,52.226,198.311,2.443,0.263356,living
9,B,B9,B9_00452,2.332,2.081,2.486,1.194,47.551,222.319,2.449,0.213885,living
9,B,B9,B9_00453,1.487,1.976,1.934,0.979,43.08,193.341,2.705,0.222817,living
9,B,B9,B9_00454,1.825,2.194,2.258,1.029,36.972,201.648,2.278,0.18335,living
9,B,B9,B9_00455,2.822,2.711,3.121,1.151,61.186,219.192,2.251,0.279142,living
9,B,B9,B9_00456,1.639,1.605,1.830,1.140,55.361,223.866,2.907,0.247294,living
9,B,B9,B9_00457,1.673,1.955,2.041,1.044,37.586,208.646,2.343,0.180141,living
9,B,B9,B9_00458,1.724,2.146,2.170,1.011,35.667,209.176,2.176,0.17051,living
9,B,B9,B9_00459,2.974,1.940,2.710,1.397,31.801,290.54,2.511,0.109455,living
9,B,B9,B9_00460,2.298,2.355,2.625,1.115,32.382,226.272,2.588,0.143112,living
9,B,B9,B9_00461,1.132,2.123,1.749,0.824,23.776,191.343,2.597,0.124259,living
9,B,B9,B9_00462,2.129,2.260,2.475,1.095,28.563,243.437,3.444,0.117334,living
9,B,B9,B9_00464,1.437,2.721,2.231,0.820,14.8,194.894,2.412,0.075939,living
9,B,B9,B9_00465,1.284,1.910,1.767,0.925,12.066,206.013,2.355,0.058568,living
9,B,B9,B9_00466,1.42,2.276,2.029,0.891,10.226,203.905,2.452,0.050152,living
9,B,B9,B9_00468,1.251,1.725,1.658,0.961,81.811,265.541,2.892,0.308092,living
9,B,B9,B9_00469,1.453,1.772,1.811,1.022,46.5,268.721,3.128,0.173042,living
9,B,B9,B9_00470,1.082,2.335,1.794,0.768,41.234,248.938,2.359,0.165641,living
9,B,B9,B9_00471,1.741,2.034,2.123,1.044,90.35,272.369,3.029,0.331717,living
9,B,B9,B9_00473,1.842,2.030,2.182,1.075,57.303,306.908,2.569,0.18671,living
9,B,B9,B9_00474,2.349,2.260,2.600,1.150,66.388,267.381,3.863,0.248291,living
9,B,B9,B9_00475,2.231,3.096,2.966,0.958,71.409,249.879,2.402,0.285775,living
9,B,B9,B9_00476,1.031,1.321,1.317,0.997,32.508,320.377,2.705,0.101469,living
9,B,B9,B9_00478,0.98,2.320,1.701,0.733,27.086,274.638,2.207,0.098625,living
9,B,B9,B9_00479,1.42,2.260,2.021,0.894,44.631,297.607,5.429,0.149966,dead
9,B,B9,B9_00481,1.758,2.241,2.240,0.999,28.529,304.587,2.558,0.093664,living
9,B,B9,B9_00482,1.149,2.173,1.783,0.821,15.75,284.647,2.176,0.055332,living
9,B,B9,B9_00486,1.555,2.797,2.353,0.841,58.228,195.054,3.076,0.298523,living
9,B,B9,B9_00487,1.048,2.260,1.737,0.768,52.387,192.419,20.274,0.272255,dead
9,B,B9,B9_00488,1.741,2.801,2.492,0.890,39.175,216.359,2.194,0.181063,living
9,B,B9,B9_00489,1.403,2.260,2.009,0.889,57.651,195.928,19.855,0.294244,dead
9,B,B9,B9_00490,2.079,2.079,2.346,1.128,79.114,240.407,2.431,0.329084,living
9,B,B9,B9_00491,1.048,1.584,1.454,0.918,24.968,250.694,2.097,0.099595,living
9,B,B9,B9_00492,2.011,2.561,2.561,1.000,21.723,247.966,2.647,0.087603,living
9,B,B9,B9_00493,2.805,3.041,3.296,1.084,44.145,264.657,2.608,0.166799,living
9,B,B9,B9_00494,2.687,2.905,3.153,1.085,57.459,234.767,2.943,0.244749,living
9,B,B9,B9_00495,1.538,2.260,2.104,0.931,50.835,205.934,38.78,0.246852,dead
9,B,B9,B9_00496,2.231,1.844,2.289,1.241,63.667,289.152,2.273,0.220184,living
9,B,B9,B9_00498,1.707,1.940,2.053,1.058,29.614,279.95,2.347,0.105782,living
9,B,B9,B9_00499,1.487,1.877,1.885,1.004,40.125,241.727,2.386,0.165993,living
9,B,B9,B9_00500,1.2,2.260,1.858,0.822,26.366,231.676,11.183,0.113806,dead
9,B,B9,B9_00501,1.352,2.226,1.958,0.879,21.65,229.863,2.138,0.094187,living
9,B,B9,B9_00502,0.963,2.120,1.612,0.761,11.877,233.842,2.158,0.050792,living
9,B,B9,B9_00503,0.963,1.909,1.530,0.801,18.509,243.14,2.386,0.076124,living
9,B,B9,B9_00504,2.772,2.408,2.915,1.211,23.433,344.957,2.537,0.06793,living
9,B,B9,B9_00505,0.913,2.077,1.554,0.748,11.148,255.185,2.667,0.043687,living
9,B,B9,B9_00506,2.248,2.972,2.917,0.981,13.541,257.774,2.699,0.052532,living
9,B,B9,B9_00507,2.298,2.995,2.960,0.988,12.537,262.368,2.684,0.047783,living
9,B,B9,B9_00508,1.099,2.260,1.778,0.787,10.923,255.723,4.415,0.042714,living
9,B,B9,B9_00510,2.062,2.471,2.547,1.031,12.016,272,1.803,0.044178,living
9,B,B9,B9_00513,1.183,1.764,1.630,0.924,60.514,184,2.043,0.328882,living
9,B,B9,B9_00514,2.501,2.948,3.064,1.039,72.007,191.182,2.405,0.376639,living
9,B,B9,B9_00516,1.893,1.826,2.098,1.149,48.911,197.286,2.688,0.247918,living
9,B,B9,B9_00518,2.569,2.975,3.119,1.049,42.947,208.579,2.546,0.205905,living
9,B,B9,B9_00519,1.724,2.397,2.294,0.957,37.931,212.039,2.294,0.178888,living
9,B,B9,B9_00520,1.403,2.571,2.143,0.834,40.036,185.627,2.458,0.215681,living
9,B,B9,B9_00521,1.673,1.822,1.970,1.081,52.313,230.475,2.586,0.22698,living
9,B,B9,B9_00523,2.383,2.835,2.933,1.035,33.589,213.284,2.355,0.157483,living
9,B,B9,B9_00524,1.183,2.321,1.870,0.806,21.471,206.386,2.986,0.104035,living
9,B,B9,B9_00525,1.791,2.260,2.270,1.005,34.425,209.887,10.311,0.164015,dead
9,B,B9,B9_00526,1.504,1.599,1.750,1.094,36.865,244.292,2.281,0.150906,living
9,B,B9,B9_00527,1.673,1.874,1.998,1.066,26.788,235.99,1.859,0.113513,living
9,B,B9,B9_00528,1.724,2.260,2.227,0.986,43.255,203.725,15.755,0.21232,dead
9,B,B9,B9_00529,1.944,2.260,2.365,1.047,23.991,234.009,3.278,0.102523,living
9,B,B9,B9_00531,2.958,2.771,3.231,1.166,26.971,265.154,2.246,0.10172,living
9,B,B9,B9_00532,1.538,1.527,1.729,1.132,21.593,271.681,2.407,0.079481,living
9,B,B9,B9_00533,1.944,2.012,2.232,1.109,18.07,255.896,2.383,0.070613,living
9,B,B9,B9_00534,1.977,2.564,2.540,0.991,19.308,243.359,2.171,0.079338,living
9,B,B9,B9_00535,1.96,1.853,2.150,1.161,22.957,273.043,2.69,0.084078,living
9,B,B9,B9_00536,1.065,1.887,1.600,0.848,14.698,224.349,2.635,0.065516,living
9,B,B9,B9_00537,1.622,2.379,2.217,0.932,11.677,221.833,2.188,0.052639,living
9,B,B9,B9_00538,0.98,1.970,1.568,0.796,12.362,215.172,2.397,0.057452,living
9,B,B9,B9_00540,2.079,3.109,2.869,0.923,11.374,222.959,2.325,0.051014,living
9,B,B9,B9_00544,0.811,1.838,1.378,0.750,34.771,189.25,2.458,0.18373,living
9,B,B9,B9_00546,0.879,2.426,1.648,0.679,60.846,145.923,2.481,0.416974,living
9,B,B9,B9_00547,1.132,2.260,1.805,0.799,65.463,169.582,3.582,0.386024,living
9,B,B9,B9_00548,1.606,1.920,1.981,1.032,42.716,210.611,2.284,0.202819,living
9,B,B9,B9_00549,2.383,2.695,2.860,1.061,61.191,200.199,2.695,0.305654,living
9,B,B9,B9_00551,2.163,2.420,2.582,1.067,63.578,194.859,2.125,0.326277,living
9,B,B9,B9_00552,1.234,2.260,1.884,0.834,53.425,168.096,5.603,0.317823,dead
9,B,B9,B9_00553,1.453,1.892,1.871,0.989,50.756,194.907,2.488,0.26041,living
9,B,B9,B9_00554,1.234,2.141,1.834,0.857,19.397,199.808,2,0.097079,living
9,B,B9,B9_00556,1.825,1.841,2.068,1.123,57.463,222.907,2.111,0.257788,living
9,B,B9,B9_00557,2.451,2.730,2.919,1.069,27.869,215.283,2.497,0.129453,living
9,B,B9,B9_00558,1.115,2.291,1.803,0.787,25.303,191.424,2.879,0.132183,living
9,B,B9,B9_00559,2.129,2.473,2.589,1.047,37.786,222.452,2.675,0.16986,living
9,B,B9,B9_00560,0.93,1.729,1.431,0.828,18.982,194.091,2.564,0.097799,living
9,B,B9,B9_00561,1.521,1.830,1.883,1.029,27.867,224.289,2.389,0.124245,living
9,B,B9,B9_00562,1.099,2.260,1.778,0.787,28.169,184.338,14.169,0.152813,dead
9,B,B9,B9_00563,1.825,2.677,2.494,0.932,15.324,218.352,2.426,0.070181,living
9,B,B9,B9_00567,1.335,1.597,1.648,1.032,13.43,237.557,2.241,0.056535,living
9,B,B9,B9_00568,1.301,1.833,1.743,0.951,11.779,222.208,1.805,0.05301,living
9,B,B9,B9_00569,0.811,2.210,1.511,0.684,10.979,208.729,2.104,0.0526,living
9,B,B9,B9_00570,2.028,2.746,2.663,0.970,12.925,223.3,2.5,0.057882,living
9,B,B9,B9_00572,2.214,2.314,2.554,1.104,13.496,259.756,2.786,0.051957,living
9,B,B9,B9_00573,0.811,2.070,1.462,0.706,47.938,154.625,2.062,0.310024,living
9,B,B9,B9_00574,1.115,1.926,1.654,0.859,26.303,202.424,2.47,0.12994,living
9,B,B9,B9_00575,1.944,2.139,2.301,1.076,52.157,214.478,2.313,0.243179,living
9,B,B9,B9_00576,1.403,2.260,2.009,0.889,61.807,156.096,4.554,0.395956,living
9,B,B9,B9_00577,1.268,1.803,1.706,0.946,63.333,185.533,2.08,0.341358,living
9,B,B9,B9_00578,1.284,2.124,1.863,0.877,24.211,204.211,2.342,0.118557,living
9,B,B9,B9_00579,2.265,2.520,2.696,1.070,71.724,206.142,2.657,0.347935,living
9,B,B9,B9_00580,1.132,1.941,1.673,0.862,56.985,177.896,2.567,0.320329,living
9,B,B9,B9_00581,1.91,1.818,2.103,1.157,47.442,244.531,2.345,0.194014,living
9,B,B9,B9_00582,1.606,2.456,2.241,0.912,20.968,202.168,2.495,0.103718,living
9,B,B9,B9_00583,2.535,2.045,2.569,1.256,69.28,245.953,2.4,0.281679,living
9,B,B9,B9_00584,2.011,2.177,2.361,1.085,60.244,205.874,2.529,0.292624,living
9,B,B9,B9_00585,2.197,2.084,2.414,1.159,40.469,231.231,2.938,0.175017,living
9,B,B9,B9_00586,1.741,2.260,2.238,0.990,45.078,220.107,3.117,0.204799,living
9,B,B9,B9_00588,1.944,2.260,2.365,1.047,37.957,212.304,12.704,0.178784,dead
9,B,B9,B9_00590,1.606,2.936,2.450,0.835,34.842,195.621,2.368,0.17811,living
9,B,B9,B9_00591,2.045,2.521,2.562,1.016,42.752,216.314,2.934,0.197639,living
9,B,B9,B9_00592,1.91,1.815,2.101,1.158,25.168,251.664,2.283,0.100007,living
9,B,B9,B9_00593,2.146,2.117,2.405,1.136,46.252,226.543,2.126,0.204164,living
9,B,B9,B9_00594,2.738,1.838,2.531,1.377,37.895,299.79,2.556,0.126405,living
9,B,B9,B9_00595,1.555,2.260,2.115,0.936,28.207,235.391,17.402,0.119828,dead
9,B,B9,B9_00597,1.42,2.260,2.021,0.894,23.333,202.619,9.44,0.115159,dead
9,B,B9,B9_00598,2.991,2.260,2.934,1.298,13.514,233.418,6.147,0.057897,dead
9,B,B9,B9_00600,1.386,1.998,1.878,0.940,18.427,223.122,2.427,0.082586,living
9,B,B9,B9_00601,1.301,1.930,1.788,0.926,16.74,228.195,2.169,0.07336,living
9,B,B9,B9_00602,1.284,2.392,1.978,0.827,14.447,213.474,2.605,0.067678,living
9,B,B9,B9_00604,1.487,2.260,2.068,0.915,14.659,233.58,8.557,0.062758,dead
9,B,B9,B9_00605,1.437,2.103,1.962,0.933,11.224,231.094,2.576,0.048567,living
9,B,B9,B9_00606,2.366,2.811,2.910,1.035,11.679,239.179,2.514,0.048828,living
9,B,B9,B9_00607,2.028,2.131,2.346,1.101,13.95,254.992,2.767,0.054708,living
9,B,B9,B9_00608,1.504,2.260,2.080,0.921,10.202,209.629,18,0.048668,dead
9,B,B9,B9_00611,2.163,2.538,2.644,1.042,42.5,271.562,2.258,0.156502,living
9,B,B9,B9_00612,2.129,2.069,2.368,1.145,87.706,266.548,2.516,0.329046,living
9,B,B9,B9_00613,1.758,2.299,2.268,0.987,36.135,260.952,2.548,0.138472,living
9,B,B9,B9_00614,2.146,1.880,2.266,1.206,88.323,289.858,2.606,0.30471,living
9,B,B9,B9_00615,0.963,2.260,1.665,0.737,64.316,208.982,29.474,0.307757,dead
9,B,B9,B9_00616,1.014,1.875,1.556,0.830,61.367,243.817,2.733,0.251692,living
9,B,B9,B9_00617,1.572,1.449,1.703,1.175,98.548,280.559,2.333,0.351257,living
9,B,B9,B9_00618,1.065,2.260,1.751,0.775,75.857,215.762,25.841,0.351578,dead
9,B,B9,B9_00619,1.251,2.260,1.897,0.840,35.797,249.797,9.703,0.143305,dead
9,B,B9,B9_00620,2.163,2.565,2.658,1.036,49.719,277.062,2.359,0.17945,living
9,B,B9,B9_00621,1.91,2.846,2.631,0.924,65.195,249.504,2.655,0.261297,living
9,B,B9,B9_00623,1.825,2.176,2.249,1.033,59.417,275.417,2.13,0.215734,living
9,B,B9,B9_00624,1.589,1.776,1.896,1.067,41.681,288.351,2.532,0.144549,living
9,B,B9,B9_00625,1.741,2.108,2.162,1.025,51.252,275.942,2.757,0.185736,living
9,B,B9,B9_00626,1.42,2.260,2.021,0.894,64.131,270.179,7.119,0.237365,dead
9,B,B9,B9_00627,1.115,2.260,1.791,0.793,30.652,233.848,3.636,0.131074,living
9,B,B9,B9_00629,2.282,2.628,2.763,1.051,31.467,279.733,2.311,0.112488,living
9,B,B9,B9_00630,2.129,2.260,2.475,1.095,35.913,254.929,30.825,0.140874,dead
9,B,B9,B9_00631,1.183,2.001,1.736,0.868,18.971,263.371,2.529,0.072033,living
9,B,B9,B9_00634,1.994,2.031,2.271,1.118,40.864,308.915,2.246,0.132284,living
9,B,B9,B9_00635,1.268,2.260,1.910,0.845,21.333,257.533,43.973,0.082837,dead
9,B,B9,B9_00636,1.707,2.260,2.216,0.981,37.337,295.376,2.842,0.126404,living
9,B,B9,B9_00637,2.214,1.870,2.296,1.228,10.427,305.687,2.237,0.034112,living
9,B,B9,B9_00638,1.369,2.260,1.985,0.878,12.111,247.691,10.321,0.048896,dead
9,B,B9,B9_00639,1.758,1.593,1.888,1.185,32.144,346.625,2.423,0.092735,living
9,B,B9,B9_00640,2.197,2.216,2.490,1.124,26.346,302.454,2.562,0.087108,living
9,B,B9,B9_00642,1.555,1.940,1.960,1.010,23.859,300.63,1.989,0.079362,living
9,B,B9,B9_00644,2.535,2.260,2.701,1.195,24.013,398.58,7.073,0.060247,dead
9,B,B9,B9_00645,2.129,2.186,2.434,1.114,20.833,321.587,2.381,0.064783,living
9,B,B9,B9_00646,1.639,1.878,1.980,1.054,15.701,296.753,2.371,0.05291,living
9,B,B9,B9_00647,1.606,2.331,2.183,0.937,20.568,289.653,2.084,0.071011,living
9,B,B9,B9_00648,1.352,2.790,2.192,0.785,16.137,256.238,2.55,0.062979,living
9,B,B9,B9_00649,2.096,1.730,2.149,1.242,22.597,360.315,3.145,0.062714,living
9,B,B9,B9_00652,1.082,1.613,1.491,0.924,11.609,284.031,2.438,0.040874,living
9,B,B9,B9_00653,1.065,1.432,1.393,0.973,10.476,315.048,2.54,0.033253,living
9,B,B9,B9_00654,1.386,2.260,1.997,0.884,21.439,200.976,5.634,0.106675,dead
9,B,B9,B9_00655,2.079,2.630,2.639,1.003,33.764,217.537,2.081,0.155212,living
9,B,B9,B9_00656,2.096,2.147,2.394,1.115,33.581,265.855,2.395,0.126312,living
9,B,B9,B9_00657,1.555,1.808,1.892,1.046,36.326,247.283,2.065,0.146901,living
9,B,B9,B9_00658,1.977,1.497,1.941,1.297,36.897,339.068,2.573,0.10882,living
9,B,B9,B9_00660,1.149,1.683,1.569,0.932,46.162,226.059,2.25,0.204202,living
9,B,B9,B9_00661,0.896,2.260,1.606,0.711,50.396,209.17,30.623,0.240935,dead
9,B,B9,B9_00662,2.197,2.426,2.605,1.074,18.508,256.385,2.362,0.072187,living
9,B,B9,B9_00663,1.673,1.644,1.871,1.138,58.182,263.828,2.455,0.220529,living
9,B,B9,B9_00664,2.163,1.983,2.337,1.178,32.273,280.453,2.539,0.115076,living
9,B,B9,B9_00665,2.636,2.260,2.754,1.219,49.244,278.224,2.769,0.176992,living
9,B,B9,B9_00666,2.738,1.802,2.506,1.391,38.494,272.704,2.617,0.141156,living
9,B,B9,B9_00667,1.538,1.965,1.962,0.998,26.824,255.582,2.385,0.104953,living
9,B,B9,B9_00668,2.484,2.848,3.001,1.054,28.041,260.551,2.599,0.107621,living
9,B,B9,B9_00669,1.775,1.904,2.074,1.089,32.181,274.295,2.667,0.117322,living
9,B,B9,B9_00670,2.197,2.557,2.674,1.046,30.808,274.269,2.692,0.112326,living
9,B,B9,B9_00671,0.862,1.646,1.344,0.817,16.941,239.275,2.627,0.070802,living
9,B,B9,B9_00673,1.69,2.260,2.205,0.976,22.88,253.17,2.13,0.090374,living
9,B,B9,B9_00674,1.048,2.260,1.737,0.768,20.177,221.177,30.258,0.091227,dead
9,B,B9,B9_00675,1.893,1.917,2.150,1.121,16.643,286.902,2.67,0.058009,living
9,B,B9,B9_00676,1.318,1.780,1.728,0.971,13.615,261.449,3.051,0.052077,living
9,B,B9,B9_00677,0.896,1.890,1.468,0.777,12.868,231.774,2.17,0.055519,living
9,B,B9,B9_00678,1.606,3.160,2.542,0.804,51.432,206.547,1.947,0.249006,living
9,B,B9,B9_00679,1.369,1.775,1.759,0.991,71,230.802,2.531,0.307622,living
9,B,B9,B9_00680,1.369,1.967,1.852,0.941,32.407,231.901,2.617,0.139747,living
9,B,B9,B9_00683,1.758,1.593,1.888,1.185,81.808,271.404,2.25,0.301424,living
9,B,B9,B9_00685,1.758,3.130,2.647,0.846,47.212,225.788,2.433,0.209096,living
9,B,B9,B9_00687,0.963,1.733,1.458,0.841,39.14,235.965,2.158,0.165874,living
9,B,B9,B9_00688,1.825,2.203,2.263,1.027,55.065,238.685,2.565,0.230701,living
9,B,B9,B9_00689,1.048,1.989,1.629,0.819,32.71,229.806,2.565,0.142336,living
9,B,B9,B9_00690,1.437,3.044,2.360,0.775,19.094,232.647,2.776,0.082073,living
9,B,B9,B9_00691,1.014,2.260,1.708,0.756,26.917,234.783,7.767,0.114645,dead
9,B,B9,B9_00692,1.403,2.134,1.952,0.915,21.229,254.759,2.518,0.083329,living
9,B,B9,B9_00693,2.366,1.878,2.379,1.267,68.793,318.293,2.443,0.216131,living
9,B,B9,B9_00694,1.386,1.677,1.720,1.026,59.683,248,2.634,0.240657,living
9,B,B9,B9_00695,1.893,2.596,2.501,0.964,22.946,265.571,2.411,0.086404,living
9,B,B9,B9_00696,1.521,2.116,2.024,0.957,21.811,258.578,2.3,0.08435,living
9,B,B9,B9_00697,1.876,1.872,2.115,1.130,62.676,286.802,1.991,0.218533,living
9,B,B9,B9_00698,1.099,2.003,1.674,0.836,21.815,229.385,3.554,0.095104,living
9,B,B9,B9_00699,1.403,2.260,2.009,0.889,49.133,220.289,52.193,0.223037,dead
9,B,B9,B9_00701,1.352,2.260,1.972,0.873,47.362,250.925,28.062,0.188752,dead
9,B,B9,B9_00702,2.501,2.604,2.880,1.106,30.642,287.014,2.953,0.106761,living
9,B,B9,B9_00703,1.234,2.260,1.884,0.834,23.712,244.164,25.877,0.097116,dead
9,B,B9,B9_00704,0.997,2.260,1.694,0.749,30.966,236.407,43.78,0.130987,dead
9,B,B9,B9_00705,2.096,1.908,2.257,1.183,33.153,314.855,2.105,0.105297,living
9,B,B9,B9_00706,1.386,2.260,1.997,0.884,30.268,256.439,11.22,0.118033,dead
9,B,B9,B9_00707,1.403,1.697,1.741,1.026,20.759,276.325,2.771,0.075125,living
9,B,B9,B9_00708,2.839,1.910,2.628,1.376,41.881,377.702,2.518,0.110883,living
9,B,B9,B9_00709,1.741,1.767,1.979,1.120,19.786,283.99,2.806,0.069673,living
9,B,B9,B9_00710,1.977,2.137,2.319,1.085,24.872,308.188,2.769,0.080703,living
9,B,B9,B9_00711,2.586,2.616,2.935,1.122,23.451,292.222,2.529,0.080251,living
9,B,B9,B9_00712,0.879,1.786,1.414,0.792,15.481,268.077,2.288,0.057747,living
9,B,B9,B9_00713,1.707,1.764,1.958,1.110,15.495,290.089,2.752,0.053415,living
9,B,B9,B9_00714,1.149,2.260,1.818,0.805,13.132,247.191,9.265,0.053126,dead
9,B,B9,B9_00715,1.977,2.344,2.429,1.036,13.761,294.316,2.624,0.046755,living
9,B,B9,B9_00716,1.741,2.196,2.206,1.005,12.359,288.437,2.427,0.042849,living
9,B,B9,B9_00718,1.2,2.194,1.831,0.835,12.127,252.606,2.239,0.048007,living
9,B,B9,B9_00719,1.268,1.934,1.767,0.914,12.347,266.24,2.533,0.046374,living
9,B,B9,B9_00720,1.166,1.569,1.526,0.973,14.638,270.826,2.478,0.054048,living
9,B,B9,B9_00722,2.704,2.623,3.005,1.146,66.537,228.669,2.65,0.290978,living
9,B,B9,B9_00723,2.028,2.666,2.624,0.984,67.533,217.775,2.1,0.310106,living
9,B,B9,B9_00724,1.115,2.260,1.791,0.793,57.545,212.379,3.076,0.270957,living
9,B,B9,B9_00725,2.873,2.366,2.942,1.243,87.671,266.529,2.135,0.328934,living
9,B,B9,B9_00726,1.758,2.414,2.325,0.963,70.423,217.125,2.731,0.324343,living
9,B,B9,B9_00727,1.284,2.260,1.922,0.851,66.632,197.553,15.947,0.337285,dead
9,B,B9,B9_00728,1.132,1.751,1.589,0.907,77.582,221.418,2.761,0.350388,living
9,B,B9,B9_00729,2.434,1.746,2.326,1.332,95.854,290.368,2.326,0.330113,living
9,B,B9,B9_00730,1.758,2.057,2.146,1.043,34.24,253.173,2.51,0.135245,living
9,B,B9,B9_00731,2.315,2.969,2.958,0.996,35.372,227.978,2.693,0.155156,living
9,B,B9,B9_00732,2.129,1.451,1.983,1.367,91.897,329.722,2.54,0.27871,living
9,B,B9,B9_00733,1.386,1.784,1.774,0.995,64.11,213.573,2.183,0.300177,living
9,B,B9,B9_00734,1.217,2.260,1.871,0.828,54.236,224.875,15.819,0.241183,dead
9,B,B9,B9_00735,2.332,1.922,2.389,1.243,70.696,278.761,2.667,0.253607,living
9,B,B9,B9_00736,2.789,2.508,2.984,1.190,57.564,296.097,2.788,0.194408,living
9,B,B9,B9_00737,2.653,2.260,2.763,1.223,57,253.14,8.701,0.225172,dead
9,B,B9,B9_00738,1.656,1.515,1.787,1.180,57.031,283.908,2.704,0.200877,living
9,B,B9,B9_00739,1.487,2.459,2.158,0.877,33.784,241.841,2.5,0.139696,living
9,B,B9,B9_00742,1.893,1.909,2.145,1.124,34.196,282.188,2.625,0.121183,living
9,B,B9,B9_00743,1.876,2.224,2.305,1.036,20.973,266.387,2.568,0.078731,living
9,B,B9,B9_00744,1.284,2.260,1.922,0.851,21.579,255.618,9.487,0.084419,dead
9,B,B9,B9_00745,1.369,2.290,1.998,0.872,17.827,238.691,2.296,0.074687,living
9,B,B9,B9_00746,1.91,3.096,2.744,0.886,15.522,245.549,2.708,0.063214,living
9,B,B9,B9_00747,1.487,2.260,2.068,0.915,15.273,253.375,7.091,0.060277,dead
9,B,B9,B9_00748,1.876,2.809,2.590,0.922,13.045,246.45,3.018,0.052932,living
9,B,B9,B9_00749,1.859,2.213,2.289,1.034,13.182,276.382,2.282,0.047694,living
9,B,B9,B9_00750,1.606,1.728,1.880,1.088,16.189,280.432,2.389,0.057731,living
9,B,B9,B9_00753,0.811,2.260,1.528,0.676,10.271,233.729,13.646,0.043943,dead
9,B,B9,B9_00754,1.572,2.260,2.127,0.941,11.237,265.849,5.656,0.042267,dead
9,B,B9,B9_00756,0.828,2.260,1.544,0.683,10.449,210.143,39.898,0.049723,dead
9,B,B9,B9_00757,0.862,2.003,1.483,0.740,11.784,245.255,2.686,0.048049,living
9,B,B9,B9_00759,1.268,1.741,1.677,0.963,11.533,265.413,2.24,0.043454,living
9,B,B9,B9_00760,1.132,1.695,1.563,0.922,48.955,220.09,2.164,0.222433,living
9,B,B9,B9_00761,1.403,2.552,2.135,0.837,20.048,220.783,2.229,0.090805,living
9,B,B9,B9_00762,1.149,2.260,1.818,0.805,28.456,197.838,4.882,0.143834,living
9,B,B9,B9_00763,2.636,2.558,2.930,1.145,36.519,285.154,2.218,0.128069,living
9,B,B9,B9_00765,1.437,1.835,1.832,0.999,72.847,227.329,2.882,0.320447,living
9,B,B9,B9_00766,1.758,1.996,2.114,1.059,76.548,229.529,2.25,0.333501,living
9,B,B9,B9_00767,0.913,1.772,1.435,0.810,52.407,204.13,3.074,0.256736,living
9,B,B9,B9_00768,1.673,2.260,2.194,0.971,36.747,210.879,2.535,0.174259,living
9,B,B9,B9_00769,0.845,2.260,1.559,0.690,77.46,175.68,35.54,0.440915,dead
9,B,B9,B9_00770,1.538,2.498,2.212,0.885,39.165,218.868,2.549,0.178943,living
9,B,B9,B9_00771,2.062,2.262,2.437,1.077,75.246,230.607,2.459,0.326296,living
9,B,B9,B9_00772,1.876,1.896,2.128,1.122,67.973,262.982,2.423,0.25847,living
9,B,B9,B9_00773,2.163,1.648,2.130,1.293,61.906,300.391,2.32,0.206086,living
9,B,B9,B9_00774,2.991,2.703,3.208,1.187,54.469,273.356,2.627,0.19926,living
9,B,B9,B9_00775,1.014,2.260,1.708,0.756,23.25,204.283,22.883,0.113813,dead
9,B,B9,B9_00776,1.453,2.260,2.045,0.905,30.081,244.837,18.081,0.122863,dead
9,B,B9,B9_00777,1.622,2.320,2.189,0.943,21.781,247.833,2.844,0.087887,living
9,B,B9,B9_00778,1.014,1.789,1.520,0.850,22.133,237.683,2.3,0.093121,living
9,B,B9,B9_00779,0.811,2.260,1.528,0.676,18.062,211.688,46.417,0.085326,dead
9,B,B9,B9_00780,1.031,1.774,1.526,0.860,11.525,243.475,2.361,0.047334,living
9,B,B9,B9_00781,2.434,2.729,2.908,1.066,16.486,277.812,2.667,0.059343,living
9,B,B9,B9_00782,1.572,1.611,1.796,1.115,19.989,278.118,1.903,0.071873,living
9,B,B9,B9_00783,1.42,1.604,1.703,1.062,13.512,277.429,2.155,0.048704,living
9,B,B9,B9_00784,1.031,2.097,1.659,0.791,12.443,232.656,2.443,0.053481,living
9,B,B9,B9_00786,1.149,2.017,1.718,0.852,13.456,241.368,2.559,0.055748,living
9,B,B9,B9_00787,2.045,2.225,2.407,1.082,12.215,284.198,2.281,0.04298,living
9,B,B9,B9_00788,1.572,2.451,2.215,0.904,12,260.172,2.624,0.046123,living
9,B,B9,B9_00789,1.048,2.141,1.690,0.789,12.161,246.968,2.274,0.049242,living
9,B,B9,B9_00792,1.2,2.045,1.768,0.864,10.423,254.338,2.859,0.040979,living
9,B,B9,B9_00796,0.913,2.856,1.822,0.638,19.796,222.111,2.352,0.089128,living
9,B,B9,B9_00797,1.487,1.896,1.895,0.999,79.42,234.25,2.352,0.339041,living
9,B,B9,B9_00799,2.18,1.700,2.172,1.278,47.915,314.636,2.465,0.152286,living
9,B,B9,B9_00800,1.639,2.260,2.172,0.961,24.289,246.052,2.567,0.098714,living
9,B,B9,B9_00801,2.434,2.748,2.918,1.062,46.354,283.757,2.757,0.163359,living
9,B,B9,B9_00802,2.011,1.473,1.942,1.318,76.521,355.571,2.479,0.215206,living
9,B,B9,B9_00803,1.538,1.662,1.804,1.085,53.78,275.407,2.967,0.195276,living
9,B,B9,B9_00805,0.997,2.260,1.694,0.749,45.864,223.373,4.559,0.205327,living
9,B,B9,B9_00807,1.386,2.260,1.997,0.884,40.988,226.354,46.134,0.181079,dead
9,B,B9,B9_00808,2.197,1.988,2.358,1.186,39.115,315.154,2.277,0.124115,living
9,B,B9,B9_00809,1.538,2.488,2.207,0.887,24.582,278.857,2.253,0.088154,living
9,B,B9,B9_00810,1.099,3.037,2.061,0.679,17.138,242.108,2.662,0.070789,living
9,B,B9,B9_00811,2.687,2.521,2.937,1.165,40.686,312.975,2.667,0.129996,living
9,B,B9,B9_00812,2.383,2.754,2.891,1.050,25.213,298.404,2.277,0.084492,living
9,B,B9,B9_00813,1.825,2.738,2.522,0.921,15.13,276.935,2.259,0.054632,living
9,B,B9,B9_00814,1.639,2.021,2.054,1.016,18.041,304.876,2.443,0.059176,living
9,B,B9,B9_00815,1.622,3.109,2.534,0.815,16.521,255.771,2.083,0.064592,living
9,B,B9,B9_00816,2.484,2.260,2.673,1.183,17.857,323.619,3.007,0.05518,living
9,B,B9,B9_00817,0.913,2.064,1.549,0.750,12.278,261.796,2.426,0.046898,living
9,B,B9,B9_00819,1.673,2.156,2.143,0.994,14.889,300.798,2.293,0.049498,living
9,B,B9,B9_00820,1.69,2.260,2.205,0.976,12.39,267.98,3.24,0.046235,living
10,A,A10,A10_00002,2.687,2.172,2.726,1.255,113.717,612.962,3.006,0.18552,living
10,A,A10,A10_00003,2.366,2.172,2.558,1.178,42,569.986,2.464,0.073686,living
10,A,A10,A10_00004,2.789,2.172,2.777,1.279,10.018,551.776,2.721,0.018156,living
10,A,A10,A10_00006,1.791,2.172,2.226,1.025,70.491,591.387,2.491,0.119195,living
10,A,A10,A10_00007,1.893,2.172,2.288,1.053,87.08,517.357,2.259,0.168318,living
10,A,A10,A10_00008,1.977,2.172,2.338,1.077,113.274,588.855,2.607,0.192362,living
10,A,A10,A10_00009,1.96,2.172,2.328,1.072,48.086,593.483,3.172,0.081024,living
10,A,A10,A10_00010,1.437,2.172,1.994,0.918,51.165,583.965,2.988,0.087616,living
10,A,A10,A10_00011,2.434,2.172,2.594,1.194,18.604,561.569,2.444,0.033129,living
10,A,A10,A10_00012,1.251,2.172,1.860,0.856,17.405,553.514,2.649,0.031445,living
10,A,A10,A10_00013,1.048,2.172,1.702,0.784,17.871,465.565,2.113,0.038386,living
10,A,A10,A10_00016,1.47,2.784,2.283,0.820,10.931,487,2.379,0.022446,living
10,A,A10,A10_00017,2.282,2.262,2.564,1.133,86.904,625.474,1.978,0.138941,living
10,A,A10,A10_00018,2.839,2.581,3.054,1.183,31.244,663.899,2.387,0.047061,living
10,A,A10,A10_00019,2.974,2.172,2.868,1.320,47.636,633.04,10.562,0.07525,dead
10,A,A10,A10_00020,2.772,2.172,2.769,1.275,88.268,686.476,7.616,0.128582,dead
10,A,A10,A10_00023,2.518,2.241,2.680,1.196,45.584,714.805,2.268,0.063771,living
10,A,A10,A10_00024,2.045,1.723,2.118,1.229,117.727,711,2.917,0.16558,living
10,A,A10,A10_00026,2.839,2.246,2.849,1.269,27.185,768.679,2.125,0.035365,living
10,A,A10,A10_00027,1.335,1.621,1.660,1.024,17.848,571.19,2.848,0.031247,living
10,A,A10,A10_00028,1.724,1.877,2.030,1.081,29.049,642.569,2.853,0.045208,living
10,A,A10,A10_00029,1.166,2.172,1.796,0.827,16.522,572.014,9.058,0.028883,dead
10,A,A10,A10_00030,1.639,1.844,1.962,1.064,14.804,586.371,2.969,0.025247,living
10,A,A10,A10_00032,1.132,1.771,1.598,0.902,15.09,596.925,2.373,0.025279,living
10,A,A10,A10_00033,1.977,2.212,2.360,1.067,27.197,550.12,2.726,0.049438,living
10,A,A10,A10_00034,2.079,2.172,2.398,1.104,88.236,570.276,3.455,0.154725,living
10,A,A10,A10_00035,1.842,1.686,1.989,1.179,72.312,633.229,2.046,0.114195,living
10,A,A10,A10_00037,1.944,2.128,2.295,1.078,91.504,505.417,2.635,0.181047,living
10,A,A10,A10_00038,1.453,1.635,1.739,1.064,116.198,571.57,2.128,0.203296,living
10,A,A10,A10_00039,0.862,2.172,1.544,0.711,38.137,537.863,3.157,0.070905,living
10,A,A10,A10_00040,1.403,2.098,1.936,0.923,45.301,553.024,2.253,0.081915,living
10,A,A10,A10_00043,1.504,1.564,1.731,1.107,37.708,647.011,2.91,0.05828,living
10,A,A10,A10_00045,1.656,1.592,1.832,1.151,43.939,690.408,2.214,0.063642,living
10,A,A10,A10_00046,1.099,2.319,1.801,0.777,10.354,534.169,2.308,0.019383,living
10,A,A10,A10_00052,2.755,2.685,3.069,1.143,100.074,569.687,2.301,0.175664,living
10,A,A10,A10_00053,2.958,2.220,2.892,1.302,46.114,726.96,2.371,0.063434,living
10,A,A10,A10_00056,2.349,1.975,2.430,1.231,36.698,596.324,2.432,0.06154,living
10,A,A10,A10_00058,1.639,2.172,2.129,0.980,35.216,535.412,3.031,0.065775,living
10,A,A10,A10_00059,1.369,3.153,2.344,0.744,29.951,525.605,2.383,0.056983,living
10,A,A10,A10_00061,2.163,2.172,2.446,1.126,33.336,628.688,10.898,0.053025,dead
10,A,A10,A10_00062,2.079,1.481,1.980,1.337,66.528,870.049,2.569,0.076465,living
10,A,A10,A10_00063,1.994,2.152,2.337,1.086,17.661,496.746,2.559,0.035553,living
10,A,A10,A10_00064,0.963,3.142,1.963,0.625,27.474,481.158,2.018,0.057099,living
10,A,A10,A10_00065,2.129,2.521,2.614,1.037,15.095,573.802,2.437,0.026307,living
10,A,A10,A10_00067,1.132,1.910,1.659,0.869,75.522,476.97,2.507,0.158338,living
10,A,A10,A10_00068,1.944,2.172,2.319,1.067,38.67,491.957,4.374,0.078604,living
10,A,A10,A10_00069,1.504,1.697,1.803,1.062,26.292,430.775,1.989,0.061034,living
10,A,A10,A10_00071,1.741,1.907,2.056,1.078,64.369,547.359,2.417,0.117599,living
10,A,A10,A10_00072,1.437,2.172,1.994,0.918,94.565,427.494,78.224,0.221207,dead
10,A,A10,A10_00073,2.163,1.685,2.154,1.278,67.906,670.578,2.195,0.101265,living
10,A,A10,A10_00076,2.924,1.856,2.629,1.416,97.74,762.145,2.78,0.128243,living
10,A,A10,A10_00079,2.569,2.612,2.923,1.119,25.191,607.697,2.592,0.041453,living
10,A,A10,A10_00080,1.825,2.350,2.337,0.994,19.63,572.185,2.731,0.034306,living
10,A,A10,A10_00081,1.69,1.691,1.908,1.128,28.16,595.03,2.02,0.047325,living
10,A,A10,A10_00082,2.941,2.422,3.012,1.243,61.684,652.701,2.782,0.094506,living
10,A,A10,A10_00083,1.944,1.935,2.188,1.131,67.87,629.661,2.235,0.107787,living
10,A,A10,A10_00084,1.944,2.512,2.494,0.993,24.939,562.783,2.435,0.044314,living
10,A,A10,A10_00085,0.862,2.172,1.544,0.711,57.333,473.765,104.039,0.121016,dead
10,A,A10,A10_00087,1.572,1.511,1.739,1.151,49.097,566.656,2.914,0.086643,living
10,A,A10,A10_00088,2.67,2.172,2.717,1.251,105.57,625.614,19.981,0.168746,dead
10,A,A10,A10_00090,1.944,1.806,2.114,1.171,121.383,634.278,1.983,0.191371,living
10,A,A10,A10_00091,2.028,1.738,2.118,1.219,43.317,732.333,2.675,0.059149,living
10,A,A10,A10_00092,1.437,2.494,2.136,0.857,54.094,508.835,2.529,0.10631,living
10,A,A10,A10_00093,1.91,2.172,2.298,1.058,48.372,624.327,3.195,0.077478,living
10,A,A10,A10_00095,2.451,2.381,2.726,1.145,39.959,681.228,2.862,0.058657,living
10,A,A10,A10_00096,1.217,2.172,1.835,0.845,14.25,592.833,2.986,0.024037,living
10,A,A10,A10_00097,2.873,2.519,3.036,1.205,24.9,584.353,2.335,0.042611,living
10,A,A10,A10_00098,1.707,1.484,1.796,1.210,16,517.564,2.257,0.030914,living
10,A,A10,A10_00101,2.096,1.635,2.089,1.278,83.371,606.435,2.169,0.137477,living
10,A,A10,A10_00102,0.946,2.172,1.617,0.745,32.464,488,146.929,0.066525,dead
10,A,A10,A10_00103,1.707,1.546,1.833,1.186,42.198,693.931,3.02,0.06081,living
10,A,A10,A10_00104,1.335,1.637,1.668,1.019,30.772,609.873,3.063,0.050457,living
10,A,A10,A10_00106,2.129,2.064,2.365,1.146,32.77,648.381,2.587,0.050541,living
10,A,A10,A10_00107,1.268,1.813,1.711,0.944,13.773,609.973,2.267,0.02258,living
10,A,A10,A10_00109,2.298,2.396,2.648,1.105,58.309,632.846,2.596,0.092138,living
10,A,A10,A10_00110,1.014,2.189,1.681,0.768,23.4,560.9,2.167,0.041719,living
10,A,A10,A10_00111,1.741,1.825,2.011,1.102,123.592,623.33,2.184,0.198277,living
10,A,A10,A10_00112,2.484,2.172,2.621,1.207,66.619,590.891,2.891,0.112743,living
10,A,A10,A10_00113,1.622,2.172,2.118,0.975,115.271,575.49,10.052,0.2003,dead
10,A,A10,A10_00114,2.248,1.442,2.032,1.409,106.91,802.827,2.797,0.133167,living
10,A,A10,A10_00115,1.791,2.116,2.197,1.038,76.292,658.925,2.745,0.115783,living
10,A,A10,A10_00116,1.724,1.981,2.085,1.053,39.363,645.48,2.686,0.060982,living
10,A,A10,A10_00118,2.163,2.410,2.576,1.069,29.82,608.68,2.789,0.048992,living
10,A,A10,A10_00119,0.98,3.102,1.967,0.634,27.293,531.224,2.414,0.051378,living
10,A,A10,A10_00120,1.014,1.741,1.499,0.861,30.667,546.867,2.85,0.056077,living
10,A,A10,A10_00121,1.555,2.036,2.008,0.986,12.489,670.674,2.272,0.018622,living
10,A,A10,A10_00122,1.437,2.568,2.168,0.844,15.118,607.4,2.212,0.024889,living
10,A,A10,A10_00123,2.366,1.899,2.392,1.260,20.864,674.629,2.371,0.030927,living
10,A,A10,A10_00124,1.656,1.898,2.000,1.054,29.5,494.49,2.194,0.059657,living
10,A,A10,A10_00125,2.248,1.947,2.361,1.212,70.406,581.902,2.722,0.120993,living
10,A,A10,A10_00126,1.656,2.147,2.128,0.991,78.837,501.357,2.204,0.157247,living
10,A,A10,A10_00127,1.944,1.651,2.022,1.224,107.322,594.322,2.287,0.180579,living
10,A,A10,A10_00128,1.234,1.977,1.762,0.891,55.795,455.521,2.137,0.122485,living
10,A,A10,A10_00129,2.62,2.061,2.622,1.272,46.071,541.387,2.213,0.085098,living
10,A,A10,A10_00130,1.437,1.685,1.756,1.042,59.765,493,2.424,0.121227,living
10,A,A10,A10_00131,2.248,2.661,2.760,1.037,26.421,531.534,2.759,0.049707,living
10,A,A10,A10_00132,2.501,1.859,2.433,1.309,13.014,624.081,2.324,0.020852,living
10,A,A10,A10_00135,2.096,2.020,2.322,1.149,32.121,580.621,2.242,0.055322,living
10,A,A10,A10_00138,1.065,2.269,1.754,0.773,13.016,476.794,2.19,0.027299,living
10,A,A10,A10_00140,1.791,1.954,2.111,1.080,18.802,584.547,2.557,0.032165,living
10,A,A10,A10_00141,2.535,1.809,2.416,1.336,63.907,671.273,2.287,0.095202,living
10,A,A10,A10_00142,1.082,1.871,1.605,0.858,50.359,568.938,2.078,0.088515,living
10,A,A10,A10_00143,1.893,2.245,2.326,1.036,94.848,618.67,2.42,0.15331,living
10,A,A10,A10_00145,1.403,2.045,1.911,0.935,74.566,605.422,2.349,0.123164,living
10,A,A10,A10_00146,0.862,1.770,1.394,0.787,57.431,558.51,2.373,0.10283,living
10,A,A10,A10_00147,2.366,1.921,2.406,1.252,150.893,751.6,2.036,0.200762,living
10,A,A10,A10_00148,2.89,2.381,2.960,1.243,55.152,710.076,2.216,0.077671,living
10,A,A10,A10_00149,2.738,2.465,2.931,1.189,40.099,760.5,2.444,0.052727,living
10,A,A10,A10_00150,1.369,2.424,2.056,0.848,58.457,593.099,2.198,0.098562,living
10,A,A10,A10_00151,1.335,1.662,1.681,1.011,81.671,641.165,2.127,0.127379,living
10,A,A10,A10_00152,2.096,2.172,2.408,1.108,74.758,612.468,64.831,0.12206,dead
10,A,A10,A10_00153,1.724,1.872,2.027,1.083,81.637,677.755,2.676,0.120452,living
10,A,A10,A10_00154,2.991,1.833,2.642,1.441,101.582,817.627,2.825,0.12424,living
10,A,A10,A10_00155,2.332,1.627,2.198,1.351,34.826,603.355,2.696,0.057721,living
10,A,A10,A10_00156,0.862,1.738,1.381,0.795,37.275,589.941,2.51,0.063183,living
10,A,A10,A10_00157,1.284,1.729,1.681,0.972,44.724,649.908,2.408,0.068815,living
10,A,A10,A10_00158,1.707,2.018,2.094,1.038,38.376,639.178,2.465,0.06004,living
10,A,A10,A10_00159,1.808,2.688,2.488,0.925,28,663.645,2.636,0.042191,living
10,A,A10,A10_00160,2.822,2.583,3.046,1.179,13.431,654.515,2.269,0.020521,living
10,A,A10,A10_00161,1.352,2.135,1.917,0.898,29.95,620.55,2.125,0.048264,living
10,A,A10,A10_00162,1.268,2.034,1.812,0.891,19.387,648.827,2.387,0.02988,living
10,A,A10,A10_00165,2.011,2.421,2.490,1.028,81.571,553.521,2.613,0.147368,living
10,A,A10,A10_00166,1.825,1.878,2.089,1.112,50.056,476.083,2.602,0.10514,living
10,A,A10,A10_00167,2.974,1.824,2.628,1.441,84.636,553.057,2.403,0.153034,living
10,A,A10,A10_00168,2.028,2.657,2.619,0.986,84.992,519.117,2.508,0.163724,living
10,A,A10,A10_00169,1.352,1.624,1.672,1.030,44.112,487.675,2.888,0.090455,living
10,A,A10,A10_00170,1.555,1.538,1.745,1.135,105.033,569.772,2.37,0.184342,living
10,A,A10,A10_00171,2.518,2.497,2.829,1.133,110.738,520.732,2.57,0.212659,living
10,A,A10,A10_00172,2.721,2.428,2.900,1.195,119.342,563.05,2.714,0.211956,living
10,A,A10,A10_00174,1.031,2.172,1.689,0.777,56.541,453.787,134.689,0.124598,dead
10,A,A10,A10_00175,2.451,2.167,2.600,1.200,88.648,615.952,2.828,0.143921,living
10,A,A10,A10_00176,0.963,2.172,1.632,0.751,34.281,477.912,137.912,0.07173,dead
10,A,A10,A10_00177,1.301,1.592,1.624,1.020,56.078,491.247,2.377,0.114154,living
10,A,A10,A10_00178,2.113,2.233,2.451,1.098,55.008,563.744,2.496,0.097576,living
10,A,A10,A10_00179,2.231,1.679,2.184,1.301,26.098,694.629,2.576,0.037572,living
10,A,A10,A10_00180,2.4,1.816,2.356,1.297,38.944,619.007,2.514,0.062913,living
10,A,A10,A10_00181,1.977,2.172,2.338,1.077,30.957,584.35,25.239,0.052977,dead
10,A,A10,A10_00182,1.42,1.478,1.635,1.106,36.345,607.429,2.738,0.059835,living
10,A,A10,A10_00183,1.69,2.303,2.226,0.967,27.09,565.52,2.29,0.047903,living
10,A,A10,A10_00184,1.741,2.172,2.194,1.010,23.728,521.738,2.922,0.045479,living
10,A,A10,A10_00185,2.518,2.172,2.639,1.215,106.671,575.221,2.758,0.185444,living
10,A,A10,A10_00186,1.572,2.172,2.085,0.960,14.355,503.763,2.538,0.028495,living
10,A,A10,A10_00187,2.332,2.172,2.540,1.169,48.703,540.717,2.116,0.090071,living
10,A,A10,A10_00189,2.248,2.172,2.493,1.148,53.632,519.383,2.519,0.10326,living
10,A,A10,A10_00190,2.18,2.172,2.455,1.130,67.667,714.333,2.783,0.094727,living
10,A,A10,A10_00191,2.332,2.172,2.540,1.169,41.833,568.833,2.486,0.073542,living
10,A,A10,A10_00192,1.994,2.172,2.348,1.081,26.771,577.085,2.576,0.04639,living
10,A,A10,A10_00193,2.67,2.172,2.717,1.251,13.424,506.348,2.513,0.026512,living
10,A,A10,A10_00195,2.535,2.172,2.648,1.219,23.24,674.98,2.367,0.034431,living
10,A,A10,A10_00196,1.031,1.703,1.495,0.878,19.23,541.131,2.393,0.035536,living
10,A,A10,A10_00197,1.284,1.644,1.639,0.997,49.816,598.263,2.579,0.083267,living
10,A,A10,A10_00198,1.859,1.707,2.010,1.178,60.309,614.091,2.291,0.098209,living
10,A,A10,A10_00199,2.721,2.190,2.754,1.258,88.248,603.062,2.385,0.146334,living
10,A,A10,A10_00201,1.69,2.044,2.097,1.026,101.22,582.41,2.32,0.173795,living
10,A,A10,A10_00204,2.113,2.330,2.504,1.075,118.68,604.256,2.896,0.196407,living
10,A,A10,A10_00205,1.166,1.948,1.701,0.873,48.304,514.696,2.826,0.09385,living
10,A,A10,A10_00206,1.217,1.861,1.698,0.912,30.639,574.125,2.736,0.053366,living
10,A,A10,A10_00207,1.538,2.172,2.062,0.950,93.143,503.714,6.648,0.184912,dead
10,A,A10,A10_00208,2.653,1.839,2.492,1.355,131.287,737.79,2.885,0.177946,living
10,A,A10,A10_00209,2.045,2.129,2.354,1.106,32.116,700.661,2.446,0.045836,living
10,A,A10,A10_00210,1.301,1.649,1.653,1.002,88.922,594.195,2.299,0.149651,living
10,A,A10,A10_00212,2.163,2.172,2.446,1.126,72.617,625.445,71.477,0.116105,dead
10,A,A10,A10_00213,1.842,2.349,2.347,0.999,35.037,663.358,2.596,0.052817,living
10,A,A10,A10_00214,1.268,2.347,1.947,0.829,13,561.52,2.413,0.023151,living
10,A,A10,A10_00215,1.251,2.281,1.906,0.836,26.419,567.757,2.203,0.046532,living
10,A,A10,A10_00216,1.775,2.530,2.391,0.945,18.4,597.114,2.838,0.030815,living
10,A,A10,A10_00217,1.42,2.429,2.096,0.863,59.214,527.071,2.19,0.112346,living
10,A,A10,A10_00218,1.825,2.243,2.283,1.018,73.065,594.62,2.537,0.122876,living
10,A,A10,A10_00219,1.048,1.915,1.599,0.835,57.29,464.29,2.452,0.123393,living
10,A,A10,A10_00220,1.96,2.172,2.328,1.072,96.422,620.405,3.259,0.155418,living
10,A,A10,A10_00222,2.924,2.656,3.145,1.184,113.277,595.509,2.786,0.19022,living
10,A,A10,A10_00223,2.146,2.166,2.433,1.123,118.953,594.976,2.764,0.199929,living
10,A,A10,A10_00224,2.451,2.011,2.505,1.246,34.483,696.262,2.462,0.049526,living
10,A,A10,A10_00225,2.129,1.817,2.219,1.221,88.46,729.484,2.532,0.121264,living
10,A,A10,A10_00226,0.946,2.768,1.826,0.660,27.214,504.786,2.804,0.053913,living
10,A,A10,A10_00227,2.586,1.751,2.401,1.371,25.327,576.686,2.124,0.043918,living
10,A,A10,A10_00228,1.859,2.071,2.214,1.069,26.309,667.336,2.409,0.039424,living
10,A,A10,A10_00229,1.825,1.624,1.943,1.196,58.963,506.111,2.037,0.116502,living
10,A,A10,A10_00231,0.879,2.571,1.696,0.660,61.923,437.077,2.365,0.141675,living
10,A,A10,A10_00232,2.721,1.998,2.631,1.317,82.205,656.056,2.435,0.125302,living
10,A,A10,A10_00233,2.89,2.172,2.827,1.302,91.491,544.76,7.316,0.167948,dead
10,A,A10,A10_00234,2.113,1.492,2.003,1.343,29.768,603.336,2.712,0.049339,living
10,A,A10,A10_00235,2.907,2.172,2.835,1.305,137.919,686.174,6.762,0.200996,dead
10,A,A10,A10_00236,2.062,2.128,2.364,1.111,109.943,549.451,2.377,0.200095,living
10,A,A10,A10_00237,2.231,2.280,2.545,1.116,61.091,564.129,2.477,0.108292,living
10,A,A10,A10_00238,1.572,2.231,2.113,0.947,58.57,476.065,2.118,0.123029,living
10,A,A10,A10_00239,1.572,1.912,1.956,1.023,31.032,578.204,2.387,0.05367,living
10,A,A10,A10_00240,2.569,1.817,2.438,1.342,29.836,694.803,2.632,0.042941,living
10,A,A10,A10_00241,1.977,1.679,2.056,1.224,54.368,596.359,2.624,0.091166,living
10,A,A10,A10_00242,1.217,1.822,1.680,0.922,17.5,469.972,1.972,0.037236,living
10,A,A10,A10_00243,2.298,2.686,2.803,1.044,36.537,566,2.14,0.064553,living
10,A,A10,A10_00247,1.572,2.295,2.143,0.934,17.763,530.935,2.366,0.033457,living
10,A,A10,A10_00248,2.721,2.340,2.847,1.217,27.634,694.789,2.41,0.039773,living
10,A,A10,A10_00249,1.335,1.677,1.688,1.007,18.101,518.734,2.342,0.034895,living
10,A,A10,A10_00250,1.927,2.509,2.481,0.989,15.289,569.447,2.737,0.02685,living
10,A,A10,A10_00251,1.808,1.687,1.971,1.168,19.505,614.262,3.037,0.031753,living
10,A,A10,A10_00254,1.487,2.066,1.978,0.957,12.557,560.795,2.239,0.022391,living
10,A,A10,A10_00255,1.166,2.181,1.799,0.825,74.841,486.304,2.841,0.153897,living
10,A,A10,A10_00256,1.758,2.095,2.165,1.034,77.99,541.673,2.538,0.143981,living
10,A,A10,A10_00257,2.789,2.630,3.056,1.162,42.012,570.164,2.4,0.073684,living
10,A,A10,A10_00258,2.434,2.392,2.723,1.138,80.312,596.16,2.424,0.134716,living
10,A,A10,A10_00259,2.349,1.995,2.443,1.224,93.727,665.029,2.691,0.140936,living
10,A,A10,A10_00260,1.589,1.834,1.926,1.050,69.457,585.383,3.106,0.118653,living
10,A,A10,A10_00261,0.98,2.172,1.646,0.758,112.069,356.724,170.448,0.314161,dead
10,A,A10,A10_00262,1.099,2.218,1.762,0.794,20.246,459.323,2.908,0.044078,living
10,A,A10,A10_00263,1.876,2.487,2.437,0.980,59.333,541.694,2.297,0.109533,living
10,A,A10,A10_00265,2.231,1.596,2.129,1.334,61.811,688.545,2.621,0.08977,living
10,A,A10,A10_00266,2.366,1.825,2.345,1.285,63.029,739.879,2.179,0.085188,living
10,A,A10,A10_00267,1.352,1.980,1.846,0.932,30.462,527.125,2.275,0.05779,living
10,A,A10,A10_00268,1.555,2.059,2.019,0.981,19.674,602.783,2.859,0.032638,living
10,A,A10,A10_00269,2.315,1.758,2.276,1.295,13.942,612.015,2.759,0.02278,living
10,A,A10,A10_00270,1.453,2.055,1.950,0.949,24.953,590.826,2.988,0.042235,living
10,A,A10,A10_00271,2.062,2.172,2.388,1.099,68.59,552.246,2.221,0.124202,living
10,A,A10,A10_00272,1.91,2.172,2.298,1.058,83.726,515.177,2.274,0.162518,living
10,A,A10,A10_00273,1.301,2.172,1.897,0.873,49.234,534.558,2.429,0.092102,living
10,A,A10,A10_00274,1.555,2.172,2.074,0.955,25.315,500.337,2.12,0.050596,living
10,A,A10,A10_00275,2.028,2.172,2.368,1.090,103.95,487.483,2.167,0.213238,living
10,A,A10,A10_00276,2.89,2.172,2.827,1.302,88.199,663.515,2.544,0.132927,living
10,A,A10,A10_00277,2.467,2.172,2.612,1.203,85.021,645.062,2.74,0.131802,living
10,A,A10,A10_00278,1.639,2.172,2.129,0.980,72.505,475.856,2.268,0.152368,living
10,A,A10,A10_00279,2.214,2.172,2.474,1.139,20.374,577.221,2.321,0.035297,living
10,A,A10,A10_00280,2.772,2.172,2.769,1.275,35.159,715.152,2.396,0.049162,living
10,A,A10,A10_00281,1.724,2.172,2.184,1.005,35.931,583.284,2.755,0.061602,living
10,A,A10,A10_00282,2.822,2.172,2.794,1.286,45.048,652.677,2.431,0.06902,living
10,A,A10,A10_00283,2.113,2.172,2.417,1.113,14.48,553.728,2.336,0.02615,living
10,A,A10,A10_00284,1.927,2.172,2.309,1.063,21.14,543.026,3.114,0.038931,living
10,A,A10,A10_00287,2.332,1.379,2.023,1.467,32.681,506.754,2.529,0.064491,living
10,A,A10,A10_00288,1.825,1.934,2.120,1.096,42.657,569.759,2.519,0.074869,living
10,A,A10,A10_00289,1.724,2.363,2.277,0.964,70.578,523.373,2.912,0.134853,living
10,A,A10,A10_00290,2.18,2.697,2.736,1.014,85.899,524.062,2.326,0.16391,living
10,A,A10,A10_00291,2.653,1.955,2.570,1.314,130.478,642.178,2.395,0.20318,living
10,A,A10,A10_00292,1.487,2.172,2.028,0.934,70.375,479.409,5.602,0.146795,dead
10,A,A10,A10_00294,1.96,2.172,2.328,1.072,57.603,574.009,2.534,0.100353,living
10,A,A10,A10_00295,1.082,2.172,1.730,0.796,54.938,509.797,2.625,0.107764,living
10,A,A10,A10_00296,2.535,2.182,2.654,1.216,49.627,650.987,2.287,0.076233,living
10,A,A10,A10_00297,1.352,2.551,2.096,0.821,41.5,481.55,2.1,0.08618,living
10,A,A10,A10_00299,1.352,2.791,2.192,0.785,11.887,441.663,2.55,0.026915,living
10,A,A10,A10_00300,2.332,2.259,2.590,1.146,18.022,639.319,2.536,0.028189,living
10,A,A10,A10_00303,1.741,1.911,2.058,1.077,62.194,489.087,2.544,0.127164,living
10,A,A10,A10_00304,1.352,1.674,1.698,1.014,14.537,444.712,2.237,0.03269,living
10,A,A10,A10_00305,0.828,2.172,1.513,0.697,73.959,364.122,112.918,0.203116,dead
10,A,A10,A10_00307,2.096,2.172,2.408,1.108,74.976,633.968,2.895,0.118264,living
10,A,A10,A10_00308,1.673,1.603,1.848,1.153,63.212,559.657,2.758,0.112948,living
10,A,A10,A10_00309,2.129,2.209,2.447,1.108,61.817,602.357,2.587,0.102626,living
10,A,A10,A10_00311,2.434,2.172,2.594,1.194,16.035,583.007,3.958,0.027503,living
10,A,A10,A10_00312,1.487,2.026,1.959,0.967,44.375,556.636,2.841,0.07972,living
10,A,A10,A10_00315,0.98,2.332,1.706,0.731,15.397,490.569,2.621,0.031385,living
10,A,A10,A10_00316,2.772,1.929,2.609,1.353,11.232,710.36,2.543,0.015811,living
10,A,A10,A10_00317,1.622,2.380,2.217,0.932,16.26,512.167,2.479,0.031748,living
10,A,A10,A10_00319,2.501,2.389,2.758,1.155,34.926,884.953,2.223,0.039466,living
10,A,A10,A10_00320,1.318,2.196,1.920,0.874,24.128,687.513,2.513,0.035095,living
10,A,A10,A10_00321,0.98,2.140,1.634,0.764,80.155,689.517,2.828,0.116248,living
10,A,A10,A10_00322,1.251,2.317,1.921,0.829,125.905,717.351,1.932,0.175514,living
10,A,A10,A10_00323,2.4,2.567,2.801,1.091,73.704,782.296,2.739,0.094215,living
10,A,A10,A10_00324,1.42,2.169,1.980,0.913,72.06,781.714,2.107,0.092181,living
10,A,A10,A10_00325,2.146,2.172,2.436,1.122,91.898,694.669,31.622,0.13229,dead
10,A,A10,A10_00326,2.586,2.373,2.795,1.178,120.497,917.065,2.745,0.131394,living
10,A,A10,A10_00327,1.031,1.804,1.539,0.853,58.934,729.344,2.443,0.080805,living
10,A,A10,A10_00328,2.772,1.783,2.509,1.407,115.39,1157.177,2.25,0.099717,living
10,A,A10,A10_00329,1.2,1.711,1.617,0.945,88.028,783.817,1.746,0.112307,living
10,A,A10,A10_00330,1.707,2.450,2.308,0.942,55.139,736.792,2.723,0.074836,living
10,A,A10,A10_00331,1.352,1.803,1.762,0.977,55.9,822.288,2.9,0.067981,living
10,A,A10,A10_00334,2.197,2.172,2.465,1.135,67.031,637.508,21.569,0.105145,dead
10,A,A10,A10_00335,1.42,2.108,1.952,0.926,89.774,575.571,2.286,0.155973,living
10,A,A10,A10_00336,1.758,1.976,2.103,1.064,112.442,651.952,2.298,0.17247,living
10,A,A10,A10_00337,2.383,2.639,2.830,1.072,104.27,619.113,2.277,0.168417,living
10,A,A10,A10_00338,1.791,1.497,1.848,1.234,41.925,657.811,3.17,0.063733,living
10,A,A10,A10_00339,1.994,1.886,2.188,1.160,63.059,676.339,2.153,0.093236,living
10,A,A10,A10_00340,2.738,2.550,2.982,1.169,99.037,686.883,2.432,0.144183,living
10,A,A10,A10_00341,1.251,1.857,1.720,0.926,80.973,621.216,2.446,0.130346,living
10,A,A10,A10_00343,0.913,2.172,1.589,0.732,34.778,554.296,185.537,0.062742,dead
10,A,A10,A10_00344,1.572,2.065,2.033,0.985,17.57,674.516,2.527,0.026048,living
10,A,A10,A10_00346,2.535,2.172,2.648,1.219,96.64,644.473,2.6,0.149952,living
10,A,A10,A10_00347,1.065,1.732,1.533,0.885,60.651,534.206,2.556,0.113534,living
10,A,A10,A10_00348,1.504,2.172,2.039,0.939,37.573,537.764,95.494,0.069869,dead
10,A,A10,A10_00349,1.487,1.549,1.713,1.106,94.466,592.955,3.159,0.159314,living
10,A,A10,A10_00350,2.248,1.568,2.118,1.351,58.767,558.94,2.654,0.10514,living
10,A,A10,A10_00351,1.724,2.172,2.184,1.005,98.412,540.382,93.833,0.182115,dead
10,A,A10,A10_00352,2.146,2.102,2.397,1.140,112.551,627.37,2.685,0.179402,living
10,A,A10,A10_00353,2.298,1.896,2.355,1.242,76.89,639.25,2.272,0.120281,living
10,A,A10,A10_00354,1.521,1.977,1.957,0.990,56.089,576.711,2.378,0.097256,living
10,A,A10,A10_00356,1.859,1.721,2.018,1.173,47.682,728.791,2.773,0.065426,living
10,A,A10,A10_00357,0.997,2.172,1.661,0.764,23.034,486.203,116.525,0.047375,dead
10,A,A10,A10_00358,1.504,1.999,1.957,0.979,33.865,634.73,2.438,0.053354,living
10,A,A10,A10_00359,1.2,1.985,1.742,0.877,14.803,575.493,2.352,0.025722,living
10,A,A10,A10_00360,2.552,2.005,2.552,1.273,31.066,751.291,2.629,0.04135,living
10,A,A10,A10_00363,2.214,2.842,2.830,0.996,11.679,538.229,2.046,0.0217,living
10,A,A10,A10_00364,1.369,2.432,2.059,0.847,13.222,577.42,2.679,0.022899,living
10,A,A10,A10_00365,1.808,2.640,2.465,0.934,16.346,604.467,2.327,0.027042,living
10,A,A10,A10_00366,1.183,1.917,1.699,0.886,51.4,602.786,2.5,0.085271,living
10,A,A10,A10_00368,1.082,2.079,1.692,0.814,26.109,632.844,2.453,0.041257,living
10,A,A10,A10_00369,1.318,2.172,1.909,0.879,104.333,657.449,70.333,0.158694,dead
10,A,A10,A10_00370,1.335,1.572,1.635,1.040,100.127,666.696,2.835,0.150183,living
10,A,A10,A10_00372,1.352,2.172,1.934,0.890,25.95,683.638,3.312,0.037959,living
10,A,A10,A10_00373,1.589,2.371,2.190,0.924,54.968,679.989,2.585,0.080837,living
10,A,A10,A10_00374,1.47,1.618,1.740,1.076,44.598,686.552,2.759,0.064959,living
10,A,A10,A10_00375,1.251,1.761,1.675,0.951,42.284,683.095,2.203,0.0619,living
10,A,A10,A10_00376,0.963,2.172,1.632,0.751,15.246,595.491,4.789,0.025602,living
10,A,A10,A10_00377,1.504,3.048,2.416,0.793,29.169,648.843,2.584,0.044955,living
10,A,A10,A10_00378,1.031,2.032,1.633,0.804,18.311,647.656,3.049,0.028273,living
10,A,A10,A10_00379,1.115,2.257,1.790,0.793,27.455,680.076,1.985,0.04037,living
10,A,A10,A10_00381,2.096,2.172,2.408,1.108,62.726,538.137,16.508,0.116561,dead
10,A,A10,A10_00383,2.67,1.737,2.430,1.399,80.247,696.215,2.361,0.115262,living
10,A,A10,A10_00385,1.386,1.985,1.872,0.943,74.537,578.634,2.549,0.128815,living
10,A,A10,A10_00386,2.4,2.145,2.560,1.194,113.662,664.993,2.528,0.170922,living
10,A,A10,A10_00387,1.639,1.988,2.037,1.025,75.072,629.619,3.144,0.119234,living
10,A,A10,A10_00388,2.603,3.042,3.175,1.044,96.039,593.377,2.649,0.161852,living
10,A,A10,A10_00389,2.197,1.869,2.287,1.223,100.923,708.938,2.562,0.142358,living
10,A,A10,A10_00391,2.079,2.327,2.482,1.067,58.138,604.041,2.967,0.096249,living
10,A,A10,A10_00392,1.927,2.503,2.478,0.990,64.921,556.667,2.886,0.116625,living
10,A,A10,A10_00393,2.079,1.977,2.288,1.157,51.789,637.179,2.854,0.081278,living
10,A,A10,A10_00394,2.417,2.559,2.806,1.097,46.769,645.538,2.315,0.07245,living
10,A,A10,A10_00395,1.622,2.172,2.118,0.975,26.792,539.833,7.833,0.04963,dead
10,A,A10,A10_00396,1.876,2.290,2.339,1.021,10.73,607.955,2.577,0.017649,living
10,A,A10,A10_00397,2.197,1.753,2.214,1.263,27.538,824.785,2.523,0.033389,living
10,A,A10,A10_00399,1.622,2.181,2.122,0.973,20.583,628.5,2.469,0.03275,living
10,A,A10,A10_00400,2.721,1.897,2.564,1.351,16.82,755.801,2.472,0.022254,living
10,A,A10,A10_00401,0.913,2.044,1.541,0.754,52.204,339.389,2.5,0.153817,living
10,A,A10,A10_00402,2.434,2.711,2.899,1.069,45.132,421.111,2.403,0.107173,living
10,A,A10,A10_00403,1.504,2.488,2.183,0.877,19.416,419.719,2.888,0.046259,living
10,A,A10,A10_00406,1.622,2.255,2.158,0.957,50.906,448.281,2.25,0.113559,living
10,A,A10,A10_00407,1.149,2.172,1.783,0.821,70.75,356.956,32.868,0.198204,dead
10,A,A10,A10_00408,0.963,1.983,1.559,0.786,59.07,380.702,2.772,0.155161,living
10,A,A10,A10_00410,0.93,1.819,1.468,0.807,37.509,390.273,2.764,0.09611,living
10,A,A10,A10_00411,1.96,1.533,1.956,1.276,26.147,484.078,2.983,0.054013,living
10,A,A10,A10_00413,1.808,1.752,2.008,1.146,29.804,535.019,2.832,0.055706,living
10,A,A10,A10_00415,1.572,2.167,2.083,0.961,12.559,476.065,2.194,0.026381,living
10,A,A10,A10_00417,0.811,2.332,1.552,0.665,23.729,629.333,2.292,0.037705,living
10,A,A10,A10_00418,1.994,2.172,2.348,1.081,111.153,619.627,59.127,0.179386,dead
10,A,A10,A10_00420,1.014,2.211,1.690,0.764,38.867,479.133,2.6,0.081119,living
10,A,A10,A10_00421,2.298,2.317,2.604,1.124,136.919,717.301,2.537,0.190881,living
10,A,A10,A10_00422,2.028,1.963,2.251,1.147,89.325,691.783,2.1,0.129123,living
10,A,A10,A10_00424,1.048,2.332,1.764,0.756,29.871,633.677,2.387,0.047139,living
10,A,A10,A10_00425,1.96,2.131,2.306,1.082,136.353,695.172,2.578,0.196143,living
10,A,A10,A10_00426,0.913,2.172,1.589,0.732,105.963,533.019,3.444,0.198798,living
10,A,A10,A10_00427,2.315,2.978,2.963,0.995,102.029,638.19,2.533,0.159873,living
10,A,A10,A10_00428,1.234,2.438,1.957,0.803,76.932,571.452,3.151,0.134625,living
10,A,A10,A10_00430,2.265,2.754,2.818,1.023,41.246,672.582,2.455,0.061325,living
10,A,A10,A10_00432,1.369,1.970,1.853,0.941,13.506,696.42,2.037,0.019394,living
10,A,A10,A10_00433,2.011,2.479,2.519,1.016,77.412,538.387,2.378,0.143785,living
10,A,A10,A10_00434,2.67,2.466,2.895,1.174,87.373,645.108,2.184,0.13544,living
10,A,A10,A10_00435,2.349,1.860,2.359,1.268,95.353,686.633,2.583,0.13887,living
10,A,A10,A10_00436,1.606,2.172,2.107,0.970,118.821,546.884,122.842,0.217269,dead
10,A,A10,A10_00437,2.248,1.796,2.267,1.262,73.917,593.316,2.436,0.124583,living
10,A,A10,A10_00438,1.149,1.945,1.687,0.867,14.412,503.015,2.471,0.028651,living
10,A,A10,A10_00439,2.315,2.172,2.530,1.165,57.299,657.438,3.978,0.087155,living
10,A,A10,A10_00440,1.673,2.427,2.274,0.937,55.04,558.495,2.677,0.098551,living
10,A,A10,A10_00441,2.383,2.391,2.693,1.126,37.986,661.567,2.858,0.057418,living
10,A,A10,A10_00442,1.166,1.608,1.545,0.961,26.841,620.29,2.551,0.043271,living
10,A,A10,A10_00443,1.132,1.742,1.585,0.910,26.328,572.119,2.299,0.046019,living
10,A,A10,A10_00445,2.704,1.949,2.590,1.329,44.781,616.138,2.481,0.072681,living
10,A,A10,A10_00447,1.791,2.120,2.199,1.037,29.981,560.811,2.368,0.05346,living
10,A,A10,A10_00448,2.383,2.690,2.857,1.062,23.326,663.355,2.44,0.035164,living
10,A,A10,A10_00449,1.791,2.589,2.430,0.939,15.953,621.84,2.792,0.025654,living
10,A,A10,A10_00450,2.721,2.718,3.069,1.129,20.068,672.373,2.416,0.029847,living
10,A,A10,A10_00451,1.403,2.023,1.901,0.940,12.313,616.301,2.458,0.019979,living
10,A,A10,A10_00452,0.93,1.977,1.530,0.774,10.782,559.782,2.091,0.019261,living
10,A,A10,A10_00455,1.859,2.799,2.574,0.920,37.709,568.636,2.818,0.066315,living
10,A,A10,A10_00456,2.805,2.042,2.701,1.322,81.687,707.819,2.952,0.115406,living
10,A,A10,A10_00457,2.738,2.115,2.715,1.284,98.593,651.58,2.216,0.151313,living
10,A,A10,A10_00458,1.859,2.172,2.267,1.044,33.9,622.327,68.309,0.054473,dead
10,A,A10,A10_00459,1.656,1.809,1.953,1.080,77.316,597.612,2.408,0.129375,living
10,A,A10,A10_00460,0.93,2.172,1.604,0.738,100.764,422.509,144.509,0.238489,dead
10,A,A10,A10_00461,2.18,1.682,2.161,1.285,93.062,692.45,2.171,0.134395,living
10,A,A10,A10_00462,1.876,1.838,2.095,1.140,31.802,678.369,2.658,0.04688,living
10,A,A10,A10_00465,2.603,1.774,2.425,1.367,55.208,653.721,2.545,0.084452,living
10,A,A10,A10_00466,2.231,1.918,2.334,1.217,37.386,720.667,2.394,0.051877,living
10,A,A10,A10_00467,1.487,2.172,2.028,0.934,72.83,621.568,6.932,0.117171,dead
10,A,A10,A10_00468,2.501,2.206,2.650,1.201,52.007,719.966,2.655,0.072235,living
10,A,A10,A10_00469,1.927,2.329,2.390,1.026,69.149,625.36,2.246,0.110575,living
10,A,A10,A10_00470,1.555,1.828,1.902,1.041,72.815,652.25,2.576,0.111637,living
10,A,A10,A10_00471,2.18,1.999,2.356,1.178,55.085,692.915,2.264,0.079498,living
10,A,A10,A10_00472,1.572,1.799,1.898,1.055,28.344,640.376,2.742,0.044262,living
10,A,A10,A10_00473,2.298,2.556,2.735,1.070,37.382,658.029,2.993,0.05681,living
10,A,A10,A10_00474,1.521,2.136,2.034,0.952,16.856,619.533,2.256,0.027207,living
10,A,A10,A10_00477,1.268,1.836,1.722,0.938,25.267,631.333,2.36,0.040021,living
10,A,A10,A10_00479,1.639,2.100,2.093,0.997,24.567,656.371,2.526,0.037429,living
10,A,A10,A10_00480,1.994,2.416,2.477,1.025,15.525,662.229,2.407,0.023444,living
10,A,A10,A10_00481,2.755,2.013,2.657,1.320,20.08,755.356,2.344,0.026583,living
10,A,A10,A10_00482,1.335,2.101,1.890,0.899,11.215,591.443,2.646,0.018962,living
10,A,A10,A10_00484,2.18,2.442,2.603,1.066,11.411,678.659,2.411,0.016814,living
10,A,A10,A10_00486,1.42,2.172,1.982,0.912,16.643,505.167,2.238,0.032945,living
10,A,A10,A10_00488,2.129,2.172,2.426,1.117,81.524,602.389,3.008,0.135334,living
10,A,A10,A10_00489,2.045,2.172,2.378,1.095,62.612,594.488,2.421,0.10532,living
10,A,A10,A10_00490,1.538,2.172,2.062,0.950,43.462,566.165,2.791,0.076765,living
10,A,A10,A10_00491,1.724,2.172,2.184,1.005,72.931,673.098,2.569,0.108352,living
10,A,A10,A10_00492,2.315,2.172,2.530,1.165,114.737,607.701,2.431,0.188805,living
10,A,A10,A10_00494,2.028,2.172,2.368,1.090,76.625,548.3,2.3,0.13975,living
10,A,A10,A10_00495,2.721,2.172,2.743,1.263,86.646,705.149,2.466,0.122876,living
10,A,A10,A10_00496,2.434,2.172,2.594,1.194,57.951,622.715,2.424,0.093062,living
10,A,A10,A10_00497,1.927,2.172,2.309,1.063,62.675,579.544,2.64,0.108146,living
10,A,A10,A10_00498,1.859,2.172,2.267,1.044,23.2,583.4,2.518,0.039767,living
10,A,A10,A10_00499,2.417,2.172,2.585,1.190,50.769,657.182,2.517,0.077253,living
10,A,A10,A10_00500,2.315,2.172,2.530,1.165,41.015,607.022,2.737,0.067567,living
10,A,A10,A10_00501,2.738,2.172,2.752,1.267,28.284,642.117,2.747,0.044048,living
10,A,A10,A10_00503,1.673,2.172,2.151,0.990,72.747,632.04,2.747,0.115099,living
10,A,A10,A10_00505,2.62,2.172,2.692,1.239,66.161,724.194,2.31,0.091359,living
10,A,A10,A10_00506,2.079,2.172,2.398,1.104,64.512,629.593,2.285,0.102466,living
10,A,A10,A10_00508,2.011,2.172,2.358,1.086,24.008,628.992,2.605,0.03817,living
10,A,A10,A10_00509,1.572,2.172,2.085,0.960,18.72,570.86,2.29,0.032793,living
10,A,A10,A10_00510,2.518,2.172,2.639,1.215,16.101,660.403,2.691,0.02438,living
10,A,A10,A10_00511,1.758,2.172,2.205,1.015,22.779,605.644,2.529,0.037611,living
10,A,A10,A10_00512,2.265,2.527,2.700,1.068,13.94,600.03,2.522,0.023233,living
10,A,A10,A10_00513,1.639,1.866,1.973,1.058,55.33,600.093,2.165,0.092202,living
10,A,A10,A10_00514,1.234,1.912,1.733,0.907,72.712,534.685,2.452,0.135991,living
10,A,A10,A10_00516,2.805,1.932,2.627,1.360,80.018,680.048,2.295,0.117665,living
10,A,A10,A10_00518,2.822,2.505,3.000,1.198,97.084,597.97,2.281,0.162356,living
10,A,A10,A10_00520,2.282,2.003,2.412,1.204,64.815,608.052,2.933,0.106594,living
10,A,A10,A10_00521,2.231,2.078,2.430,1.169,105.659,607.424,2.591,0.173946,living
10,A,A10,A10_00522,2.4,1.773,2.328,1.313,102.718,712.599,2.07,0.144146,living
10,A,A10,A10_00523,2.451,2.558,2.825,1.105,97.828,628.717,2.786,0.155599,living
10,A,A10,A10_00524,2.789,1.969,2.644,1.343,114.679,627.727,2.455,0.182689,living
10,A,A10,A10_00525,2.653,1.605,2.328,1.451,41.159,763.58,2.484,0.053903,living
10,A,A10,A10_00526,1.893,1.706,2.028,1.189,46.054,709.491,2.339,0.064911,living
10,A,A10,A10_00527,1.453,1.807,1.828,1.012,89.116,560.953,2.395,0.158866,living
10,A,A10,A10_00528,1.132,1.913,1.660,0.868,24.119,590.642,2.821,0.040836,living
10,A,A10,A10_00529,2.282,2.425,2.654,1.095,86.496,587.57,2.444,0.14721,living
10,A,A10,A10_00530,1.808,1.992,2.141,1.075,90.738,626.121,2.626,0.144921,living
10,A,A10,A10_00531,1.268,2.049,1.819,0.888,68.36,543.32,2.453,0.125819,living
10,A,A10,A10_00532,2.18,2.000,2.356,1.178,62,656.55,2.698,0.094433,living
10,A,A10,A10_00533,2.974,2.729,3.215,1.178,64.392,644.602,2.352,0.099894,living
10,A,A10,A10_00534,2.011,2.310,2.432,1.053,51.798,646.37,2.597,0.080137,living
10,A,A10,A10_00535,1.944,2.947,2.701,0.916,23.643,591.922,2.252,0.039944,living
10,A,A10,A10_00536,1.944,1.973,2.210,1.120,27.104,686.452,2.391,0.039485,living
10,A,A10,A10_00537,2.079,2.200,2.413,1.097,19.016,667.48,2.276,0.02849,living
10,A,A10,A10_00538,1.572,2.433,2.207,0.907,16.344,607.871,2.785,0.026887,living
10,A,A10,A10_00540,1.082,2.597,1.891,0.728,11.516,505.906,2.656,0.022762,living
10,A,A10,A10_00542,1.386,1.891,1.827,0.966,17.11,615.561,2.573,0.027795,living
10,A,A10,A10_00543,2.467,1.737,2.336,1.345,13.548,661.541,2.219,0.020479,living
10,A,A10,A10_00544,1.944,1.988,2.218,1.116,71.722,571.87,2.635,0.125416,living
10,A,A10,A10_00545,2.856,2.782,3.181,1.143,52.432,623.74,2.657,0.084061,living
10,A,A10,A10_00549,2.028,2.172,2.368,1.090,123.733,576.85,49.142,0.214498,dead
10,A,A10,A10_00550,1.453,1.697,1.772,1.044,65.256,585.977,2.977,0.111362,living
10,A,A10,A10_00551,1.859,2.015,2.184,1.084,30.682,593.982,2.009,0.051654,living
10,A,A10,A10_00552,1.707,2.170,2.172,1.001,58.416,573.109,2.485,0.101928,living
10,A,A10,A10_00553,2.636,2.003,2.593,1.294,113.244,741.744,2.59,0.152672,living
10,A,A10,A10_00554,2.805,2.550,3.018,1.183,40.102,628.873,2.765,0.063769,living
10,A,A10,A10_00555,1.42,2.172,1.982,0.912,30.679,510.607,103.726,0.060083,dead
10,A,A10,A10_00557,1.656,1.882,1.992,1.058,17.98,634.837,2.418,0.028322,living
10,A,A10,A10_00558,1.994,1.424,1.901,1.335,32.534,620.72,2.229,0.052413,living
10,A,A10,A10_00559,2.197,1.840,2.269,1.233,60.638,749.4,2.492,0.080916,living
10,A,A10,A10_00560,1.927,2.097,2.268,1.082,51.325,611.158,2.386,0.083979,living
10,A,A10,A10_00561,2.349,2.640,2.810,1.064,37.554,641.173,2.338,0.058571,living
10,A,A10,A10_00562,2.907,2.772,3.203,1.156,39.343,644.041,2.808,0.061088,living
10,A,A10,A10_00563,2.856,2.649,3.104,1.172,40.905,722.107,2.651,0.056647,living
10,A,A10,A10_00565,1.217,2.172,1.835,0.845,25.667,496.764,105.153,0.051668,dead
10,A,A10,A10_00566,1.115,1.940,1.660,0.855,10.303,586.394,2.318,0.01757,living
10,A,A10,A10_00567,1.2,1.926,1.715,0.891,13.056,614.197,2.789,0.021258,living
10,A,A10,A10_00570,1.69,2.344,2.246,0.958,11.51,627.69,2.34,0.018337,living
10,A,A10,A10_00572,1.893,1.887,2.133,1.130,32.375,489.116,2.554,0.066191,living
10,A,A10,A10_00574,2.434,2.487,2.776,1.116,51.729,527.479,2.34,0.098069,living
10,A,A10,A10_00575,2.265,2.172,2.503,1.152,69.731,508.209,2.724,0.13721,living
10,A,A10,A10_00577,2.248,2.334,2.585,1.107,15.977,471.353,2.639,0.033897,living
10,A,A10,A10_00578,1.031,2.172,1.689,0.777,29.279,400.23,5.148,0.073155,dead
10,A,A10,A10_00580,2.467,1.552,2.208,1.423,69.945,600.541,2.021,0.11647,living
10,A,A10,A10_00581,1.403,1.958,1.870,0.955,54.94,495.843,2.566,0.110801,living
10,A,A10,A10_00582,1.977,1.642,2.033,1.238,82.393,574.436,2.103,0.143433,living
10,A,A10,A10_00583,2.586,1.636,2.321,1.419,130.595,652.68,2.431,0.20009,living
10,A,A10,A10_00584,2.636,1.926,2.542,1.320,96.974,648.571,2.679,0.14952,living
10,A,A10,A10_00587,1.741,1.783,1.988,1.115,64.631,506.534,2.505,0.127595,living
10,A,A10,A10_00588,1.521,2.607,2.247,0.862,32.022,503.922,2.544,0.063546,living
10,A,A10,A10_00589,1.791,2.186,2.233,1.021,57.472,560.538,2.406,0.10253,living
10,A,A10,A10_00590,2.298,2.641,2.780,1.053,37.11,538.838,2.603,0.068871,living
10,A,A10,A10_00591,1.96,2.544,2.520,0.990,39.716,514.44,2.69,0.077202,living
10,A,A10,A10_00592,2.18,2.417,2.590,1.072,36.38,568.512,2.45,0.063991,living
10,A,A10,A10_00593,2.028,2.138,2.350,1.099,18.283,572.058,2.533,0.031961,living
10,A,A10,A10_00595,2.146,2.551,2.640,1.035,10.614,537.504,2.055,0.019747,living
10,A,A10,A10_00596,2.062,1.539,2.010,1.306,74.5,795.467,2.828,0.093656,living
10,A,A10,A10_00597,1.504,1.847,1.881,1.018,63.292,588.708,2.607,0.10751,living
10,A,A10,A10_00598,0.98,2.172,1.646,0.758,34.914,457.983,7.517,0.076234,dead
10,A,A10,A10_00599,1.538,2.290,2.118,0.925,71.374,537.593,2.473,0.132765,living
10,A,A10,A10_00600,1.977,2.163,2.333,1.079,70.291,596.709,2.274,0.117797,living
10,A,A10,A10_00602,2.451,1.895,2.432,1.283,31.724,566.228,2.462,0.056027,living
10,A,A10,A10_00603,2.586,2.177,2.677,1.230,56.451,642.301,2.503,0.087889,living
10,A,A10,A10_00604,2.282,1.807,2.291,1.268,90.37,685.067,2.133,0.131915,living
10,A,A10,A10_00605,1.149,2.814,2.029,0.721,36.206,498.868,2.309,0.072576,living
10,A,A10,A10_00606,2.501,2.085,2.577,1.236,120.25,594.791,2.723,0.202172,living
10,A,A10,A10_00607,2.062,1.875,2.219,1.183,81.68,652.172,2.598,0.125244,living
10,A,A10,A10_00608,1.622,1.848,1.954,1.057,116.562,573.75,2.729,0.203159,living
10,A,A10,A10_00609,1.572,1.977,1.989,1.006,102.667,548.011,2.688,0.187344,living
10,A,A10,A10_00610,1.893,1.564,1.942,1.241,72.384,683.634,2.598,0.105881,living
10,A,A10,A10_00611,1.47,2.172,2.016,0.928,89.299,574,112.736,0.155573,dead
10,A,A10,A10_00614,1.521,1.741,1.836,1.055,47.656,640.111,2.211,0.074449,living
10,A,A10,A10_00617,1.927,1.881,2.148,1.142,17.026,620.395,2.439,0.027444,living
10,A,A10,A10_00618,2.349,1.829,2.339,1.279,29.029,638.475,2.417,0.045466,living
10,A,A10,A10_00619,1.301,2.614,2.081,0.796,32.623,568.143,3.078,0.057421,living
10,A,A10,A10_00621,2.4,2.500,2.764,1.106,17.415,630.873,2.704,0.027605,living
10,A,A10,A10_00622,1.944,2.145,2.304,1.074,35.304,673.104,2.33,0.05245,living
10,A,A10,A10_00623,1.149,2.172,1.783,0.821,14.015,533.5,4.985,0.026269,living
10,A,A10,A10_00628,1.403,2.708,2.199,0.812,15.217,551.157,2.506,0.027609,living
10,A,A10,A10_00629,1.183,2.172,1.809,0.833,24.814,544.4,3.129,0.045581,living
10,A,A10,A10_00630,0.997,2.172,1.661,0.764,21.559,517.051,73.424,0.041697,dead
10,A,A10,A10_00631,2.552,1.751,2.385,1.362,148.921,823.437,2.503,0.180852,living
10,A,A10,A10_00632,1.386,1.750,1.757,1.004,99.341,586.244,3.073,0.169454,living
10,A,A10,A10_00633,2.62,2.660,2.979,1.120,47.006,629.523,2.277,0.07467,living
10,A,A10,A10_00634,2.062,2.394,2.507,1.047,113.426,591.172,2.803,0.191867,living
10,A,A10,A10_00635,2.113,2.172,2.417,1.113,49.72,529.432,3.808,0.093912,living
10,A,A10,A10_00636,1.099,1.880,1.622,0.863,95.769,508.108,2.169,0.188482,living
10,A,A10,A10_00637,1.622,2.172,2.118,0.975,56.521,617.948,3.542,0.091465,living
10,A,A10,A10_00638,2.248,1.965,2.372,1.207,86.617,726.992,2.504,0.119144,living
10,A,A10,A10_00639,2.467,2.552,2.831,1.109,26.692,700.438,2.63,0.038107,living
10,A,A10,A10_00640,2.248,2.094,2.448,1.169,105.94,675.211,2.496,0.156899,living
10,A,A10,A10_00641,1.96,1.842,2.144,1.164,76.543,659.078,2.293,0.116137,living
10,A,A10,A10_00642,2.062,2.735,2.680,0.980,79.648,602.943,2.648,0.132098,living
10,A,A10,A10_00643,1.69,2.172,2.162,0.995,74.04,619.52,2.67,0.119512,living
10,A,A10,A10_00644,1.859,2.133,2.247,1.053,25.082,653.864,2.682,0.038359,living
10,A,A10,A10_00645,2.079,1.802,2.184,1.212,71.382,739.943,2.675,0.09647,living
10,A,A10,A10_00646,1.724,1.795,1.985,1.106,31.235,667.422,2.304,0.0468,living
10,A,A10,A10_00647,2.383,2.501,2.755,1.101,62.113,673.865,2.603,0.092175,living
10,A,A10,A10_00648,1.91,1.829,2.109,1.153,26.558,676.938,2.885,0.039232,living
10,A,A10,A10_00649,2.535,2.268,2.706,1.193,56.793,699.967,2.42,0.081137,living
10,A,A10,A10_00650,2.332,2.172,2.540,1.169,27.536,691.688,4.145,0.03981,living
10,A,A10,A10_00651,1.504,1.870,1.892,1.012,40.494,624.135,3.011,0.064881,living
10,A,A10,A10_00652,1.251,2.172,1.860,0.856,32,530.23,123.581,0.060351,dead
10,A,A10,A10_00653,1.251,2.311,1.919,0.830,26.23,561.108,3.23,0.046746,living
10,A,A10,A10_00655,1.048,2.172,1.702,0.784,12.919,567.903,87.048,0.022749,dead
10,A,A10,A10_00656,2.636,2.128,2.672,1.256,26.994,701.077,2.667,0.038503,living
10,A,A10,A10_00657,1.268,1.914,1.758,0.918,10.773,605.28,2.84,0.017799,living
10,A,A10,A10_00659,1.69,2.079,2.115,1.017,90.93,640.1,2.66,0.142056,living
10,A,A10,A10_00660,1.47,3.153,2.429,0.770,37.529,630.908,2.517,0.059484,living
10,A,A10,A10_00661,1.775,2.509,2.381,0.949,59.19,642.39,2.438,0.092141,living
10,A,A10,A10_00662,1.673,2.468,2.293,0.929,63.778,637.717,2.768,0.10001,living
10,A,A10,A10_00663,1.284,2.172,1.884,0.868,52.395,533.592,6.724,0.098192,dead
10,A,A10,A10_00664,2.011,2.738,2.648,0.967,112.546,638.378,2.605,0.1763,living
10,A,A10,A10_00665,2.113,1.840,2.225,1.209,133.56,800.92,2.328,0.166758,living
10,A,A10,A10_00666,2.738,3.172,3.325,1.048,104.901,667.321,2.549,0.157198,living
10,A,A10,A10_00667,2.011,2.151,2.347,1.091,50.899,753.958,2.319,0.067509,living
10,A,A10,A10_00668,1.386,1.610,1.686,1.047,68.817,682.89,2.134,0.100773,living
10,A,A10,A10_00669,2.349,1.532,2.141,1.397,128.612,1048.058,2.827,0.122714,living
10,A,A10,A10_00670,1.775,2.489,2.372,0.953,27.562,663.295,2.238,0.041553,living
10,A,A10,A10_00671,1.622,1.757,1.905,1.084,71.812,777.01,2.281,0.092422,living
10,A,A10,A10_00672,1.217,1.797,1.669,0.929,23.153,676.736,2.903,0.034212,living
10,A,A10,A10_00673,2.535,2.755,2.982,1.082,59.86,725.06,2.7,0.082559,living
10,A,A10,A10_00674,1.048,2.194,1.711,0.780,30.177,626.161,2.71,0.048194,living
10,A,A10,A10_00675,1.149,1.625,1.542,0.949,45.779,699.441,2.971,0.065451,living
10,A,A10,A10_00676,1.453,2.057,1.951,0.948,11.198,717.733,2.5,0.015601,living
10,A,A10,A10_00677,1.758,2.007,2.120,1.056,21.808,735.769,2.529,0.029639,living
10,A,A10,A10_00678,1.791,2.714,2.488,0.917,19.406,607.453,2.132,0.031946,living
10,A,A10,A10_00679,1.504,2.258,2.079,0.921,32.247,715.348,2.494,0.045079,living
10,A,A10,A10_00680,1.369,2.172,1.946,0.896,29.173,698.272,2.864,0.041779,living
10,A,A10,A10_00682,1.893,2.364,2.387,1.010,26.33,728.402,2.357,0.036148,living
10,A,A10,A10_00683,2.248,3.013,2.937,0.975,22.782,718.286,3.045,0.031717,living
10,A,A10,A10_00685,1.673,2.172,2.151,0.990,143.212,792.919,3.04,0.180614,living
10,A,A10,A10_00687,2.113,1.921,2.273,1.183,153.416,805.928,2.56,0.190359,living
10,A,A10,A10_00689,2.045,2.419,2.510,1.037,125.314,656.975,2.455,0.190744,living
10,A,A10,A10_00690,2.738,2.235,2.791,1.249,103.364,899,2.401,0.114977,living
10,A,A10,A10_00691,1.673,2.188,2.159,0.987,119.768,696.798,2.364,0.171883,living
10,A,A10,A10_00692,2.265,2.020,2.414,1.195,109.403,747.784,2.582,0.146303,living
10,A,A10,A10_00693,2.129,2.002,2.330,1.164,116.516,735.333,2.405,0.158453,living
10,A,A10,A10_00694,1.707,1.749,1.950,1.115,60.97,717.337,2.455,0.084995,living
10,A,A10,A10_00695,1.944,1.362,1.836,1.348,41.991,957.704,2.278,0.043846,living
10,A,A10,A10_00697,2.518,2.395,2.771,1.157,66.282,802.013,2.685,0.082644,living
10,A,A10,A10_00698,1.453,1.859,1.855,0.998,29.419,657.523,2.942,0.044742,living
10,A,A10,A10_00699,1.69,2.172,2.162,0.995,45.93,624.54,21.22,0.073542,dead
10,A,A10,A10_00700,1.96,2.245,2.367,1.054,32,767.466,2.284,0.041696,living
10,A,A10,A10_00701,2.569,2.172,2.665,1.227,31.645,775.737,24.388,0.040793,dead
10,A,A10,A10_00703,1.386,3.078,2.331,0.757,12.085,601.659,2.768,0.020087,living
10,A,A10,A10_00704,2.315,1.602,2.173,1.356,30.066,805.781,2.19,0.037312,living
10,A,A10,A10_00706,1.69,2.017,2.083,1.033,15,756.56,2.12,0.019827,living
10,A,A10,A10_00707,2.805,2.272,2.849,1.254,24.729,904.964,2.259,0.027326,living
10,A,A10,A10_00709,1.42,2.172,1.982,0.912,88.857,540.679,82.25,0.164344,dead
10,A,A10,A10_00710,2.096,2.363,2.511,1.063,17.468,645.242,2.202,0.027072,living
10,A,A10,A10_00711,1.115,2.183,1.760,0.806,45.848,518.667,2.515,0.088397,living
10,A,A10,A10_00712,2.518,1.802,2.404,1.334,36.926,920.57,2.43,0.040112,living
10,A,A10,A10_00713,1.842,1.898,2.110,1.112,93.44,686.771,2.789,0.136058,living
10,A,A10,A10_00714,2.501,1.722,2.342,1.360,144.122,825.061,2.601,0.17468,living
10,A,A10,A10_00715,1.656,1.623,1.850,1.140,116.561,684.612,2.51,0.170259,living
10,A,A10,A10_00717,1.335,2.172,1.921,0.885,21.81,594.215,107.506,0.036704,dead
10,A,A10,A10_00719,2.839,2.495,3.003,1.204,79.19,698.815,2.518,0.113321,living
10,A,A10,A10_00720,2.67,2.021,2.621,1.297,81.266,818.646,2.899,0.099269,living
10,A,A10,A10_00721,2.451,1.434,2.115,1.475,11.283,618.786,2.545,0.018234,living
10,A,A10,A10_00722,1.352,2.172,1.934,0.890,26.75,574.438,7.362,0.046567,dead
10,A,A10,A10_00725,2.484,2.980,3.070,1.030,11.592,560.15,2.122,0.020694,living
10,A,A10,A10_00727,1.808,2.799,2.538,0.907,58.364,555.486,2.841,0.105069,living
10,A,A10,A10_00728,0.963,1.808,1.489,0.824,66.632,534.561,2.211,0.124647,living
10,A,A10,A10_00729,0.845,1.776,1.382,0.778,79.5,508.66,2.42,0.156293,living
10,A,A10,A10_00730,1.927,3.115,2.765,0.887,33.64,594.93,2.307,0.056545,living
10,A,A10,A10_00731,2.653,2.629,2.980,1.134,75.834,513,2.892,0.147825,living
10,A,A10,A10_00732,2.146,1.812,2.225,1.228,87.724,661.858,2.654,0.132543,living
10,A,A10,A10_00733,2.332,1.682,2.235,1.329,94.645,624.014,2.609,0.151671,living
10,A,A10,A10_00735,2.417,2.030,2.499,1.231,82.706,719.224,2.51,0.114994,living
10,A,A10,A10_00736,2.011,1.727,2.103,1.218,120.866,725.882,2.655,0.166508,living
10,A,A10,A10_00737,1.741,1.739,1.963,1.129,83.777,647.155,2.369,0.129454,living
10,A,A10,A10_00738,0.93,1.528,1.345,0.880,76.782,546.182,1.927,0.140579,living
10,A,A10,A10_00739,1.437,2.092,1.956,0.935,47.941,587.059,2.176,0.081663,living
10,A,A10,A10_00740,1.825,2.172,2.247,1.034,72.769,594.259,3.454,0.122452,living
10,A,A10,A10_00741,1.437,2.172,1.994,0.918,43.671,653.212,35.176,0.066855,dead
10,A,A10,A10_00742,2.738,2.172,2.752,1.267,83.025,662.648,37.71,0.125292,dead
10,A,A10,A10_00743,1.758,2.172,2.205,1.015,12.471,527.856,66.356,0.023626,dead
10,A,A10,A10_00745,1.183,2.172,1.809,0.833,31.786,550.571,60.729,0.057732,dead
10,A,A10,A10_00746,2.248,2.390,2.615,1.094,31.444,703.617,2.286,0.044689,living
10,A,A10,A10_00747,1.724,2.903,2.524,0.870,22.569,571.588,2.539,0.039484,living
10,A,A10,A10_00749,2.586,2.660,2.959,1.113,28.641,660.712,2.444,0.043348,living
10,A,A10,A10_00751,1.707,1.782,1.968,1.104,15.465,681.911,2.426,0.022679,living
10,A,A10,A10_00752,2.569,2.991,3.128,1.046,27.079,650.059,2.493,0.041656,living
10,A,A10,A10_00753,1.504,2.172,2.039,0.939,19.022,583.798,6.022,0.032584,dead
10,A,A10,A10_00756,0.963,2.502,1.752,0.700,18.526,554.579,2.018,0.033406,living
10,A,A10,A10_00758,1.775,1.404,1.781,1.269,34.343,593.295,2.648,0.057885,living
10,A,A10,A10_00759,1.791,1.718,1.979,1.152,116.717,631.689,2.585,0.18477,living
10,A,A10,A10_00761,1.944,2.016,2.234,1.108,50.252,655.574,2.722,0.076654,living
10,A,A10,A10_00762,2.924,2.422,3.003,1.240,56.231,743.861,2.48,0.075594,living
10,A,A10,A10_00763,2.822,1.933,2.635,1.363,155.174,858.257,2.431,0.180801,living
10,A,A10,A10_00764,2.552,2.014,2.558,1.270,105.503,755.695,2.45,0.139611,living
10,A,A10,A10_00765,1.47,2.172,2.016,0.928,58.874,572.069,130.322,0.102913,dead
10,A,A10,A10_00766,1.301,2.172,1.897,0.873,23.688,624.169,3.286,0.037952,living
10,A,A10,A10_00767,2.265,2.304,2.578,1.119,45.873,658.485,2.642,0.069665,living
10,A,A10,A10_00768,1.69,1.539,1.820,1.182,38.21,778.17,2.71,0.049102,living
10,A,A10,A10_00769,1.656,2.172,2.140,0.985,25.592,632.327,5.48,0.040473,dead
10,A,A10,A10_00771,1.589,2.172,2.096,0.965,12.223,521.309,5.543,0.023448,dead
10,A,A10,A10_00772,1.538,1.485,1.705,1.148,16.484,661.747,2.945,0.024909,living
10,A,A10,A10_00773,1.42,2.410,2.087,0.866,12.024,624.595,2.798,0.019251,living
10,A,A10,A10_00776,2.028,2.462,2.521,1.024,11.358,597.025,2.075,0.019025,living
10,A,A10,A10_00777,2.079,2.121,2.369,1.117,85.285,671.073,2.195,0.127087,living
10,A,A10,A10_00778,2.062,2.396,2.508,1.047,99.77,590.492,2.27,0.168962,living
10,A,A10,A10_00779,2.18,2.457,2.611,1.063,94.109,646.76,2.736,0.145508,living
10,A,A10,A10_00781,1.876,2.172,2.278,1.049,69.514,671.865,3.135,0.103464,living
10,A,A10,A10_00782,1.301,1.646,1.651,1.003,101.545,616.857,2.506,0.164617,living
10,A,A10,A10_00783,2.383,2.121,2.537,1.196,99.135,708.433,2,0.139935,living
10,A,A10,A10_00784,1.69,2.172,2.162,0.995,99.99,541.53,36.21,0.184644,dead
10,A,A10,A10_00786,1.217,2.172,1.835,0.845,105.375,555.722,72.056,0.189618,dead
10,A,A10,A10_00787,2.062,2.098,2.347,1.119,90.516,658.918,2.5,0.137371,living
10,A,A10,A10_00789,2.991,2.234,2.917,1.306,75.774,751.746,2.48,0.100797,living
10,A,A10,A10_00790,1.572,1.950,1.976,1.013,40.892,642.161,2.677,0.063679,living
10,A,A10,A10_00791,1.149,2.113,1.758,0.832,32.794,600.118,2.603,0.054646,living
10,A,A10,A10_00792,1.758,2.056,2.145,1.043,32.529,668.952,2.731,0.048627,living
10,A,A10,A10_00794,2.113,2.465,2.575,1.045,26.128,679.712,2.52,0.03844,living
10,A,A10,A10_00797,1.065,2.695,1.912,0.709,55.73,612.429,2.73,0.090999,living
10,A,A10,A10_00798,1.96,2.037,2.255,1.107,126.974,714.819,2.422,0.177631,living
10,A,A10,A10_00799,1.927,2.554,2.503,0.980,129.044,700.649,2.447,0.184178,living
10,A,A10,A10_00800,2.451,2.012,2.506,1.245,158.221,864.497,2.31,0.183021,living
10,A,A10,A10_00801,2.011,2.314,2.434,1.052,70.21,759.655,2.546,0.092424,living
10,A,A10,A10_00802,1.555,2.148,2.062,0.960,18.467,643.783,2.37,0.028686,living
10,A,A10,A10_00804,1.656,1.919,2.012,1.048,12.653,701.541,2.337,0.018036,living
10,A,A10,A10_00805,2.163,2.182,2.451,1.123,68.141,837.078,2.594,0.081403,living
10,A,A10,A10_00806,2.214,2.900,2.859,0.986,33.687,756.656,2.878,0.044521,living
10,A,A10,A10_00807,0.997,2.172,1.661,0.764,26.102,642.034,68.898,0.040655,dead
10,A,A10,A10_00808,1.741,3.016,2.586,0.857,27.612,576.456,2.437,0.047899,living
10,A,A10,A10_00809,1.825,1.716,1.997,1.164,92.556,703.824,2.426,0.131504,living
10,A,A10,A10_00811,2.096,2.172,2.408,1.108,122.347,687.081,35.403,0.178068,dead
10,A,A10,A10_00812,1.352,1.800,1.760,0.978,85.175,629.925,2.05,0.135215,living
10,A,A10,A10_00813,1.538,1.841,1.899,1.031,101.89,608.066,3.011,0.167564,living
10,A,A10,A10_00814,2.636,2.235,2.739,1.225,84.167,679.878,2.654,0.123797,living
10,A,A10,A10_00815,2.569,2.037,2.581,1.267,125.342,686.757,2.401,0.182513,living
10,A,A10,A10_00816,2.332,2.464,2.705,1.098,23.855,628.877,2.855,0.037933,living
10,A,A10,A10_00817,1.791,2.634,2.451,0.930,50.689,590.075,2.604,0.085902,living
10,A,A10,A10_00818,1.572,1.786,1.891,1.059,63.968,717.677,2.355,0.089132,living
10,A,A10,A10_00819,0.862,2.172,1.544,0.711,21.627,513.373,83,0.042128,dead
10,A,A10,A10_00820,1.639,2.087,2.087,1.000,11.186,690.392,2.381,0.016202,living
10,A,A10,A10_00821,1.977,2.149,2.326,1.082,28.573,693.239,2.222,0.041216,living
10,A,A10,A10_00822,1.572,2.772,2.355,0.850,14.527,604.151,2.839,0.024045,living
10,A,A10,A10_00823,1.825,2.656,2.484,0.935,13.111,633.991,2.38,0.02068,living
10,A,A10,A10_00825,1.656,2.137,2.123,0.993,68.571,516.408,2.663,0.132785,living
10,A,A10,A10_00826,1.487,2.060,1.975,0.959,56.955,543.261,2.614,0.104838,living
10,A,A10,A10_00827,2.231,2.062,2.420,1.174,44.871,488.735,2.47,0.091811,living
10,A,A10,A10_00828,2.89,2.873,3.251,1.132,45.585,589.076,2.936,0.077384,living
10,A,A10,A10_00829,1.284,2.172,1.884,0.868,56.342,515.658,2.789,0.109263,living
10,A,A10,A10_00832,2.011,1.840,2.171,1.180,119.672,624.168,2.697,0.191731,living
10,A,A10,A10_00833,2.873,2.023,2.720,1.345,122.9,678.424,2.541,0.181155,living
10,A,A10,A10_00834,2.163,1.846,2.255,1.221,116.625,601.039,2.367,0.194039,living
10,A,A10,A10_00835,2.146,1.714,2.164,1.263,106.756,628.74,2.039,0.169793,living
10,A,A10,A10_00836,2.197,2.060,2.401,1.165,66.577,614.146,2.215,0.108406,living
10,A,A10,A10_00837,2.265,2.229,2.535,1.137,22.881,660.925,3.104,0.034619,living
10,A,A10,A10_00838,1.741,2.172,2.194,1.010,69.155,629.049,66.107,0.109936,dead
10,A,A10,A10_00839,2.231,2.172,2.484,1.144,58.424,612.515,22.182,0.095384,dead
10,A,A10,A10_00841,1.504,2.006,1.960,0.977,36.292,574.281,2.472,0.063196,living
10,A,A10,A10_00842,0.828,2.374,1.582,0.666,18,480.306,1.898,0.037476,living
10,A,A10,A10_00845,1.825,2.029,2.171,1.070,22.083,614.13,2.241,0.035959,living
10,A,A10,A10_00846,2.383,2.247,2.611,1.162,14.142,657.794,2.681,0.021499,living
10,A,A10,A10_00848,2.4,2.312,2.658,1.150,13.965,608.754,2.606,0.02294,living
10,A,A10,A10_00850,2.451,3.070,3.095,1.008,18.228,489.8,2.255,0.037214,living
10,A,A10,A10_00851,1.572,2.172,2.085,0.960,63.43,427.452,85.785,0.148391,dead
10,A,A10,A10_00854,1.504,2.329,2.112,0.907,55.169,433.169,2.36,0.12736,living
10,A,A10,A10_00855,2.451,1.940,2.461,1.268,94.779,563.31,2.228,0.168254,living
10,A,A10,A10_00856,2.636,2.252,2.749,1.221,13.673,560.641,2.391,0.024388,living
10,A,A10,A10_00857,2.586,2.106,2.633,1.250,24.641,612.229,2.399,0.040247,living
10,A,A10,A10_00858,2.248,1.584,2.129,1.344,86.444,629.872,2.414,0.13724,living
10,A,A10,A10_00859,2.366,1.921,2.406,1.252,78.05,639.15,2.329,0.122115,living
10,A,A10,A10_00860,1.758,1.579,1.880,1.191,38.99,584.625,2.404,0.066693,living
10,A,A10,A10_00863,2.366,2.172,2.558,1.178,25.157,512.214,56.843,0.049114,dead
10,A,A10,A10_00866,1.91,2.172,2.298,1.058,17.115,551.345,2.805,0.031042,living
10,A,A10,A10_00868,1.893,1.721,2.037,1.183,48.955,551.214,2.429,0.088814,living
10,A,A10,A10_00870,2.332,1.865,2.353,1.262,54.717,668.913,2.457,0.0818,living
10,A,A10,A10_00873,1.673,1.573,1.830,1.164,113.111,591.869,2.505,0.191108,living
10,A,A10,A10_00875,2.028,2.172,2.368,1.090,65.683,498.883,41.692,0.131661,dead
10,A,A10,A10_00876,1.217,2.172,1.835,0.845,18.556,496.444,4.931,0.037377,living
10,A,A10,A10_00877,2.163,2.066,2.385,1.155,72.297,651.562,2.477,0.110959,living
10,A,A10,A10_00878,2.484,1.726,2.336,1.354,31.551,689.612,2.442,0.045752,living
10,A,A10,A10_00879,2.366,2.172,2.558,1.178,24.029,632.436,3.857,0.037994,living
10,A,A10,A10_00881,2.062,2.364,2.491,1.054,21.008,648.68,2.566,0.032386,living
10,A,A10,A10_00882,1.673,2.397,2.260,0.943,10.263,567.384,2.818,0.018088,living
10,A,A10,A10_00884,1.132,1.929,1.667,0.864,72.045,693.284,2.567,0.103918,living
10,A,A10,A10_00886,1.183,2.410,1.905,0.791,84.986,665.086,2.171,0.127782,living
10,A,A10,A10_00888,2.298,2.560,2.737,1.069,111.015,646.529,2.993,0.171709,living
10,A,A10,A10_00889,0.93,2.172,1.604,0.738,125.055,679.836,2.255,0.183948,living
10,A,A10,A10_00890,0.93,2.172,1.604,0.738,69.818,680.727,3.273,0.102564,living
10,A,A10,A10_00892,2.755,2.854,3.164,1.109,54.252,796.479,2.325,0.068114,living
10,A,A10,A10_00893,2.129,2.172,2.426,1.117,99.778,839.008,2.889,0.118924,living
10,A,A10,A10_00895,1.335,1.856,1.776,0.957,85.937,802.203,2.62,0.107126,living
10,A,A10,A10_00896,2.552,2.425,2.807,1.158,76.245,920.689,2.43,0.082813,living
10,A,A10,A10_00897,1.065,2.062,1.672,0.811,50.238,748.175,2.429,0.067148,living
10,A,A10,A10_00898,1.217,2.721,2.053,0.755,39.583,733.75,2.167,0.053947,living
10,A,A10,A10_00900,1.741,1.801,1.998,1.109,69.553,584.447,2.233,0.119007,living
10,A,A10,A10_00901,1.927,1.930,2.176,1.128,76.377,613.026,2.64,0.12459,living
10,A,A10,A10_00902,1.42,1.977,1.891,0.956,86.155,569.31,1.976,0.151332,living
10,A,A10,A10_00903,2.772,1.985,2.647,1.333,71.463,713.104,2.366,0.100215,living
10,A,A10,A10_00904,1.825,2.253,2.288,1.016,82.333,625.278,2.5,0.131675,living
10,A,A10,A10_00906,2.603,2.035,2.597,1.276,22.071,617.669,2.909,0.035733,living
10,A,A10,A10_00907,2.028,2.367,2.472,1.044,85.55,657.592,2.75,0.130096,living
10,A,A10,A10_00910,2.129,2.085,2.377,1.140,31.77,728.476,2.365,0.043611,living
10,A,A10,A10_00911,2.248,2.849,2.856,1.002,37.925,632.744,2.368,0.059937,living
10,A,A10,A10_00912,1.284,2.071,1.840,0.888,10.408,594.882,2.566,0.017496,living
10,A,A10,A10_00914,1.724,2.057,2.125,1.033,17.157,674.686,2.882,0.025429,living
10,A,A10,A10_00915,1.555,2.288,2.128,0.930,16.348,635.467,2.978,0.025726,living
10,A,A10,A10_00916,2.231,1.572,2.113,1.344,16.932,734.333,2.144,0.023057,living
10,A,A10,A10_00918,1.031,2.172,1.689,0.777,42.066,477.213,73.656,0.088148,dead
10,A,A10,A10_00919,1.96,1.974,2.220,1.124,29.741,707.379,2.371,0.042044,living
10,A,A10,A10_00920,2.62,2.172,2.692,1.239,89.897,750.445,2.31,0.119791,living
10,A,A10,A10_00921,1.69,2.074,2.113,1.019,97.3,576.69,2.57,0.168721,living
10,A,A10,A10_00922,2.129,2.172,2.426,1.117,46.159,544.921,7.063,0.084707,dead
10,A,A10,A10_00923,0.963,2.172,1.632,0.751,79.632,495.737,72.246,0.160633,dead
10,A,A10,A10_00924,1.453,2.255,2.042,0.906,38.186,601.953,2.384,0.063437,living
10,A,A10,A10_00925,1.538,1.814,1.885,1.039,26.692,643.989,2.868,0.041448,living
10,A,A10,A10_00926,1.944,1.607,1.994,1.241,131.583,723.661,2.817,0.181829,living
10,A,A10,A10_00927,1.825,1.812,2.052,1.132,64.583,656.241,2.648,0.098414,living
10,A,A10,A10_00928,2.4,3.017,3.036,1.006,43.873,615.782,2.275,0.071248,living
10,A,A10,A10_00929,1.538,1.734,1.843,1.063,59.132,693.824,2.396,0.085226,living
10,A,A10,A10_00931,2.332,2.151,2.527,1.175,38.268,679.601,2.326,0.05631,living
10,A,A10,A10_00932,1.453,2.350,2.085,0.887,39.233,582.058,2.64,0.067403,living
10,A,A10,A10_00933,2.366,2.149,2.544,1.184,19.093,641.65,2.293,0.029756,living
10,A,A10,A10_00934,2.366,2.172,2.558,1.178,44.343,672.671,81.057,0.065921,dead
10,A,A10,A10_00935,1.724,2.217,2.206,0.995,12.824,671.275,2.676,0.019103,living
10,A,A10,A10_00940,1.47,1.984,1.927,0.971,73.253,497.529,2.92,0.147233,living
10,A,A10,A10_00941,2.569,1.899,2.492,1.312,97.947,771.026,2.434,0.127035,living
10,A,A10,A10_00942,1.944,2.120,2.291,1.081,20.678,646.817,2.713,0.031969,living
10,A,A10,A10_00943,1.808,1.853,2.065,1.115,96.252,655.551,2.065,0.146827,living
10,A,A10,A10_00944,1.876,2.172,2.278,1.049,82.387,615.162,108.685,0.133928,dead
10,A,A10,A10_00946,2.501,2.064,2.564,1.242,61.074,733.142,2.304,0.083305,living
10,A,A10,A10_00947,2.282,1.816,2.297,1.265,65.793,747.37,2.044,0.088032,living
10,A,A10,A10_00949,1.859,1.701,2.007,1.180,46.045,750.291,2.291,0.06137,living
10,A,A10,A10_00950,2.484,1.618,2.262,1.398,40.483,660.19,2.605,0.06132,living
10,A,A10,A10_00951,2.129,1.764,2.187,1.240,58.762,780.381,2.532,0.075299,living
10,A,A10,A10_00954,1.234,2.126,1.828,0.860,20.219,587.562,2.425,0.034412,living
10,A,A10,A10_00955,2.856,2.503,3.017,1.205,19.343,731.97,2.639,0.026426,living
10,A,A10,A10_00956,1.115,1.992,1.682,0.844,21.621,580.636,2.53,0.037237,living
10,A,A10,A10_00957,1.741,2.236,2.226,0.996,13.534,694.718,2.553,0.019481,living
10,A,A10,A10_00958,2.028,2.075,2.315,1.116,16.533,627.217,2.467,0.02636,living
10,B,B10,B10_00002,2.129,1.533,2.039,1.330,45.778,506.746,2.603,0.090337,living
10,B,B10,B10_00003,1.335,1.707,1.703,0.998,68.823,478.772,2.949,0.143749,living
10,B,B10,B10_00004,0.913,2.016,1.531,0.759,31.667,428.704,2.074,0.073866,living
10,B,B10,B10_00005,0.879,1.786,1.414,0.792,76.212,443.942,3.058,0.17167,living
10,B,B10,B10_00007,2.332,1.981,2.425,1.224,118.971,604.703,2.391,0.196743,living
10,B,B10,B10_00008,1.538,2.198,2.075,0.944,103.055,500.473,30.374,0.205915,dead
10,B,B10,B10_00009,1.707,1.656,1.897,1.146,79.079,497.059,2.158,0.159094,living
10,B,B10,B10_00011,2.096,2.198,2.422,1.102,54.726,535.573,20.669,0.102182,dead
10,B,B10,B10_00012,2.4,1.964,2.450,1.247,70.662,669.894,2.408,0.105482,living
10,B,B10,B10_00014,1.791,2.198,2.239,1.018,85.396,582.236,3.33,0.146669,living
10,B,B10,B10_00015,0.93,2.012,1.544,0.767,72.855,399.964,2.036,0.182153,living
10,B,B10,B10_00016,1.825,2.759,2.532,0.918,29.639,503.741,2.685,0.058838,living
10,B,B10,B10_00017,2.417,1.947,2.448,1.257,48.692,587,2.357,0.082951,living
10,B,B10,B10_00018,1.606,2.008,2.026,1.009,57.926,519.747,2.716,0.111451,living
10,B,B10,B10_00019,1.859,1.721,2.018,1.173,20,625.164,2.436,0.031992,living
10,B,B10,B10_00021,1.031,1.890,1.575,0.833,36.705,487.262,2.213,0.075329,living
10,B,B10,B10_00022,2.332,1.996,2.434,1.220,40.283,652.906,2.442,0.061697,living
10,B,B10,B10_00023,1.758,2.212,2.225,1.006,46.49,483.885,2.644,0.096077,living
10,B,B10,B10_00024,2.366,1.907,2.397,1.257,51.471,580.379,2.379,0.088686,living
10,B,B10,B10_00025,1.504,1.876,1.895,1.010,19.034,554.618,2.449,0.034319,living
10,B,B10,B10_00026,2.349,2.210,2.571,1.163,37.281,576.446,2.655,0.064673,living
10,B,B10,B10_00027,2.501,2.558,2.854,1.116,40.176,582.318,2.493,0.068993,living
10,B,B10,B10_00028,1.538,2.381,2.159,0.907,16.967,512.187,2.396,0.033127,living
10,B,B10,B10_00029,1.673,1.445,1.754,1.214,16.657,583.545,2.384,0.028544,living
10,B,B10,B10_00031,1.132,2.396,1.858,0.776,10.224,468.597,1.94,0.021818,living
10,B,B10,B10_00035,2.721,1.824,2.514,1.378,59.329,413.366,2.41,0.143527,living
10,B,B10,B10_00036,1.639,2.198,2.142,0.974,66.67,418.948,3.33,0.159137,living
10,B,B10,B10_00037,1.656,1.453,1.750,1.205,78.735,491.204,2.112,0.160289,living
10,B,B10,B10_00038,2.332,2.198,2.555,1.162,87.123,536.855,26.072,0.162284,dead
10,B,B10,B10_00039,2.941,2.198,2.869,1.305,111.034,638.753,3.006,0.17383,living
10,B,B10,B10_00041,1.183,2.087,1.773,0.850,47.871,437.7,2.857,0.10937,living
10,B,B10,B10_00042,1.589,1.687,1.847,1.095,29.532,510.894,2.979,0.057804,living
10,B,B10,B10_00043,1.69,2.636,2.382,0.903,24,461.36,2.29,0.05202,living
10,B,B10,B10_00045,2.18,2.198,2.470,1.124,62.434,498.465,27.031,0.125253,dead
10,B,B10,B10_00046,2.096,1.545,2.031,1.314,50.992,577.226,2.806,0.08834,living
10,B,B10,B10_00048,1.606,2.198,2.120,0.964,65.6,498.989,31.463,0.131466,dead
10,B,B10,B10_00049,2.467,2.198,2.628,1.195,69.842,573.452,7.925,0.121793,dead
10,B,B10,B10_00050,1.453,2.198,2.017,0.917,20.779,455.628,8.93,0.045605,dead
10,B,B10,B10_00051,1.437,1.936,1.882,0.972,39.106,493.929,1.847,0.079173,living
10,B,B10,B10_00052,1.927,2.273,2.362,1.039,56.132,517.675,2.272,0.10843,living
10,B,B10,B10_00055,2.501,2.280,2.695,1.182,21.581,517.838,2.358,0.041675,living
10,B,B10,B10_00057,2.721,1.589,2.346,1.477,40.634,667.683,2.354,0.060858,living
10,B,B10,B10_00058,1.301,2.198,1.908,0.868,33.623,487.935,25.688,0.06891,dead
10,B,B10,B10_00059,2.924,2.103,2.798,1.331,18.838,509.405,2.41,0.036981,living
10,B,B10,B10_00060,1.673,1.624,1.860,1.145,27.778,572.566,2.253,0.048515,living
10,B,B10,B10_00061,2.129,2.980,2.842,0.954,21.595,478.968,2.556,0.045087,living
10,B,B10,B10_00062,0.946,2.198,1.627,0.740,13.893,437.893,61.036,0.031727,dead
10,B,B10,B10_00064,1.656,1.429,1.736,1.215,17.735,615.929,2.214,0.028793,living
10,B,B10,B10_00065,1.538,1.805,1.880,1.042,13.418,521.802,2.429,0.025714,living
10,B,B10,B10_00066,1.707,1.973,2.071,1.050,19.218,525.832,2.416,0.036547,living
10,B,B10,B10_00067,2.349,1.920,2.396,1.248,20.194,577.41,2.396,0.034974,living
10,B,B10,B10_00068,2.129,2.860,2.784,0.974,11.944,466.627,2.397,0.025597,living
10,B,B10,B10_00069,1.504,2.143,2.026,0.945,14.798,508.944,2.461,0.029075,living
10,B,B10,B10_00070,1.572,1.635,1.809,1.106,14.57,507.978,2.925,0.028682,living
10,B,B10,B10_00073,2.772,2.762,3.122,1.130,58.055,472.354,2.274,0.122906,living
10,B,B10,B10_00075,1.115,1.616,1.515,0.937,32.03,466.485,2.652,0.068663,living
10,B,B10,B10_00076,1.149,1.702,1.578,0.927,72.618,446.368,3.088,0.162686,living
10,B,B10,B10_00077,1.572,2.532,2.251,0.889,52.624,462.925,2.269,0.113676,living
10,B,B10,B10_00079,1.589,2.167,2.094,0.966,23.415,479.755,2.883,0.048806,living
10,B,B10,B10_00080,1.977,1.886,2.179,1.155,101.179,531.077,2.462,0.190518,living
10,B,B10,B10_00081,1.589,1.906,1.964,1.030,81.691,482.606,2.681,0.169271,living
10,B,B10,B10_00082,2.569,2.968,3.116,1.050,23.711,517.329,2.546,0.045833,living
10,B,B10,B10_00083,1.758,2.339,2.288,0.978,41,506.394,2.462,0.080965,living
10,B,B10,B10_00084,1.775,2.296,2.278,0.992,15.057,517.962,2.581,0.02907,living
10,B,B10,B10_00085,1.47,1.523,1.688,1.109,50.77,568.402,2.23,0.089321,living
10,B,B10,B10_00086,1.589,2.097,2.060,0.982,15.245,527.202,2.862,0.028916,living
10,B,B10,B10_00087,0.845,2.198,1.538,0.700,35.78,406.52,7.26,0.088015,dead
10,B,B10,B10_00088,1.572,1.818,1.908,1.049,55.086,530.172,2.742,0.103902,living
10,B,B10,B10_00091,1.099,1.705,1.545,0.906,17.277,485.8,1.908,0.035564,living
10,B,B10,B10_00093,1.352,1.956,1.835,0.938,13.875,503.363,2.375,0.027565,living
10,B,B10,B10_00095,1.318,1.760,1.719,0.976,13.462,539,2.808,0.024975,living
10,B,B10,B10_00096,1.149,2.420,1.882,0.778,10.059,464.426,1.868,0.021659,living
10,B,B10,B10_00097,1.555,2.198,2.086,0.949,13.446,524.489,12.293,0.025636,dead
10,B,B10,B10_00098,1.217,2.198,1.846,0.840,51.569,450.875,7.125,0.114376,dead
10,B,B10,B10_00099,1.099,2.147,1.733,0.807,20.2,466.6,2.723,0.043292,living
10,B,B10,B10_00100,1.977,2.198,2.352,1.070,28.162,555.479,4.274,0.050699,living
10,B,B10,B10_00101,2.248,2.198,2.508,1.141,61.489,530.586,2.857,0.115888,living
10,B,B10,B10_00104,2.282,1.903,2.351,1.236,65.504,607.763,2.311,0.107778,living
10,B,B10,B10_00105,2.096,1.786,2.183,1.222,34.202,603.29,2.718,0.056692,living
10,B,B10,B10_00106,1.606,2.764,2.377,0.860,19.979,466.189,2.326,0.042856,living
10,B,B10,B10_00107,1.538,1.825,1.890,1.036,63.066,535.22,2.868,0.117832,living
10,B,B10,B10_00109,1.994,1.643,2.042,1.243,70.703,626,2.517,0.112945,living
10,B,B10,B10_00110,1.673,1.552,1.818,1.172,30.283,541.444,2.414,0.05593,living
10,B,B10,B10_00111,2.856,1.909,2.635,1.380,51.621,610.828,2.609,0.08451,living
10,B,B10,B10_00113,2.079,2.241,2.436,1.087,21.163,554.333,2.805,0.038177,living
10,B,B10,B10_00114,0.98,2.465,1.754,0.711,34.759,431.672,2.328,0.080521,living
10,B,B10,B10_00116,2.298,2.198,2.536,1.154,20.029,561.213,4.566,0.035689,living
10,B,B10,B10_00117,1.521,2.138,2.035,0.952,24.989,505.456,2.556,0.049438,living
10,B,B10,B10_00119,1.656,2.198,2.153,0.979,41.643,501.316,2.878,0.083067,living
10,B,B10,B10_00120,2.028,1.831,2.174,1.188,18.067,600.483,2.158,0.030087,living
10,B,B10,B10_00121,1.048,2.623,1.871,0.713,17.468,487.29,2.548,0.035847,living
10,B,B10,B10_00122,2.89,1.682,2.488,1.479,20.848,777.526,2.789,0.026813,living
10,B,B10,B10_00123,0.862,2.198,1.553,0.707,11.157,419.51,12,0.026595,dead
10,B,B10,B10_00124,0.913,1.961,1.510,0.770,38.593,415.889,2.759,0.092795,living
10,B,B10,B10_00125,2.434,1.965,2.468,1.256,53.521,505.542,2.59,0.105868,living
10,B,B10,B10_00126,1.166,1.755,1.614,0.920,13.507,393.275,2.203,0.034346,living
10,B,B10,B10_00127,1.876,2.198,2.291,1.042,44.55,412.541,9.144,0.107988,dead
10,B,B10,B10_00129,0.811,1.949,1.419,0.728,44.917,389.083,2.542,0.115442,living
10,B,B10,B10_00130,2.028,2.709,2.645,0.976,15.1,440.692,2.508,0.034264,living
10,B,B10,B10_00131,2.856,2.440,2.979,1.221,105.627,543.84,2.556,0.194225,living
10,B,B10,B10_00132,1.69,2.563,2.348,0.916,66.51,412.56,2.42,0.161213,living
10,B,B10,B10_00133,2.163,2.425,2.584,1.066,51.344,464.43,2.641,0.110552,living
10,B,B10,B10_00134,1.775,2.198,2.229,1.014,45.343,484.724,10.295,0.093544,dead
10,B,B10,B10_00135,1.69,1.829,1.984,1.085,59.18,495.69,2.47,0.119389,living
10,B,B10,B10_00136,2.315,2.042,2.453,1.201,12.642,444.686,2.35,0.02843,living
10,B,B10,B10_00137,1.42,1.962,1.883,0.960,26.952,415.464,2.25,0.064873,living
10,B,B10,B10_00138,1.589,1.981,2.002,1.011,41.84,419.16,2.681,0.09982,living
10,B,B10,B10_00139,2.822,2.030,2.701,1.330,45.605,541.156,2.204,0.084273,living
10,B,B10,B10_00140,2.248,2.603,2.730,1.049,34.075,466.466,2.624,0.07305,living
10,B,B10,B10_00141,0.862,2.256,1.574,0.697,10.235,433.294,1.882,0.023622,living
10,B,B10,B10_00142,1.099,1.643,1.516,0.923,24.723,492.292,2.308,0.05022,living
10,B,B10,B10_00143,1.268,1.885,1.744,0.925,19.933,472.133,2.493,0.04222,living
10,B,B10,B10_00144,1.386,1.953,1.856,0.951,12.988,431.573,2.622,0.030094,living
10,B,B10,B10_00146,1.42,1.764,1.786,1.012,46.667,426.667,2.75,0.109375,living
10,B,B10,B10_00147,2.772,2.894,3.196,1.104,82.524,452.982,2.329,0.18218,living
10,B,B10,B10_00148,1.318,2.198,1.921,0.874,14.846,403.051,2.885,0.036834,living
10,B,B10,B10_00149,2.772,2.443,2.936,1.202,46.78,548.268,2.055,0.085324,living
10,B,B10,B10_00151,2.096,2.369,2.514,1.061,25.403,501.806,2.468,0.050624,living
10,B,B10,B10_00152,1.876,2.198,2.291,1.042,33.036,489.171,19.955,0.067535,dead
10,B,B10,B10_00154,1.234,1.750,1.658,0.948,78.329,442.425,2.616,0.177044,living
10,B,B10,B10_00155,2.535,1.891,2.471,1.306,21.007,507.967,2.52,0.041354,living
10,B,B10,B10_00156,2.789,2.262,2.834,1.253,57.23,559.455,2.727,0.102297,living
10,B,B10,B10_00158,1.91,2.241,2.334,1.042,20.009,484.018,2.779,0.041339,living
10,B,B10,B10_00159,1.69,2.198,2.175,0.989,28.91,521.59,2.93,0.055427,living
10,B,B10,B10_00160,1.538,2.198,2.075,0.944,17.56,464.319,19.407,0.03782,dead
10,B,B10,B10_00163,2.197,1.925,2.321,1.205,29.715,558.946,2.562,0.053163,living
10,B,B10,B10_00164,2.011,2.117,2.328,1.100,71.227,498.521,2.824,0.142876,living
10,B,B10,B10_00165,1.639,2.198,2.142,0.974,45.876,481.907,12.175,0.095197,dead
10,B,B10,B10_00166,1.96,2.845,2.665,0.937,56.431,448.922,2.741,0.125703,living
10,B,B10,B10_00169,1.538,2.198,2.075,0.944,49.923,461.066,6.385,0.108278,dead
10,B,B10,B10_00170,1.284,2.198,1.896,0.862,65.592,401.724,5.118,0.163277,dead
10,B,B10,B10_00171,2.653,2.587,2.956,1.143,43.032,530.548,2.796,0.081108,living
10,B,B10,B10_00172,2.653,2.501,2.907,1.162,17.096,527.694,2.605,0.032397,living
10,B,B10,B10_00173,1.099,2.263,1.779,0.786,19.969,441.415,2.031,0.045239,living
10,B,B10,B10_00174,2.451,2.681,2.893,1.079,13.91,531.014,2.428,0.026196,living
10,B,B10,B10_00175,1.977,2.131,2.316,1.087,14.128,481.658,2.479,0.029332,living
10,B,B10,B10_00176,2.907,2.198,2.852,1.298,16.959,620.843,3.012,0.027317,living
10,B,B10,B10_00179,1.048,2.198,1.713,0.779,10.403,486.613,9.387,0.021379,dead
10,B,B10,B10_00180,0.811,2.198,1.507,0.685,34.562,425.812,12.292,0.081168,dead
10,B,B10,B10_00181,2.079,1.779,2.170,1.220,109.537,625.748,2.545,0.175049,living
10,B,B10,B10_00182,2.349,2.198,2.564,1.166,49.885,608.871,8.842,0.08193,dead
10,B,B10,B10_00183,1.42,2.005,1.904,0.950,57.69,465.393,2.452,0.123961,living
10,B,B10,B10_00184,1.014,2.176,1.676,0.770,76.267,397.917,2.767,0.191665,living
10,B,B10,B10_00185,2.045,1.956,2.257,1.154,99.19,560.512,2.587,0.176963,living
10,B,B10,B10_00187,2.366,1.739,2.289,1.316,53.329,591.164,2.536,0.090209,living
10,B,B10,B10_00188,2.163,2.198,2.461,1.119,76.984,624.461,2.938,0.123281,living
10,B,B10,B10_00190,2.265,2.336,2.596,1.111,48.179,559.269,2.104,0.086147,living
10,B,B10,B10_00191,2.231,2.198,2.499,1.137,47.742,676.538,3.008,0.070569,living
10,B,B10,B10_00192,1.724,2.631,2.403,0.913,22.363,502.265,2.735,0.044524,living
10,B,B10,B10_00194,1.673,2.054,2.092,1.018,70.515,447.747,2.202,0.157489,living
10,B,B10,B10_00195,1.741,2.593,2.397,0.925,27.874,446.282,2.272,0.062458,living
10,B,B10,B10_00196,2.434,2.502,2.785,1.113,86.41,461.229,2.694,0.187347,living
10,B,B10,B10_00197,2.096,2.768,2.718,0.982,68.452,479.75,2.452,0.142682,living
10,B,B10,B10_00198,2.163,2.009,2.352,1.171,76.734,516.609,2.539,0.148535,living
10,B,B10,B10_00199,2.18,1.795,2.232,1.244,94.845,523.829,2.287,0.181061,living
10,B,B10,B10_00200,2.467,1.888,2.435,1.290,95.918,521.267,2.363,0.184009,living
10,B,B10,B10_00201,1.403,2.198,1.982,0.901,66.675,438.795,17.41,0.151949,dead
10,B,B10,B10_00202,2.298,1.766,2.273,1.287,96.507,590.926,2.662,0.163315,living
10,B,B10,B10_00203,2.552,2.411,2.799,1.161,50.669,501.636,2.662,0.101007,living
10,B,B10,B10_00204,1.977,1.989,2.238,1.125,34.778,475.179,2.957,0.073189,living
10,B,B10,B10_00205,2.214,1.999,2.374,1.188,55.237,576.191,2.84,0.095865,living
10,B,B10,B10_00206,1.707,2.659,2.404,0.904,37.861,435.792,2.366,0.086879,living
10,B,B10,B10_00207,2.265,2.198,2.518,1.145,17.142,533.015,3.112,0.03216,living
10,B,B10,B10_00208,2.18,2.456,2.611,1.063,29.504,506.209,2.705,0.058284,living
10,B,B10,B10_00209,2.366,2.259,2.609,1.155,17.279,478.814,2.386,0.036086,living
10,B,B10,B10_00210,2.163,2.017,2.357,1.169,27.469,543.289,1.992,0.05056,living
10,B,B10,B10_00212,1.808,2.811,2.544,0.905,10.682,471.318,2.794,0.022665,living
10,B,B10,B10_00214,1.453,2.646,2.212,0.836,13.907,443.07,2.244,0.031388,living
10,B,B10,B10_00216,2.518,1.685,2.324,1.379,20.201,603.107,2.631,0.033495,living
10,B,B10,B10_00217,1.386,1.790,1.777,0.993,12.744,492.634,2.72,0.025869,living
10,B,B10,B10_00221,2.772,2.036,2.681,1.317,43.213,429.665,2.47,0.100575,living
10,B,B10,B10_00223,2.789,1.877,2.582,1.375,76.788,510.394,2.388,0.150448,living
10,B,B10,B10_00224,2.282,2.224,2.542,1.143,63.111,484.644,2.519,0.130221,living
10,B,B10,B10_00225,2.298,2.198,2.536,1.154,46.294,451.338,2.897,0.102571,living
10,B,B10,B10_00226,2.129,2.008,2.333,1.162,37.921,373.794,2.389,0.101448,living
10,B,B10,B10_00227,1.268,1.454,1.532,1.054,71.147,437.76,2.413,0.162524,living
10,B,B10,B10_00228,1.403,1.482,1.627,1.098,12.687,385.759,2.337,0.032888,living
10,B,B10,B10_00229,2.028,2.515,2.548,1.013,22.6,444.108,2.35,0.050888,living
10,B,B10,B10_00230,1.47,2.198,2.028,0.923,29.897,538.322,2.678,0.055537,living
10,B,B10,B10_00231,1.487,1.364,1.607,1.178,12.102,541.398,2.045,0.022354,living
10,B,B10,B10_00233,1.538,2.041,1.999,0.980,13.484,452.967,3.055,0.029767,living
10,B,B10,B10_00235,1.268,2.733,2.101,0.769,56.16,404.64,1.827,0.13879,living
10,B,B10,B10_00236,2.383,3.116,3.075,0.987,72.582,467.064,2.496,0.1554,living
10,B,B10,B10_00238,1.504,2.566,2.217,0.864,21.382,491.416,2.236,0.043511,living
10,B,B10,B10_00239,2.028,1.663,2.072,1.246,56.642,542.158,2.308,0.104474,living
10,B,B10,B10_00240,2.924,1.681,2.502,1.488,101.827,595.769,2.526,0.170916,living
10,B,B10,B10_00241,1.115,2.452,1.866,0.761,26.091,449.242,2.364,0.058078,living
10,B,B10,B10_00242,1.724,2.031,2.111,1.040,32.882,516.892,2.049,0.063615,living
10,B,B10,B10_00243,1.183,3.091,2.158,0.698,14.814,410.014,2.371,0.036131,living
10,B,B10,B10_00244,1.217,1.545,1.547,1.001,39.472,513.667,2.875,0.076844,living
10,B,B10,B10_00245,1.758,2.801,2.504,0.894,27.202,454.231,2.712,0.059886,living
10,B,B10,B10_00247,2.721,1.869,2.545,1.361,17.652,490.006,2.64,0.036024,living
10,B,B10,B10_00248,1.2,2.183,1.826,0.837,16.986,462.944,2.38,0.036691,living
10,B,B10,B10_00249,1.69,1.710,1.918,1.122,30.24,574.83,2.42,0.052607,living
10,B,B10,B10_00251,1.707,2.198,2.186,0.994,21.525,507.406,25.208,0.042421,dead
10,B,B10,B10_00252,1.47,2.094,1.980,0.945,24.103,493.011,2.287,0.04889,living
10,B,B10,B10_00253,1.47,2.026,1.947,0.961,18.517,532.494,2.678,0.034775,living
10,B,B10,B10_00259,2.231,1.700,2.198,1.293,88.265,583.25,1.924,0.151333,living
10,B,B10,B10_00260,1.42,2.534,2.140,0.845,87.44,466.595,2.321,0.187401,living
10,B,B10,B10_00261,2.772,2.885,3.191,1.106,93.14,582.274,2.634,0.159959,living
10,B,B10,B10_00262,1.115,1.434,1.427,0.995,27.545,573.197,2.273,0.048056,living
10,B,B10,B10_00263,2.045,1.764,2.143,1.215,99.636,589.05,2.694,0.169148,living
10,B,B10,B10_00264,0.913,3.162,1.917,0.606,42.37,455.13,2.556,0.093095,living
10,B,B10,B10_00265,2.366,1.425,2.072,1.454,61.786,655.679,2.543,0.094232,living
10,B,B10,B10_00266,1.504,2.330,2.112,0.907,50.831,528.944,2.157,0.0961,living
10,B,B10,B10_00267,2.653,2.248,2.756,1.226,22.083,594.459,2.159,0.037148,living
10,B,B10,B10_00268,2.096,1.992,2.306,1.157,66.298,638.524,2.806,0.103831,living
10,B,B10,B10_00269,1.606,2.177,2.110,0.969,33.726,463.242,2.589,0.072805,living
10,B,B10,B10_00270,2.011,2.198,2.373,1.079,39.782,503.252,23.773,0.079049,dead
10,B,B10,B10_00271,1.893,1.804,2.085,1.156,21.83,613.402,2.348,0.035589,living
10,B,B10,B10_00272,1.606,2.315,2.176,0.940,13.8,540.495,2.116,0.025532,living
10,B,B10,B10_00273,1.538,2.198,2.075,0.944,15.088,538.593,5.385,0.028014,dead
10,B,B10,B10_00274,1.825,1.951,2.129,1.091,46.907,616.62,2.537,0.076072,living
10,B,B10,B10_00275,2.282,1.725,2.239,1.298,40.644,672.526,2.452,0.060436,living
10,B,B10,B10_00277,0.963,1.579,1.391,0.881,17,558.667,2.912,0.03043,living
10,B,B10,B10_00278,1.504,1.876,1.895,1.010,19.034,546.618,2.472,0.034821,living
10,B,B10,B10_00279,1.521,2.652,2.266,0.855,13.556,486.1,2.422,0.027886,living
10,B,B10,B10_00280,1.369,2.198,1.958,0.890,11.012,433.778,9.272,0.025387,dead
10,B,B10,B10_00282,1.369,2.331,2.016,0.865,16.667,522.346,2.667,0.031907,living
10,B,B10,B10_00283,1.065,2.441,1.819,0.745,13.603,509.81,2.81,0.026683,living
10,B,B10,B10_00284,2.772,2.569,3.011,1.172,13.933,494.543,2.591,0.028173,living
10,B,B10,B10_00286,2.67,2.198,2.734,1.244,91.778,513.019,3.038,0.178899,living
10,B,B10,B10_00287,1.893,2.467,2.438,0.988,64.795,447.125,2.027,0.144914,living
10,B,B10,B10_00288,1.876,2.153,2.268,1.053,76.306,477.829,2.468,0.159694,living
10,B,B10,B10_00289,1.335,1.547,1.622,1.048,78.709,500.089,2.582,0.15739,living
10,B,B10,B10_00290,2.332,1.877,2.361,1.258,105.783,576.507,2.645,0.183489,living
10,B,B10,B10_00291,2.163,2.198,2.461,1.119,54.398,420.75,4.93,0.129289,living
10,B,B10,B10_00292,1.808,2.198,2.250,1.023,78.664,452.673,35.654,0.173776,dead
10,B,B10,B10_00293,2.146,2.149,2.423,1.128,21.567,534.803,2.386,0.040327,living
10,B,B10,B10_00294,1.268,2.863,2.150,0.751,63.493,397.973,2.52,0.159542,living
10,B,B10,B10_00295,2.349,2.198,2.564,1.166,13.252,534.388,10.777,0.024798,dead
10,B,B10,B10_00296,1.775,3.031,2.617,0.863,35.286,450.448,2.486,0.078335,living
10,B,B10,B10_00297,2.231,1.618,2.144,1.325,47.636,573.902,2.78,0.083004,living
10,B,B10,B10_00298,1.555,2.087,2.033,0.974,24.228,478.978,3.12,0.050583,living
10,B,B10,B10_00299,2.755,2.056,2.686,1.306,22.135,641.89,2.534,0.034484,living
10,B,B10,B10_00300,1.724,2.220,2.207,0.994,16.461,489.284,2.843,0.033643,living
10,B,B10,B10_00301,1.386,1.809,1.787,0.988,58.159,459.988,2.073,0.126435,living
10,B,B10,B10_00302,1.234,1.704,1.636,0.960,48.795,447.521,2.521,0.109033,living
10,B,B10,B10_00303,2.518,1.714,2.344,1.368,16.772,509.443,2.497,0.032922,living
10,B,B10,B10_00305,1.707,1.729,1.939,1.121,56.683,539.861,2.485,0.104996,living
10,B,B10,B10_00306,1.521,1.896,1.916,1.011,14.444,404.811,2.133,0.035682,living
10,B,B10,B10_00307,1.859,2.172,2.267,1.044,52.482,485.882,2.427,0.108014,living
10,B,B10,B10_00308,2.366,2.195,2.571,1.172,30.436,460.85,2.771,0.066043,living
10,B,B10,B10_00310,2.366,1.955,2.427,1.241,76.607,572.736,2.343,0.133757,living
10,B,B10,B10_00311,1.639,2.015,2.051,1.018,50.031,495.392,2.443,0.100993,living
10,B,B10,B10_00312,1.538,2.198,2.075,0.944,56.242,501.549,2.308,0.112136,living
10,B,B10,B10_00313,1.115,2.198,1.767,0.804,45.242,469.697,44.697,0.096323,dead
10,B,B10,B10_00314,1.555,2.198,2.086,0.949,34.141,476.359,38.609,0.071671,dead
10,B,B10,B10_00316,2.18,1.548,2.073,1.339,26.186,516.961,2.233,0.050654,living
10,B,B10,B10_00317,1.876,2.113,2.247,1.063,20.595,517.486,2.495,0.039797,living
10,B,B10,B10_00318,2.755,2.198,2.777,1.263,18.767,589.828,3.135,0.031818,living
10,B,B10,B10_00320,2.214,1.876,2.300,1.226,16.061,477.931,2.481,0.033605,living
10,B,B10,B10_00322,1.335,1.828,1.763,0.964,20.987,514.671,2.861,0.040778,living
10,B,B10,B10_00323,2.518,2.148,2.624,1.222,14.282,472.537,2.436,0.030224,living
10,B,B10,B10_00327,1.555,2.177,2.076,0.954,58.098,456.467,2.337,0.127277,living
10,B,B10,B10_00328,1.099,1.803,1.588,0.881,26.338,478.877,2.185,0.055,living
10,B,B10,B10_00329,2.146,1.628,2.109,1.296,89.874,552.811,2.465,0.162576,living
10,B,B10,B10_00330,2.434,2.407,2.731,1.135,93.285,516.924,2.486,0.180461,living
10,B,B10,B10_00332,2.484,2.167,2.618,1.208,96.197,633.238,2.517,0.151913,living
10,B,B10,B10_00333,1.842,2.170,2.256,1.040,61.55,533.073,2.734,0.115463,living
10,B,B10,B10_00334,1.91,1.561,1.948,1.248,68.389,626.115,2.832,0.109228,living
10,B,B10,B10_00335,1.352,2.662,2.141,0.804,25.113,394.425,2.65,0.063669,living
10,B,B10,B10_00336,2.231,1.891,2.318,1.226,63.455,583.705,2.28,0.10871,living
10,B,B10,B10_00337,1.47,2.115,1.990,0.941,23.448,515.621,2.828,0.045476,living
10,B,B10,B10_00338,1.065,2.949,2.000,0.678,17.587,437.937,2.73,0.040159,living
10,B,B10,B10_00339,1.741,1.817,2.007,1.105,21.233,522.544,3,0.040634,living
10,B,B10,B10_00341,1.791,2.336,2.308,0.988,24,506.16,2.34,0.047416,living
10,B,B10,B10_00342,1.622,1.564,1.797,1.149,11.156,523.927,2.344,0.021294,living
10,B,B10,B10_00343,1.453,2.140,1.990,0.930,14.407,456.093,2.395,0.031588,living
10,B,B10,B10_00344,1.048,2.198,1.713,0.779,19.048,466.71,10.226,0.040814,dead
10,B,B10,B10_00345,2.467,1.911,2.450,1.282,30.349,688.007,2.842,0.044112,living
10,B,B10,B10_00346,2.738,2.441,2.917,1.195,22.136,595.821,2.481,0.037152,living
10,B,B10,B10_00348,2.282,2.301,2.586,1.124,16.437,579.052,2.452,0.028386,living
10,B,B10,B10_00349,1.251,1.917,1.747,0.912,63.824,497.932,1.932,0.128179,living
10,B,B10,B10_00351,1.014,1.768,1.511,0.855,20.383,509.3,2.283,0.040022,living
10,B,B10,B10_00352,2.315,1.637,2.197,1.342,113.628,628.474,2.35,0.180799,living
10,B,B10,B10_00353,2.501,2.835,3.005,1.060,26.149,551.797,2.547,0.047388,living
10,B,B10,B10_00354,2.265,2.169,2.501,1.153,55.201,522.366,2.112,0.105676,living
10,B,B10,B10_00355,1.42,1.928,1.867,0.968,68.595,497.595,2.56,0.137853,living
10,B,B10,B10_00356,1.251,2.198,1.871,0.851,84.122,458.216,21.27,0.183585,dead
10,B,B10,B10_00357,2.129,2.171,2.426,1.117,101.151,535.444,2.46,0.18891,living
10,B,B10,B10_00358,2.636,1.536,2.271,1.478,88.045,568.006,2.417,0.155007,living
10,B,B10,B10_00359,1.994,2.198,2.362,1.075,97.093,521.373,42.483,0.186226,dead
10,B,B10,B10_00360,2.789,2.132,2.752,1.291,90.2,645.376,2.618,0.139764,living
10,B,B10,B10_00361,1.842,2.198,2.271,1.033,53.376,550.716,6.477,0.096921,dead
10,B,B10,B10_00363,2.315,2.625,2.782,1.060,23.387,567.015,2.591,0.041246,living
10,B,B10,B10_00364,1.572,1.935,1.968,1.017,16.72,542.785,2.86,0.030805,living
10,B,B10,B10_00366,1.352,2.742,2.173,0.792,17.738,486.2,2.975,0.036482,living
10,B,B10,B10_00367,2.129,1.746,2.176,1.246,29.143,622.397,2.492,0.046824,living
10,B,B10,B10_00368,1.96,1.323,1.817,1.373,33.405,655.94,2.388,0.050927,living
10,B,B10,B10_00369,1.132,2.542,1.914,0.753,22.91,515.896,2.358,0.044409,living
10,B,B10,B10_00370,1.487,2.561,2.202,0.860,18.375,545.091,2.659,0.03371,living
10,B,B10,B10_00371,2.214,2.861,2.840,0.993,16.244,561.282,2.664,0.028941,living
10,B,B10,B10_00372,1.808,2.256,2.279,1.010,68.85,412.243,2.701,0.167014,living
10,B,B10,B10_00373,0.997,1.810,1.516,0.837,38.492,420.559,2.475,0.091525,living
10,B,B10,B10_00374,1.639,2.384,2.230,0.936,18.021,416.485,2.536,0.043268,living
10,B,B10,B10_00375,1.944,2.198,2.333,1.061,35.852,390.461,15.391,0.09182,dead
10,B,B10,B10_00376,1.47,2.198,2.028,0.923,21.931,485.908,14.126,0.045134,dead
10,B,B10,B10_00377,1.859,2.048,2.202,1.075,61.555,444.245,2.227,0.13856,living
10,B,B10,B10_00378,1.284,1.861,1.744,0.937,35.132,332.132,2.303,0.105776,living
10,B,B10,B10_00379,0.997,1.558,1.406,0.903,41.729,411.356,1.932,0.101442,living
10,B,B10,B10_00380,1.014,2.198,1.685,0.766,29.867,334.417,37.467,0.08931,dead
10,B,B10,B10_00381,2.451,2.789,2.950,1.058,34.669,469.283,2.421,0.073876,living
10,B,B10,B10_00382,1.69,1.792,1.964,1.096,14.6,522.59,2.15,0.027938,living
10,B,B10,B10_00383,2.146,1.829,2.236,1.222,19.425,467.024,2.906,0.041594,living
10,B,B10,B10_00384,2.011,1.955,2.237,1.144,22.303,529.151,2.655,0.042148,living
10,B,B10,B10_00385,0.811,1.943,1.416,0.729,20.625,378.625,2.688,0.054473,living
10,B,B10,B10_00386,1.166,1.678,1.578,0.941,22.826,446.768,2.101,0.051092,living
10,B,B10,B10_00387,1.842,1.980,2.155,1.088,23.596,471.303,2.587,0.050066,living
10,B,B10,B10_00390,2.839,2.198,2.819,1.282,17.155,579.952,19.673,0.02958,dead
10,B,B10,B10_00391,2.18,2.510,2.639,1.052,56.938,446.411,2.62,0.127546,living
10,B,B10,B10_00393,0.946,2.198,1.627,0.740,50.518,436,3.054,0.115867,living
10,B,B10,B10_00394,1.065,2.353,1.786,0.759,36.143,429.111,2.825,0.084227,living
10,B,B10,B10_00397,2.941,2.861,3.273,1.144,22.787,532.885,2.437,0.042762,living
10,B,B10,B10_00398,1.91,2.198,2.312,1.052,50.894,320.646,5.973,0.158723,dead
10,B,B10,B10_00400,2.163,1.580,2.086,1.320,19.422,499.695,2.578,0.038867,living
10,B,B10,B10_00401,0.862,1.812,1.410,0.778,17.549,445.49,2.02,0.039393,living
10,B,B10,B10_00402,1.944,1.577,1.976,1.253,22.33,478.496,2.217,0.046668,living
10,B,B10,B10_00403,1.335,2.151,1.912,0.889,10.329,476.342,2.544,0.021684,living
10,B,B10,B10_00404,1.96,1.588,1.991,1.254,56.56,457.69,2.241,0.123578,living
10,B,B10,B10_00405,1.977,1.847,2.156,1.167,25.564,328.974,2.735,0.077708,living
10,B,B10,B10_00406,1.758,2.229,2.234,1.002,28.635,346.548,2.163,0.082628,living
10,B,B10,B10_00408,1.284,2.508,2.025,0.807,11.908,340.566,2.487,0.034965,living
10,B,B10,B10_00409,1.555,2.319,2.143,0.924,41.652,383.087,2.543,0.108728,living
10,B,B10,B10_00410,2.552,2.042,2.576,1.261,60.45,507.291,2.497,0.119163,living
10,B,B10,B10_00413,1.622,1.463,1.738,1.188,58.833,459.479,2.865,0.128044,living
10,B,B10,B10_00414,2.974,1.855,2.650,1.429,76.795,633.449,2.812,0.121234,living
10,B,B10,B10_00415,2.062,1.762,2.151,1.221,88.066,471.385,2.426,0.186823,living
10,B,B10,B10_00416,1.758,1.746,1.977,1.132,57.442,430.644,2.933,0.133387,living
10,B,B10,B10_00417,2.18,1.908,2.301,1.206,12.612,452.953,2.411,0.027845,living
10,B,B10,B10_00418,2.755,2.198,2.777,1.263,11.822,456.092,3.19,0.02592,living
10,B,B10,B10_00421,1.284,1.730,1.682,0.972,13.013,433.632,1.974,0.03001,living
10,B,B10,B10_00422,2.113,2.476,2.581,1.042,14.496,469.536,2.568,0.030873,living
10,B,B10,B10_00423,2.146,1.793,2.213,1.234,19.039,465.614,2.457,0.040891,living
10,B,B10,B10_00425,1.859,2.198,2.281,1.038,15.245,486.173,3.682,0.031358,living
10,B,B10,B10_00428,1.656,3.012,2.520,0.837,30.888,465.551,2.622,0.066347,living
10,B,B10,B10_00429,2.484,2.055,2.549,1.241,90.646,594.782,2.102,0.152402,living
10,B,B10,B10_00430,2.113,1.691,2.133,1.261,77.92,526.408,2.216,0.148022,living
10,B,B10,B10_00431,1.47,2.198,2.028,0.923,25.172,520.069,3.839,0.048402,living
10,B,B10,B10_00432,1.335,2.198,1.933,0.879,69.025,469.063,14.456,0.147156,dead
10,B,B10,B10_00433,2.045,1.881,2.213,1.177,60.017,587.975,2.347,0.102073,living
10,B,B10,B10_00434,2.349,2.375,2.665,1.122,74.662,555.223,2.432,0.134472,living
10,B,B10,B10_00435,2.282,2.123,2.484,1.170,107.889,558.156,2.319,0.193295,living
10,B,B10,B10_00436,2.721,1.951,2.600,1.333,109.671,650.404,2.752,0.16862,living
10,B,B10,B10_00439,2.62,2.135,2.669,1.250,71.735,633.845,2.806,0.113175,living
10,B,B10,B10_00440,1.369,2.767,2.196,0.794,14.531,465.938,3.049,0.031186,living
10,B,B10,B10_00443,0.811,1.920,1.408,0.733,67.271,424.625,2.458,0.158424,living
10,B,B10,B10_00444,2.045,2.198,2.392,1.088,43.355,562.314,2.818,0.077102,living
10,B,B10,B10_00446,2.789,2.033,2.687,1.322,86.455,553.697,2.467,0.156141,living
10,B,B10,B10_00449,2.18,2.266,2.508,1.107,96.977,526.62,2.14,0.184149,living
10,B,B10,B10_00451,2.772,2.198,2.785,1.267,98.628,565.396,17.707,0.174441,dead
10,B,B10,B10_00452,1.606,1.595,1.806,1.132,68.8,524.832,2.084,0.13109,living
10,B,B10,B10_00453,2.501,2.162,2.624,1.214,79.743,517.493,2.486,0.154095,living
10,B,B10,B10_00454,2.332,2.198,2.555,1.162,50.543,492.899,3.036,0.102543,living
10,B,B10,B10_00455,1.91,1.733,2.053,1.185,19.832,513.593,2.469,0.038614,living
10,B,B10,B10_00456,1.893,1.836,2.104,1.146,47.196,586.875,2.705,0.08042,living
10,B,B10,B10_00459,1.893,1.897,2.138,1.127,20.991,446.259,2.33,0.047038,living
10,B,B10,B10_00460,1.031,2.044,1.638,0.801,25.328,481.82,2.328,0.052567,living
10,B,B10,B10_00461,1.927,2.198,2.322,1.056,22.833,474.561,16.009,0.048115,dead
10,B,B10,B10_00463,1.42,1.662,1.733,1.043,17.095,549.179,2.488,0.031129,living
10,B,B10,B10_00464,1.149,1.468,1.465,0.998,12.603,501.206,2.515,0.025145,living
10,B,B10,B10_00465,2.011,2.892,2.721,0.941,11.958,466.874,2.294,0.025613,living
10,B,B10,B10_00466,1.622,2.198,2.131,0.969,11.24,495.531,3.021,0.022682,living
10,B,B10,B10_00468,1.538,1.594,1.767,1.108,74.648,478.077,2.44,0.156143,living
10,B,B10,B10_00469,2.248,1.974,2.377,1.204,64.421,605.669,2.135,0.106363,living
10,B,B10,B10_00470,1.96,1.709,2.065,1.208,62.569,655.31,2.707,0.09548,living
10,B,B10,B10_00471,1.96,1.981,2.223,1.122,68.621,586.966,2.19,0.116908,living
10,B,B10,B10_00472,1.96,2.198,2.342,1.065,71.414,664.164,6.534,0.107524,dead
10,B,B10,B10_00473,0.828,1.701,1.339,0.787,45.388,463.469,2.816,0.09793,living
10,B,B10,B10_00474,1.825,2.281,2.302,1.009,64.944,524.528,3.037,0.123815,living
10,B,B10,B10_00476,1.487,2.186,2.034,0.931,48.057,513.557,2.273,0.093576,living
10,B,B10,B10_00477,1.318,1.869,1.771,0.948,31.282,498.538,2.526,0.062748,living
10,B,B10,B10_00478,2.282,1.678,2.208,1.316,67.874,743.022,2.689,0.091349,living
10,B,B10,B10_00479,2.434,2.463,2.763,1.122,37.139,589.694,2.59,0.06298,living
10,B,B10,B10_00480,1.572,1.580,1.778,1.126,25.935,617.215,2.806,0.04202,living
10,B,B10,B10_00482,1.656,1.658,1.870,1.128,15.898,549.694,2.061,0.028921,living
10,B,B10,B10_00483,1.149,1.976,1.700,0.860,24.353,489.691,2.691,0.049731,living
10,B,B10,B10_00484,0.845,2.198,1.538,0.700,72.5,368.6,14.9,0.19669,dead
10,B,B10,B10_00486,2.721,1.698,2.425,1.428,103.28,598.379,2.18,0.172599,living
10,B,B10,B10_00487,2.18,2.198,2.470,1.124,38.922,520.938,6.054,0.074716,dead
10,B,B10,B10_00489,1.42,2.054,1.927,0.938,27.476,524.048,2.429,0.052431,living
10,B,B10,B10_00490,1.538,1.788,1.871,1.047,28.725,501.582,2.363,0.057269,living
10,B,B10,B10_00492,2.772,2.762,3.122,1.130,58.049,530.854,2.451,0.10935,living
10,B,B10,B10_00494,2.028,2.097,2.327,1.110,42.867,607.317,2.275,0.070584,living
10,B,B10,B10_00495,1.673,2.198,2.164,0.984,33.404,512.576,17.475,0.065169,dead
10,B,B10,B10_00496,1.555,2.198,2.086,0.949,37.283,489.283,7.891,0.076199,dead
10,B,B10,B10_00497,1.487,2.198,2.040,0.928,22.966,529.182,17.398,0.043399,dead
10,B,B10,B10_00498,1.268,1.786,1.698,0.951,25.76,537.307,2.747,0.047943,living
10,B,B10,B10_00499,2.146,2.945,2.837,0.963,11.969,513.583,2.551,0.023304,living
10,B,B10,B10_00501,1.927,1.854,2.133,1.150,94.211,595.298,2.412,0.158258,living
10,B,B10,B10_00502,0.963,1.864,1.512,0.811,92.123,471.842,2.702,0.195241,living
10,B,B10,B10_00503,1.318,2.198,1.921,0.874,106.167,511.872,10.09,0.207409,dead
10,B,B10,B10_00505,1.487,2.122,2.004,0.945,33.148,538.682,2.318,0.061535,living
10,B,B10,B10_00506,2.569,2.345,2.770,1.181,80.882,699.408,2.454,0.115643,living
10,B,B10,B10_00507,2.214,3.134,2.972,0.948,74.634,544.481,2.527,0.137073,living
10,B,B10,B10_00508,1.842,2.476,2.410,0.973,18.807,583.826,2.45,0.032214,living
10,B,B10,B10_00509,0.913,2.228,1.609,0.722,24.907,498.352,2.63,0.04998,living
10,B,B10,B10_00510,1.251,2.198,1.871,0.851,21.662,588.068,4.716,0.036836,living
10,B,B10,B10_00511,1.335,2.865,2.207,0.770,28.608,542.823,2.418,0.052702,living
10,B,B10,B10_00512,2.028,2.353,2.465,1.048,24.708,617.783,2.55,0.039995,living
10,B,B10,B10_00514,2.586,2.171,2.674,1.232,41.562,574.549,2.242,0.072339,living
10,B,B10,B10_00515,0.845,2.198,1.538,0.700,21.76,422.16,3.38,0.051544,living
10,B,B10,B10_00516,2.298,1.907,2.362,1.239,38.596,641.809,1.985,0.060136,living
10,B,B10,B10_00518,2.62,1.812,2.459,1.357,43.232,533.49,1.923,0.081037,living
10,B,B10,B10_00519,2.113,2.198,2.432,1.106,47.744,489.024,3.648,0.097631,living
10,B,B10,B10_00520,2.298,1.790,2.289,1.279,75.074,542.485,2.324,0.138388,living
10,B,B10,B10_00521,2.755,1.992,2.643,1.327,99.939,575.368,2.313,0.173695,living
10,B,B10,B10_00522,2.349,1.564,2.163,1.383,51.633,523.993,2.525,0.098538,living
10,B,B10,B10_00523,1.775,1.739,1.982,1.140,56.171,553.371,3.314,0.101508,living
10,B,B10,B10_00524,0.913,3.086,1.894,0.614,54.167,392.556,2.222,0.137985,living
10,B,B10,B10_00525,2.383,3.139,3.086,0.983,28.851,491.369,2.879,0.058716,living
10,B,B10,B10_00526,2.214,2.854,2.836,0.994,25.634,495.977,2.321,0.051683,living
10,B,B10,B10_00527,1.555,2.198,2.086,0.949,31.63,429.087,17.793,0.073716,dead
10,B,B10,B10_00528,1.099,1.566,1.480,0.945,37.262,527.462,2.692,0.070643,living
10,B,B10,B10_00529,1.352,2.229,1.959,0.879,21.812,492.538,2.25,0.044286,living
10,B,B10,B10_00530,1.656,1.595,1.834,1.150,12.827,519.367,2.388,0.024696,living
10,B,B10,B10_00532,1.166,2.363,1.873,0.793,12.536,482.551,2.377,0.025979,living
10,B,B10,B10_00534,1.234,1.932,1.742,0.902,55.973,416.685,2.425,0.134328,living
10,B,B10,B10_00535,1.301,2.198,1.908,0.868,70.584,428.494,9.805,0.164727,dead
10,B,B10,B10_00536,1.099,2.056,1.696,0.825,63,380.292,2.154,0.165662,living
10,B,B10,B10_00537,2.704,2.184,2.742,1.256,28.55,503.381,2.519,0.056716,living
10,B,B10,B10_00538,1.707,1.785,1.970,1.103,64.446,480.792,2.426,0.13404,living
10,B,B10,B10_00539,2.518,1.570,2.244,1.429,43.523,605.336,2.624,0.0719,living
10,B,B10,B10_00541,1.369,2.115,1.920,0.908,42.556,443.247,2.469,0.096009,living
10,B,B10,B10_00542,2.315,1.675,2.222,1.327,55.46,536.088,2.292,0.103453,living
10,B,B10,B10_00543,2.89,2.687,3.144,1.170,59.199,523.193,2.596,0.113149,living
10,B,B10,B10_00544,2.535,2.610,2.902,1.112,27.187,479.173,2.46,0.056737,living
10,B,B10,B10_00545,2.096,2.198,2.422,1.102,28.952,411.992,7.347,0.070272,dead
10,B,B10,B10_00546,2.434,2.198,2.610,1.187,25.417,415.083,4.257,0.061233,living
10,B,B10,B10_00547,1.149,2.284,1.828,0.800,28.132,411.544,2.471,0.068358,living
10,B,B10,B10_00549,2.028,2.071,2.312,1.117,32.258,480.017,3.383,0.067203,living
10,B,B10,B10_00550,2.366,2.178,2.561,1.176,17.814,521.45,2.5,0.034163,living
10,B,B10,B10_00551,1.183,2.198,1.820,0.828,19.586,420.286,46.2,0.046601,dead
10,B,B10,B10_00554,1.893,2.912,2.649,0.910,13.009,450.348,2.661,0.028886,living
10,B,B10,B10_00555,1.606,1.697,1.863,1.098,12.368,491.421,2.621,0.025169,living
10,B,B10,B10_00557,1.251,2.029,1.798,0.886,16.784,443.081,2.27,0.03788,living
10,B,B10,B10_00558,2.079,2.001,2.301,1.150,94.301,525.325,2.26,0.179509,living
10,B,B10,B10_00559,1.639,1.874,1.978,1.055,22.474,457.134,2.474,0.049163,living
10,B,B10,B10_00560,2.18,2.198,2.470,1.124,75.791,411.806,2.938,0.184045,living
10,B,B10,B10_00561,1.335,1.892,1.793,0.948,11.975,436.582,2.835,0.027428,living
10,B,B10,B10_00562,1.91,1.778,2.079,1.170,31.717,557.416,2.177,0.0569,living
10,B,B10,B10_00564,2.704,1.913,2.566,1.342,40.525,525.319,2.45,0.077144,living
10,B,B10,B10_00565,2.011,1.877,2.192,1.168,49.176,526.546,2.571,0.093394,living
10,B,B10,B10_00566,1.082,1.608,1.488,0.926,12.016,462.406,2.453,0.025985,living
10,B,B10,B10_00568,1.403,1.760,1.773,1.007,13.675,468.47,2.361,0.02919,living
10,B,B10,B10_00569,1.96,2.352,2.423,1.030,11.181,471.724,3.009,0.023702,living
10,B,B10,B10_00572,1.403,1.564,1.671,1.069,49.699,405,1.916,0.122713,living
10,B,B10,B10_00573,1.538,1.753,1.853,1.057,39.176,523.615,2.516,0.074818,living
10,B,B10,B10_00575,2.231,1.556,2.102,1.351,66.773,482.667,2.598,0.138341,living
10,B,B10,B10_00576,1.859,2.192,2.278,1.039,17.591,448.227,2.182,0.039246,living
10,B,B10,B10_00577,1.386,1.931,1.846,0.956,63.756,467.537,2.207,0.136366,living
10,B,B10,B10_00578,0.913,2.198,1.599,0.727,60.926,436.37,26.852,0.13962,dead
10,B,B10,B10_00579,2.434,1.680,2.282,1.358,62.326,543.938,2.326,0.114584,living
10,B,B10,B10_00580,1.082,2.503,1.857,0.742,75.672,406.25,2.766,0.186269,living
10,B,B10,B10_00581,2.214,2.644,2.730,1.033,83.786,494.046,2.45,0.169592,living
10,B,B10,B10_00582,1.808,1.952,2.120,1.086,94.224,519.486,3.215,0.18138,living
10,B,B10,B10_00584,1.318,3.006,2.246,0.747,36.59,400.397,2.692,0.091384,living
10,B,B10,B10_00585,0.913,2.040,1.540,0.755,58.148,440.093,3.148,0.132127,living
10,B,B10,B10_00586,2.248,1.853,2.303,1.243,23.489,535.549,2.91,0.043859,living
10,B,B10,B10_00587,1.758,1.893,2.058,1.087,53.548,548.673,2.663,0.097596,living
10,B,B10,B10_00588,1.69,1.440,1.760,1.222,42.35,601.63,2.15,0.070392,living
10,B,B10,B10_00589,1.301,1.905,1.776,0.932,16.338,480.143,2.831,0.034027,living
10,B,B10,B10_00591,1.403,2.198,1.982,0.901,24.398,484.831,35.169,0.050322,dead
10,B,B10,B10_00592,1.859,2.198,2.281,1.038,16.9,442.2,36.418,0.038218,dead
10,B,B10,B10_00593,1.977,2.198,2.352,1.070,14.752,458.598,29.043,0.032168,dead
10,B,B10,B10_00595,0.879,1.675,1.369,0.817,66.673,387.808,2.173,0.171923,living
10,B,B10,B10_00596,2.417,2.033,2.501,1.230,83.888,513.371,2.203,0.163407,living
10,B,B10,B10_00597,1.2,2.198,1.833,0.834,79.676,397.451,17.676,0.200468,dead
10,B,B10,B10_00598,2.738,2.720,3.079,1.132,52.34,479.438,2.525,0.109168,living
10,B,B10,B10_00599,2.518,2.200,2.656,1.207,30.416,564.315,2.624,0.053899,living
10,B,B10,B10_00600,2.366,2.030,2.473,1.218,82.879,469.8,2.45,0.176412,living
10,B,B10,B10_00601,1.352,2.198,1.945,0.885,14.45,431.975,3.388,0.033451,living
10,B,B10,B10_00603,1.521,2.198,2.063,0.939,78,442.367,2.822,0.176324,living
10,B,B10,B10_00604,1.284,1.861,1.744,0.937,27.303,455.171,2.132,0.059983,living
10,B,B10,B10_00605,2.113,2.179,2.421,1.111,75.344,486.32,2.256,0.154927,living
10,B,B10,B10_00606,1.758,2.015,2.124,1.054,62.817,478.654,2.558,0.131237,living
10,B,B10,B10_00607,2.282,1.947,2.378,1.222,26.356,547.007,2.615,0.048181,living
10,B,B10,B10_00608,1.639,1.690,1.878,1.111,44.959,518.268,2.062,0.086748,living
10,B,B10,B10_00609,1.572,1.743,1.868,1.072,20.667,494.602,2.344,0.041784,living
10,B,B10,B10_00610,1.859,2.198,2.281,1.038,18.582,531.9,2.918,0.034935,living
10,B,B10,B10_00611,1.369,1.792,1.767,0.986,18.753,507,2.012,0.036988,living
10,B,B10,B10_00612,1.437,1.983,1.905,0.961,16.718,455.188,2.906,0.036727,living
10,B,B10,B10_00613,1.656,1.976,2.041,1.033,48.469,506.857,2.724,0.095627,living
10,B,B10,B10_00615,1.673,2.635,2.369,0.899,100.192,471.657,2.071,0.212426,living
10,B,B10,B10_00616,2.214,2.275,2.532,1.113,108.893,582.695,2.458,0.186879,living
10,B,B10,B10_00619,1.318,2.198,1.921,0.874,92.192,483.449,19.423,0.190697,dead
10,B,B10,B10_00620,2.045,1.473,1.958,1.330,116.132,701.182,2.463,0.165624,living
10,B,B10,B10_00621,2.704,1.951,2.592,1.328,82.2,585.981,2.806,0.140278,living
10,B,B10,B10_00622,2.4,1.996,2.470,1.237,81.408,614.021,3.035,0.132582,living
10,B,B10,B10_00623,2.366,2.022,2.468,1.221,29.393,560.186,2.5,0.05247,living
10,B,B10,B10_00624,1.741,1.916,2.061,1.076,68.107,590.718,2.35,0.115295,living
10,B,B10,B10_00625,1.183,2.086,1.773,0.850,37.786,504.5,2.857,0.074897,living
10,B,B10,B10_00627,2.163,2.740,2.747,1.003,63.805,550.656,2.539,0.11587,living
10,B,B10,B10_00628,2.518,2.131,2.614,1.227,71.295,626.57,2.416,0.113787,living
10,B,B10,B10_00629,1.335,2.131,1.903,0.893,38.671,522.582,2.949,0.074,living
10,B,B10,B10_00630,1.284,2.764,2.126,0.769,29.434,496.789,2.895,0.059249,living
10,B,B10,B10_00631,0.879,2.064,1.520,0.736,15.327,507.077,2.231,0.030226,living
10,B,B10,B10_00632,1.115,2.096,1.725,0.823,30.47,502.136,2.288,0.06068,living
10,B,B10,B10_00633,2.552,2.838,3.037,1.070,12.768,516.934,2.212,0.0247,living
10,B,B10,B10_00636,1.403,2.674,2.186,0.817,11.205,520.012,2.301,0.021547,living
10,B,B10,B10_00637,0.845,1.432,1.241,0.867,19.88,449.56,2.3,0.044221,living
10,B,B10,B10_00638,0.913,2.727,1.780,0.653,57.815,381.815,2.778,0.151421,living
10,B,B10,B10_00642,1.2,2.198,1.833,0.834,60.085,440.183,10.042,0.136499,dead
10,B,B10,B10_00643,2.197,2.826,2.812,0.995,45.777,497.815,2.731,0.091956,living
10,B,B10,B10_00644,1.842,3.187,2.734,0.858,21.826,426.78,2.101,0.05114,living
10,B,B10,B10_00645,2.265,1.360,1.980,1.456,43.172,520.373,2.59,0.082963,living
10,B,B10,B10_00646,2.991,1.999,2.759,1.380,45.429,707.446,2.441,0.064216,living
10,B,B10,B10_00647,0.963,2.198,1.642,0.747,28.754,458.596,16.579,0.062701,dead
10,B,B10,B10_00649,2.248,2.391,2.616,1.094,40.955,528.609,2.361,0.077477,living
10,B,B10,B10_00650,2.113,2.496,2.591,1.038,39.272,526.072,2.536,0.074651,living
10,B,B10,B10_00651,2.18,1.729,2.191,1.267,22.791,517.605,2.729,0.044031,living
10,B,B10,B10_00652,2.028,1.892,2.210,1.168,25.208,537.633,2.683,0.046888,living
10,B,B10,B10_00653,2.163,2.501,2.624,1.049,20.016,515.406,2.742,0.038835,living
10,B,B10,B10_00654,2.146,1.837,2.240,1.220,19.173,599.764,2.165,0.031968,living
10,B,B10,B10_00655,1.876,2.160,2.271,1.052,13.928,517.036,2.676,0.026938,living
10,B,B10,B10_00656,1.268,2.129,1.854,0.871,11.173,481.96,2.027,0.023183,living
10,B,B10,B10_00658,1.977,2.577,2.547,0.988,24,431.88,2.453,0.055571,living
10,B,B10,B10_00659,2.298,2.535,2.723,1.074,34.382,423.294,2.471,0.081226,living
10,B,B10,B10_00661,2.096,2.056,2.342,1.139,29.782,400.597,2.298,0.074345,living
10,B,B10,B10_00662,1.47,1.746,1.808,1.035,54.621,466.414,2.379,0.117108,living
10,B,B10,B10_00664,1.673,2.198,2.164,0.984,53.283,419.263,7.242,0.127087,dead
10,B,B10,B10_00665,1.504,1.755,1.833,1.045,64.742,455.517,2.157,0.142128,living
10,B,B10,B10_00667,2.451,2.198,2.619,1.191,73.117,420.628,16.041,0.173829,dead
10,B,B10,B10_00668,1.301,1.963,1.803,0.919,26.857,433.39,2.896,0.06197,living
10,B,B10,B10_00669,1.42,2.198,1.994,0.907,93,405.667,22.31,0.229252,dead
10,B,B10,B10_00670,1.96,2.722,2.606,0.958,36.853,439.672,2.422,0.08382,living
10,B,B10,B10_00671,2.991,2.356,2.995,1.271,50.418,564.192,2.486,0.089363,living
10,B,B10,B10_00672,1.741,2.198,2.208,1.004,56.282,474.388,5.456,0.11864,dead
10,B,B10,B10_00673,2.772,2.198,2.785,1.267,57.22,591.274,2.628,0.096773,living
10,B,B10,B10_00674,1.741,2.039,2.126,1.043,30.262,493.864,2.34,0.061276,living
10,B,B10,B10_00675,2.67,1.922,2.556,1.330,31.677,568.671,2.747,0.055704,living
10,B,B10,B10_00677,0.879,2.198,1.569,0.714,27.077,402.808,16.942,0.06722,dead
10,B,B10,B10_00678,2.028,2.400,2.489,1.037,31.125,486.992,2.05,0.063913,living
10,B,B10,B10_00679,1.927,2.198,2.322,1.056,27.333,499.281,20.553,0.054745,dead
10,B,B10,B10_00681,1.724,2.198,2.197,0.999,12.706,457.284,2.529,0.027786,living
10,B,B10,B10_00682,1.842,2.034,2.184,1.074,17.486,528.284,2.321,0.0331,living
10,B,B10,B10_00685,1.42,2.198,1.994,0.907,11.381,463.607,20.024,0.024549,dead
10,B,B10,B10_00686,2.248,2.198,2.508,1.141,13.248,435.722,3.729,0.030405,living
10,B,B10,B10_00687,2.755,2.098,2.713,1.293,16.988,667.215,2.172,0.025461,living
10,B,B10,B10_00691,1.453,2.144,1.992,0.929,23.709,431.488,2.267,0.054948,living
10,B,B10,B10_00693,1.859,1.993,2.172,1.090,83.745,447.064,2.545,0.187323,living
10,B,B10,B10_00694,2.045,2.198,2.392,1.088,42.975,440.603,15.074,0.097537,dead
10,B,B10,B10_00695,2.113,2.198,2.432,1.106,23.84,454.072,13.2,0.052503,dead
10,B,B10,B10_00697,1.893,2.198,2.302,1.047,73.393,436.634,8.75,0.168088,dead
10,B,B10,B10_00698,2.18,1.789,2.228,1.246,15.969,501.884,2.558,0.031818,living
10,B,B10,B10_00700,2.653,2.198,2.725,1.240,17.389,465.745,3.083,0.037335,living
10,B,B10,B10_00701,1.724,1.661,1.909,1.150,43.48,470.284,2.461,0.092456,living
10,B,B10,B10_00703,2.265,1.948,2.370,1.217,24.687,440.657,2.142,0.056022,living
10,B,B10,B10_00704,2.451,2.370,2.720,1.147,24.841,485.676,2.593,0.051148,living
10,B,B10,B10_00705,1.318,1.964,1.815,0.924,15.41,451,2.705,0.034169,living
10,B,B10,B10_00707,1.031,2.061,1.645,0.798,11.115,438.689,2.23,0.025336,living
10,B,B10,B10_00709,0.896,2.106,1.550,0.736,59.34,456.509,1.943,0.129986,living
10,B,B10,B10_00711,2.417,2.198,2.601,1.183,58.881,582.014,14.385,0.101168,dead
10,B,B10,B10_00713,1.572,2.972,2.439,0.821,76.71,472.677,2.559,0.162288,living
10,B,B10,B10_00715,1.91,2.582,2.506,0.970,15.009,535.805,2.301,0.028012,living
10,B,B10,B10_00716,2.011,2.288,2.420,1.058,55.63,605.42,2.235,0.091887,living
10,B,B10,B10_00717,2.839,2.597,3.064,1.180,32.333,612.411,2.321,0.052797,living
10,B,B10,B10_00718,1.538,2.198,2.075,0.944,67.549,596.934,16.297,0.113161,dead
10,B,B10,B10_00720,1.183,1.992,1.732,0.870,23.286,536.814,2.214,0.043378,living
10,B,B10,B10_00721,2.096,2.154,2.398,1.113,43.387,622.919,2.403,0.069651,living
10,B,B10,B10_00722,1.082,2.009,1.664,0.828,22.453,512.609,2.812,0.043802,living
10,B,B10,B10_00723,1.673,2.766,2.427,0.878,31.273,542.929,2.121,0.0576,living
10,B,B10,B10_00724,1.673,2.198,2.164,0.984,31.687,634.566,3.606,0.049935,living
10,B,B10,B10_00725,1.268,1.991,1.793,0.900,24.267,569.213,2.24,0.042632,living
10,B,B10,B10_00726,1.2,3.066,2.164,0.706,17.746,497.746,2.718,0.035654,living
10,B,B10,B10_00727,2.045,2.620,2.612,0.997,16.785,572.95,2.405,0.029296,living
10,B,B10,B10_00728,1.234,1.980,1.764,0.891,12.11,559.329,2.89,0.02165,living
10,B,B10,B10_00729,0.828,2.198,1.522,0.693,11.878,513.878,26.347,0.023114,dead
10,B,B10,B10_00732,1.386,2.198,1.970,0.896,52.39,462.549,5.659,0.113264,dead
10,B,B10,B10_00733,1.521,2.198,2.063,0.939,74.589,453.244,9.022,0.164567,dead
10,B,B10,B10_00734,1.791,2.402,2.340,0.974,68.302,487.623,2.453,0.140071,living
10,B,B10,B10_00735,1.166,1.455,1.470,1.010,87.319,491.319,2.203,0.177723,living
10,B,B10,B10_00736,0.862,2.198,1.553,0.707,38.216,397.627,17.824,0.096109,dead
10,B,B10,B10_00737,2.315,2.198,2.546,1.158,81.482,560.394,14.788,0.145401,dead
10,B,B10,B10_00738,1.741,2.198,2.208,1.004,89.398,484.214,16.709,0.184625,dead
10,B,B10,B10_00739,2.501,2.063,2.563,1.242,115.507,556.466,2.405,0.207572,living
10,B,B10,B10_00740,1.284,2.006,1.811,0.903,64.25,480.342,2.25,0.133759,living
10,B,B10,B10_00741,1.487,2.690,2.257,0.839,50.807,437.284,2.989,0.116187,living
10,B,B10,B10_00742,1.724,2.249,2.222,0.988,50.814,472.686,2.637,0.1075,living
10,B,B10,B10_00744,0.98,2.198,1.656,0.753,145.707,330.086,3.741,0.441421,living
10,B,B10,B10_00745,2.586,2.362,2.789,1.181,58.405,617.399,3.059,0.094599,living
10,B,B10,B10_00746,1.96,2.078,2.277,1.096,42.483,588.526,2.164,0.072185,living
10,B,B10,B10_00747,1.791,1.861,2.060,1.107,78.783,548.34,2.094,0.143676,living
10,B,B10,B10_00748,2.569,1.622,2.303,1.420,76.072,721.151,2.592,0.105487,living
10,B,B10,B10_00749,1.994,2.032,2.271,1.118,76,562.661,2.297,0.135072,living
10,B,B10,B10_00750,1.825,3.098,2.683,0.866,38.565,464.889,2.602,0.082955,living
10,B,B10,B10_00751,1.318,2.198,1.921,0.874,35.192,507.564,3.615,0.069336,living
10,B,B10,B10_00752,2.586,2.932,3.107,1.060,52.307,516.954,2.824,0.101183,living
10,B,B10,B10_00753,1.724,1.513,1.822,1.204,19.833,568.265,2.118,0.034902,living
10,B,B10,B10_00755,1.606,1.799,1.918,1.066,49.947,555.232,2.684,0.089958,living
10,B,B10,B10_00756,1.453,1.797,1.823,1.015,24.872,541.953,2.198,0.045893,living
10,B,B10,B10_00758,2.4,2.377,2.695,1.134,32.077,603.366,2.275,0.053164,living
10,B,B10,B10_00760,2.535,2.527,2.856,1.130,15.707,599.407,2.567,0.026204,living
10,B,B10,B10_00761,1.521,2.717,2.294,0.844,13.378,492.956,2.933,0.027138,living
10,B,B10,B10_00762,1.977,1.499,1.942,1.296,10.239,523.607,2.718,0.019555,living
10,B,B10,B10_00768,2.924,2.198,2.861,1.301,15.197,492.653,6.445,0.030846,dead
10,B,B10,B10_00769,1.808,2.307,2.305,0.999,37.393,566.85,2.112,0.065965,living
10,B,B10,B10_00770,2.113,2.816,2.752,0.977,52.328,567.776,2.56,0.092163,living
10,B,B10,B10_00771,0.93,1.925,1.510,0.784,76.2,500.418,2.036,0.152273,living
10,B,B10,B10_00772,1.808,2.198,2.250,1.023,82.981,521.664,15.832,0.159071,dead
10,B,B10,B10_00773,2.451,1.752,2.338,1.335,65.028,511.048,2.131,0.127244,living
10,B,B10,B10_00774,2.383,2.466,2.735,1.109,96.872,540.39,2.255,0.179264,living
10,B,B10,B10_00776,0.963,2.198,1.642,0.747,60.053,480.211,3.982,0.125055,living
10,B,B10,B10_00777,2.434,3.158,3.128,0.991,44.153,568.021,2.444,0.077731,living
10,B,B10,B10_00779,1.538,1.846,1.901,1.030,83.736,586.637,2.407,0.142739,living
10,B,B10,B10_00780,1.251,2.198,1.871,0.851,66.27,513.878,8.23,0.128961,dead
10,B,B10,B10_00782,0.913,1.680,1.397,0.832,46.815,544.667,2.352,0.085951,living
10,B,B10,B10_00783,1.944,2.347,2.410,1.027,69.6,609.383,2.791,0.114214,living
10,B,B10,B10_00784,1.842,2.199,2.271,1.033,45.174,603.523,1.982,0.074851,living
10,B,B10,B10_00785,1.707,2.198,2.186,0.994,48.683,567.277,5.109,0.085819,dead
10,B,B10,B10_00786,1.386,1.759,1.762,1.002,44.354,654.854,2.756,0.067731,living
10,B,B10,B10_00788,2.721,2.233,2.781,1.246,27.795,667.28,2.41,0.041654,living
10,B,B10,B10_00789,0.946,2.561,1.756,0.686,20.321,535.143,2.339,0.037974,living
10,B,B10,B10_00790,1.572,2.164,2.081,0.962,23.237,603.688,2.538,0.038491,living
10,B,B10,B10_00791,1.2,1.723,1.623,0.942,16.958,626.549,2.465,0.027065,living
10,B,B10,B10_00792,2.113,2.198,2.432,1.106,17.24,597.448,6.48,0.028856,dead
10,B,B10,B10_00794,2.653,2.234,2.747,1.230,38.917,484.07,2.459,0.080396,living
10,B,B10,B10_00796,1.741,2.007,2.109,1.051,71.417,497.35,2.515,0.143596,living
10,B,B10,B10_00797,1.622,1.777,1.916,1.078,21.177,532.562,2.188,0.039765,living
10,B,B10,B10_00798,1.572,2.539,2.254,0.888,52.935,461.946,2.688,0.114592,living
10,B,B10,B10_00799,1.589,2.958,2.446,0.827,16.447,431.191,2.096,0.038143,living
10,B,B10,B10_00800,1.284,2.198,1.896,0.862,65.474,457.105,17.276,0.143235,dead
10,B,B10,B10_00801,1.183,1.736,1.617,0.931,51.343,460.357,2.271,0.111528,living
10,B,B10,B10_00802,1.014,2.102,1.647,0.784,61.15,417.467,2.617,0.146479,living
10,B,B10,B10_00803,2.569,1.861,2.467,1.326,105.901,638.711,2.717,0.165805,living
10,B,B10,B10_00804,2.805,2.143,2.767,1.291,104.699,603.494,2.44,0.173488,living
10,B,B10,B10_00805,0.896,2.198,1.584,0.720,33.038,469.774,11.358,0.070327,dead
10,B,B10,B10_00806,1.538,1.746,1.849,1.059,27.352,425.967,2.165,0.064211,living
10,B,B10,B10_00807,1.403,3.159,2.376,0.752,59.687,405.807,2.506,0.147082,living
10,B,B10,B10_00809,1.944,2.339,2.406,1.029,19.487,525.887,2.678,0.037055,living
10,B,B10,B10_00810,2.265,2.073,2.445,1.179,43.963,599.41,2.716,0.073343,living
10,B,B10,B10_00811,2.18,2.198,2.470,1.124,56.977,514.457,20.008,0.110751,dead
10,B,B10,B10_00812,2.417,2.203,2.604,1.182,52.783,586.14,2.455,0.090052,living
10,B,B10,B10_00813,1.521,2.198,2.063,0.939,42.733,529.256,15.289,0.080742,dead
10,B,B10,B10_00814,1.639,1.647,1.854,1.126,46.505,575.918,2.268,0.08075,living
10,B,B10,B10_00815,2.958,2.483,3.058,1.232,42.046,659.149,2.651,0.063788,living
10,B,B10,B10_00817,2.129,1.819,2.221,1.221,30.317,580.913,2.087,0.052189,living
10,B,B10,B10_00818,2.62,2.770,3.040,1.097,35.832,558.155,2.4,0.064198,living
10,B,B10,B10_00823,1.403,2.440,2.088,0.856,58.518,376.964,2.639,0.155235,living
10,B,B10,B10_00824,1.69,2.126,2.139,1.006,56.96,443.87,2.59,0.128326,living
10,B,B10,B10_00825,2.67,2.594,2.970,1.145,80.177,472.804,2.392,0.169578,living
10,B,B10,B10_00826,0.879,2.198,1.569,0.714,72.481,315.788,27.423,0.229523,dead
10,B,B10,B10_00827,1.707,1.841,2.000,1.087,60.406,501.713,2.485,0.120399,living
10,B,B10,B10_00828,1.977,1.641,2.032,1.239,77.265,525.632,2.222,0.146994,living
10,B,B10,B10_00830,2.467,2.793,2.962,1.060,23.007,476.705,2.658,0.048262,living
10,B,B10,B10_00832,2.789,1.690,2.450,1.450,46.43,539.715,2.873,0.086027,living
10,B,B10,B10_00835,1.741,1.768,1.980,1.120,58.34,493.369,2.417,0.118248,living
10,B,B10,B10_00838,1.994,1.797,2.136,1.189,30.669,491.61,2.424,0.062386,living
10,B,B10,B10_00840,2.366,2.198,2.573,1.171,26.407,507.836,15.893,0.051999,dead
10,B,B10,B10_00841,0.828,2.198,1.522,0.693,24.551,404.02,24.102,0.060767,dead
10,B,B10,B10_00842,1.859,1.966,2.157,1.097,31.391,503.718,2.4,0.062318,living
10,B,B10,B10_00843,1.268,1.735,1.674,0.965,27.173,460.72,2.44,0.05898,living
10,B,B10,B10_00844,1.234,2.407,1.945,0.808,12.123,427.384,1.918,0.028366,living
10,B,B10,B10_00845,2.636,2.270,2.760,1.216,19.173,559.167,2.801,0.034289,living
10,B,B10,B10_00846,2.265,2.416,2.640,1.093,15.799,503.806,2.761,0.031358,living
10,B,B10,B10_00850,1.842,2.579,2.459,0.954,29.385,523.725,2.294,0.056108,living
10,B,B10,B10_00852,1.977,2.198,2.352,1.070,31.803,416.419,34.786,0.076374,dead
10,B,B10,B10_00853,2.045,2.198,2.392,1.088,43.926,526.116,11.331,0.08349,dead
10,B,B10,B10_00854,1.555,1.734,1.853,1.069,59.011,580.772,2.087,0.101608,living
10,B,B10,B10_00855,2.434,1.919,2.439,1.271,126.132,612.326,2.868,0.205988,living
10,B,B10,B10_00857,2.636,2.722,3.023,1.110,28.019,559.712,2.571,0.05006,living
10,B,B10,B10_00858,2.18,2.451,2.608,1.064,51.566,515.023,2.31,0.100123,living
10,B,B10,B10_00859,1.622,2.788,2.400,0.861,31.854,467.719,2.292,0.068105,living
10,B,B10,B10_00861,1.842,3.013,2.658,0.882,19.844,501.844,2.45,0.039542,living
10,B,B10,B10_00862,1.504,1.656,1.781,1.075,15.876,540.011,2.292,0.0294,living
10,B,B10,B10_00863,1.758,2.844,2.523,0.887,14.192,509.798,2.346,0.027839,living
10,B,B10,B10_00864,1.808,2.198,2.250,1.023,12,512.972,2.897,0.023393,living
10,B,B10,B10_00865,1.42,2.135,1.965,0.920,12.845,525.214,2.655,0.024457,living
10,B,B10,B10_00868,1.47,2.016,1.942,0.964,64.874,476.368,2.425,0.136184,living
10,B,B10,B10_00869,1.69,2.198,2.175,0.989,79.59,432.29,33.55,0.184113,dead
10,B,B10,B10_00870,2.687,2.185,2.734,1.251,62.195,530.868,2.472,0.117157,living
10,B,B10,B10_00871,1.352,1.541,1.629,1.057,24.475,550.75,1.913,0.044439,living
10,B,B10,B10_00872,1.115,1.547,1.482,0.958,42.485,509.394,2.894,0.083403,living
10,B,B10,B10_00873,2.383,2.198,2.583,1.175,70.277,541.858,3.936,0.129696,living
10,B,B10,B10_00874,2.451,2.453,2.767,1.128,38.372,558.186,2.628,0.068745,living
10,B,B10,B10_00875,1.994,1.764,2.116,1.200,66.356,610,2.153,0.10878,living
10,B,B10,B10_00876,1.453,2.198,2.017,0.917,30.221,517.395,3.919,0.05841,living
10,B,B10,B10_00877,1.859,1.974,2.162,1.095,53.391,569.282,3.136,0.093786,living
10,B,B10,B10_00879,2.011,2.359,2.458,1.042,41.269,550.235,2.403,0.075002,living
10,B,B10,B10_00880,2.129,2.198,2.441,1.110,44.944,537.246,4.198,0.083657,living
10,B,B10,B10_00881,2.67,2.198,2.734,1.244,23.684,494.196,3.108,0.047923,living
10,B,B10,B10_00883,1.606,2.198,2.120,0.964,15.516,484.495,7,0.032025,dead
10,B,B10,B10_00886,1.132,2.198,1.780,0.810,46.03,388.851,37.149,0.118374,dead
10,B,B10,B10_00887,0.93,1.544,1.352,0.876,18.164,538.964,2.455,0.033701,living
10,B,B10,B10_00888,1.268,2.175,1.874,0.862,59.16,484.667,2.533,0.122063,living
10,B,B10,B10_00889,2.687,2.198,2.742,1.248,68.843,508.836,23.484,0.135294,dead
10,B,B10,B10_00890,1.656,2.125,2.117,0.996,57.531,520.673,2.388,0.110493,living
10,B,B10,B10_00891,0.879,2.156,1.553,0.720,43.096,476.654,2.173,0.090414,living
10,B,B10,B10_00892,1.538,1.868,1.913,1.024,84.868,545.429,2.692,0.155599,living
10,B,B10,B10_00893,1.572,2.124,2.062,0.971,95.968,520.398,2.204,0.184412,living
10,B,B10,B10_00894,2.366,1.757,2.301,1.309,53.186,549.243,2.5,0.096835,living
10,B,B10,B10_00895,1.977,1.905,2.190,1.150,109.667,569.59,2.427,0.192536,living
10,B,B10,B10_00896,1.673,2.493,2.304,0.924,56.202,507.333,2.586,0.110779,living
10,B,B10,B10_00897,1.724,2.198,2.197,0.999,88.725,481.078,46.029,0.18443,dead
10,B,B10,B10_00899,0.862,2.198,1.553,0.707,17.392,479.98,38.588,0.036235,dead
10,B,B10,B10_00900,1.065,2.198,1.727,0.785,14.714,542.476,9.952,0.027124,dead
10,B,B10,B10_00901,1.284,1.670,1.652,0.989,42.855,576.408,2.632,0.074349,living
10,B,B10,B10_00902,1.166,2.198,1.807,0.822,45.768,479.449,49.551,0.09546,dead
10,B,B10,B10_00903,0.845,1.835,1.405,0.766,27.12,535.34,3.34,0.050659,living
10,B,B10,B10_00905,2.67,2.447,2.884,1.179,12.734,505.62,2.747,0.025185,living
10,B,B10,B10_00906,1.301,2.198,1.908,0.868,17.169,493.481,18.416,0.034791,dead
10,B,B10,B10_00908,2.484,2.944,3.051,1.036,51.735,490.646,2.449,0.105442,living
10,B,B10,B10_00909,1.301,2.198,1.908,0.868,59.338,401.662,4.299,0.14773,living
10,B,B10,B10_00910,1.504,2.039,1.976,0.969,79.539,475.742,2.169,0.16719,living
10,B,B10,B10_00911,1.538,2.198,2.075,0.944,43.418,461.495,8.187,0.09408,dead
10,B,B10,B10_00912,2.197,2.198,2.480,1.128,42.362,467.608,32.046,0.090592,dead
10,B,B10,B10_00913,1.301,1.762,1.708,0.970,84.844,454.312,2.065,0.186753,living
10,B,B10,B10_00914,2.062,2.198,2.402,1.093,85.852,518.205,6.336,0.165673,dead
10,B,B10,B10_00915,1.808,1.643,1.945,1.184,41.037,598.813,2.495,0.068531,living
10,B,B10,B10_00916,2.298,1.559,2.136,1.370,78.132,574.103,2.485,0.136095,living
10,B,B10,B10_00917,1.47,1.978,1.924,0.973,46.437,496.448,2.701,0.093538,living
10,B,B10,B10_00918,2.467,2.318,2.698,1.164,100.199,523.021,2.781,0.191577,living
10,B,B10,B10_00919,2.113,2.198,2.432,1.106,65.112,431.352,43.432,0.150949,dead
10,B,B10,B10_00920,2.484,2.135,2.599,1.217,57.068,574.163,2.571,0.099393,living
10,B,B10,B10_00922,2.332,2.221,2.568,1.156,58.246,552.949,2.674,0.105338,living
10,B,B10,B10_00923,2.518,2.198,2.655,1.208,54.047,514.57,2.664,0.105033,living
10,B,B10,B10_00924,1.656,2.016,2.062,1.023,58.612,482.286,2.673,0.12153,living
10,B,B10,B10_00925,1.91,2.088,2.253,1.079,50.699,554.425,2.469,0.091445,living
10,B,B10,B10_00926,2.417,1.875,2.402,1.281,39.406,612.49,2.455,0.064337,living
10,B,B10,B10_00927,2.383,1.958,2.437,1.245,23.674,582.716,2.298,0.040627,living
10,B,B10,B10_00928,2.062,3.114,2.859,0.918,17.303,508.369,2.5,0.034037,living
10,B,B10,B10_00929,2.974,2.152,2.855,1.326,24.165,725.233,2.483,0.03332,living
10,B,B10,B10_00930,1.944,2.414,2.444,1.013,24.313,541.983,2.243,0.044859,living
10,B,B10,B10_00931,2.096,2.415,2.539,1.051,20.766,547.75,2.411,0.037912,living
10,B,B10,B10_00932,1.606,2.886,2.429,0.842,13.232,476.389,2.632,0.027775,living
10,B,B10,B10_00934,1.927,1.937,2.180,1.125,76.123,546.377,2.877,0.139323,living
10,B,B10,B10_00935,2.231,2.349,2.583,1.100,98.833,509.856,2.379,0.193846,living
10,B,B10,B10_00936,1.386,2.198,1.970,0.896,17.354,433.854,33.037,0.039999,dead
10,B,B10,B10_00937,1.707,2.369,2.269,0.958,54.446,496.515,2.307,0.109655,living
10,B,B10,B10_00938,0.862,3.023,1.821,0.603,45.235,396.549,2.314,0.114072,living
10,B,B10,B10_00939,2.315,1.841,2.329,1.265,74.146,555.255,2.285,0.133535,living
10,B,B10,B10_00940,2.636,1.856,2.496,1.345,17.865,653.532,2.141,0.027337,living
10,B,B10,B10_00942,0.828,2.198,1.522,0.693,16.408,495.408,11.694,0.03312,dead
10,B,B10,B10_00943,1.521,2.095,2.014,0.961,40.133,519.789,2.433,0.077211,living
10,B,B10,B10_00944,1.589,2.159,2.090,0.968,20.351,472.053,2.798,0.043112,living
10,B,B10,B10_00945,1.268,2.710,2.092,0.772,12.547,459.547,3.253,0.027302,living
10,B,B10,B10_00946,1.741,1.987,2.099,1.056,34.078,554.563,2.476,0.06145,living
10,B,B10,B10_00947,1.977,2.278,2.395,1.051,26.444,579.521,2.735,0.045632,living
10,B,B10,B10_00948,1.639,2.377,2.227,0.937,15.546,476.722,2.907,0.032611,living
10,B,B10,B10_00949,1.099,2.051,1.694,0.826,12.538,504.015,2.8,0.024877,living
10,B,B10,B10_00950,2.332,2.198,2.555,1.162,18.261,608.486,2.949,0.03001,living
10,B,B10,B10_00951,1.284,2.621,2.070,0.790,28.408,492.605,2.408,0.057669,living
10,B,B10,B10_00952,2.755,2.224,2.793,1.256,115.675,639.025,2.301,0.181018,living
10,B,B10,B10_00953,1.386,2.198,1.970,0.896,33.122,526.976,10.049,0.062853,dead
10,B,B10,B10_00954,2.349,1.680,2.242,1.334,98.374,770.914,2.597,0.127607,living
10,B,B10,B10_00955,1.437,2.337,2.068,0.885,30.071,484.129,2.129,0.062113,living
10,B,B10,B10_00956,0.896,2.198,1.584,0.720,67.868,450.811,39.396,0.150546,dead
10,B,B10,B10_00957,2.265,1.854,2.312,1.247,88.007,541.291,2.194,0.162588,living
10,B,B10,B10_00958,1.893,2.119,2.260,1.067,32.17,562.723,2.188,0.057168,living
10,B,B10,B10_00959,1.132,1.627,1.531,0.941,69.179,551.761,2.716,0.125379,living
10,B,B10,B10_00960,1.217,2.198,1.846,0.840,79.722,531.014,6.403,0.150132,dead
10,B,B10,B10_00962,1.369,2.302,2.003,0.870,36.642,520.988,2.37,0.070332,living
10,B,B10,B10_00964,2.687,1.589,2.332,1.467,31.264,656.182,2.654,0.047646,living
10,B,B10,B10_00965,2.434,2.498,2.782,1.114,77.09,614.875,2.403,0.125376,living
10,B,B10,B10_00966,2.569,2.038,2.582,1.267,58.237,611.283,2.092,0.09527,living
10,B,B10,B10_00967,0.913,1.720,1.414,0.822,42.352,505.907,2.296,0.083715,living
10,B,B10,B10_00968,1.572,1.711,1.851,1.082,22.419,680.505,3.151,0.032945,living
10,B,B10,B10_00969,2.62,1.894,2.514,1.327,28.342,537.342,2.239,0.052745,living
10,B,B10,B10_00970,2.62,1.790,2.444,1.365,65.561,789.523,2.716,0.083039,living
10,B,B10,B10_00971,2.4,2.517,2.773,1.102,25.732,588.38,2.88,0.043734,living
10,B,B10,B10_00972,2.282,1.849,2.318,1.254,42.133,721.059,2.941,0.058433,living
10,B,B10,B10_00973,2.332,2.349,2.641,1.124,46.094,615.391,2.232,0.074902,living
10,B,B10,B10_00974,2.704,2.398,2.873,1.198,25.531,688.831,2.656,0.037065,living
10,B,B10,B10_00975,1.318,1.996,1.830,0.917,28.615,556.474,2.885,0.051423,living
10,B,B10,B10_00976,1.014,2.198,1.685,0.766,19.183,518.867,17.367,0.036972,dead
10,B,B10,B10_00977,1.183,1.577,1.541,0.977,17.014,598.143,2.371,0.028445,living
10,B,B10,B10_00979,1.775,2.505,2.379,0.950,62.114,463.933,2.4,0.133886,living
10,B,B10,B10_00980,2.721,2.788,3.108,1.115,69.062,525.466,2.87,0.13143,living
10,B,B10,B10_00981,2.518,3.150,3.178,1.009,96.826,472.973,2.805,0.204717,living
10,B,B10,B10_00982,2.062,1.736,2.135,1.230,68.311,604.361,2.066,0.113031,living
10,B,B10,B10_00983,2.417,2.099,2.542,1.211,93.399,540.552,2.615,0.172784,living
10,B,B10,B10_00984,1.284,1.895,1.760,0.929,77.434,437.105,2.368,0.177152,living
10,B,B10,B10_00985,1.944,2.198,2.333,1.061,45.826,461.365,20.017,0.099327,dead
10,B,B10,B10_00986,2.231,2.246,2.526,1.125,28.636,541.621,2.394,0.052872,living
10,B,B10,B10_00988,0.946,2.382,1.694,0.711,22.429,435.571,2.643,0.051492,living
10,B,B10,B10_00989,0.997,2.198,1.671,0.760,39.915,448.898,48.61,0.088918,dead
10,B,B10,B10_00990,2.62,2.392,2.825,1.181,14.955,539.039,2.826,0.027744,living
10,B,B10,B10_00991,2.282,2.888,2.897,1.003,23.815,520.852,2.726,0.045723,living
10,B,B10,B10_00992,1.724,2.651,2.412,0.910,11.706,472.5,2.157,0.024774,living
10,B,B10,B10_00993,0.963,1.921,1.535,0.799,10.544,463.719,2.614,0.022738,living
10,B,B10,B10_00995,1.91,2.198,2.312,1.052,53.823,389.133,7.956,0.138315,dead
10,B,B10,B10_00996,2.822,2.101,2.748,1.308,104.988,531.832,2.737,0.197408,living
10,B,B10,B10_00997,2.687,2.198,2.742,1.248,51.692,481.711,14.547,0.107309,dead
10,B,B10,B10_00999,2.636,2.338,2.801,1.198,99.981,517.179,2.673,0.193319,living
10,B,B10,B10_01000,1.944,1.871,2.152,1.150,96,522.217,2.748,0.183831,living
10,B,B10,B10_01001,1.842,1.586,1.929,1.216,83.578,545.486,2.22,0.153217,living
10,B,B10,B10_01003,0.913,1.915,1.492,0.779,18.593,446.352,2.667,0.041655,living
10,B,B10,B10_01004,2.315,2.198,2.546,1.158,47.474,630,2.964,0.075356,living
10,B,B10,B10_01006,1.42,2.198,1.994,0.907,22.976,507.988,12.619,0.04523,dead
10,B,B10,B10_01007,1.741,1.758,1.974,1.123,25.66,539.437,2.058,0.047568,living
10,B,B10,B10_01008,1.944,2.818,2.641,0.937,18.913,457.07,2.243,0.041379,living
10,B,B10,B10_01009,2.265,2.166,2.499,1.154,13.097,535.246,2.746,0.024469,living
10,B,B10,B10_01010,2.298,2.198,2.536,1.154,15.478,586.331,5.522,0.026398,dead
10,B,B10,B10_01012,1.335,2.758,2.165,0.785,11.797,452.823,2.38,0.026053,living
10,B,B10,B10_01013,1.622,2.071,2.068,0.999,65.5,432.104,2.573,0.151584,living
10,B,B10,B10_01015,1.673,2.090,2.110,1.010,28.131,479.182,2.202,0.058707,living
10,B,B10,B10_01016,1.91,2.198,2.312,1.052,34.106,489.92,2.31,0.069616,living
10,B,B10,B10_01017,1.944,2.074,2.266,1.092,23.548,473.574,2.635,0.049724,living
10,B,B10,B10_01018,2.096,2.584,2.626,1.016,34.944,425.097,2.065,0.082201,living
10,B,B10,B10_01021,1.775,2.198,2.229,1.014,55.81,483.419,3.305,0.115448,living
10,B,B10,B10_01023,2.349,1.812,2.328,1.285,39.554,569.237,2.59,0.069486,living
10,B,B10,B10_01024,1.775,2.245,2.252,1.003,17.533,491.029,2.352,0.035707,living
10,B,B10,B10_01025,1.217,2.198,1.846,0.840,28.597,401.444,3.278,0.071236,living
10,B,B10,B10_01026,1.065,1.906,1.608,0.843,12.095,455,2.143,0.026583,living
10,B,B10,B10_01027,1.69,2.465,2.303,0.934,28.12,478.24,2.35,0.058799,living
10,B,B10,B10_01028,1.944,1.674,2.036,1.216,16.722,529.843,2.609,0.03156,living
10,B,B10,B10_01029,1.842,1.732,2.015,1.164,20.752,512.862,2.128,0.040464,living
10,B,B10,B10_01030,1.639,2.319,2.200,0.949,14.113,458.588,2.381,0.030776,living
10,B,B10,B10_01031,1.893,3.077,2.723,0.885,11.188,464.009,2.393,0.024111,living
10,B,B10,B10_01034,2.062,2.193,2.399,1.094,15.877,511.402,2.746,0.031046,living
10,B,B10,B10_01035,1.572,2.236,2.116,0.946,31.785,482.989,2.763,0.065809,living
10,B,B10,B10_01036,2.434,2.768,2.929,1.058,60.569,518.111,2.75,0.116904,living
10,B,B10,B10_01037,1.622,2.407,2.230,0.926,83.708,529.323,2.125,0.158142,living
10,B,B10,B10_01038,2.315,2.198,2.546,1.158,44.496,554.547,2.818,0.080239,living
10,B,B10,B10_01039,2.873,1.629,2.441,1.499,122.029,759.635,2.235,0.160642,living
10,B,B10,B10_01041,1.707,2.259,2.216,0.981,88.426,553.356,2.624,0.159799,living
10,B,B10,B10_01045,2.687,2.121,2.694,1.270,134.358,704.17,2.164,0.190804,living
10,B,B10,B10_01046,1.893,2.619,2.512,0.959,89.786,540.643,2.366,0.166072,living
10,B,B10,B10_01047,2.366,2.144,2.541,1.185,130.171,640.571,2.857,0.203211,living
10,B,B10,B10_01048,1.284,2.198,1.896,0.862,59.079,496.645,38.605,0.118956,dead
10,B,B10,B10_01049,2.366,2.034,2.475,1.217,121.129,691.05,2.586,0.175282,living
10,B,B10,B10_01051,2.062,2.808,2.715,0.967,25.467,598.156,2.328,0.042576,living
10,B,B10,B10_01052,1.758,1.646,1.919,1.166,92.673,668.279,2.346,0.138674,living
10,B,B10,B10_01053,2.789,2.907,3.213,1.105,36.727,643.8,2.418,0.057048,living
10,B,B10,B10_01054,1.589,2.198,2.109,0.959,72.468,530.351,10.213,0.136642,dead
10,B,B10,B10_01055,2.045,2.515,2.559,1.017,60.529,601.446,2.802,0.100639,living
10,B,B10,B10_01056,1.352,2.198,1.945,0.885,26.363,550.925,9.425,0.047851,dead
10,B,B10,B10_01057,2.4,2.040,2.497,1.224,72.43,752.796,2.5,0.096214,living
10,B,B10,B10_01058,2.231,2.198,2.499,1.137,44.212,539.318,12.576,0.081978,dead
10,B,B10,B10_01059,2.653,2.375,2.832,1.193,19.038,624.223,2.561,0.030499,living
11,A,A11,A11_00001,1.47,2.022,1.945,0.962,69.494,636.805,2.621,0.10913,living
11,A,A11,A11_00002,1.014,2.257,1.707,0.756,97.667,518.367,42.283,0.188412,dead
11,A,A11,A11_00003,1.115,1.506,1.462,0.971,40.955,604.97,2.515,0.067697,living
11,A,A11,A11_00004,1.724,1.769,1.971,1.114,121.716,660.216,2.529,0.184357,living
11,A,A11,A11_00005,2.197,1.763,2.221,1.260,113.708,785.854,2.777,0.144693,living
11,A,A11,A11_00006,2.079,2.359,2.499,1.059,98.927,601.854,2.285,0.16437,living
11,A,A11,A11_00007,1.775,1.865,2.053,1.101,71.562,555.733,2.971,0.12877,living
11,A,A11,A11_00008,2.636,2.386,2.830,1.186,102.468,702.372,2.609,0.145888,living
11,A,A11,A11_00009,1.825,1.683,1.978,1.175,33.741,702.87,2.852,0.048004,living
11,A,A11,A11_00010,2.163,2.037,2.369,1.163,51.234,733.102,2.078,0.069887,living
11,A,A11,A11_00011,2.974,2.658,3.173,1.194,70.858,730.648,2.767,0.09698,living
11,A,A11,A11_00012,2.248,1.801,2.270,1.261,87.526,794.135,2.308,0.110216,living
11,A,A11,A11_00013,2.653,2.095,2.660,1.270,69.096,736.395,2.318,0.093829,living
11,A,A11,A11_00014,1.944,1.319,1.807,1.370,36.774,626.626,2.643,0.058686,living
11,A,A11,A11_00015,1.132,1.744,1.585,0.909,31.433,648.642,2.194,0.048459,living
11,A,A11,A11_00016,0.896,2.117,1.554,0.734,16.528,573.679,2.094,0.028811,living
11,A,A11,A11_00018,2.113,2.077,2.364,1.138,21.192,713.368,2.688,0.029707,living
11,A,A11,A11_00019,1.977,1.686,2.060,1.222,66.179,573.077,2.615,0.115481,living
11,A,A11,A11_00025,1.825,1.906,2.104,1.104,26.583,570.167,2.528,0.046624,living
11,A,A11,A11_00026,2.18,2.743,2.759,1.006,28.791,508.178,2.403,0.056655,living
11,A,A11,A11_00027,1.673,1.373,1.710,1.246,125.303,634.495,2.667,0.197485,living
11,A,A11,A11_00028,2.89,2.302,2.910,1.264,27.596,566.55,2.38,0.04871,living
11,A,A11,A11_00029,2.163,2.178,2.449,1.124,82.141,584.039,2.656,0.140642,living
11,A,A11,A11_00030,2.822,2.255,2.846,1.262,94.844,649.641,1.958,0.145995,living
11,A,A11,A11_00031,2.873,2.536,3.046,1.201,71.441,584.012,2.776,0.122328,living
11,A,A11,A11_00032,2.789,2.387,2.911,1.220,37.642,647.558,2.394,0.05813,living
11,A,A11,A11_00033,1.504,1.619,1.761,1.088,53.449,561.539,2.449,0.095184,living
11,A,A11,A11_00035,1.673,1.987,2.057,1.035,24.162,538.667,2.606,0.044854,living
11,A,A11,A11_00036,2.755,2.098,2.713,1.293,17.479,549.11,2.675,0.031831,living
11,A,A11,A11_00037,1.758,2.257,2.248,0.996,15.981,538.942,4.808,0.029652,living
11,A,A11,A11_00038,1.977,2.453,2.485,1.013,13.744,541.239,2.325,0.025393,living
11,A,A11,A11_00039,1.622,1.817,1.937,1.066,76.938,529.115,2.594,0.145408,living
11,A,A11,A11_00040,1.2,1.769,1.644,0.929,58,537.887,2.028,0.107829,living
11,A,A11,A11_00041,1.825,2.257,2.290,1.015,50.778,636.556,39.87,0.07977,dead
11,A,A11,A11_00042,0.913,2.257,1.620,0.718,25.519,511.426,160.444,0.049897,dead
11,A,A11,A11_00043,2.738,2.321,2.845,1.226,105.722,636.29,2.333,0.166154,living
11,A,A11,A11_00045,1.386,1.547,1.652,1.068,72.646,631.866,2.146,0.114971,living
11,A,A11,A11_00046,2.434,2.702,2.894,1.071,87.139,593.479,2.389,0.146827,living
11,A,A11,A11_00047,2.552,2.380,2.781,1.168,69.656,647.901,2.609,0.10751,living
11,A,A11,A11_00048,2.113,2.360,2.520,1.068,27.832,581.536,2.344,0.047859,living
11,A,A11,A11_00049,1.115,3.114,2.103,0.675,21.53,471.939,2.258,0.045621,living
11,A,A11,A11_00050,2.789,2.738,3.118,1.139,46.261,634.945,2.77,0.072858,living
11,A,A11,A11_00051,2.974,1.903,2.684,1.411,126.091,792.011,2.722,0.159203,living
11,A,A11,A11_00052,2.417,1.862,2.394,1.286,123.203,647.846,2.888,0.190173,living
11,A,A11,A11_00053,1.775,1.553,1.873,1.206,52.362,700.933,2.552,0.074703,living
11,A,A11,A11_00055,0.845,2.257,1.558,0.690,46.36,478,45.7,0.096987,dead
11,A,A11,A11_00056,1.808,2.025,2.159,1.066,84.944,566.682,3.121,0.149897,living
11,A,A11,A11_00057,1.386,2.576,2.132,0.828,56.134,524.537,2.28,0.107017,living
11,A,A11,A11_00058,1.994,2.529,2.534,1.002,52.593,572.449,2.356,0.091874,living
11,A,A11,A11_00059,1.099,2.257,1.777,0.787,45.215,481.938,157.4,0.09382,dead
11,A,A11,A11_00060,2.467,1.754,2.347,1.338,64.842,785.63,2.747,0.082536,living
11,A,A11,A11_00061,2.518,2.265,2.695,1.190,42.906,700.792,2.698,0.061225,living
11,A,A11,A11_00062,2.163,3.040,2.893,0.952,27.078,554.844,2.688,0.048803,living
11,A,A11,A11_00063,0.896,1.781,1.425,0.800,20.604,561.245,1.849,0.036711,living
11,A,A11,A11_00064,0.98,2.196,1.655,0.754,12.552,547.034,2.879,0.022945,living
11,A,A11,A11_00065,0.997,2.161,1.656,0.766,13.78,544.271,2.492,0.025318,living
11,A,A11,A11_00068,2.687,2.317,2.815,1.215,109.874,613.459,2.516,0.179106,living
11,A,A11,A11_00069,1.504,1.918,1.916,0.999,58.551,525.022,3.09,0.11152,living
11,A,A11,A11_00070,1.606,1.960,2.002,1.021,58.611,591.137,1.968,0.099149,living
11,A,A11,A11_00071,2.315,2.654,2.797,1.054,34,589.949,2.35,0.057632,living
11,A,A11,A11_00073,1.538,2.558,2.238,0.875,50.659,508.077,2.945,0.099708,living
11,A,A11,A11_00074,2.214,2.984,2.900,0.972,37.824,563.496,2.29,0.067125,living
11,A,A11,A11_00075,2.096,2.137,2.388,1.118,56.589,532.589,2.532,0.106252,living
11,A,A11,A11_00076,1.96,2.238,2.363,1.056,46.793,601.009,3.172,0.077858,living
11,A,A11,A11_00077,2.011,1.825,2.162,1.184,69.076,616.882,2.639,0.111975,living
11,A,A11,A11_00078,2.248,2.050,2.422,1.182,54.368,639.992,2.571,0.084952,living
11,A,A11,A11_00080,1.589,1.901,1.961,1.032,35.372,588.234,2.457,0.060133,living
11,A,A11,A11_00081,0.93,2.257,1.635,0.724,31.945,509.309,95.618,0.062723,dead
11,A,A11,A11_00082,1.403,1.625,1.704,1.048,21.566,627.831,2.506,0.03435,living
11,A,A11,A11_00084,1.031,1.862,1.563,0.840,39.852,667.836,2.377,0.059674,living
11,A,A11,A11_00086,1.589,2.570,2.280,0.887,108.734,641.245,2.436,0.169567,living
11,A,A11,A11_00088,2.974,2.257,2.923,1.295,148.92,920.057,2.636,0.16186,living
11,A,A11,A11_00089,2.958,2.380,2.994,1.258,95.537,887.086,2.309,0.107698,living
11,A,A11,A11_00090,0.98,2.414,1.736,0.719,89.414,618.466,2.052,0.144574,living
11,A,A11,A11_00092,1.825,1.766,2.026,1.147,87.704,795.398,2.204,0.110264,living
11,A,A11,A11_00093,2.383,2.257,2.617,1.160,64.241,722.305,2.468,0.088939,living
11,A,A11,A11_00094,2.62,2.382,2.819,1.183,106.742,782.619,2.329,0.136391,living
11,A,A11,A11_00096,2.518,2.257,2.690,1.192,51.893,716.859,2.859,0.072389,living
11,A,A11,A11_00097,0.828,1.835,1.391,0.758,15.694,699.041,3.224,0.022451,living
11,A,A11,A11_00098,2.113,1.860,2.237,1.203,47.976,906.544,2.904,0.052922,living
11,A,A11,A11_00102,2.163,2.257,2.493,1.105,64.977,598.57,46.836,0.108553,dead
11,A,A11,A11_00103,1.758,2.151,2.194,1.020,78.721,541.442,2.712,0.145392,living
11,A,A11,A11_00104,1.42,2.257,2.020,0.895,99.321,520.476,5.845,0.190828,dead
11,A,A11,A11_00105,1.893,1.842,2.107,1.144,83.036,619.58,2.67,0.134019,living
11,A,A11,A11_00106,1.825,1.444,1.832,1.269,108.519,682.75,2.204,0.158943,living
11,A,A11,A11_00107,2.501,2.551,2.850,1.117,34.899,594.014,2.378,0.058751,living
11,A,A11,A11_00108,1.538,1.711,1.830,1.070,85.033,634.626,2.286,0.133989,living
11,A,A11,A11_00109,2.332,1.724,2.262,1.312,86.935,660.007,2.855,0.131718,living
11,A,A11,A11_00111,1.69,2.371,2.259,0.953,19.2,557.68,2.18,0.034428,living
11,A,A11,A11_00112,1.251,2.257,1.896,0.840,10.973,480.77,101.257,0.022824,dead
11,A,A11,A11_00113,1.335,2.512,2.066,0.823,12.443,520.025,2.747,0.023928,living
11,A,A11,A11_00114,2.096,1.808,2.197,1.215,86.782,593.935,1.992,0.146114,living
11,A,A11,A11_00116,2.569,2.123,2.635,1.241,66.691,565.908,2.303,0.117847,living
11,A,A11,A11_00117,1.521,2.257,2.091,0.926,99.1,522.011,84.744,0.189843,dead
11,A,A11,A11_00118,1.301,2.369,1.981,0.836,22.377,521.221,2.597,0.042931,living
11,A,A11,A11_00119,1.876,1.659,1.991,1.200,76.586,578.919,2.396,0.132291,living
11,A,A11,A11_00120,2.18,1.787,2.227,1.246,89.589,648.295,2.767,0.138192,living
11,A,A11,A11_00121,1.944,1.743,2.077,1.192,49.252,632.948,2.426,0.077814,living
11,A,A11,A11_00122,1.639,1.642,1.851,1.127,51.186,594.825,2.546,0.086052,living
11,A,A11,A11_00123,1.825,1.892,2.097,1.108,38.472,628.028,2.694,0.061259,living
11,A,A11,A11_00124,2.096,2.174,2.409,1.108,53.145,584.476,2.919,0.090928,living
11,A,A11,A11_00125,2.417,1.664,2.263,1.360,59.727,743.811,2.531,0.080299,living
11,A,A11,A11_00126,1.403,2.257,2.008,0.890,27.723,528.904,4.145,0.052416,living
11,A,A11,A11_00127,2.028,2.215,2.392,1.080,35.467,607.325,2.325,0.058398,living
11,A,A11,A11_00128,1.724,2.040,2.116,1.037,28.912,588.402,2.441,0.049136,living
11,A,A11,A11_00129,1.673,2.257,2.193,0.972,19.141,516.081,56.354,0.03709,dead
11,A,A11,A11_00130,1.572,2.009,2.005,0.998,11.495,580.882,2.978,0.019788,living
11,A,A11,A11_00131,1.96,1.978,2.222,1.123,15.138,548.802,2.491,0.027584,living
11,A,A11,A11_00134,1.859,2.033,2.194,1.079,60.609,489.727,2.455,0.123761,living
11,A,A11,A11_00135,1.639,2.809,2.421,0.862,22.134,454.309,3.464,0.04872,living
11,A,A11,A11_00136,1.2,1.768,1.644,0.930,51.324,466.113,2.366,0.110111,living
11,A,A11,A11_00137,2.586,2.265,2.731,1.206,53.379,617.163,2.418,0.086491,living
11,A,A11,A11_00139,1.808,2.257,2.279,1.010,37.112,471.57,80.14,0.078699,dead
11,A,A11,A11_00140,2.146,1.650,2.123,1.287,103.087,654.638,2.906,0.157471,living
11,A,A11,A11_00141,2.552,2.144,2.639,1.231,116.709,587.987,2.695,0.198489,living
11,A,A11,A11_00142,1.234,2.257,1.883,0.834,42.041,479.315,109.342,0.087711,dead
11,A,A11,A11_00143,2.062,1.778,2.161,1.215,100.787,594.869,2.607,0.169427,living
11,A,A11,A11_00144,1.724,1.715,1.940,1.131,17.814,539.245,2.843,0.033035,living
11,A,A11,A11_00145,2.163,1.833,2.247,1.226,72.094,590.312,2.586,0.122128,living
11,A,A11,A11_00146,2.231,1.865,2.302,1.234,70.47,619.106,2.598,0.113825,living
11,A,A11,A11_00147,2.805,2.255,2.838,1.258,48.102,651.584,2.38,0.073824,living
11,A,A11,A11_00148,1.622,2.440,2.245,0.920,32.281,482.104,2.104,0.066959,living
11,A,A11,A11_00149,2.383,2.129,2.542,1.194,23.489,619.667,2.482,0.037906,living
11,A,A11,A11_00152,1.555,2.278,2.124,0.932,18.576,533.402,2.598,0.034826,living
11,A,A11,A11_00153,1.741,2.170,2.193,1.011,18.505,539.272,2.388,0.034315,living
11,A,A11,A11_00155,2.129,1.605,2.086,1.300,105.262,609.127,2.389,0.172808,living
11,A,A11,A11_00157,1.876,1.317,1.774,1.347,113.279,694.207,2.45,0.163178,living
11,A,A11,A11_00158,0.896,2.332,1.631,0.699,72.66,372.434,3.019,0.195096,living
11,A,A11,A11_00159,1.538,1.803,1.879,1.042,53.473,534.78,2.802,0.09999,living
11,A,A11,A11_00160,1.673,1.829,1.974,1.079,17.313,540.646,2.616,0.032023,living
11,A,A11,A11_00161,2.265,2.063,2.439,1.182,58.94,587.761,2.366,0.100279,living
11,A,A11,A11_00162,2.569,2.140,2.646,1.236,20.026,607.151,2.691,0.032984,living
11,A,A11,A11_00163,2.569,2.024,2.573,1.271,58.842,720.309,2.329,0.08169,living
11,A,A11,A11_00164,2.569,2.616,2.925,1.118,28.118,581.355,2.5,0.048367,living
11,A,A11,A11_00165,2.484,1.775,2.369,1.335,30.68,614.014,2.354,0.049967,living
11,A,A11,A11_00166,2.467,2.365,2.726,1.152,20.212,597.349,2.404,0.033837,living
11,A,A11,A11_00167,1.115,1.504,1.461,0.972,25.636,551.227,2.485,0.046508,living
11,A,A11,A11_00168,1.251,2.257,1.896,0.840,19.568,463.054,106.662,0.042258,dead
11,A,A11,A11_00169,2.687,1.804,2.484,1.377,10.994,525.453,2.22,0.020922,living
11,A,A11,A11_00170,1.183,1.845,1.667,0.904,20.586,472.786,2.671,0.043541,living
11,A,A11,A11_00171,2.146,2.257,2.483,1.100,58.953,475.85,3.071,0.123889,living
11,A,A11,A11_00172,1.234,1.973,1.761,0.892,26.301,476.822,2.164,0.05516,living
11,A,A11,A11_00173,2.248,2.065,2.431,1.177,50.338,573.429,2.579,0.087785,living
11,A,A11,A11_00174,1.842,1.886,2.103,1.115,28.45,574.468,2.394,0.049523,living
11,A,A11,A11_00175,2.231,2.428,2.626,1.082,47.144,515.924,2.659,0.091378,living
11,A,A11,A11_00176,1.437,2.383,2.088,0.876,26.494,457.294,2.612,0.057937,living
11,A,A11,A11_00177,2.569,2.138,2.644,1.237,57.987,590.987,2.625,0.098119,living
11,A,A11,A11_00178,2.4,2.659,2.850,1.072,38.831,547.415,2.93,0.070935,living
11,A,A11,A11_00179,1.825,1.562,1.905,1.220,50.87,592.778,2.389,0.085817,living
11,A,A11,A11_00180,2.569,1.957,2.530,1.293,82.243,632.493,2.487,0.13003,living
11,A,A11,A11_00181,2.941,1.839,2.624,1.427,101.575,743.718,2.523,0.136577,living
11,A,A11,A11_00182,1.183,3.006,2.128,0.708,14.271,424.729,2.714,0.033601,living
11,A,A11,A11_00183,1.656,1.953,2.029,1.039,27.061,544.776,2.684,0.049674,living
11,A,A11,A11_00185,1.521,2.624,2.254,0.859,11.7,485.011,2.933,0.024123,living
11,A,A11,A11_00186,1.791,2.348,2.314,0.985,30.981,521.726,2.509,0.059382,living
11,A,A11,A11_00187,0.997,2.257,1.693,0.750,93.458,614.22,2.559,0.152157,living
11,A,A11,A11_00188,1.352,2.257,1.971,0.873,86.537,668.962,2.913,0.129361,living
11,A,A11,A11_00189,1.268,2.257,1.909,0.846,64.947,590.973,2.573,0.109898,living
11,A,A11,A11_00190,0.98,2.257,1.678,0.744,88.172,600.466,2.259,0.14684,living
11,A,A11,A11_00191,1.758,2.257,2.248,0.996,140.817,835.029,2.067,0.168638,living
11,A,A11,A11_00193,2.298,2.257,2.570,1.139,121.816,685.235,2.199,0.177773,living
11,A,A11,A11_00194,1.403,2.257,2.008,0.890,111.976,696.88,2.614,0.160682,living
11,A,A11,A11_00195,2.248,2.257,2.542,1.126,135.97,804.474,2.534,0.169017,living
11,A,A11,A11_00196,2.282,2.257,2.561,1.135,78.244,761.393,2.385,0.102765,living
11,A,A11,A11_00197,1.386,2.257,1.996,0.884,57.415,737.646,2.768,0.077835,living
11,A,A11,A11_00198,1.318,2.257,1.946,0.862,21.692,760.09,2,0.028539,living
11,A,A11,A11_00199,1.42,2.257,2.020,0.895,11.821,704.988,2.262,0.016768,living
11,A,A11,A11_00200,1.555,2.574,2.257,0.877,14.913,733.435,2.359,0.020333,living
11,A,A11,A11_00201,1.91,2.541,2.486,0.978,89.717,597.018,2.752,0.150275,living
11,A,A11,A11_00202,1.048,2.598,1.862,0.717,63.645,488.403,2.274,0.130313,living
11,A,A11,A11_00203,2.501,3.021,3.102,1.027,86.743,627.372,2.804,0.138265,living
11,A,A11,A11_00204,2.349,2.168,2.546,1.175,90.619,543.014,2.403,0.166881,living
11,A,A11,A11_00205,2.434,2.058,2.525,1.227,116.09,698.326,2.41,0.166241,living
11,A,A11,A11_00206,1.758,1.713,1.958,1.143,92.308,703.644,2.606,0.131185,living
11,A,A11,A11_00207,0.997,2.866,1.907,0.666,40.881,512.017,2.797,0.079844,living
11,A,A11,A11_00208,2.789,1.811,2.536,1.400,45.212,915.818,2.467,0.049368,living
11,A,A11,A11_00209,2.079,2.358,2.498,1.060,57.675,633.114,2.52,0.091097,living
11,A,A11,A11_00211,1.149,1.851,1.646,0.889,25.441,599.971,2.765,0.042404,living
11,A,A11,A11_00212,2.873,2.257,2.873,1.273,19.553,726.476,2.953,0.026915,living
11,A,A11,A11_00214,1.048,2.036,1.648,0.810,12.613,604,2.565,0.020882,living
11,A,A11,A11_00215,2.298,2.257,2.570,1.139,101.184,601.919,2.206,0.168102,living
11,A,A11,A11_00216,1.437,2.257,2.032,0.900,109.706,671.412,2.671,0.163396,living
11,A,A11,A11_00217,2.62,2.257,2.744,1.216,123.439,715.916,2.774,0.172421,living
11,A,A11,A11_00218,1.927,2.257,2.353,1.043,142.219,724.807,2.974,0.196217,living
11,A,A11,A11_00219,1.825,2.257,2.290,1.015,124.176,769.963,2.537,0.161275,living
11,A,A11,A11_00220,1.251,2.257,1.896,0.840,64.176,744.811,2.892,0.086164,living
11,A,A11,A11_00221,0.879,2.257,1.589,0.704,62.058,672.173,3.135,0.092324,living
11,A,A11,A11_00222,1.876,2.257,2.322,1.029,51.622,696.027,2.757,0.074166,living
11,A,A11,A11_00223,0.828,2.257,1.542,0.683,35.163,615.469,3.245,0.057132,living
11,A,A11,A11_00224,1.437,2.257,2.032,0.900,42.047,683.682,3,0.061501,living
11,A,A11,A11_00225,1.791,2.257,2.269,1.005,36.717,803.255,2.84,0.04571,living
11,A,A11,A11_00226,2.163,2.257,2.493,1.105,15.82,736.867,2.703,0.02147,living
11,A,A11,A11_00228,1.318,1.714,1.696,0.989,41.667,605.897,3.064,0.068769,living
11,A,A11,A11_00229,2.248,1.787,2.262,1.266,93.331,674.459,2.519,0.138379,living
11,A,A11,A11_00230,2.315,2.199,2.546,1.158,82.993,650.307,3.036,0.127621,living
11,A,A11,A11_00231,0.93,1.805,1.462,0.810,59.182,527.582,2.273,0.112176,living
11,A,A11,A11_00232,1.944,2.235,2.352,1.052,27.878,611.574,3.139,0.045584,living
11,A,A11,A11_00233,1.082,1.774,1.563,0.881,96.062,533.203,3.266,0.180161,living
11,A,A11,A11_00234,2.248,2.657,2.758,1.038,41.421,609.429,2.677,0.067967,living
11,A,A11,A11_00235,2.924,1.905,2.663,1.398,47.491,873.462,2.769,0.054371,living
11,A,A11,A11_00239,2.028,2.403,2.491,1.037,70.675,580.758,2.383,0.121694,living
11,A,A11,A11_00240,2.214,1.668,2.168,1.300,93.366,652.183,2.58,0.14316,living
11,A,A11,A11_00241,1.352,2.471,2.062,0.835,55.85,515.125,3.05,0.10842,living
11,A,A11,A11_00242,2.501,1.688,2.318,1.373,108.155,847.716,2.608,0.127584,living
11,A,A11,A11_00243,1.572,2.257,2.125,0.942,66.344,586.957,8.151,0.113031,dead
11,A,A11,A11_00244,1.893,1.747,2.052,1.175,39.509,694.554,3.071,0.056884,living
11,A,A11,A11_00245,1.808,2.131,2.215,1.039,71.944,612.738,2.29,0.117414,living
11,A,A11,A11_00246,0.93,2.159,1.599,0.741,39.364,526.145,2.727,0.074815,living
11,A,A11,A11_00247,1.944,2.961,2.707,0.914,56.757,595.809,2.391,0.09526,living
11,A,A11,A11_00248,2.873,1.711,2.502,1.462,36.388,710.676,2.718,0.051202,living
11,A,A11,A11_00249,1.977,2.257,2.383,1.056,37.538,661.556,10.026,0.056743,dead
11,A,A11,A11_00250,2.586,2.100,2.630,1.252,21.928,640.987,2.033,0.03421,living
11,A,A11,A11_00252,1.048,2.289,1.748,0.764,11.887,554.226,1.871,0.021448,living
11,A,A11,A11_00253,1.859,2.157,2.260,1.048,79.427,540.464,2.209,0.146961,living
11,A,A11,A11_00254,2.129,2.257,2.473,1.096,81.214,510.214,2.833,0.159177,living
11,A,A11,A11_00255,1.622,2.036,2.051,1.007,68.552,551.75,2.615,0.124245,living
11,A,A11,A11_00256,2.197,1.732,2.201,1.271,91.246,674.3,2.862,0.13532,living
11,A,A11,A11_00257,2.721,2.499,2.942,1.177,87.23,595.037,2.503,0.146596,living
11,A,A11,A11_00258,2.4,2.188,2.586,1.182,108.394,661.239,2.556,0.163926,living
11,A,A11,A11_00259,2.265,2.212,2.526,1.142,103.194,557.567,2.321,0.185079,living
11,A,A11,A11_00260,1.217,2.594,2.005,0.773,95.472,450.556,2.486,0.211899,living
11,A,A11,A11_00261,2.383,1.940,2.426,1.251,98.553,550.121,2.596,0.179148,living
11,A,A11,A11_00264,1.386,1.802,1.783,0.990,89.5,587.195,2.963,0.15242,living
11,A,A11,A11_00265,2.096,1.953,2.283,1.169,67.556,622.895,2.766,0.108456,living
11,A,A11,A11_00266,2.417,2.948,3.012,1.022,31.923,592.168,2.063,0.053909,living
11,A,A11,A11_00267,1.234,2.546,2.000,0.786,56.658,482.479,2.205,0.11743,living
11,A,A11,A11_00268,1.606,1.564,1.788,1.143,84.126,644.295,2.442,0.130571,living
11,A,A11,A11_00271,2.045,1.792,2.160,1.205,44.165,669.397,2.397,0.065978,living
11,A,A11,A11_00272,1.808,1.854,2.066,1.114,27.131,636,2.131,0.042659,living
11,A,A11,A11_00273,2.079,1.980,2.289,1.156,33.382,668.561,2.593,0.049931,living
11,A,A11,A11_00274,2.349,2.333,2.642,1.132,31.928,636.36,2.734,0.050173,living
11,A,A11,A11_00275,1.132,2.042,1.716,0.840,22.582,530.507,2.985,0.042567,living
11,A,A11,A11_00277,2.163,2.333,2.535,1.086,23.766,530,2.867,0.044841,living
11,A,A11,A11_00278,2.028,2.744,2.662,0.970,24.117,494.592,2.717,0.048761,living
11,A,A11,A11_00279,1.437,2.257,2.032,0.900,97.682,431.929,117.929,0.226154,dead
11,A,A11,A11_00280,2.467,2.290,2.682,1.171,73.466,573.63,2.39,0.128072,living
11,A,A11,A11_00281,2.772,2.257,2.822,1.251,56.829,554.354,26.976,0.102514,dead
11,A,A11,A11_00282,2.873,2.424,2.978,1.228,55.529,502.5,2.359,0.110506,living
11,A,A11,A11_00283,1.369,2.257,1.983,0.879,81.543,466.111,114.185,0.174944,dead
11,A,A11,A11_00285,2.839,2.536,3.028,1.194,88.357,616.619,2.595,0.143293,living
11,A,A11,A11_00286,2.518,2.111,2.602,1.232,78.06,616.409,2.416,0.126637,living
11,A,A11,A11_00287,2.248,2.257,2.542,1.126,48.195,595.143,4.759,0.080981,living
11,A,A11,A11_00288,2.349,2.705,2.844,1.052,44.719,533.23,2.892,0.083865,living
11,A,A11,A11_00290,2.282,2.542,2.718,1.069,15.444,534.822,2.785,0.028878,living
11,A,A11,A11_00291,2.535,2.257,2.699,1.196,23.373,517.1,5.833,0.045201,dead
11,A,A11,A11_00293,1.555,2.257,2.114,0.937,52.946,689.87,3.152,0.076747,living
11,A,A11,A11_00294,2.738,2.740,3.091,1.128,102.352,854.222,2.333,0.119819,living
11,A,A11,A11_00295,1.606,2.450,2.238,0.914,131.463,697.589,2.547,0.188453,living
11,A,A11,A11_00296,2.315,2.257,2.579,1.143,142.482,791.161,2.942,0.180092,living
11,A,A11,A11_00297,1.893,2.257,2.332,1.033,93.652,692.696,10.152,0.135199,dead
11,A,A11,A11_00298,1.47,2.052,1.960,0.955,135.276,733.77,2.483,0.184357,living
11,A,A11,A11_00299,0.997,2.645,1.832,0.693,36.441,669.797,1.966,0.054406,living
11,A,A11,A11_00300,2.569,2.869,3.063,1.068,112.882,794.171,2.743,0.142138,living
11,A,A11,A11_00301,1.251,1.773,1.680,0.948,82.973,766.527,3.162,0.108245,living
11,A,A11,A11_00302,0.997,2.257,1.693,0.750,57.169,687.407,6.322,0.083167,dead
11,A,A11,A11_00303,0.862,1.898,1.443,0.760,36.451,773.745,2.765,0.04711,living
11,A,A11,A11_00304,1.369,2.605,2.131,0.818,54.605,734.123,2.543,0.074381,living
11,A,A11,A11_00305,1.69,2.483,2.311,0.931,48.22,787.19,2.38,0.061256,living
11,A,A11,A11_00306,1.741,2.257,2.237,0.991,46.718,741.359,3.097,0.063017,living
11,A,A11,A11_00308,2.62,2.377,2.816,1.185,52.561,620.219,2.477,0.084746,living
11,A,A11,A11_00309,0.963,1.777,1.476,0.831,48.193,514.947,2.439,0.093588,living
11,A,A11,A11_00311,1.673,1.724,1.916,1.112,66.141,531.808,2.495,0.124371,living
11,A,A11,A11_00312,1.065,2.257,1.749,0.775,52,474.968,79.714,0.109481,dead
11,A,A11,A11_00313,1.268,2.257,1.909,0.846,71.333,460.133,117.333,0.155028,dead
11,A,A11,A11_00314,0.896,1.723,1.402,0.814,56.396,481.774,2.453,0.11706,living
11,A,A11,A11_00315,2.332,1.834,2.334,1.272,44.942,637.659,2.391,0.07048,living
11,A,A11,A11_00316,1.994,2.053,2.283,1.112,73.653,609.237,2.076,0.120893,living
11,A,A11,A11_00318,2.129,1.746,2.176,1.246,23.667,719.071,2.849,0.032913,living
11,A,A11,A11_00319,2.113,2.030,2.337,1.151,42.816,649.384,2.536,0.065933,living
11,A,A11,A11_00320,1.284,1.893,1.759,0.929,16.671,575.355,2.711,0.028975,living
11,A,A11,A11_00321,1.115,2.257,1.790,0.793,11.636,523.106,4.348,0.022245,living
11,A,A11,A11_00322,1.268,2.050,1.819,0.887,14.76,570.24,2.627,0.025884,living
11,A,A11,A11_00325,2.113,1.868,2.242,1.200,131.736,641.968,2.296,0.205206,living
11,A,A11,A11_00326,2.958,2.846,3.274,1.150,127.074,640.966,2.451,0.198254,living
11,A,A11,A11_00327,2.4,2.257,2.626,1.164,147.535,730.035,3.373,0.202093,living
11,A,A11,A11_00328,2.028,2.257,2.414,1.070,94.158,512.7,51.808,0.183652,dead
11,A,A11,A11_00329,2.383,2.183,2.574,1.179,66.638,695.433,2.291,0.095823,living
11,A,A11,A11_00330,2.4,2.544,2.788,1.096,80.12,633.768,2.739,0.126418,living
11,A,A11,A11_00331,1.217,1.521,1.535,1.009,75.194,607.319,2.847,0.123814,living
11,A,A11,A11_00332,1.876,1.505,1.896,1.260,111.441,747.937,2.838,0.148998,living
11,A,A11,A11_00333,1.639,1.506,1.773,1.177,112.474,636.969,2.928,0.176577,living
11,A,A11,A11_00334,1.369,2.330,2.015,0.865,39.37,562.63,3.074,0.069976,living
11,A,A11,A11_00335,1.217,1.849,1.693,0.915,58.333,565.833,2.458,0.103093,living
11,A,A11,A11_00336,2.028,1.809,2.161,1.195,106.967,673.825,2.317,0.158745,living
11,A,A11,A11_00337,1.808,2.257,2.279,1.010,15.15,571.607,23.28,0.026503,dead
11,A,A11,A11_00340,1.031,2.229,1.711,0.767,15.328,567.262,2.607,0.027021,living
11,A,A11,A11_00341,1.352,3.180,2.340,0.736,30.55,544.163,2.237,0.056141,living
11,A,A11,A11_00343,2.789,2.257,2.831,1.254,74.594,594.691,2.697,0.125433,living
11,A,A11,A11_00344,2.298,2.257,2.570,1.139,104.272,722.721,2.625,0.144277,living
11,A,A11,A11_00345,2.129,2.257,2.473,1.096,129.444,730.214,2.659,0.177269,living
11,A,A11,A11_00346,1.842,2.257,2.301,1.019,64.761,511.339,2.752,0.126651,living
11,A,A11,A11_00347,1.268,2.257,1.909,0.846,115.707,618.64,2.507,0.187034,living
11,A,A11,A11_00348,2.282,2.257,2.561,1.135,48.467,760.948,2.585,0.063692,living
11,A,A11,A11_00349,1.96,2.257,2.373,1.052,28.871,633.207,2.457,0.045594,living
11,A,A11,A11_00350,2.805,2.257,2.839,1.258,105.307,832.699,2.187,0.126465,living
11,A,A11,A11_00351,1.386,2.257,1.996,0.884,60.841,650.22,2.293,0.093571,living
11,A,A11,A11_00352,2.417,2.257,2.635,1.168,66.378,720.636,2.21,0.09211,living
11,A,A11,A11_00354,1.301,2.257,1.933,0.857,54.987,524.377,2.935,0.104862,living
11,A,A11,A11_00355,1.589,2.257,2.137,0.947,43.16,527.17,2.702,0.08187,living
11,A,A11,A11_00356,1.589,2.257,2.137,0.947,37.585,556.798,2.043,0.067502,living
11,A,A11,A11_00357,2.653,2.257,2.761,1.223,66.459,521.102,2.21,0.127535,living
11,A,A11,A11_00358,2.011,2.257,2.404,1.065,110.092,561.185,2.437,0.196179,living
11,A,A11,A11_00359,1.369,2.257,1.983,0.879,25.975,500.765,2.58,0.051871,living
11,A,A11,A11_00360,1.859,2.257,2.311,1.024,62.227,509.645,2.273,0.122099,living
11,A,A11,A11_00361,2.129,2.257,2.473,1.096,117.532,624.278,2.46,0.188268,living
11,A,A11,A11_00362,2.096,2.257,2.454,1.087,53.806,663.226,2.532,0.081128,living
11,A,A11,A11_00363,2.535,2.257,2.699,1.196,30.3,612.08,2.54,0.049503,living
11,A,A11,A11_00364,1.825,2.257,2.290,1.015,58.796,610.889,2,0.096247,living
11,A,A11,A11_00365,2.146,2.257,2.483,1.100,23.031,568.63,2.409,0.040503,living
11,A,A11,A11_00367,1.2,2.257,1.857,0.823,19.437,509.986,2.718,0.038112,living
11,A,A11,A11_00368,2.586,2.257,2.726,1.208,33.856,577.229,3.026,0.058653,living
11,A,A11,A11_00369,2.214,2.257,2.522,1.118,11.084,539.412,2.618,0.020548,living
11,A,A11,A11_00370,2.974,2.513,3.085,1.228,17.557,569.812,2.614,0.030812,living
11,A,A11,A11_00371,2.197,2.257,2.513,1.113,89.562,489.846,70.262,0.182836,dead
11,A,A11,A11_00372,2.062,2.217,2.413,1.088,80.508,574.926,2.328,0.140032,living
11,A,A11,A11_00373,2.941,2.689,3.173,1.180,108.017,624.316,2.264,0.173017,living
11,A,A11,A11_00374,2.484,2.123,2.591,1.221,81.272,680.143,2.469,0.119493,living
11,A,A11,A11_00375,1.082,1.997,1.659,0.831,61.156,542.297,3.266,0.112773,living
11,A,A11,A11_00376,1.42,1.708,1.757,1.029,36.357,593.857,2.786,0.061222,living
11,A,A11,A11_00377,1.099,2.257,1.777,0.787,55.262,534.938,143.523,0.103304,dead
11,A,A11,A11_00378,2.941,2.257,2.907,1.288,75.793,741.655,2.839,0.102195,living
11,A,A11,A11_00379,1.927,1.666,2.022,1.214,62.009,658.368,2.491,0.094186,living
11,A,A11,A11_00380,2.096,2.182,2.413,1.106,23.927,556.266,2.516,0.043014,living
11,A,A11,A11_00381,1.893,2.102,2.251,1.071,36.616,606.375,2.491,0.060385,living
11,A,A11,A11_00382,2.518,3.049,3.127,1.025,20.262,639.832,2.859,0.031667,living
11,A,A11,A11_00383,1.47,1.645,1.755,1.067,38.92,650.172,2.667,0.05986,living
11,A,A11,A11_00384,1.048,2.300,1.752,0.762,13.516,514.758,2.871,0.026257,living
11,A,A11,A11_00386,2.721,2.182,2.749,1.260,70.839,552.298,2.497,0.128261,living
11,A,A11,A11_00387,2.18,1.669,2.152,1.290,115.698,639.31,2.403,0.180973,living
11,A,A11,A11_00389,2.096,2.294,2.474,1.079,77.758,543.121,2.71,0.143169,living
11,A,A11,A11_00390,1.132,2.093,1.737,0.830,52.522,499.478,3.343,0.105155,living
11,A,A11,A11_00391,1.369,2.048,1.889,0.923,22.272,544.42,2.58,0.040909,living
11,A,A11,A11_00392,1.437,2.008,1.917,0.955,30.035,534.976,2.553,0.056143,living
11,A,A11,A11_00394,0.913,2.257,1.620,0.718,13.944,476.111,9.481,0.029288,dead
11,A,A11,A11_00395,1.825,2.379,2.351,0.988,18.074,558.639,2.787,0.032354,living
11,A,A11,A11_00396,2.113,2.659,2.675,1.006,61.296,443.056,2.36,0.138348,living
11,A,A11,A11_00397,2.248,1.710,2.212,1.294,103.571,598.767,2.165,0.172975,living
11,A,A11,A11_00398,1.166,1.762,1.617,0.918,45.696,442.087,2.783,0.103363,living
11,A,A11,A11_00399,1.741,1.606,1.887,1.175,82.272,534.136,2.32,0.154028,living
11,A,A11,A11_00400,1.504,2.330,2.112,0.907,43.775,410.483,2.483,0.106643,living
11,A,A11,A11_00402,2.248,2.683,2.771,1.033,78.564,458.188,2.361,0.171467,living
11,A,A11,A11_00404,1.234,2.257,1.883,0.834,48.658,390.11,6.096,0.124728,dead
11,A,A11,A11_00406,2.366,2.126,2.531,1.190,44.3,549.029,2.571,0.080688,living
11,A,A11,A11_00407,2.011,2.186,2.366,1.082,22.79,520.555,2.79,0.04378,living
11,A,A11,A11_00410,1.656,2.211,2.159,0.977,15.929,481.827,2.582,0.033059,living
11,A,A11,A11_00411,1.386,2.257,1.996,0.884,16.256,437.5,13.854,0.037157,dead
11,A,A11,A11_00412,1.589,2.227,2.123,0.953,60.979,282.468,2.479,0.215878,living
11,A,A11,A11_00414,1.132,2.257,1.804,0.799,48.672,242.761,2.97,0.200492,living
11,A,A11,A11_00415,1.927,1.985,2.207,1.112,71.14,345.833,2.36,0.205707,living
11,A,A11,A11_00417,2.603,1.828,2.461,1.346,26.435,342.357,2.74,0.077215,living
11,A,A11,A11_00418,0.98,1.943,1.557,0.801,60.759,282.069,2.362,0.215403,living
11,A,A11,A11_00419,2.636,1.555,2.285,1.469,35.103,402.327,2.731,0.087249,living
11,A,A11,A11_00422,2.096,1.891,2.246,1.188,63.347,379.145,2.468,0.167078,living
11,A,A11,A11_00423,1.589,2.147,2.084,0.971,44.096,317.564,2.213,0.138856,living
11,A,A11,A11_00426,2.349,3.035,3.013,0.993,44.705,300.079,2.576,0.148977,living
11,A,A11,A11_00427,0.93,2.257,1.635,0.724,28.655,246.945,6.891,0.116036,dead
11,A,A11,A11_00428,1.234,2.660,2.044,0.769,15.658,287.384,2.247,0.054483,living
11,A,A11,A11_00429,2.941,1.712,2.532,1.479,17.782,503.759,2.713,0.035298,living
11,A,A11,A11_00430,2.096,2.344,2.501,1.067,19.952,356.879,2.685,0.055906,living
11,A,A11,A11_00432,0.862,2.257,1.574,0.697,45.471,467.216,3.373,0.097322,living
11,A,A11,A11_00433,2.214,2.736,2.777,1.015,71.824,543.733,2.29,0.132095,living
11,A,A11,A11_00437,2.704,2.851,3.133,1.099,76.756,560.675,2.3,0.1369,living
11,A,A11,A11_00438,2.231,1.708,2.203,1.290,91.023,705.295,2.553,0.129056,living
11,A,A11,A11_00439,2.4,2.529,2.780,1.099,79.852,630.972,2.803,0.126554,living
11,A,A11,A11_00440,1.572,1.631,1.807,1.108,28.194,631.043,2.645,0.044678,living
11,A,A11,A11_00441,2.079,1.573,2.041,1.297,85.431,710.992,2.472,0.120157,living
11,A,A11,A11_00442,1.825,2.257,2.290,1.015,111.056,481.926,82.833,0.230441,dead
11,A,A11,A11_00443,2.721,2.107,2.702,1.282,86.05,680.752,2.236,0.126404,living
11,A,A11,A11_00444,0.913,1.857,1.469,0.791,38.389,509.093,2.222,0.075406,living
11,A,A11,A11_00445,2.062,2.929,2.773,0.947,17.238,370.369,2.426,0.046542,living
11,A,A11,A11_00446,2.434,2.452,2.757,1.124,40.465,601.486,2.417,0.067275,living
11,A,A11,A11_00447,2.062,2.262,2.437,1.077,33.869,634.279,2.09,0.053397,living
11,A,A11,A11_00448,1.352,1.778,1.749,0.984,27.7,592.263,2.638,0.04677,living
11,A,A11,A11_00449,2.958,2.570,3.111,1.211,33.297,652.983,2.714,0.050992,living
11,A,A11,A11_00450,0.997,2.039,1.609,0.789,22.458,572.78,2.627,0.039208,living
11,A,A11,A11_00451,1.352,1.530,1.623,1.061,19.188,603.312,2.425,0.031804,living
11,A,A11,A11_00453,1.268,3.097,2.236,0.722,53.627,458.56,2.653,0.116946,living
11,A,A11,A11_00454,0.963,2.257,1.663,0.737,63.175,397.772,66.526,0.158823,dead
11,A,A11,A11_00455,1.741,2.017,2.114,1.048,85.282,547.398,2.136,0.155794,living
11,A,A11,A11_00457,2.924,2.350,2.958,1.259,50.046,590.341,2.474,0.084775,living
11,A,A11,A11_00458,2.721,2.257,2.796,1.239,46.671,604.925,56.857,0.077151,dead
11,A,A11,A11_00459,2.332,2.257,2.589,1.147,26.681,570.609,5.58,0.046759,dead
11,A,A11,A11_00460,2.4,1.654,2.248,1.359,71.69,816.711,2.408,0.087779,living
11,A,A11,A11_00461,2.062,2.315,2.465,1.065,18.844,631.525,2.467,0.029839,living
11,A,A11,A11_00462,2.079,3.060,2.846,0.930,24.26,596.821,2.65,0.040649,living
11,A,A11,A11_00463,2.011,2.381,2.469,1.037,16.092,570.63,2.412,0.028201,living
11,A,A11,A11_00465,1.2,1.710,1.616,0.945,16.704,594.211,3.592,0.028112,living
11,A,A11,A11_00466,1.082,1.648,1.507,0.914,15.609,567.266,2.547,0.027517,living
11,A,A11,A11_00467,1.994,2.067,2.291,1.108,17.576,722.619,2.746,0.024323,living
11,A,A11,A11_00468,1.521,2.409,2.160,0.897,33.722,472.333,2.422,0.071395,living
11,A,A11,A11_00469,2.113,1.753,2.172,1.239,96.144,571.208,2.792,0.168317,living
11,A,A11,A11_00470,1.284,1.608,1.621,1.008,95.132,483.276,2.816,0.196847,living
11,A,A11,A11_00472,1.758,2.429,2.332,0.960,19.788,484.75,2.625,0.040822,living
11,A,A11,A11_00473,1.284,2.169,1.883,0.868,17.724,511.618,2.197,0.034642,living
11,A,A11,A11_00474,1.014,2.257,1.707,0.756,21.833,495.883,80.35,0.044029,dead
11,A,A11,A11_00475,1.234,2.666,2.047,0.768,32.918,464.589,2.466,0.070854,living
11,A,A11,A11_00476,1.707,2.257,2.215,0.981,21.069,559.871,3.366,0.037632,living
11,A,A11,A11_00477,1.775,1.996,2.124,1.064,32.076,581.267,2.657,0.055183,living
11,A,A11,A11_00478,1.893,2.257,2.332,1.033,16.33,495.438,4.375,0.032961,living
11,A,A11,A11_00479,2.636,2.198,2.716,1.236,16.487,623.66,2.455,0.026436,living
11,A,A11,A11_00481,1.555,2.257,2.114,0.937,10.587,490.793,80.141,0.021571,dead
11,A,A11,A11_00482,1.977,2.257,2.383,1.056,40.547,554.573,2.462,0.073114,living
11,A,A11,A11_00483,1.944,2.257,2.363,1.047,93.113,593.983,3.183,0.156761,living
11,A,A11,A11_00484,2.146,2.257,2.483,1.100,16.638,517.236,1.929,0.032167,living
11,A,A11,A11_00485,2.67,2.257,2.770,1.227,37.203,623.785,2.475,0.05964,living
11,A,A11,A11_00486,1.808,2.257,2.279,1.010,94.065,536.738,2.598,0.175254,living
11,A,A11,A11_00487,2.332,2.257,2.589,1.147,49.819,678.464,2.717,0.073429,living
11,A,A11,A11_00488,1.572,2.257,2.125,0.942,85.548,552.269,2.559,0.154904,living
11,A,A11,A11_00489,2.366,2.257,2.607,1.155,102.579,649.236,2.686,0.157999,living
11,A,A11,A11_00490,1.251,2.257,1.896,0.840,78.541,530.203,2.622,0.148133,living
11,A,A11,A11_00491,2.535,2.257,2.699,1.196,45.513,644.453,2.707,0.070623,living
11,A,A11,A11_00492,2.197,2.257,2.513,1.113,72.631,618.554,2.754,0.11742,living
11,A,A11,A11_00494,2.383,2.257,2.617,1.160,68.553,640.496,2.376,0.107031,living
11,A,A11,A11_00495,1.69,2.257,2.204,0.976,49.38,502.07,2.35,0.098353,living
11,A,A11,A11_00496,2.586,2.257,2.726,1.208,15.758,516.373,2.562,0.030517,living
11,A,A11,A11_00499,0.913,2.257,1.620,0.718,22.315,584.37,3.667,0.038186,living
11,A,A11,A11_00500,2.349,2.858,2.924,1.023,55.799,604.072,2.403,0.092371,living
11,A,A11,A11_00501,1.082,2.047,1.679,0.820,75.844,455.531,2.312,0.166495,living
11,A,A11,A11_00502,0.828,2.257,1.542,0.683,45,424.878,82.857,0.105913,dead
11,A,A11,A11_00503,1.656,2.257,2.181,0.967,60,600.969,33.194,0.099839,dead
11,A,A11,A11_00504,1.606,2.300,2.169,0.943,103.168,550.874,2.389,0.187281,living
11,A,A11,A11_00505,1.572,1.631,1.807,1.108,61.129,690.269,2.258,0.088558,living
11,A,A11,A11_00506,2.805,2.834,3.181,1.123,78.819,678.94,2.566,0.116092,living
11,A,A11,A11_00508,2.67,2.433,2.876,1.182,64.519,704.297,2.456,0.091608,living
11,A,A11,A11_00509,1.572,1.729,1.860,1.076,61.86,666.398,2.667,0.092828,living
11,A,A11,A11_00510,1.031,1.841,1.555,0.844,40.443,592.525,2.295,0.068255,living
11,A,A11,A11_00511,1.944,1.929,2.185,1.133,32.591,710.183,2.87,0.045891,living
11,A,A11,A11_00512,2.298,1.975,2.404,1.217,20.941,712.662,2.934,0.029384,living
11,A,A11,A11_00514,2.282,2.257,2.561,1.135,63.704,646.267,2.667,0.098572,living
11,A,A11,A11_00515,2.704,2.257,2.787,1.235,122.494,777.837,2.125,0.15748,living
11,A,A11,A11_00516,1.741,2.257,2.237,0.991,87.951,616.786,2.34,0.142596,living
11,A,A11,A11_00517,2.163,2.257,2.493,1.105,116.531,662.82,2.648,0.175811,living
11,A,A11,A11_00518,2.484,2.257,2.672,1.184,114.612,653.218,2.442,0.175458,living
11,A,A11,A11_00519,1.251,2.257,1.896,0.840,35.716,556.446,2.77,0.064186,living
11,A,A11,A11_00520,2.535,2.257,2.699,1.196,40.813,725.287,2.02,0.056272,living
11,A,A11,A11_00521,2.146,2.257,2.483,1.100,86.732,697.354,2.386,0.124373,living
11,A,A11,A11_00523,2.586,2.257,2.726,1.208,74.458,692.516,2.575,0.107517,living
11,A,A11,A11_00524,2.653,2.257,2.761,1.223,58.064,794.452,2.497,0.073086,living
11,A,A11,A11_00525,2.451,2.257,2.654,1.176,54.766,682.221,2.338,0.080275,living
11,A,A11,A11_00526,2.417,2.257,2.635,1.168,35.42,592.706,2.392,0.059759,living
11,A,A11,A11_00527,1.521,2.257,2.091,0.926,23.744,623.367,2.578,0.038091,living
11,A,A11,A11_00530,2.518,2.257,2.690,1.192,57.671,488.268,2.362,0.118114,living
11,A,A11,A11_00531,1.284,2.257,1.921,0.851,46.303,452.724,2.329,0.102276,living
11,A,A11,A11_00533,1.622,2.257,2.159,0.957,94.521,543.521,2.26,0.173905,living
11,A,A11,A11_00534,2.552,2.257,2.708,1.200,94.702,581.212,2.563,0.162939,living
11,A,A11,A11_00535,1.775,2.257,2.258,1.001,113.533,522.81,2.829,0.21716,living
11,A,A11,A11_00536,1.893,2.257,2.332,1.033,78.107,549.259,2.545,0.142205,living
11,A,A11,A11_00537,2.197,2.257,2.513,1.113,110.662,642.954,2.538,0.172114,living
11,A,A11,A11_00538,2.349,2.257,2.598,1.151,93.338,565.511,2.604,0.165051,living
11,A,A11,A11_00539,1.944,2.257,2.363,1.047,81.67,537.13,2.765,0.152048,living
11,A,A11,A11_00540,1.994,2.257,2.394,1.061,41.492,590.695,2.305,0.070242,living
11,A,A11,A11_00542,1.268,2.257,1.909,0.846,11.76,509.6,2.413,0.023077,living
11,A,A11,A11_00543,1.42,2.257,2.020,0.895,14.143,543.393,2.643,0.026027,living
11,A,A11,A11_00544,1.453,2.257,2.043,0.905,15.5,545.791,2.14,0.028399,living
11,A,A11,A11_00545,1.115,1.921,1.651,0.860,13.47,527.273,2.212,0.025546,living
11,A,A11,A11_00546,2.586,2.513,2.877,1.145,96.935,548.301,2.529,0.176791,living
11,A,A11,A11_00547,2.113,1.921,2.273,1.183,117.216,646.64,2.576,0.181269,living
11,A,A11,A11_00548,1.335,1.559,1.628,1.044,73.291,605.43,2.165,0.121056,living
11,A,A11,A11_00549,1.42,2.388,2.078,0.870,29.619,515.452,3.048,0.057462,living
11,A,A11,A11_00550,2.265,1.855,2.313,1.247,89.082,667.127,2.687,0.133531,living
11,A,A11,A11_00551,1.622,2.239,2.150,0.960,30.448,564.438,2.927,0.053944,living
11,A,A11,A11_00552,1.42,1.518,1.657,1.091,48.357,609.119,2.071,0.079389,living
11,A,A11,A11_00553,1.808,1.933,2.109,1.091,61.542,621.495,2.654,0.099023,living
11,A,A11,A11_00554,2.332,2.519,2.735,1.086,46.087,594.92,2.659,0.077467,living
11,A,A11,A11_00555,0.913,2.257,1.620,0.718,20.222,436.574,84.074,0.04632,dead
11,A,A11,A11_00556,1.284,2.264,1.924,0.850,16.526,573.132,3.026,0.028835,living
11,A,A11,A11_00558,2.772,2.388,2.903,1.216,29.152,720.927,2.695,0.040437,living
11,A,A11,A11_00559,2.129,1.920,2.281,1.188,14.698,588.206,1.984,0.024989,living
11,A,A11,A11_00560,1.572,2.596,2.279,0.878,12.989,546.215,2.753,0.02378,living
11,A,A11,A11_00561,1.521,2.834,2.343,0.827,11.589,519.956,2.867,0.022288,living
11,A,A11,A11_00562,1.369,2.957,2.270,0.768,50.728,527.136,2.099,0.096234,living
11,A,A11,A11_00563,2.552,2.864,3.051,1.065,26.457,598.139,2.47,0.044232,living
11,A,A11,A11_00565,2.535,2.009,2.546,1.268,63.113,722.367,2.213,0.08737,living
11,A,A11,A11_00566,0.845,2.177,1.530,0.703,74.3,495.92,2.78,0.149823,living
11,A,A11,A11_00567,1.622,1.638,1.839,1.123,96.292,664.323,2.344,0.144947,living
11,A,A11,A11_00568,2.282,1.672,2.204,1.318,137.519,792.859,2.474,0.173446,living
11,A,A11,A11_00569,2.67,1.654,2.371,1.434,121.886,715.772,2.089,0.170286,living
11,A,A11,A11_00570,2.18,2.376,2.568,1.081,123.829,652.341,2.837,0.189823,living
11,A,A11,A11_00571,1.014,2.257,1.707,0.756,72.983,584.2,88.567,0.124929,dead
11,A,A11,A11_00572,1.859,2.936,2.636,0.898,30.073,627.109,2.782,0.047955,living
11,A,A11,A11_00573,1.606,2.489,2.256,0.906,50.011,590.874,2.516,0.084638,living
11,A,A11,A11_00574,2.197,2.728,2.762,1.013,58.408,628.746,2.2,0.092896,living
11,A,A11,A11_00575,1.808,2.602,2.447,0.941,63.327,603.804,2.467,0.10488,living
11,A,A11,A11_00576,1.791,2.245,2.263,1.008,51.613,676.358,3,0.07631,living
11,A,A11,A11_00577,2.89,2.025,2.730,1.348,65.386,908.351,2.526,0.071983,living
11,A,A11,A11_00580,1.352,2.279,1.981,0.869,58.663,458.725,2.763,0.127882,living
11,A,A11,A11_00581,2.484,2.253,2.669,1.185,93.388,575.966,2.224,0.162141,living
11,A,A11,A11_00582,2.535,2.699,2.952,1.094,97.513,517.26,2.327,0.188519,living
11,A,A11,A11_00583,2.941,2.297,2.933,1.277,42.793,688.856,2.42,0.062122,living
11,A,A11,A11_00584,1.977,1.916,2.196,1.146,109.162,543.333,2.06,0.200912,living
11,A,A11,A11_00585,2.738,2.367,2.873,1.214,91.494,595.648,2.463,0.153604,living
11,A,A11,A11_00587,2.704,1.677,2.403,1.433,143.419,754.731,2.587,0.190026,living
11,A,A11,A11_00588,2.062,2.257,2.434,1.079,99.484,584.525,6,0.170196,dead
11,A,A11,A11_00589,2.045,1.983,2.272,1.146,95.339,551.603,2.446,0.17284,living
11,A,A11,A11_00590,1.301,1.852,1.752,0.946,68.351,476.247,2.519,0.143519,living
11,A,A11,A11_00591,1.606,2.532,2.275,0.899,30.2,511.947,2.474,0.05899,living
11,A,A11,A11_00593,2.349,2.047,2.474,1.209,92.863,614.906,2.173,0.15102,living
11,A,A11,A11_00594,2.62,2.277,2.756,1.210,71.49,616.89,2.245,0.115888,living
11,A,A11,A11_00595,1.453,2.677,2.225,0.831,38.023,431.372,2.163,0.088145,living
11,A,A11,A11_00596,1.791,1.736,1.990,1.146,65.057,558.679,2.311,0.116447,living
11,A,A11,A11_00597,2.434,1.923,2.441,1.269,66.812,655.451,2.014,0.101934,living
11,A,A11,A11_00598,2.535,2.372,2.767,1.167,53.593,617.573,2.56,0.086781,living
11,A,A11,A11_00603,0.93,2.257,1.635,0.724,12.982,472.382,139.127,0.027482,dead
11,A,A11,A11_00604,2.248,2.600,2.728,1.049,13.271,565.692,2.511,0.023459,living
11,A,A11,A11_00605,1.758,2.263,2.251,0.995,14.24,546.087,2.327,0.026077,living
11,A,A11,A11_00607,2.062,1.968,2.273,1.155,53.311,565.533,2.336,0.094268,living
11,A,A11,A11_00608,2.146,2.405,2.563,1.066,33.583,540.528,2.37,0.062129,living
11,A,A11,A11_00609,0.913,2.257,1.620,0.718,59.222,365.259,98.148,0.162137,dead
11,A,A11,A11_00610,0.828,2.104,1.489,0.708,17.898,442.265,2.571,0.040469,living
11,A,A11,A11_00611,1.91,1.814,2.100,1.158,56.584,552.646,2.673,0.102388,living
11,A,A11,A11_00612,1.707,2.257,2.215,0.981,92.327,512.693,3.139,0.180082,living
11,A,A11,A11_00613,2.332,2.257,2.589,1.147,98.471,527.601,7.29,0.186639,dead
11,A,A11,A11_00615,2.349,2.346,2.649,1.129,42.317,575.137,2.791,0.073577,living
11,A,A11,A11_00616,2.924,2.723,3.184,1.169,85.827,553.578,2.618,0.15504,living
11,A,A11,A11_00617,0.997,1.579,1.416,0.897,50.78,488.203,3.119,0.104013,living
11,A,A11,A11_00618,1.825,1.830,2.062,1.127,43.667,565.546,2.741,0.077211,living
11,A,A11,A11_00620,2.197,1.691,2.175,1.286,16.192,636.592,2.608,0.025436,living
11,A,A11,A11_00622,1.335,2.257,1.959,0.868,30.772,481.063,158.253,0.063967,dead
11,A,A11,A11_00623,1.69,2.993,2.538,0.848,13.36,499.16,2.67,0.026765,living
11,A,A11,A11_00624,1.724,1.814,1.995,1.100,13.549,591.49,2.745,0.022907,living
11,A,A11,A11_00625,2.028,2.745,2.662,0.970,128,763.542,2.367,0.16764,living
11,A,A11,A11_00626,1.791,2.059,2.167,1.052,58.896,844.349,2.066,0.069753,living
11,A,A11,A11_00627,1.808,2.251,2.276,1.011,143.29,805.262,2.561,0.177942,living
11,A,A11,A11_00628,1.47,2.119,1.991,0.940,75.333,778.989,2.264,0.096707,living
11,A,A11,A11_00629,1.775,2.257,2.258,1.001,113.39,661.876,101.429,0.171317,dead
11,A,A11,A11_00632,1.47,2.038,1.953,0.958,40.448,884.172,2.931,0.045747,living
11,A,A11,A11_00633,2.467,2.391,2.740,1.146,118.959,965.329,2.582,0.123231,living
11,A,A11,A11_00634,2.011,2.257,2.404,1.065,92.311,796.092,54.487,0.115955,dead
11,A,A11,A11_00636,2.941,2.840,3.261,1.148,104.379,956.402,2.546,0.109137,living
11,A,A11,A11_00638,1.031,2.297,1.736,0.756,102.705,683.639,1.574,0.150233,living
11,A,A11,A11_00639,2.146,2.257,2.483,1.100,94.094,661.362,4.441,0.142274,living
11,A,A11,A11_00640,2.332,2.100,2.497,1.189,172.326,901.297,2.138,0.191198,living
11,A,A11,A11_00641,1.504,2.567,2.217,0.864,127.742,694.247,2.708,0.184,living
11,A,A11,A11_00642,1.42,2.306,2.042,0.885,36.869,814.012,3.048,0.045293,living
11,A,A11,A11_00643,2.332,2.491,2.720,1.092,158.964,861.833,2.493,0.184448,living
11,A,A11,A11_00644,1.994,2.235,2.382,1.066,93.78,849.246,2.195,0.110427,living
11,A,A11,A11_00646,1.589,2.010,2.017,1.003,61.947,873.447,2.553,0.070922,living
11,A,A11,A11_00647,1.639,2.462,2.267,0.921,28.381,814.598,2.536,0.034841,living
11,A,A11,A11_00648,1.707,2.418,2.292,0.948,71.228,824.614,2.267,0.086377,living
11,A,A11,A11_00649,1.656,1.738,1.914,1.101,80.765,916.357,2.51,0.088137,living
11,A,A11,A11_00650,1.791,2.618,2.443,0.933,34.283,814.425,2.406,0.042095,living
11,A,A11,A11_00651,1.741,2.435,2.323,0.954,20.427,433.748,2.621,0.047095,living
11,A,A11,A11_00652,1.453,1.708,1.778,1.041,24.267,550.267,2.709,0.044101,living
11,A,A11,A11_00653,1.065,2.257,1.749,0.775,76.952,464.651,53.238,0.165613,dead
11,A,A11,A11_00654,2.315,2.325,2.618,1.126,27.474,621.102,2.168,0.044235,living
11,A,A11,A11_00655,2.028,1.946,2.242,1.152,84.85,561.275,2.533,0.151174,living
11,A,A11,A11_00657,1.69,1.963,2.055,1.047,24.58,595.72,2.65,0.041261,living
11,A,A11,A11_00658,1.335,2.257,1.959,0.868,60.127,498.38,74.38,0.120644,dead
11,A,A11,A11_00659,2.079,1.958,2.277,1.163,29.439,665.114,2.618,0.044262,living
11,A,A11,A11_00660,1.453,2.779,2.267,0.816,33.512,503.57,2.942,0.066548,living
11,A,A11,A11_00661,2.89,2.386,2.963,1.242,35.433,716.877,2.503,0.049427,living
11,A,A11,A11_00663,1.589,2.257,2.137,0.947,22.021,569.84,2.309,0.038645,living
11,A,A11,A11_00664,1.453,2.257,2.043,0.905,20.442,598.814,2.453,0.034137,living
11,A,A11,A11_00665,1.284,2.257,1.921,0.851,54.539,598.066,2.921,0.091193,living
11,A,A11,A11_00666,2.079,2.257,2.444,1.083,111.862,706.927,2.154,0.158237,living
11,A,A11,A11_00667,1.893,2.257,2.332,1.033,123.562,642.598,2,0.192286,living
11,A,A11,A11_00668,1.859,2.257,2.311,1.024,117.891,743.309,2.445,0.158603,living
11,A,A11,A11_00669,1.825,2.257,2.290,1.015,59.833,705.583,2.426,0.0848,living
11,A,A11,A11_00670,2.366,2.257,2.607,1.155,109.643,734.779,2.657,0.149219,living
11,A,A11,A11_00671,1.555,2.257,2.114,0.937,68.815,720.946,2.554,0.095451,living
11,A,A11,A11_00673,2.417,2.257,2.635,1.168,56.413,784.594,2.196,0.0719,living
11,A,A11,A11_00674,1.791,2.257,2.269,1.005,39.443,666.849,2.509,0.059149,living
11,A,A11,A11_00675,1.622,2.257,2.159,0.957,18.812,685.271,2.74,0.027453,living
11,A,A11,A11_00676,1.639,2.257,2.170,0.962,13.835,645.948,2.289,0.021418,living
11,A,A11,A11_00677,2.113,2.450,2.567,1.048,19.248,740.92,2.304,0.025979,living
11,A,A11,A11_00679,2.755,2.877,3.177,1.104,123.454,675.356,2.472,0.182798,living
11,A,A11,A11_00680,2.113,1.728,2.156,1.248,87.72,702.304,2.224,0.124903,living
11,A,A11,A11_00681,2.366,2.083,2.505,1.203,147.807,761.7,2.929,0.194049,living
11,A,A11,A11_00682,0.828,2.257,1.542,0.683,119.224,512.265,157.51,0.23274,dead
11,A,A11,A11_00683,2.011,3.003,2.773,0.923,28.429,690.176,2.689,0.04119,living
11,A,A11,A11_00684,2.265,2.313,2.583,1.117,112.463,736.851,2.507,0.152626,living
11,A,A11,A11_00685,1.2,2.257,1.857,0.823,104.62,547.127,144.324,0.191217,dead
11,A,A11,A11_00686,2.332,2.035,2.458,1.208,118.906,748.406,3.043,0.158879,living
11,A,A11,A11_00687,1.521,1.584,1.751,1.106,63.167,663.867,2.289,0.09515,living
11,A,A11,A11_00688,1.031,2.257,1.721,0.763,43.77,560.443,111.082,0.0781,dead
11,A,A11,A11_00689,2.332,1.965,2.415,1.229,81.63,866.217,2.275,0.094238,living
11,A,A11,A11_00690,0.946,2.259,1.650,0.730,32.536,570.393,2.982,0.057041,living
11,A,A11,A11_00691,1.538,2.709,2.303,0.850,31.088,646.648,2.714,0.048075,living
11,A,A11,A11_00692,1.606,2.433,2.230,0.917,20.316,701.211,2.484,0.028972,living
11,A,A11,A11_00693,1.656,2.107,2.108,1.000,20.939,728.255,2.357,0.028752,living
11,A,A11,A11_00694,1.065,1.743,1.537,0.882,55.73,495.492,2.524,0.112474,living
11,A,A11,A11_00696,1.555,1.950,1.965,1.008,46.304,520.011,2.707,0.089045,living
11,A,A11,A11_00697,2.924,2.424,3.004,1.239,112.26,605.064,2.549,0.185534,living
11,A,A11,A11_00698,1.944,2.049,2.252,1.099,42.174,584.948,2.765,0.072099,living
11,A,A11,A11_00699,1.876,1.660,1.991,1.200,94.82,601.748,2.649,0.157574,living
11,A,A11,A11_00700,1.96,2.351,2.422,1.030,80.871,525.966,2.517,0.153757,living
11,A,A11,A11_00701,1.589,1.583,1.790,1.131,63.745,610.383,2.606,0.104434,living
11,A,A11,A11_00702,1.42,2.257,2.020,0.895,31.643,481.821,103.381,0.065673,dead
11,A,A11,A11_00703,2.501,2.417,2.774,1.148,49.324,613.48,2.926,0.080401,living
11,A,A11,A11_00704,0.98,2.272,1.684,0.741,96.224,690.224,2.621,0.13941,living
11,A,A11,A11_00705,1.555,1.577,1.767,1.120,172.022,854.674,2.543,0.201272,living
11,A,A11,A11_00706,1.437,2.936,2.318,0.789,69.459,728.012,3.294,0.095409,living
11,A,A11,A11_00707,1.589,1.884,1.952,1.036,105.894,823.457,2.543,0.128596,living
11,A,A11,A11_00708,1.183,2.589,1.975,0.763,97.743,716.471,2.257,0.136423,living
11,A,A11,A11_00710,2.028,2.174,2.369,1.090,111.25,926.883,2.442,0.120026,living
11,A,A11,A11_00711,1.166,2.213,1.813,0.819,79.696,769.246,2.319,0.103602,living
11,A,A11,A11_00712,1.842,3.018,2.660,0.882,27.33,801.844,2.248,0.034084,living
11,A,A11,A11_00713,1.099,2.088,1.709,0.819,32.554,676.923,2.385,0.048091,living
11,A,A11,A11_00714,1.048,2.154,1.695,0.787,58.21,805.016,2.435,0.072309,living
11,A,A11,A11_00715,1.859,3.072,2.697,0.878,27.091,754.8,2.482,0.035892,living
11,A,A11,A11_00716,1.386,2.257,1.996,0.884,54.89,747.671,138.695,0.073415,dead
11,A,A11,A11_00717,1.487,2.276,2.076,0.912,25.42,633.716,2.17,0.040113,living
11,A,A11,A11_00719,1.538,2.827,2.353,0.832,53.791,384.462,2.077,0.139913,living
11,A,A11,A11_00720,1.47,1.823,1.847,1.013,60.782,422.023,1.759,0.144024,living
11,A,A11,A11_00722,1.859,1.887,2.113,1.120,23.809,470.745,2.518,0.050577,living
11,A,A11,A11_00723,1.69,2.257,2.204,0.976,55.37,437.71,114.25,0.126499,dead
11,A,A11,A11_00725,2.214,1.908,2.319,1.215,16.832,506.397,2.466,0.033239,living
11,A,A11,A11_00726,2.467,2.117,2.579,1.218,47.548,536.664,2.651,0.088599,living
11,A,A11,A11_00728,1.673,1.643,1.871,1.139,13.778,512.141,2.263,0.026902,living
11,A,A11,A11_00729,1.927,2.218,2.333,1.052,15.096,465.298,2.772,0.032445,living
11,A,A11,A11_00731,2.096,3.115,2.883,0.926,22.742,522.887,2.734,0.043493,living
11,A,A11,A11_00733,2.941,2.139,2.830,1.323,131.891,703.925,2.489,0.187365,living
11,A,A11,A11_00734,2.011,2.564,2.562,0.999,40.471,528.496,2.319,0.076577,living
11,A,A11,A11_00735,1.538,1.851,1.904,1.029,38.473,580.736,2.769,0.066248,living
11,A,A11,A11_00736,1.386,1.783,1.774,0.995,36.024,564.366,2.341,0.063832,living
11,A,A11,A11_00737,2.636,2.499,2.896,1.159,39.083,608.538,2.487,0.064225,living
11,A,A11,A11_00738,2.383,2.580,2.798,1.084,17.468,593.766,2.255,0.029419,living
11,A,A11,A11_00739,2.552,1.980,2.536,1.281,26.523,667.914,2.682,0.03971,living
11,A,A11,A11_00740,2.011,2.261,2.406,1.064,24.067,596.193,2.655,0.040368,living
11,A,A11,A11_00741,2.586,2.412,2.818,1.168,24.484,642.111,2.863,0.03813,living
11,A,A11,A11_00742,2.197,2.435,2.610,1.072,14.869,580.346,2.538,0.025621,living
11,A,A11,A11_00743,1.132,1.824,1.621,0.889,11.075,511.418,2.478,0.021655,living
11,A,A11,A11_00745,2.417,2.713,2.889,1.065,20.385,598.196,2.818,0.034077,living
11,A,A11,A11_00746,1.673,2.144,2.137,0.997,66.202,613.929,2.475,0.107833,living
11,A,A11,A11_00747,2.687,2.724,3.053,1.121,32.277,632.579,2.22,0.051024,living
11,A,A11,A11_00748,1.977,2.257,2.383,1.056,104.188,523.41,108.65,0.199056,dead
11,A,A11,A11_00749,1.318,1.576,1.626,1.032,83.5,655.808,2.179,0.127324,living
11,A,A11,A11_00750,2.434,2.389,2.721,1.139,52.708,719.576,2.278,0.073249,living
11,A,A11,A11_00751,1.217,2.108,1.807,0.857,28.528,617.972,2.097,0.046164,living
11,A,A11,A11_00752,1.859,2.716,2.535,0.934,14.773,633.036,2.382,0.023336,living
11,A,A11,A11_00753,1.606,3.090,2.514,0.813,14.505,593.537,2.621,0.024439,living
11,A,A11,A11_00754,1.538,2.508,2.216,0.884,13.802,609.615,2.747,0.022641,living
11,A,A11,A11_00755,0.913,1.976,1.516,0.767,10.037,562.222,2.352,0.017852,living
11,A,A11,A11_00757,1.166,1.645,1.563,0.950,71.942,815.899,2.145,0.088175,living
11,A,A11,A11_00760,1.842,2.344,2.345,1.000,70.817,852.532,2.633,0.083066,living
11,A,A11,A11_00761,1.825,2.146,2.233,1.041,103.852,852.833,2.583,0.121773,living
11,A,A11,A11_00762,0.93,2.349,1.668,0.710,88.855,705.982,2.782,0.12586,living
11,A,A11,A11_00763,1.115,2.257,1.790,0.793,93.061,856.561,5.47,0.108645,dead
11,A,A11,A11_00764,2.079,2.257,2.444,1.083,82.837,841.065,73.805,0.098491,dead
11,A,A11,A11_00765,0.997,1.757,1.493,0.850,57.695,827.441,2.508,0.069727,living
11,A,A11,A11_00766,2.467,2.657,2.889,1.087,33.603,850.514,2.678,0.039509,living
11,A,A11,A11_00767,1.758,1.817,2.017,1.110,61.317,973.481,2.654,0.062988,living
11,A,A11,A11_00768,1.791,2.976,2.605,0.875,21.726,825.425,2.726,0.026322,living
11,A,A11,A11_00769,2.974,2.257,2.923,1.295,17.244,723.426,3.369,0.023837,living
11,A,A11,A11_00770,2.197,2.024,2.379,1.176,21.3,787.877,2.123,0.027035,living
11,A,A11,A11_00771,1.808,3.037,2.644,0.871,22.822,834.411,2.523,0.027352,living
11,A,A11,A11_00772,1.555,1.644,1.804,1.097,71.728,485.087,2.554,0.147867,living
11,A,A11,A11_00775,2.62,2.331,2.789,1.196,84.477,539.387,2.277,0.156617,living
11,A,A11,A11_00776,1.538,2.530,2.226,0.880,34.626,441.198,2.44,0.078483,living
11,A,A11,A11_00777,1.622,1.497,1.758,1.175,92.896,531.344,2.417,0.174832,living
11,A,A11,A11_00778,2.687,2.257,2.779,1.231,83.226,504.314,5.013,0.165029,dead
11,A,A11,A11_00779,1.977,1.827,2.145,1.174,44.709,561.966,2.462,0.079559,living
11,A,A11,A11_00781,1.893,2.257,2.332,1.033,71.17,557.277,8.018,0.12771,dead
11,A,A11,A11_00782,1.673,1.722,1.915,1.112,63.343,512.212,2.737,0.123666,living
11,A,A11,A11_00783,2.67,2.257,2.770,1.227,33.956,558.563,3.07,0.060791,living
11,A,A11,A11_00784,2.958,2.151,2.846,1.323,35.846,689.686,2.531,0.051974,living
11,A,A11,A11_00785,1.521,2.257,2.091,0.926,42.989,501.3,14.9,0.085755,dead
11,A,A11,A11_00786,1.437,1.746,1.787,1.024,34.118,496.494,2.941,0.068717,living
11,A,A11,A11_00787,2.113,1.866,2.241,1.201,52.056,583.992,2.072,0.089138,living
11,A,A11,A11_00788,1.132,3.143,2.128,0.677,20.866,407.388,2.597,0.051218,living
11,A,A11,A11_00790,1.555,2.134,2.055,0.963,13.696,432.217,2.674,0.031687,living
11,A,A11,A11_00791,1.622,2.882,2.440,0.847,17.021,452.344,2.281,0.037628,living
11,A,A11,A11_00792,1.825,2.221,2.272,1.023,14.241,510.352,2.343,0.027904,living
11,A,A11,A11_00794,2.805,2.969,3.256,1.097,17.416,560.464,2.801,0.031074,living
11,A,A11,A11_00796,1.521,2.257,2.091,0.926,10.533,457.656,86.578,0.023016,dead
11,A,A11,A11_00797,2.383,2.257,2.617,1.160,33.816,438.234,14.837,0.077163,dead
11,A,A11,A11_00798,2.941,2.257,2.907,1.288,86.23,470.523,12.54,0.183264,dead
11,A,A11,A11_00799,1.791,2.002,2.137,1.067,21.877,470.877,2.585,0.046461,living
11,A,A11,A11_00800,2.451,1.926,2.452,1.273,77.952,558.193,2.048,0.13965,living
11,A,A11,A11_00803,0.913,2.257,1.620,0.718,25.87,360.741,122,0.071715,dead
11,A,A11,A11_00804,1.977,1.726,2.084,1.208,66.547,488.556,2.581,0.136212,living
11,A,A11,A11_00805,1.791,1.767,2.007,1.136,33.255,492.5,2.453,0.067522,living
11,A,A11,A11_00806,2.873,1.847,2.599,1.407,47.571,591.271,2.382,0.080455,living
11,A,A11,A11_00807,2.079,2.023,2.314,1.144,21.797,500.626,2.179,0.043539,living
11,A,A11,A11_00808,1.572,2.257,2.125,0.942,48.495,394,125.301,0.123083,dead
11,A,A11,A11_00809,1.944,2.257,2.363,1.047,47.557,501.687,106.8,0.094793,dead
11,A,A11,A11_00810,0.862,2.170,1.543,0.711,14.412,376.627,2.686,0.038265,living
11,A,A11,A11_00811,1.741,2.202,2.209,1.003,16.796,469.942,2.32,0.035741,living
11,A,A11,A11_00812,2.062,1.738,2.136,1.229,30.09,502.451,2.508,0.059887,living
11,A,A11,A11_00813,1.453,2.257,2.043,0.905,12.5,384,64.012,0.032552,dead
11,A,A11,A11_00814,2.062,2.244,2.427,1.082,21.066,474.016,2.303,0.044441,living
11,A,A11,A11_00815,2.096,1.617,2.077,1.285,22.605,607,2.355,0.03724,living
11,A,A11,A11_00818,1.606,2.166,2.105,0.972,12.611,448.6,2.2,0.028111,living
11,B,B11,B11_00001,1.42,2.589,2.164,0.836,16.012,434.107,2.762,0.036885,living
11,B,B11,B11_00003,1.876,2.088,2.233,1.070,43.387,485.892,2.793,0.089294,living
11,B,B11,B11_00004,2.687,1.615,2.351,1.455,117.189,601.767,2.654,0.194741,living
11,B,B11,B11_00005,1.115,2.177,1.758,0.808,60.742,419.515,42.439,0.144792,dead
11,B,B11,B11_00007,2.231,2.177,2.487,1.142,11.394,401.068,20.152,0.028409,dead
11,B,B11,B11_00010,1.656,2.023,2.065,1.021,47.602,503.337,2.092,0.094573,living
11,B,B11,B11_00011,1.166,1.367,1.425,1.042,41.116,506.014,2.406,0.081254,living
11,B,B11,B11_00014,1.775,2.177,2.218,1.019,38.61,474.581,47.276,0.081355,dead
11,B,B11,B11_00016,2.805,2.147,2.769,1.290,15.584,539.066,2.705,0.02891,living
11,B,B11,B11_00018,2.383,2.177,2.570,1.181,15,546.766,2.965,0.027434,living
11,B,B11,B11_00019,1.639,1.953,2.019,1.034,23.031,506.227,2.155,0.045495,living
11,B,B11,B11_00020,2.603,2.534,2.898,1.144,25.74,544.649,2.597,0.04726,living
11,B,B11,B11_00021,2.62,2.676,2.988,1.117,13.716,532.335,2.523,0.025766,living
11,B,B11,B11_00022,2.248,2.303,2.567,1.115,14.368,534.534,2.444,0.02688,living
11,B,B11,B11_00023,0.946,1.764,1.458,0.826,11.339,459.5,2.339,0.024677,living
11,B,B11,B11_00024,1.572,2.438,2.209,0.906,11.849,480.882,2.344,0.024641,living
11,B,B11,B11_00025,1.977,2.177,2.341,1.075,10.026,464.248,3.41,0.021595,living
11,B,B11,B11_00026,1.927,2.435,2.444,1.004,41.605,517.211,2.667,0.080442,living
11,B,B11,B11_00027,1.099,1.481,1.440,0.972,60.523,468.354,2.354,0.129225,living
11,B,B11,B11_00028,2.434,1.736,2.319,1.336,116.264,634.507,2.34,0.183235,living
11,B,B11,B11_00029,2.653,2.177,2.712,1.246,67.076,537.102,4.191,0.124886,living
11,B,B11,B11_00030,1.555,1.588,1.773,1.117,13.152,530.011,2.261,0.024815,living
11,B,B11,B11_00033,1.977,3.085,2.787,0.903,40.462,496.214,2.282,0.081541,living
11,B,B11,B11_00034,2.028,2.094,2.325,1.110,32.108,582.6,2.692,0.055112,living
11,B,B11,B11_00035,2.231,2.177,2.487,1.142,38.174,589.152,20.848,0.064795,dead
11,B,B11,B11_00036,2.839,1.744,2.511,1.440,20.036,603.917,3.048,0.033176,living
11,B,B11,B11_00037,1.656,2.486,2.289,0.921,27.459,484.306,2.418,0.056698,living
11,B,B11,B11_00038,1.859,2.651,2.505,0.945,27.118,513.264,2.436,0.052835,living
11,B,B11,B11_00039,1.927,2.566,2.509,0.978,23.912,513.289,2.474,0.046586,living
11,B,B11,B11_00040,2.028,2.381,2.480,1.041,22.642,535.05,2.367,0.042317,living
11,B,B11,B11_00041,1.403,2.177,1.972,0.906,21.349,473.337,62.771,0.045104,dead
11,B,B11,B11_00044,1.504,1.755,1.833,1.045,17.011,510.64,2.539,0.033314,living
11,B,B11,B11_00046,1.352,2.177,1.936,0.889,43.013,365.325,3.987,0.117738,living
11,B,B11,B11_00048,2.856,1.710,2.494,1.458,35.249,527.982,2.639,0.066761,living
11,B,B11,B11_00049,2.974,2.167,2.865,1.322,56.739,567.653,1.989,0.099953,living
11,B,B11,B11_00050,2.451,2.345,2.705,1.154,39.145,464.414,2.062,0.084289,living
11,B,B11,B11_00051,2.079,1.492,1.987,1.332,56.829,431.317,2.236,0.131758,living
11,B,B11,B11_00054,2.805,2.428,2.945,1.213,85.994,464.614,2.627,0.185087,living
11,B,B11,B11_00056,1.47,1.439,1.641,1.140,54.678,481.805,2.471,0.113486,living
11,B,B11,B11_00057,1.91,2.177,2.301,1.057,41.425,401.248,25.186,0.10324,dead
11,B,B11,B11_00060,2.231,2.336,2.576,1.103,19.909,454.28,2.212,0.043826,living
11,B,B11,B11_00062,2.383,2.302,2.643,1.148,28.73,479.915,2.603,0.059866,living
11,B,B11,B11_00065,2.282,2.651,2.775,1.047,31.141,441.578,2.667,0.070522,living
11,B,B11,B11_00067,2.721,2.177,2.746,1.262,32.267,483.435,11.801,0.066745,dead
11,B,B11,B11_00068,2.569,2.177,2.668,1.226,22.52,455.493,2.632,0.04944,living
11,B,B11,B11_00069,1.251,1.659,1.626,0.980,14,448.23,2.162,0.031234,living
11,B,B11,B11_00070,1.234,1.949,1.750,0.898,18.521,421.685,2.589,0.04392,living
11,B,B11,B11_00071,2.417,2.244,2.628,1.171,24.35,517.636,2.615,0.04704,living
11,B,B11,B11_00072,0.93,1.747,1.438,0.823,10.764,412.8,2.255,0.026075,living
11,B,B11,B11_00073,2.315,2.177,2.533,1.164,12.044,453.664,3.226,0.026548,living
11,B,B11,B11_00074,2.653,2.348,2.816,1.199,15.516,532.242,2.21,0.029152,living
11,B,B11,B11_00076,1.031,1.752,1.517,0.866,25.836,471.525,2.197,0.054793,living
11,B,B11,B11_00077,2.958,2.542,3.094,1.217,58.309,548.211,2.446,0.106361,living
11,B,B11,B11_00078,2.755,2.672,3.061,1.146,62.313,545.65,2.693,0.114199,living
11,B,B11,B11_00079,2.332,1.870,2.356,1.260,79.181,520.797,2.457,0.152038,living
11,B,B11,B11_00080,2.451,2.237,2.642,1.181,92.393,545.841,2.703,0.169267,living
11,B,B11,B11_00081,1.572,1.848,1.923,1.041,40.57,477.839,2.075,0.084903,living
11,B,B11,B11_00082,1.521,2.542,2.219,0.873,44.044,454.822,2.344,0.096839,living
11,B,B11,B11_00084,1.589,1.925,1.973,1.025,35.298,459.479,2.298,0.076822,living
11,B,B11,B11_00085,1.96,1.523,1.950,1.280,72.491,622.526,2.552,0.116447,living
11,B,B11,B11_00086,1.487,2.177,2.030,0.933,29.091,500.432,3.409,0.058132,living
11,B,B11,B11_00087,2.958,2.127,2.830,1.331,94.691,628.806,2.251,0.150589,living
11,B,B11,B11_00088,1.622,2.177,2.120,0.974,47.833,517.677,20.396,0.0924,dead
11,B,B11,B11_00089,1.944,1.641,2.015,1.228,73.574,543.852,2.339,0.135283,living
11,B,B11,B11_00090,2.113,2.453,2.569,1.047,36.08,534.976,2.432,0.067442,living
11,B,B11,B11_00091,2.366,2.167,2.555,1.179,43.636,577.286,1.95,0.075588,living
11,B,B11,B11_00092,2.687,2.291,2.800,1.222,26.937,604.302,2.918,0.044576,living
11,B,B11,B11_00093,1.572,2.375,2.180,0.918,58.258,446.925,1.839,0.130353,living
11,B,B11,B11_00094,2.028,2.177,2.371,1.089,62.592,536.65,36.617,0.116634,dead
11,B,B11,B11_00095,1.504,2.177,2.042,0.938,30.124,412.449,29.787,0.073036,dead
11,B,B11,B11_00101,1.437,2.111,1.965,0.931,26.153,530.482,2.247,0.0493,living
11,B,B11,B11_00102,1.994,1.830,2.155,1.178,31.602,607.534,2.72,0.052016,living
11,B,B11,B11_00104,1.589,2.537,2.266,0.893,20.553,489.468,2.532,0.041991,living
11,B,B11,B11_00105,1.132,1.804,1.612,0.894,21.224,504.164,2.224,0.042097,living
11,B,B11,B11_00107,1.758,2.177,2.207,1.014,18.635,524.846,36.635,0.035505,dead
11,B,B11,B11_00113,2.653,2.291,2.782,1.214,18.446,503.516,2.197,0.036634,living
11,B,B11,B11_00114,1.69,2.111,2.131,1.010,16.76,440.99,2.55,0.038005,living
11,B,B11,B11_00115,2.62,2.497,2.886,1.156,71,544.323,2.303,0.130437,living
11,B,B11,B11_00116,2.214,2.372,2.586,1.090,65.481,429.366,2.13,0.152506,living
11,B,B11,B11_00117,1.656,1.727,1.908,1.105,50.735,472.398,2.398,0.107398,living
11,B,B11,B11_00118,2.282,2.312,2.592,1.121,49.807,510.452,2.267,0.097575,living
11,B,B11,B11_00119,1.859,2.491,2.428,0.975,80.9,457.882,2.255,0.176683,living
11,B,B11,B11_00120,2.18,1.308,1.905,1.457,26.884,548.682,2.419,0.048997,living
11,B,B11,B11_00121,2.214,2.177,2.477,1.138,64.267,514.405,29.664,0.124935,dead
11,B,B11,B11_00122,2.096,2.177,2.410,1.107,37.492,566.056,5.024,0.066234,dead
11,B,B11,B11_00123,2.062,2.833,2.727,0.963,81.648,428.082,2.639,0.190729,living
11,B,B11,B11_00126,1.149,2.334,1.848,0.792,59.353,387.691,2.779,0.153093,living
11,B,B11,B11_00127,2.653,2.177,2.712,1.246,88.153,611.197,8.892,0.14423,dead
11,B,B11,B11_00128,2.129,2.550,2.629,1.031,12.675,508.857,2.214,0.024908,living
11,B,B11,B11_00129,1.69,1.484,1.787,1.204,58.22,556.94,2.64,0.104535,living
11,B,B11,B11_00130,1.335,2.177,1.924,0.884,50.835,504.646,28.456,0.100735,dead
11,B,B11,B11_00131,2.704,2.264,2.792,1.233,33.337,569.544,2.819,0.058534,living
11,B,B11,B11_00132,2.248,2.505,2.678,1.069,15.03,525.91,2.391,0.028579,living
11,B,B11,B11_00133,1.927,2.071,2.254,1.088,16.649,531,2.404,0.031354,living
11,B,B11,B11_00134,1.538,1.695,1.822,1.075,28.659,488.055,2.802,0.058722,living
11,B,B11,B11_00135,1.808,1.878,2.079,1.107,27.383,529.757,1.981,0.05169,living
11,B,B11,B11_00136,1.284,1.741,1.687,0.969,31.671,501.132,2.395,0.063199,living
11,B,B11,B11_00137,2.265,1.754,2.249,1.282,12.925,492.963,2.97,0.02622,living
11,B,B11,B11_00138,1.775,1.905,2.075,1.089,32.41,519.438,2.133,0.062393,living
11,B,B11,B11_00139,2.282,2.177,2.515,1.155,15.711,578.489,17.859,0.027159,dead
11,B,B11,B11_00140,1.791,1.809,2.031,1.123,28.981,593.085,2.302,0.048865,living
11,B,B11,B11_00141,1.589,2.333,2.173,0.931,20.755,487.819,3.106,0.042547,living
11,B,B11,B11_00142,1.149,2.373,1.863,0.785,10.044,446.647,2.456,0.022488,living
11,B,B11,B11_00143,1.352,2.177,1.936,0.889,17.575,504.762,3.075,0.034818,living
11,B,B11,B11_00144,2.265,2.468,2.668,1.081,14.164,552.373,2.91,0.025642,living
11,B,B11,B11_00146,1.132,2.213,1.786,0.807,12.761,462.269,2.463,0.027606,living
11,B,B11,B11_00147,1.893,2.755,2.577,0.935,28.857,492.321,2.375,0.058614,living
11,B,B11,B11_00148,2.045,2.177,2.381,1.094,51.149,435.231,22.537,0.117521,dead
11,B,B11,B11_00150,1.673,3.126,2.580,0.825,47.515,369.899,2.697,0.128454,living
11,B,B11,B11_00152,1.115,1.646,1.529,0.929,33.091,467.5,2.515,0.070783,living
11,B,B11,B11_00154,1.487,2.177,2.030,0.933,23.148,385.307,3.125,0.060076,living
11,B,B11,B11_00155,0.879,2.177,1.561,0.717,43.846,424.808,27.269,0.103214,dead
11,B,B11,B11_00156,1.251,2.177,1.862,0.855,51.054,428.959,29.622,0.119018,dead
11,B,B11,B11_00157,1.724,2.044,2.118,1.036,78.392,481.206,2.539,0.162908,living
11,B,B11,B11_00159,1.876,2.001,2.186,1.093,85.243,508.459,2.189,0.16765,living
11,B,B11,B11_00160,1.42,1.903,1.855,0.975,18.738,467.952,2.333,0.040043,living
11,B,B11,B11_00161,2.501,2.177,2.633,1.209,118.953,547.851,28.662,0.217126,dead
11,B,B11,B11_00162,1.842,2.177,2.260,1.038,76.78,497.202,2.716,0.154424,living
11,B,B11,B11_00164,2.18,2.100,2.414,1.150,56.008,533.209,2.574,0.105039,living
11,B,B11,B11_00166,0.862,1.773,1.395,0.787,13.529,443.804,2.922,0.030485,living
11,B,B11,B11_00167,1.369,2.177,1.948,0.895,20.938,465.877,17.099,0.044944,dead
11,B,B11,B11_00168,1.284,2.401,1.981,0.825,16.711,448.408,2.816,0.037266,living
11,B,B11,B11_00169,2.282,1.518,2.100,1.383,12.459,489.2,2.089,0.025469,living
11,B,B11,B11_00170,2.89,1.955,2.682,1.372,37.772,715.895,2.766,0.052762,living
11,B,B11,B11_00171,1.487,2.177,2.030,0.933,28,472.091,4.693,0.059311,living
11,B,B11,B11_00172,1.876,1.770,2.056,1.162,23.991,557.856,2.631,0.043006,living
11,B,B11,B11_00177,2.772,2.422,2.924,1.207,16.573,522.866,2.646,0.031697,living
11,B,B11,B11_00178,1.572,1.790,1.893,1.057,11.903,534.774,2.505,0.022258,living
11,B,B11,B11_00180,1.893,1.973,2.181,1.105,14.679,569.911,2.589,0.025756,living
11,B,B11,B11_00181,2.129,1.759,2.184,1.241,11.571,503.817,2.198,0.022968,living
11,B,B11,B11_00183,1.724,2.513,2.349,0.935,11.559,472.137,2.373,0.024482,living
11,B,B11,B11_00184,1.977,2.757,2.634,0.956,39.291,513.342,1.889,0.076539,living
11,B,B11,B11_00185,1.301,2.465,2.021,0.820,61.377,448.909,2.74,0.136724,living
11,B,B11,B11_00186,1.251,1.948,1.761,0.904,74.635,491.649,2.446,0.151806,living
11,B,B11,B11_00187,2.011,2.087,2.312,1.108,82.908,543.983,2.017,0.152408,living
11,B,B11,B11_00188,2.129,2.429,2.566,1.056,73.373,548.452,2.476,0.133782,living
11,B,B11,B11_00189,1.234,2.177,1.849,0.850,64.178,495.178,11.753,0.129606,dead
11,B,B11,B11_00190,0.879,2.177,1.561,0.717,56.288,489.038,17.25,0.1151,dead
11,B,B11,B11_00191,1.606,2.438,2.233,0.916,30.853,529.463,2.421,0.058272,living
11,B,B11,B11_00192,1.369,1.788,1.765,0.987,72.296,512.975,2.173,0.140935,living
11,B,B11,B11_00194,1.352,2.668,2.143,0.803,44.312,467.238,2.413,0.094839,living
11,B,B11,B11_00195,2.687,1.868,2.528,1.353,68.019,621.472,2.006,0.109448,living
11,B,B11,B11_00196,2.163,2.110,2.411,1.142,45.523,615.273,2.461,0.073989,living
11,B,B11,B11_00197,2.89,1.668,2.477,1.485,60.912,533.678,2.333,0.114137,living
11,B,B11,B11_00198,1.487,2.019,1.955,0.968,81.091,535.716,2.239,0.151369,living
11,B,B11,B11_00199,2.417,2.372,2.702,1.139,28.049,487.93,2.727,0.057486,living
11,B,B11,B11_00201,1.893,1.598,1.963,1.228,68.25,695.473,3.062,0.098135,living
11,B,B11,B11_00202,2.451,2.188,2.613,1.194,15.324,529.559,2.552,0.028938,living
11,B,B11,B11_00203,2.484,2.467,2.793,1.132,64.735,584.061,2.299,0.110835,living
11,B,B11,B11_00204,1.369,1.497,1.615,1.079,61.062,611.963,2.383,0.09978,living
11,B,B11,B11_00205,2.146,3.093,2.907,0.940,45.425,518.488,2.63,0.087611,living
11,B,B11,B11_00208,1.741,1.788,1.991,1.113,53.466,619.99,2.369,0.086237,living
11,B,B11,B11_00209,1.622,1.564,1.797,1.149,54.542,651.698,2.365,0.083692,living
11,B,B11,B11_00210,1.369,1.889,1.815,0.961,26.235,554.864,2.235,0.047281,living
11,B,B11,B11_00211,2.282,1.514,2.097,1.385,26.607,561.926,2.252,0.04735,living
11,B,B11,B11_00212,2.721,2.277,2.809,1.233,45.957,702.491,2.236,0.065419,living
11,B,B11,B11_00213,1.352,2.190,1.942,0.887,12.35,570.587,2.763,0.021644,living
11,B,B11,B11_00214,1.96,2.177,2.331,1.071,22.241,632.147,14.155,0.035184,dead
11,B,B11,B11_00215,2.096,2.532,2.599,1.027,14.306,529.105,2.484,0.027039,living
11,B,B11,B11_00217,0.828,1.890,1.412,0.747,12.959,497.816,2.429,0.026032,living
11,B,B11,B11_00218,1.132,1.972,1.686,0.855,11.552,537.209,2.582,0.021504,living
11,B,B11,B11_00220,1.369,2.471,2.075,0.840,31.198,421.309,2.395,0.074049,living
11,B,B11,B11_00222,2.349,2.516,2.743,1.090,60.871,477.871,2.561,0.127379,living
11,B,B11,B11_00223,1.859,2.348,2.357,1.004,32.182,438.355,2.564,0.073415,living
11,B,B11,B11_00224,2.603,2.782,3.036,1.091,59.058,440.422,2.786,0.134095,living
11,B,B11,B11_00225,1.758,1.529,1.850,1.210,87.317,547.596,2.5,0.159456,living
11,B,B11,B11_00226,1.149,1.539,1.500,0.975,75.176,448.912,2.162,0.167464,living
11,B,B11,B11_00228,1.758,2.177,2.207,1.014,53.952,490.769,21.798,0.109933,dead
11,B,B11,B11_00229,2.653,2.518,2.916,1.158,27.083,525.312,2.07,0.051556,living
11,B,B11,B11_00230,2.603,1.856,2.480,1.336,110.416,684.903,2.325,0.161214,living
11,B,B11,B11_00231,2.146,2.177,2.439,1.120,36.543,494.37,14.929,0.073919,dead
11,B,B11,B11_00232,1.335,2.962,2.244,0.758,42.747,413.911,2.329,0.103275,living
11,B,B11,B11_00233,0.896,2.841,1.800,0.634,32.453,381.981,2.019,0.084959,living
11,B,B11,B11_00234,1.944,2.685,2.578,0.960,41.913,463.722,2.47,0.090384,living
11,B,B11,B11_00235,1.403,1.676,1.730,1.032,47.422,473.241,2.831,0.100206,living
11,B,B11,B11_00236,1.69,1.814,1.976,1.089,82.62,491.47,2.76,0.168108,living
11,B,B11,B11_00237,1.808,1.858,2.068,1.113,81.645,522.196,2.019,0.156349,living
11,B,B11,B11_00238,2.552,2.305,2.737,1.187,45.252,514.921,2.576,0.087881,living
11,B,B11,B11_00239,1.893,2.220,2.313,1.042,17.402,509.509,2.107,0.034154,living
11,B,B11,B11_00240,0.946,2.012,1.557,0.774,11.393,425.446,2.357,0.026779,living
11,B,B11,B11_00241,1.927,2.177,2.311,1.062,27.518,513.833,22.737,0.053553,dead
11,B,B11,B11_00243,1.318,2.177,1.911,0.878,17.615,480.897,6.321,0.03663,dead
11,B,B11,B11_00246,1.183,2.694,2.014,0.748,50.686,503.529,2.071,0.100661,living
11,B,B11,B11_00247,1.622,2.073,2.069,0.998,82.875,553.198,2.729,0.149811,living
11,B,B11,B11_00248,2.062,2.556,2.590,1.013,22.582,454.139,2.566,0.049725,living
11,B,B11,B11_00249,1.082,1.805,1.577,0.874,54.281,548.625,2.297,0.098941,living
11,B,B11,B11_00251,2.113,2.177,2.420,1.112,68.648,492.912,18.2,0.13927,dead
11,B,B11,B11_00252,1.031,2.213,1.704,0.770,96.262,489.705,1.836,0.196572,living
11,B,B11,B11_00254,2.332,1.948,2.405,1.235,119.471,729,2.21,0.163883,living
11,B,B11,B11_00255,1.048,1.938,1.608,0.830,61.339,559.694,2.097,0.109593,living
11,B,B11,B11_00256,1.335,1.408,1.547,1.099,69.722,561.418,2.253,0.124188,living
11,B,B11,B11_00257,1.589,2.046,2.035,0.994,34.862,606.723,2.628,0.057459,living
11,B,B11,B11_00259,1.403,2.921,2.284,0.782,52.482,530.892,1.795,0.098856,living
11,B,B11,B11_00260,1.758,1.865,2.043,1.096,33.923,637.875,2.337,0.053181,living
11,B,B11,B11_00261,1.437,3.152,2.401,0.762,14.259,503.035,2.588,0.028346,living
11,B,B11,B11_00262,2.282,2.488,2.689,1.081,39.2,661.341,2.748,0.059274,living
11,B,B11,B11_00263,2.958,2.177,2.863,1.315,62.366,790.806,23.291,0.078864,dead
11,B,B11,B11_00264,0.946,2.177,1.619,0.744,35.75,518.411,54.768,0.068961,dead
11,B,B11,B11_00265,0.98,2.177,1.648,0.757,34,582.345,20.397,0.058385,dead
11,B,B11,B11_00266,1.859,2.177,2.270,1.043,25.482,607.436,2.7,0.04195,living
11,B,B11,B11_00267,1.301,2.090,1.861,0.890,18.831,600.558,2.701,0.031356,living
11,B,B11,B11_00269,1.825,2.848,2.573,0.903,13.12,589.704,2.12,0.022249,living
11,B,B11,B11_00271,2.079,2.403,2.522,1.050,75.642,555.537,2.764,0.136161,living
11,B,B11,B11_00272,2.298,2.157,2.512,1.165,59.794,465.743,2.147,0.128384,living
11,B,B11,B11_00273,1.149,1.931,1.681,0.870,63.647,472.294,2.044,0.134761,living
11,B,B11,B11_00275,2.265,2.594,2.735,1.054,48.396,489.045,2.127,0.098959,living
11,B,B11,B11_00276,2.535,1.821,2.424,1.331,97.94,675.553,2.313,0.144977,living
11,B,B11,B11_00278,2.67,3.116,3.255,1.045,97.829,510.778,2.272,0.191529,living
11,B,B11,B11_00282,1.268,1.846,1.726,0.935,84.813,512.04,2.293,0.165638,living
11,B,B11,B11_00283,1.268,1.755,1.683,0.959,98.453,522.773,2.4,0.188329,living
11,B,B11,B11_00285,1.639,2.177,2.131,0.979,76.835,464.907,23.351,0.16527,dead
11,B,B11,B11_00288,0.862,2.177,1.546,0.710,43.588,479.882,43.804,0.090831,dead
11,B,B11,B11_00289,2.197,2.177,2.468,1.134,76.323,575.777,2.323,0.132557,living
11,B,B11,B11_00290,2.873,2.325,2.916,1.254,34.335,658.188,2.359,0.052166,living
11,B,B11,B11_00291,0.862,1.907,1.447,0.759,20.275,515.647,2.137,0.039319,living
11,B,B11,B11_00292,2.315,1.645,2.202,1.339,27.825,580.146,2.401,0.047962,living
11,B,B11,B11_00293,1.301,2.749,2.134,0.776,21.571,506.714,2.779,0.042571,living
11,B,B11,B11_00294,1.994,2.549,2.544,0.998,23.703,573.763,2.763,0.041312,living
11,B,B11,B11_00295,1.538,1.676,1.812,1.081,25.319,559.418,2.615,0.045259,living
11,B,B11,B11_00296,1.014,2.177,1.676,0.770,19.367,502.65,19.05,0.038529,dead
11,B,B11,B11_00297,1.065,2.177,1.718,0.789,20.889,508.857,18.46,0.041051,dead
11,B,B11,B11_00298,1.622,2.177,2.120,0.974,22.125,570.99,26.354,0.038749,dead
11,B,B11,B11_00299,1.538,1.872,1.915,1.023,13.857,563.297,2.385,0.0246,living
11,B,B11,B11_00300,1.115,2.105,1.729,0.821,13.955,483.242,2.03,0.028877,living
11,B,B11,B11_00303,1.284,1.678,1.656,0.987,15.211,567.763,2.566,0.02679,living
11,B,B11,B11_00304,1.842,2.220,2.282,1.028,16.752,463.826,2.358,0.036118,living
11,B,B11,B11_00305,1.741,1.948,2.078,1.067,82.282,506.34,2.495,0.162503,living
11,B,B11,B11_00307,1.099,2.537,1.884,0.743,23,463.108,2.446,0.049664,living
11,B,B11,B11_00308,2.755,2.893,3.186,1.101,72.859,524.883,2.626,0.13881,living
11,B,B11,B11_00309,2.214,2.219,2.501,1.127,53.924,505.214,2.26,0.106734,living
11,B,B11,B11_00311,1.437,2.396,2.094,0.874,85.635,465.647,2.447,0.183906,living
11,B,B11,B11_00312,2.941,2.168,2.849,1.314,101.345,592.379,2.368,0.171081,living
11,B,B11,B11_00314,2.839,2.082,2.743,1.318,82.256,586.125,2.536,0.140339,living
11,B,B11,B11_00315,1.065,2.177,1.718,0.789,20.397,472.952,33.46,0.043127,dead
11,B,B11,B11_00316,1.234,2.177,1.849,0.850,69.712,480.123,13,0.145197,dead
11,B,B11,B11_00317,2.755,2.131,2.734,1.283,92.104,641.571,2.043,0.143561,living
11,B,B11,B11_00319,2.856,1.670,2.464,1.476,15.527,727.432,2.491,0.021344,living
11,B,B11,B11_00320,2.163,2.177,2.449,1.125,62.375,568.367,5.352,0.109744,dead
11,B,B11,B11_00323,2.079,2.138,2.379,1.113,70.146,603.528,2.407,0.116227,living
11,B,B11,B11_00324,1.639,1.884,1.983,1.052,75.082,555.134,2.639,0.135251,living
11,B,B11,B11_00326,1.538,1.779,1.866,1.049,43.736,512.538,2.56,0.085333,living
11,B,B11,B11_00328,2.045,2.411,2.506,1.039,54.091,564.132,2.496,0.095883,living
11,B,B11,B11_00329,2.366,2.071,2.498,1.206,63.021,616.55,2.821,0.102216,living
11,B,B11,B11_00330,1.656,1.975,2.041,1.033,33.01,569.592,2.347,0.057954,living
11,B,B11,B11_00331,1.707,3.006,2.556,0.850,32.525,513.634,2.634,0.063323,living
11,B,B11,B11_00333,2.434,2.086,2.543,1.219,56.389,665.042,2.368,0.08479,living
11,B,B11,B11_00334,1.47,1.986,1.928,0.971,14.989,578.356,2.471,0.025916,living
11,B,B11,B11_00335,1.42,1.967,1.886,0.959,24.345,563.595,2.155,0.043196,living
11,B,B11,B11_00339,1.91,2.177,2.301,1.057,29.23,621.327,2.779,0.047045,living
11,B,B11,B11_00341,1.2,2.177,1.824,0.838,13.887,491.197,22.38,0.028272,dead
11,B,B11,B11_00342,1.166,2.177,1.798,0.826,16.754,527.478,14.507,0.031762,dead
11,B,B11,B11_00343,1.521,1.788,1.861,1.041,12.1,599.867,2.356,0.020171,living
11,B,B11,B11_00345,1.115,1.901,1.643,0.864,83.424,506.318,2.212,0.164766,living
11,B,B11,B11_00346,1.386,2.011,1.884,0.937,40.366,539.195,2.878,0.074863,living
11,B,B11,B11_00348,2.467,2.177,2.615,1.201,94.521,522.473,6.904,0.18091,dead
11,B,B11,B11_00349,1.403,1.885,1.835,0.973,82.361,535.699,2.024,0.153746,living
11,B,B11,B11_00351,1.859,2.177,2.270,1.043,25.373,558.682,3.527,0.045415,living
11,B,B11,B11_00352,2.265,2.204,2.521,1.144,90.47,609.791,2.41,0.148363,living
11,B,B11,B11_00353,1.453,1.726,1.787,1.035,62.012,580.047,2.547,0.106908,living
11,B,B11,B11_00354,2.332,3.009,2.989,0.993,36.145,559.261,2.63,0.06463,living
11,B,B11,B11_00355,0.93,2.090,1.573,0.753,43.618,513.582,2.218,0.084929,living
11,B,B11,B11_00356,1.893,2.130,2.266,1.064,45.411,606.205,2.295,0.07491,living
11,B,B11,B11_00357,1.775,2.256,2.258,1.001,39.914,585.933,2.457,0.068121,living
11,B,B11,B11_00358,1.977,2.177,2.341,1.075,26.641,523.615,9.41,0.050879,dead
11,B,B11,B11_00359,2.079,2.490,2.567,1.031,34.87,594.081,2.691,0.058696,living
11,B,B11,B11_00360,1.403,1.666,1.725,1.035,13,578.747,2.349,0.022462,living
11,B,B11,B11_00361,1.96,1.937,2.199,1.135,15.043,610.112,2.69,0.024656,living
11,B,B11,B11_00365,1.555,1.787,1.881,1.053,21.152,616.424,2.891,0.034314,living
11,B,B11,B11_00368,1.555,2.159,2.068,0.958,20.63,481.402,2.228,0.042855,living
11,B,B11,B11_00369,0.913,2.793,1.802,0.645,40.981,404.444,2.296,0.101328,living
11,B,B11,B11_00370,1.301,1.643,1.650,1.004,70.727,489.597,2.571,0.14446,living
11,B,B11,B11_00371,1.91,1.942,2.173,1.119,57.973,494.354,2.168,0.117271,living
11,B,B11,B11_00372,1.082,1.817,1.582,0.871,71.375,440.047,2.219,0.162199,living
11,B,B11,B11_00373,2.045,1.801,2.166,1.202,80.372,595.116,2.719,0.135053,living
11,B,B11,B11_00374,1.91,2.827,2.622,0.927,64.814,458.655,2.442,0.141314,living
11,B,B11,B11_00375,1.775,2.177,2.218,1.019,95.219,467.676,28.524,0.2036,dead
11,B,B11,B11_00376,2.772,2.117,2.733,1.291,110.323,544.732,2.47,0.202528,living
11,B,B11,B11_00377,1.487,2.177,2.030,0.933,67.455,466.341,9.307,0.144646,dead
11,B,B11,B11_00378,2.383,1.845,2.366,1.282,84.95,601.865,2.191,0.141145,living
11,B,B11,B11_00379,1.369,2.177,1.948,0.895,18.877,481.58,52.074,0.039197,dead
11,B,B11,B11_00380,2.721,2.177,2.746,1.262,53.528,582.72,2.429,0.091859,living
11,B,B11,B11_00381,1.42,3.198,2.405,0.752,28.31,434.631,2.167,0.065135,living
11,B,B11,B11_00382,1.166,1.877,1.669,0.889,37.565,461.435,2.652,0.08141,living
11,B,B11,B11_00383,2.89,2.768,3.191,1.153,61.468,539.205,2.661,0.113997,living
11,B,B11,B11_00384,1.758,1.470,1.814,1.234,45.269,557.154,2.75,0.081251,living
11,B,B11,B11_00385,1.724,1.669,1.914,1.147,42.716,557.48,2.02,0.076623,living
11,B,B11,B11_00386,1.284,2.186,1.890,0.865,29.842,454.776,2.724,0.065619,living
11,B,B11,B11_00388,1.268,2.177,1.875,0.861,37.96,518.827,29.093,0.073165,dead
11,B,B11,B11_00389,1.2,2.177,1.824,0.838,23.972,475.873,69.761,0.050374,dead
11,B,B11,B11_00390,2.231,2.176,2.486,1.143,32.227,601.386,2.606,0.053588,living
11,B,B11,B11_00391,1.166,1.660,1.570,0.946,17.957,534.725,1.812,0.033581,living
11,B,B11,B11_00392,1.758,1.779,1.996,1.122,14.5,587.933,2.365,0.024663,living
11,B,B11,B11_00393,2.18,1.876,2.282,1.216,10.915,639.581,2.481,0.017065,living
11,B,B11,B11_00394,2.298,1.634,2.187,1.338,37.956,567.353,2.824,0.0669,living
11,B,B11,B11_00395,1.352,1.746,1.734,0.993,50.487,416.262,2.35,0.121288,living
11,B,B11,B11_00396,1.724,1.721,1.944,1.129,66.059,418.147,2.275,0.15798,living
11,B,B11,B11_00397,1.082,2.177,1.732,0.796,50.953,347.578,47.297,0.146595,dead
11,B,B11,B11_00398,2.991,2.197,2.893,1.317,66.384,507.175,2.113,0.13089,living
11,B,B11,B11_00399,2.501,2.658,2.909,1.095,79.358,433.439,2.142,0.183089,living
11,B,B11,B11_00400,2.18,2.412,2.587,1.073,24.961,479.667,2.202,0.052039,living
11,B,B11,B11_00401,2.704,2.248,2.782,1.238,52.869,479.6,2.25,0.110235,living
11,B,B11,B11_00402,2.704,2.792,3.100,1.110,70.45,438.694,2.269,0.16059,living
11,B,B11,B11_00403,1.065,2.177,1.718,0.789,36.619,398.254,55.429,0.091949,dead
11,B,B11,B11_00405,2.282,2.022,2.424,1.199,49,497.526,2.474,0.098487,living
11,B,B11,B11_00406,1.521,1.904,1.920,1.009,20.356,434.633,2.011,0.046834,living
11,B,B11,B11_00410,2.789,1.941,2.625,1.353,21.485,617.012,2.467,0.034821,living
11,B,B11,B11_00411,2.079,1.597,2.056,1.287,26.317,575.398,2.748,0.045737,living
11,B,B11,B11_00412,1.2,2.128,1.803,0.847,15.282,413.62,2.028,0.036946,living
11,B,B11,B11_00416,1.2,1.482,1.505,1.015,15.549,509.592,2.437,0.030513,living
11,B,B11,B11_00417,1.707,2.524,2.342,0.928,12.653,430.267,2.594,0.029408,living
11,B,B11,B11_00421,1.69,2.037,2.094,1.028,11.4,479.34,2.38,0.023783,living
11,B,B11,B11_00422,1.791,2.283,2.282,0.999,81.396,549.255,2.538,0.148194,living
11,B,B11,B11_00423,0.862,1.962,1.467,0.748,18.647,506.137,2.373,0.036842,living
11,B,B11,B11_00425,2.67,2.286,2.788,1.219,17.259,584.804,2.544,0.029513,living
11,B,B11,B11_00426,1.234,1.567,1.569,1.001,84.89,529.452,2.342,0.160336,living
11,B,B11,B11_00427,1.268,2.199,1.884,0.857,73.307,530.52,2.48,0.138179,living
11,B,B11,B11_00428,1.318,1.694,1.686,0.995,55.397,527.397,2.731,0.105039,living
11,B,B11,B11_00429,1.47,1.909,1.890,0.990,22.517,572.92,2.483,0.039303,living
11,B,B11,B11_00431,2.451,2.509,2.798,1.115,56.786,645.71,2.179,0.087944,living
11,B,B11,B11_00432,2.129,2.493,2.600,1.043,74.286,554.984,2.452,0.133852,living
11,B,B11,B11_00433,2.062,2.006,2.295,1.144,80.82,595.189,2.779,0.135788,living
11,B,B11,B11_00434,1.048,1.729,1.519,0.878,34.145,579.855,2.339,0.058886,living
11,B,B11,B11_00435,2.332,2.928,2.949,1.007,85.261,579.681,2.5,0.147082,living
11,B,B11,B11_00436,2.349,2.280,2.611,1.145,82,656.734,2.597,0.12486,living
11,B,B11,B11_00438,2.434,2.488,2.777,1.116,36.271,631.306,2.389,0.057454,living
11,B,B11,B11_00439,1.386,1.855,1.809,0.975,27.451,575.378,3.341,0.04771,living
11,B,B11,B11_00440,1.791,2.177,2.228,1.023,20.594,551.453,51.67,0.037346,dead
11,B,B11,B11_00441,1.775,2.566,2.408,0.938,40.41,591.248,2.905,0.068346,living
11,B,B11,B11_00442,1.673,2.513,2.314,0.921,20.051,607.192,2.626,0.033022,living
11,B,B11,B11_00443,1.369,2.318,2.010,0.867,17.21,562.37,2.37,0.030602,living
11,B,B11,B11_00445,1.251,1.850,1.717,0.928,11.892,610.392,2.473,0.019482,living
11,B,B11,B11_00446,1.724,1.865,2.023,1.085,55.559,462.294,2.539,0.120181,living
11,B,B11,B11_00448,1.656,2.217,2.162,0.975,83.816,485.49,2.827,0.172643,living
11,B,B11,B11_00450,1.504,1.930,1.922,0.996,30.899,509.82,2.404,0.060607,living
11,B,B11,B11_00451,1.69,2.177,2.164,0.994,77.36,445.72,6.94,0.173562,dead
11,B,B11,B11_00452,1.555,1.614,1.788,1.108,99.272,568.435,2.304,0.174641,living
11,B,B11,B11_00453,1.386,1.782,1.773,0.995,55.329,569.598,3.134,0.097137,living
11,B,B11,B11_00455,2.129,2.362,2.530,1.071,48.913,525.698,2.278,0.093043,living
11,B,B11,B11_00456,2.856,2.024,2.713,1.340,122.148,718.692,2.183,0.169959,living
11,B,B11,B11_00457,1.741,2.490,2.349,0.944,65.34,501.398,2.621,0.130315,living
11,B,B11,B11_00458,1.268,2.223,1.894,0.852,36,538.973,2.587,0.066794,living
11,B,B11,B11_00459,1.284,2.268,1.926,0.849,19.25,493.539,2.092,0.039004,living
11,B,B11,B11_00460,2.721,1.935,2.589,1.338,77.081,706.037,2.093,0.109174,living
11,B,B11,B11_00461,2.315,2.277,2.591,1.138,79.803,573.401,2.693,0.139175,living
11,B,B11,B11_00462,1.487,1.843,1.868,1.014,38.523,536.432,2.25,0.071813,living
11,B,B11,B11_00463,1.606,1.918,1.980,1.033,68.937,538.547,2.189,0.128005,living
11,B,B11,B11_00464,2.974,2.284,2.941,1.288,86.983,648.92,2.369,0.134043,living
11,B,B11,B11_00465,2.282,2.177,2.515,1.155,46.896,522.363,2.741,0.089777,living
11,B,B11,B11_00466,2.569,2.408,2.807,1.165,89.053,576.862,2.579,0.154374,living
11,B,B11,B11_00468,2.822,2.598,3.055,1.176,106.677,595.401,2.551,0.179168,living
11,B,B11,B11_00469,1.335,1.641,1.670,1.018,64.924,525.152,2.266,0.123629,living
11,B,B11,B11_00470,2.467,1.726,2.328,1.349,99.308,642.637,2.568,0.154532,living
11,B,B11,B11_00471,2.045,2.882,2.739,0.951,36.372,495.562,2.537,0.073395,living
11,B,B11,B11_00472,2.315,1.727,2.256,1.306,47.942,562.197,2.299,0.085275,living
11,B,B11,B11_00473,2.451,2.177,2.606,1.197,80.697,648.083,2.972,0.124516,living
11,B,B11,B11_00474,1.031,1.680,1.485,0.884,23.607,520.18,2.082,0.045381,living
11,B,B11,B11_00475,1.876,1.518,1.904,1.254,23.414,595.703,2.135,0.039306,living
11,B,B11,B11_00476,1.284,1.570,1.602,1.020,22.632,533.237,2.329,0.042442,living
11,B,B11,B11_00477,1.352,1.772,1.747,0.986,36.388,542.725,2.413,0.067046,living
11,B,B11,B11_00478,0.879,2.177,1.561,0.717,27.692,490.942,44.788,0.056406,dead
11,B,B11,B11_00479,1.555,2.036,2.008,0.986,14.033,562.543,2.63,0.024945,living
11,B,B11,B11_00480,1.318,2.177,1.911,0.878,26.051,477.218,22.295,0.05459,dead
11,B,B11,B11_00482,1.335,1.712,1.706,0.996,25.797,544.43,2.19,0.047384,living
11,B,B11,B11_00483,1.42,1.945,1.875,0.964,20.667,528.881,2.012,0.039076,living
11,B,B11,B11_00484,1.47,2.751,2.269,0.825,12.414,498.322,2.195,0.024911,living
11,B,B11,B11_00488,1.572,1.685,1.836,1.090,40.591,460.312,2.516,0.088182,living
11,B,B11,B11_00489,1.47,1.774,1.822,1.027,61.356,387.322,2.494,0.158412,living
11,B,B11,B11_00490,2.18,2.283,2.517,1.103,39.845,410.93,2.713,0.096963,living
11,B,B11,B11_00491,1.825,2.721,2.514,0.924,45.102,388,2.519,0.116242,living
11,B,B11,B11_00492,1.825,2.108,2.213,1.050,72.093,415.231,2.583,0.17362,living
11,B,B11,B11_00493,2.417,2.153,2.574,1.196,19.699,483.161,2.636,0.040772,living
11,B,B11,B11_00494,1.977,1.711,2.075,1.213,76.615,491.923,2.342,0.155747,living
11,B,B11,B11_00495,2.839,2.064,2.731,1.323,87.131,516.762,2.655,0.168609,living
11,B,B11,B11_00496,1.352,2.301,1.990,0.865,22.488,394.962,2.475,0.056936,living
11,B,B11,B11_00497,2.873,2.526,3.040,1.203,40.976,466.447,2.665,0.087848,living
11,B,B11,B11_00498,2.129,2.286,2.489,1.089,68.214,438.579,2.778,0.155535,living
11,B,B11,B11_00499,0.913,2.177,1.591,0.731,15.296,359.278,48.574,0.042575,dead
11,B,B11,B11_00500,1.335,1.677,1.688,1.007,36.443,424,2.709,0.085951,living
11,B,B11,B11_00501,1.893,1.528,1.919,1.256,49.161,571.223,2.223,0.086062,living
11,B,B11,B11_00502,1.048,2.220,1.721,0.775,31.468,377.242,2.21,0.083415,living
11,B,B11,B11_00503,1.741,1.509,1.829,1.212,69.301,481.117,2.456,0.144042,living
11,B,B11,B11_00505,1.673,1.728,1.919,1.110,44.202,495.97,2.081,0.089122,living
11,B,B11,B11_00506,1.521,2.526,2.212,0.876,14.5,381.533,2.3,0.038005,living
11,B,B11,B11_00507,2.332,2.934,2.952,1.006,17.261,443.109,2.464,0.038954,living
11,B,B11,B11_00508,2.011,2.119,2.329,1.099,33,486.143,2.429,0.067881,living
11,B,B11,B11_00509,1.521,1.791,1.862,1.040,25.433,446.056,2.789,0.057018,living
11,B,B11,B11_00510,1.859,2.177,2.270,1.043,26.909,442.573,47.555,0.060802,dead
11,B,B11,B11_00511,1.876,1.883,2.121,1.126,41.108,507.838,2.342,0.080947,living
11,B,B11,B11_00512,2.096,2.234,2.442,1.093,13.726,445.685,2.298,0.030797,living
11,B,B11,B11_00513,2.839,2.381,2.934,1.232,20.482,486.143,2.512,0.042132,living
11,B,B11,B11_00514,2.163,1.715,2.173,1.267,13.625,503.367,2.164,0.027068,living
11,B,B11,B11_00515,2.501,2.464,2.801,1.137,22.682,474.811,2.541,0.047772,living
11,B,B11,B11_00516,1.673,3.158,2.594,0.821,14.071,394.859,2.717,0.035635,living
11,B,B11,B11_00517,2.18,1.891,2.291,1.212,18.829,518.233,2.364,0.036334,living
11,B,B11,B11_00518,1.707,2.177,2.175,0.999,13.257,436.673,17.584,0.03036,dead
11,B,B11,B11_00519,1.538,1.910,1.934,1.013,11.934,452.593,2.418,0.026368,living
11,B,B11,B11_00521,2.096,2.177,2.410,1.107,65.29,530.839,2.484,0.122995,living
11,B,B11,B11_00522,0.862,2.177,1.546,0.710,22.98,455.647,3.196,0.050435,living
11,B,B11,B11_00523,2.113,2.177,2.420,1.112,75.928,538.248,2.064,0.141065,living
11,B,B11,B11_00524,2.467,2.177,2.615,1.201,80.664,483.349,2.61,0.166886,living
11,B,B11,B11_00525,1.842,2.177,2.260,1.038,29.459,525.064,2.202,0.056105,living
11,B,B11,B11_00526,2.146,2.177,2.439,1.120,86.11,614.047,2.354,0.140234,living
11,B,B11,B11_00527,1.656,2.177,2.142,0.984,50.643,458.265,2.276,0.11051,living
11,B,B11,B11_00528,1.301,2.177,1.899,0.872,21.532,482.403,2.818,0.044636,living
11,B,B11,B11_00529,2.113,2.177,2.420,1.112,96.832,534.328,2.736,0.181222,living
11,B,B11,B11_00530,2.096,2.177,2.410,1.107,35.25,572.056,2.669,0.06162,living
11,B,B11,B11_00531,1.994,2.177,2.351,1.080,86.144,555.449,2.161,0.155089,living
11,B,B11,B11_00532,1.301,2.177,1.899,0.872,26.26,507.221,2.364,0.051772,living
11,B,B11,B11_00533,1.572,2.177,2.087,0.959,92.86,520.097,2.806,0.178544,living
11,B,B11,B11_00534,1.014,2.177,1.676,0.770,41.383,475.017,2.533,0.08712,living
11,B,B11,B11_00535,1.741,2.177,2.197,1.009,43.757,513.155,2.553,0.085271,living
11,B,B11,B11_00536,2.113,2.177,2.420,1.112,89.92,546.432,2.496,0.164558,living
11,B,B11,B11_00537,2.755,2.177,2.763,1.269,73.282,598.656,2.485,0.122411,living
11,B,B11,B11_00538,1.504,2.177,2.042,0.938,68.719,449.022,2.416,0.153042,living
11,B,B11,B11_00539,2.755,2.177,2.763,1.269,60.086,606.448,2.62,0.099078,living
11,B,B11,B11_00540,2.653,2.177,2.712,1.246,23.408,551.841,2.968,0.042417,living
11,B,B11,B11_00541,0.828,2.177,1.515,0.696,10.878,470.918,2.449,0.023099,living
11,B,B11,B11_00543,2.282,2.177,2.515,1.155,58.244,490.326,15.119,0.118787,dead
11,B,B11,B11_00544,1.707,2.192,2.183,0.996,77.475,471.624,2.218,0.164273,living
11,B,B11,B11_00545,1.487,2.177,2.030,0.933,29.261,498.239,31.273,0.05873,dead
11,B,B11,B11_00546,1.859,1.912,2.127,1.113,74.245,384.182,2.682,0.193256,living
11,B,B11,B11_00547,2.129,2.731,2.721,0.996,39.421,518.278,2.175,0.076061,living
11,B,B11,B11_00548,2.265,2.177,2.506,1.151,30.821,489.142,4.933,0.06301,living
11,B,B11,B11_00550,2.467,2.399,2.745,1.144,75.007,506.733,2.61,0.14802,living
11,B,B11,B11_00551,2.062,2.102,2.349,1.118,89.557,537.943,2.156,0.166481,living
11,B,B11,B11_00552,1.572,1.779,1.887,1.061,77.118,462.118,2.72,0.16688,living
11,B,B11,B11_00553,1.656,2.065,2.087,1.010,21.184,533.776,2.622,0.039686,living
11,B,B11,B11_00555,0.946,3.183,1.958,0.615,62.536,388.411,2.768,0.161004,living
11,B,B11,B11_00558,1.741,1.880,2.041,1.086,27.049,570.932,2.408,0.047376,living
11,B,B11,B11_00560,2.079,1.637,2.082,1.272,29.593,536.293,2.195,0.055182,living
11,B,B11,B11_00561,2.045,2.537,2.570,1.013,25.339,515.975,2.347,0.049109,living
11,B,B11,B11_00562,1.335,2.496,2.060,0.825,15.962,460.62,3.114,0.034653,living
11,B,B11,B11_00563,0.862,2.521,1.663,0.660,13.549,446.725,2.686,0.03033,living
11,B,B11,B11_00564,1.47,2.177,2.019,0.927,22.862,494.195,34.874,0.046261,dead
11,B,B11,B11_00566,1.048,1.831,1.563,0.854,23.855,448.597,2.226,0.053177,living
11,B,B11,B11_00569,2.366,1.887,2.384,1.264,37.471,572.229,2.357,0.065483,living
11,B,B11,B11_00570,1.96,3.140,2.799,0.891,34.052,454.543,2.345,0.074914,living
11,B,B11,B11_00571,1.352,2.026,1.868,0.922,77.562,427.55,2.638,0.181412,living
11,B,B11,B11_00572,1.335,1.629,1.664,1.021,47.354,508.506,2.228,0.093125,living
11,B,B11,B11_00573,2.484,2.647,2.893,1.093,91.224,500.748,2.395,0.182176,living
11,B,B11,B11_00574,1.622,1.796,1.926,1.072,85.229,500.667,2.708,0.170231,living
11,B,B11,B11_00575,1.082,2.177,1.732,0.796,27.203,451.172,7.234,0.060294,dead
11,B,B11,B11_00576,2.822,1.860,2.585,1.390,28.557,568.102,2.509,0.050267,living
11,B,B11,B11_00577,1.656,2.177,2.142,0.984,77.378,441.939,39.133,0.175087,dead
11,B,B11,B11_00578,1.268,2.177,1.875,0.861,49.16,435.133,12.92,0.112977,dead
11,B,B11,B11_00579,2.146,1.653,2.125,1.286,64.441,555.567,2.283,0.115991,living
11,B,B11,B11_00580,1.369,2.762,2.194,0.794,47.679,408.691,1.778,0.116663,living
11,B,B11,B11_00581,1.741,2.035,2.124,1.044,18.049,549.757,3.039,0.03283,living
11,B,B11,B11_00582,1.622,2.177,2.120,0.974,59.823,541.479,23.938,0.110481,dead
11,B,B11,B11_00583,2.349,1.668,2.234,1.339,26.835,596.252,2.259,0.045005,living
11,B,B11,B11_00584,1.622,1.897,1.979,1.043,25.667,494.583,2.604,0.051896,living
11,B,B11,B11_00585,2.856,2.394,2.951,1.232,32.195,546.509,2.337,0.058911,living
11,B,B11,B11_00586,2.163,2.177,2.449,1.125,23.516,459.281,19.734,0.051201,dead
11,B,B11,B11_00587,1.132,1.962,1.682,0.857,14.552,476.761,2.134,0.030523,living
11,B,B11,B11_00589,1.707,2.159,2.166,1.003,11.158,502.832,1.772,0.022191,living
11,B,B11,B11_00591,1.791,2.185,2.232,1.022,14.085,524.981,3.019,0.026829,living
11,B,B11,B11_00594,2.096,2.177,2.410,1.107,67.992,450.847,3.306,0.150809,living
11,B,B11,B11_00596,2.67,2.248,2.764,1.230,97.323,522.12,2.443,0.186399,living
11,B,B11,B11_00599,1.69,2.177,2.164,0.994,89.88,468.13,11.99,0.191998,dead
11,B,B11,B11_00600,2.586,2.475,2.855,1.153,29.327,526.745,2.19,0.055676,living
11,B,B11,B11_00601,1.352,2.006,1.858,0.926,31.225,424.788,2.775,0.073507,living
11,B,B11,B11_00602,1.149,2.271,1.823,0.803,54.559,394.912,2.235,0.138154,living
11,B,B11,B11_00603,1.082,2.004,1.662,0.829,27.562,441.25,2.969,0.062465,living
11,B,B11,B11_00605,1.369,2.177,1.948,0.895,18.531,441.198,7.802,0.042001,dead
11,B,B11,B11_00606,2.298,1.753,2.265,1.292,85.096,606.684,1.757,0.140263,living
11,B,B11,B11_00607,2.079,1.639,2.083,1.271,29.057,536.049,2.667,0.054206,living
11,B,B11,B11_00608,0.98,1.552,1.392,0.897,18.914,466.586,3.328,0.040537,living
11,B,B11,B11_00609,2.755,2.262,2.817,1.245,41.558,619.129,2.528,0.067124,living
11,B,B11,B11_00610,1.656,2.177,2.142,0.984,18.469,499.663,3.112,0.036964,living
11,B,B11,B11_00611,2.028,1.881,2.204,1.172,11.117,459.525,2.617,0.024192,living
11,B,B11,B11_00612,2.18,2.196,2.469,1.124,18.736,470.178,2.527,0.03985,living
11,B,B11,B11_00613,1.318,1.717,1.697,0.989,31.397,487.756,2.564,0.064371,living
11,B,B11,B11_00614,1.791,1.808,2.030,1.123,37.415,559.274,2.462,0.066899,living
11,B,B11,B11_00615,1.893,1.534,1.923,1.253,19.161,500.955,2.321,0.038248,living
11,B,B11,B11_00616,2.958,1.978,2.729,1.380,30.371,670.697,2.149,0.045283,living
11,B,B11,B11_00617,1.91,1.808,2.097,1.160,23.398,550.531,2.85,0.042501,living
11,B,B11,B11_00619,2.366,2.059,2.491,1.210,12.7,500.45,2.65,0.025377,living
11,B,B11,B11_00620,1.69,2.177,2.164,0.994,12.72,476.46,3.39,0.026697,living
11,B,B11,B11_00621,2.231,1.550,2.098,1.354,20.924,587.841,2.197,0.035595,living
11,B,B11,B11_00625,2.028,2.544,2.563,1.007,44.242,547.95,2.567,0.08074,living
11,B,B11,B11_00626,1.42,1.779,1.793,1.008,80.905,518.071,2.893,0.156165,living
11,B,B11,B11_00629,1.91,2.254,2.341,1.039,70.23,556.469,2.08,0.126207,living
11,B,B11,B11_00630,2.822,2.030,2.701,1.330,96.796,523.473,2.365,0.184912,living
11,B,B11,B11_00633,1.437,2.177,1.996,0.917,104.741,589.235,9.776,0.177758,dead
11,B,B11,B11_00634,0.896,2.570,1.712,0.666,32.208,470.34,2.113,0.068477,living
11,B,B11,B11_00635,1.91,2.355,2.393,1.016,29.221,555.044,2.593,0.052647,living
11,B,B11,B11_00637,2.907,3.025,3.346,1.106,24.134,565.401,2.442,0.042684,living
11,B,B11,B11_00638,1.69,1.451,1.767,1.218,23.17,616.23,2.69,0.0376,living
11,B,B11,B11_00640,2.569,2.347,2.771,1.181,94.974,597.414,2.461,0.158975,living
11,B,B11,B11_00641,1.606,1.859,1.950,1.049,31.368,604.221,2.516,0.051915,living
11,B,B11,B11_00642,1.082,2.177,1.732,0.796,25.906,550.406,4.875,0.047068,living
11,B,B11,B11_00643,2.535,2.610,2.902,1.112,70.413,565.227,2.62,0.124575,living
11,B,B11,B11_00644,2.958,2.177,2.863,1.315,84.457,785.029,17.303,0.107585,dead
11,B,B11,B11_00645,1.589,2.190,2.105,0.961,48.84,542.734,2.457,0.08999,living
11,B,B11,B11_00646,1.268,2.177,1.875,0.861,20.56,572.413,3.933,0.035918,living
11,B,B11,B11_00647,1.403,1.706,1.746,1.023,25.687,536.386,2.614,0.047889,living
11,B,B11,B11_00648,1.622,2.434,2.242,0.921,25.448,574.438,2.5,0.044301,living
11,B,B11,B11_00649,0.811,1.951,1.419,0.728,17.458,516.812,2.5,0.033781,living
11,B,B11,B11_00651,2.434,2.265,2.649,1.170,20.882,642.333,2.972,0.03251,living
11,B,B11,B11_00652,2.146,2.584,2.657,1.028,19.717,575.323,2.591,0.03427,living
11,B,B11,B11_00654,1.47,2.990,2.366,0.791,11.437,518.897,2.552,0.022041,living
11,B,B11,B11_00655,1.268,1.797,1.703,0.948,49.213,466.507,2.587,0.105493,living
11,B,B11,B11_00656,2.789,2.187,2.787,1.274,57.303,543.291,2.715,0.105474,living
11,B,B11,B11_00658,2.248,2.177,2.496,1.147,97.316,505.226,4.812,0.192618,living
11,B,B11,B11_00659,2.687,2.187,2.735,1.251,39.623,593.61,2.39,0.066749,living
11,B,B11,B11_00660,2.636,1.753,2.426,1.384,125.058,681.09,2.109,0.183614,living
11,B,B11,B11_00661,1.234,2.177,1.849,0.850,18.178,466.493,4.329,0.038968,living
11,B,B11,B11_00662,0.879,1.679,1.371,0.816,62.192,438.846,3.404,0.141718,living
11,B,B11,B11_00663,2.113,3.138,2.906,0.926,80.128,429.472,3.112,0.186573,living
11,B,B11,B11_00664,1.741,2.193,2.205,1.005,74.738,500.748,2.184,0.149253,living
11,B,B11,B11_00665,1.487,2.177,2.030,0.933,83.92,438.682,4.989,0.191301,living
11,B,B11,B11_00667,2.958,2.691,3.184,1.183,75.469,515.223,2.434,0.146478,living
11,B,B11,B11_00668,2.315,1.734,2.261,1.304,96.708,653.044,2.562,0.148088,living
11,B,B11,B11_00669,1.91,1.657,2.007,1.211,59.805,589.186,2.611,0.101505,living
11,B,B11,B11_00672,2.4,2.590,2.813,1.086,21.289,576.169,2.254,0.036949,living
11,B,B11,B11_00673,1.504,2.177,2.042,0.938,39.315,508.225,13.124,0.077357,dead
11,B,B11,B11_00674,2.383,2.033,2.484,1.222,22.142,546.872,2.043,0.040488,living
11,B,B11,B11_00675,1.994,1.763,2.116,1.200,45.78,605.339,2.381,0.075626,living
11,B,B11,B11_00676,2.113,2.441,2.563,1.050,31.176,531.208,3.152,0.058689,living
11,B,B11,B11_00677,2.941,2.177,2.855,1.312,27.994,604.885,3.04,0.04628,living
11,B,B11,B11_00678,1.284,2.609,2.065,0.792,20.026,479.566,2.724,0.041759,living
11,B,B11,B11_00679,2.028,2.435,2.507,1.030,20.833,526.25,2.483,0.039588,living
11,B,B11,B11_00681,2.332,3.051,3.010,0.987,21.884,525.464,2.609,0.041647,living
11,B,B11,B11_00682,1.538,2.177,2.065,0.948,13.198,502.264,24.549,0.026277,dead
11,B,B11,B11_00683,1.825,3.156,2.708,0.858,21.954,398.889,2.426,0.055037,living
11,B,B11,B11_00684,1.487,2.377,2.121,0.892,64.614,410.432,2.591,0.157428,living
11,B,B11,B11_00685,1.775,2.458,2.357,0.959,59,413.61,2.095,0.142647,living
11,B,B11,B11_00686,2.129,2.195,2.439,1.111,94.325,409.667,2.476,0.230249,living
11,B,B11,B11_00687,1.352,2.346,2.010,0.857,36.925,406.725,2.462,0.090786,living
11,B,B11,B11_00688,1.369,1.678,1.710,1.019,16.827,478.753,2.963,0.035148,living
11,B,B11,B11_00689,2.248,3.080,2.969,0.964,50.594,435.316,2.165,0.116224,living
11,B,B11,B11_00690,1.284,1.596,1.615,1.012,66.658,450.987,2.289,0.147805,living
11,B,B11,B11_00691,1.487,1.677,1.782,1.063,49.409,409.989,2.307,0.120513,living
11,B,B11,B11_00692,1.403,2.223,1.993,0.896,67.675,387.759,2.506,0.174528,living
11,B,B11,B11_00696,2.755,1.672,2.422,1.448,26.141,594.528,2.331,0.04397,living
11,B,B11,B11_00697,1.842,2.049,2.192,1.070,50.927,461.183,2.183,0.110426,living
11,B,B11,B11_00699,1.082,1.754,1.554,0.886,35.172,468.078,2.719,0.075141,living
11,B,B11,B11_00700,2.028,2.177,2.371,1.089,39.667,523.408,8.667,0.075785,dead
11,B,B11,B11_00702,1.149,2.074,1.742,0.840,10.868,395.103,2.838,0.027506,living
11,B,B11,B11_00704,1.082,1.909,1.622,0.850,15.797,433.062,2.797,0.036477,living
11,B,B11,B11_00708,1.555,2.022,2.001,0.990,12.141,494.663,2.38,0.024545,living
11,B,B11,B11_00710,1.791,1.407,1.791,1.273,61.679,462.509,2.358,0.133358,living
11,B,B11,B11_00711,1.707,3.058,2.578,0.843,39.535,405.703,2.01,0.097447,living
11,B,B11,B11_00712,1.403,2.280,2.018,0.885,63.373,404.217,2.217,0.156781,living
11,B,B11,B11_00713,1.622,1.670,1.857,1.112,85.552,475.833,3.031,0.179794,living
11,B,B11,B11_00714,1.639,1.850,1.965,1.062,79.505,480.928,2.67,0.165316,living
11,B,B11,B11_00715,1.994,2.075,2.295,1.106,32.297,395.381,2.263,0.081685,living
11,B,B11,B11_00716,1.115,1.862,1.626,0.873,67.803,425.182,2.652,0.159468,living
11,B,B11,B11_00717,1.048,1.889,1.588,0.840,38.806,444.161,2.742,0.08737,living
11,B,B11,B11_00718,1.859,2.177,2.270,1.043,38.109,439.218,19.836,0.086766,dead
11,B,B11,B11_00719,1.318,2.733,2.142,0.784,32.372,357.885,2.064,0.090453,living
11,B,B11,B11_00720,2.315,2.177,2.533,1.164,26.277,476.745,13.307,0.055118,dead
11,B,B11,B11_00721,2.805,2.187,2.795,1.278,98.747,656.789,2.988,0.150348,living
11,B,B11,B11_00724,2.805,2.284,2.856,1.250,73.398,543.91,2.639,0.134944,living
11,B,B11,B11_00725,1.994,1.547,1.982,1.281,13.119,508.771,2.212,0.025785,living
11,B,B11,B11_00726,1.825,2.689,2.500,0.930,25.213,449.102,2.398,0.056141,living
11,B,B11,B11_00727,1.538,1.929,1.944,1.008,24.473,484.835,2.505,0.050476,living
11,B,B11,B11_00731,2.907,2.220,2.867,1.291,38.006,631.785,2.64,0.060156,living
11,B,B11,B11_00732,1.504,2.177,2.042,0.938,13.213,449.034,9.169,0.029426,dead
11,B,B11,B11_00738,1.622,2.049,2.057,1.004,47.917,447.24,2.219,0.107139,living
11,B,B11,B11_00740,1.724,2.177,2.186,1.004,85,399.971,20.5,0.212516,dead
11,B,B11,B11_00741,1.437,1.996,1.911,0.957,40.835,428.176,2.635,0.09537,living
11,B,B11,B11_00743,2.163,1.865,2.266,1.215,58.32,553.32,2.523,0.105401,living
11,B,B11,B11_00744,2.045,2.177,2.381,1.094,72,482.504,11.926,0.149222,dead
11,B,B11,B11_00745,2.146,2.134,2.415,1.132,38.37,546.457,2.346,0.070216,living
11,B,B11,B11_00746,2.045,1.929,2.241,1.162,57.702,525.314,2.339,0.109844,living
11,B,B11,B11_00747,2.383,1.924,2.416,1.256,26.986,513.475,2.511,0.052555,living
11,B,B11,B11_00748,2.907,2.177,2.839,1.304,57.436,498.058,3.122,0.11532,living
11,B,B11,B11_00749,1.487,1.835,1.864,1.016,49.011,482.977,2.682,0.101478,living
11,B,B11,B11_00750,2.552,1.967,2.528,1.285,54.616,607.106,2.702,0.089961,living
11,B,B11,B11_00751,0.946,2.177,1.619,0.744,49.214,389.107,51.429,0.12648,dead
11,B,B11,B11_00752,1.893,2.534,2.471,0.975,22.705,430.562,2.652,0.052734,living
11,B,B11,B11_00754,2.383,1.359,2.031,1.494,16.106,507.773,2.525,0.03172,living
11,B,B11,B11_00755,1.606,2.177,2.110,0.969,18.526,427.642,11.779,0.043322,dead
11,B,B11,B11_00756,2.822,2.177,2.797,1.285,12.665,514.826,6.449,0.0246,dead
11,B,B11,B11_00757,1.724,3.086,2.603,0.843,10.294,464.176,2.529,0.022177,living
11,B,B11,B11_00759,1.639,1.893,1.988,1.050,39.68,420.402,2.454,0.094387,living
11,B,B11,B11_00760,2.146,2.137,2.416,1.131,54.969,438.339,2.535,0.125402,living
11,B,B11,B11_00761,0.896,1.821,1.441,0.792,24.075,391.208,2.415,0.061541,living
11,B,B11,B11_00762,1.656,2.177,2.142,0.984,73.204,412.071,20.031,0.177649,dead
11,B,B11,B11_00763,2.501,2.220,2.659,1.198,19.48,487.534,2.588,0.039956,living
11,B,B11,B11_00764,1.149,2.177,1.785,0.820,22.824,418.25,32.662,0.054569,dead
11,B,B11,B11_00765,1.758,2.125,2.181,1.026,17.048,456.298,2.337,0.037362,living
11,B,B11,B11_00766,2.586,1.607,2.300,1.431,56.183,559.941,2.131,0.100337,living
11,B,B11,B11_00767,2.231,2.465,2.646,1.073,22.705,486.477,2.303,0.046671,living
11,B,B11,B11_00768,2.603,1.561,2.275,1.457,31.312,522.519,2.539,0.059924,living
11,B,B11,B11_00769,1.808,1.641,1.944,1.184,50.542,524.692,2.551,0.096327,living
11,B,B11,B11_00770,2.856,2.295,2.889,1.259,22.154,537.864,2.473,0.041189,living
11,B,B11,B11_00771,0.879,2.144,1.549,0.722,27.885,369.654,3.058,0.075434,living
11,B,B11,B11_00772,2.653,2.750,3.048,1.108,34.541,478.185,2.573,0.072234,living
11,B,B11,B11_00773,1.893,1.689,2.018,1.195,37.67,558.366,2.661,0.067464,living
11,B,B11,B11_00774,1.183,2.001,1.736,0.868,22.171,425.914,2.543,0.052056,living
11,B,B11,B11_00775,1.487,1.988,1.940,0.976,28.682,465.886,3.17,0.061564,living
11,B,B11,B11_00776,1.791,2.177,2.228,1.023,13.915,489.358,16.623,0.028435,dead
11,B,B11,B11_00777,1.572,2.366,2.176,0.920,14.946,467.624,2.323,0.031962,living
11,B,B11,B11_00781,2.028,2.566,2.574,1.003,11.642,441.95,2.467,0.026342,living
11,B,B11,B11_00782,1.842,1.894,2.108,1.113,38.156,491.229,2.009,0.077674,living
11,B,B11,B11_00783,1.876,2.306,2.347,1.018,65.351,401.225,2.811,0.162879,living
11,B,B11,B11_00784,2.129,2.177,2.429,1.116,15.635,386.532,3.952,0.040449,living
11,B,B11,B11_00785,1.724,1.882,2.033,1.080,77.667,453.382,2.265,0.171305,living
11,B,B11,B11_00786,1.268,2.177,1.875,0.861,67.307,348.8,48.16,0.192966,dead
11,B,B11,B11_00787,2.298,1.860,2.333,1.254,81.875,525.522,2.544,0.155797,living
11,B,B11,B11_00788,1.656,2.177,2.142,0.984,84.408,470.724,14.184,0.179315,dead
11,B,B11,B11_00789,1.994,2.055,2.284,1.112,83.797,469.076,2.203,0.178642,living
11,B,B11,B11_00790,1.977,1.666,2.048,1.229,19.239,585.205,1.983,0.032876,living
11,B,B11,B11_00791,2.569,2.391,2.797,1.170,46.888,506.546,2.474,0.092564,living
11,B,B11,B11_00792,2.045,1.976,2.268,1.148,72.041,514.107,2.719,0.140129,living
11,B,B11,B11_00793,1.673,2.177,2.153,0.989,53.939,409.727,3.616,0.131647,living
11,B,B11,B11_00794,1.876,1.691,2.010,1.189,63.658,491.225,2.739,0.12959,living
11,B,B11,B11_00795,1.622,2.073,2.069,0.998,31.229,419.344,2.688,0.074472,living
11,B,B11,B11_00796,2.096,2.066,2.348,1.137,28.371,502.54,3.081,0.056455,living
11,B,B11,B11_00797,1.504,2.177,2.042,0.938,30.719,468.461,29.281,0.065575,dead
11,B,B11,B11_00798,2.569,1.643,2.318,1.411,16,545.513,2.276,0.02933,living
11,B,B11,B11_00799,1.656,2.236,2.171,0.971,26.765,449.265,2.531,0.059576,living
11,B,B11,B11_00800,1.487,1.898,1.896,0.999,14.625,481.261,2.261,0.030389,living
11,B,B11,B11_00803,2.772,2.732,3.105,1.137,45.701,558.098,2.695,0.081888,living
11,B,B11,B11_00804,2.451,2.177,2.606,1.197,64.283,526.434,23.083,0.12211,dead
11,B,B11,B11_00805,1.724,2.533,2.358,0.931,50.941,525.539,2.471,0.096931,living
11,B,B11,B11_00806,1.014,2.177,1.676,0.770,82.7,476.533,3.333,0.173545,living
11,B,B11,B11_00807,0.896,1.633,1.365,0.836,75.566,498.245,2.509,0.151664,living
11,B,B11,B11_00808,2.434,2.177,2.597,1.193,90.965,588.09,28.222,0.154679,dead
11,B,B11,B11_00809,2.028,2.788,2.683,0.962,22.842,573.783,2.65,0.039809,living
11,B,B11,B11_00810,2.096,1.690,2.124,1.257,28.194,605.339,2.177,0.046575,living
11,B,B11,B11_00811,1.268,1.650,1.632,0.989,22.333,602.707,2.4,0.037055,living
11,B,B11,B11_00812,2.113,2.206,2.436,1.104,25.648,639.688,2.16,0.040095,living
11,B,B11,B11_00815,1.166,1.969,1.710,0.868,54.232,446.638,2.319,0.121423,living
11,B,B11,B11_00816,1.487,2.177,2.030,0.933,74.023,454.045,25.909,0.163029,dead
11,B,B11,B11_00819,2.451,2.595,2.846,1.097,62.862,501.172,2.172,0.12543,living
11,B,B11,B11_00821,0.845,1.749,1.372,0.784,18.12,424.84,3.1,0.042651,living
11,B,B11,B11_00822,1.437,2.177,1.996,0.917,28.812,464.294,5,0.062055,dead
11,B,B11,B11_00823,1.876,2.177,2.280,1.047,67.82,663.703,27.153,0.102184,dead
11,B,B11,B11_00824,1.572,2.342,2.165,0.924,16.151,425.022,2.118,0.037999,living
11,B,B11,B11_00825,1.014,1.686,1.475,0.875,14.1,458.467,2.2,0.030755,living
11,B,B11,B11_00826,1.217,2.278,1.879,0.825,40.472,397.431,2.653,0.101835,living
11,B,B11,B11_00827,1.944,2.238,2.354,1.052,44.426,426,2.339,0.104287,living
11,B,B11,B11_00828,1.639,1.614,1.835,1.137,50.134,517.103,3.093,0.096952,living
11,B,B11,B11_00830,2.586,2.304,2.754,1.195,30.366,542.242,2.301,0.056001,living
11,B,B11,B11_00832,2.738,2.196,2.767,1.260,94.179,522.432,2.432,0.18027,living
11,B,B11,B11_00833,1.96,1.627,2.015,1.238,38.052,523.81,1.638,0.072644,living
11,B,B11,B11_00834,1.555,1.685,1.827,1.084,72.391,461.174,2.511,0.156972,living
11,B,B11,B11_00835,2.248,1.705,2.209,1.296,74.602,565.226,2.474,0.131985,living
11,B,B11,B11_00836,2.096,2.177,2.410,1.107,63.815,487.484,25.677,0.130906,dead
11,B,B11,B11_00837,2.805,3.080,3.317,1.077,31.163,503.518,2.663,0.06189,living
11,B,B11,B11_00840,1.504,2.635,2.246,0.852,14.573,418.607,2.551,0.034813,living
11,B,B11,B11_00844,2.789,1.924,2.614,1.359,38.012,579.158,2.303,0.065633,living
11,B,B11,B11_00845,1.572,2.344,2.166,0.924,83.237,399.935,2.914,0.208125,living
11,B,B11,B11_00846,1.555,2.672,2.300,0.861,57.011,419.739,2.565,0.135825,living
11,B,B11,B11_00847,2.045,1.661,2.080,1.252,82.678,590.463,2.603,0.140022,living
11,B,B11,B11_00848,1.927,2.152,2.298,1.068,57.36,498.684,2.289,0.115022,living
11,B,B11,B11_00849,2.4,2.177,2.579,1.185,22.775,498.246,3.359,0.04571,living
11,B,B11,B11_00850,2.89,1.821,2.589,1.422,42.667,597.883,2.673,0.071363,living
11,B,B11,B11_00851,0.845,1.917,1.436,0.749,35.62,437.4,2.88,0.081436,living
11,B,B11,B11_00852,2.248,2.177,2.496,1.147,57.865,516.82,8.346,0.111963,dead
11,B,B11,B11_00853,2.839,2.177,2.805,1.289,43.827,563.196,2.827,0.077819,living
11,B,B11,B11_00854,1.42,2.177,1.984,0.911,26.095,520.714,11.643,0.050114,dead
11,B,B11,B11_00855,2.535,1.992,2.536,1.273,30.847,575.427,2.293,0.053607,living
11,B,B11,B11_00856,1.758,2.177,2.207,1.014,31.654,507.798,3.173,0.062335,living
11,B,B11,B11_00858,1.099,1.883,1.623,0.862,25.523,480.923,2.692,0.053071,living
11,B,B11,B11_00860,1.825,2.112,2.215,1.049,26.102,532.426,2.685,0.049024,living
11,B,B11,B11_00862,1.217,2.177,1.837,0.844,16.556,483.5,13.792,0.034241,dead
11,B,B11,B11_00863,1.944,1.791,2.105,1.176,26.139,587.365,2.391,0.044502,living
11,B,B11,B11_00864,2.146,2.283,2.498,1.094,10.85,475.26,2.11,0.02283,living
11,B,B11,B11_00865,1.369,2.888,2.244,0.777,15.704,421.432,2.728,0.037263,living
11,B,B11,B11_00866,1.149,1.775,1.611,0.908,58.618,439.794,3.088,0.133284,living
11,B,B11,B11_00867,2.18,2.726,2.751,1.009,65.039,468.233,2.69,0.138903,living
11,B,B11,B11_00868,1.572,2.306,2.148,0.932,82.796,478.516,2.376,0.173026,living
11,B,B11,B11_00869,1.673,2.177,2.153,0.989,102.98,448.606,18.263,0.229555,dead
11,B,B11,B11_00870,1.808,1.595,1.916,1.201,103.897,645.374,2.224,0.160988,living
11,B,B11,B11_00871,1.487,2.177,2.030,0.933,67.307,483.75,11.716,0.139136,dead
11,B,B11,B11_00873,1.673,1.662,1.882,1.132,80.131,542.121,2.313,0.147811,living
11,B,B11,B11_00875,2.366,2.177,2.561,1.176,80.714,551.4,22.443,0.146381,dead
11,B,B11,B11_00877,2.839,2.582,3.055,1.183,66.577,594.869,2.619,0.111919,living
11,B,B11,B11_00878,1.386,2.745,2.201,0.802,42.878,462.171,2.451,0.092775,living
11,B,B11,B11_00879,2.569,2.567,2.898,1.129,63.303,600.533,2.586,0.105411,living
11,B,B11,B11_00880,1.775,2.086,2.171,1.041,49.981,590.781,2.267,0.084601,living
11,B,B11,B11_00881,0.913,2.087,1.558,0.746,28.778,476.241,2.556,0.060427,living
11,B,B11,B11_00885,2.265,2.195,2.516,1.146,44.799,623,2.269,0.071908,living
11,B,B11,B11_00886,2.4,2.129,2.551,1.198,29.718,570.901,2.275,0.052055,living
11,B,B11,B11_00887,1.808,1.733,1.997,1.153,41.944,617.374,2.654,0.067939,living
11,B,B11,B11_00888,2.383,2.881,2.957,1.026,23.709,524.624,2.688,0.045193,living
11,B,B11,B11_00889,1.335,2.755,2.164,0.785,24.456,480.646,2.38,0.050881,living
11,B,B11,B11_00890,2.721,2.093,2.693,1.287,25.807,704.994,2.503,0.036607,living
11,B,B11,B11_00891,2.214,1.767,2.232,1.263,25.008,641.817,2.412,0.038964,living
11,B,B11,B11_00892,1.42,2.405,2.085,0.867,13.5,501.095,2.548,0.026941,living
11,B,B11,B11_00893,1.504,2.979,2.388,0.802,12.124,484.562,2.91,0.02502,living
11,B,B11,B11_00894,1.69,2.177,2.164,0.994,13.64,618.58,2.58,0.022051,living
11,B,B11,B11_00897,0.946,2.532,1.746,0.690,12.589,462.018,2.018,0.027248,living
11,B,B11,B11_00899,1.453,2.396,2.105,0.879,15.547,531.663,2.698,0.029241,living
11,B,B11,B11_00900,2.028,2.087,2.321,1.112,48.742,377.108,2.05,0.129251,living
11,B,B11,B11_00901,0.997,1.930,1.565,0.811,33.186,371.441,2.441,0.089345,living
11,B,B11,B11_00902,2.518,2.479,2.819,1.137,35.081,460.007,2.195,0.076261,living
11,B,B11,B11_00903,2.434,2.177,2.597,1.193,28.368,477.868,4.403,0.059364,living
11,B,B11,B11_00904,1.453,2.134,1.987,0.931,46.174,421.709,2.221,0.109493,living
11,B,B11,B11_00905,1.47,1.767,1.819,1.029,25.908,493.345,2.494,0.052515,living
11,B,B11,B11_00907,1.606,2.177,2.110,0.969,41.411,457.821,16.337,0.090451,dead
11,B,B11,B11_00908,2.467,2.177,2.615,1.201,25.89,493.164,6.829,0.052499,dead
11,B,B11,B11_00909,1.115,1.935,1.657,0.857,16.212,440,2.712,0.036846,living
11,B,B11,B11_00910,1.403,2.424,2.081,0.858,15.386,420.241,2.614,0.036611,living
11,B,B11,B11_00911,2.501,2.854,3.015,1.056,16.845,492.899,2.649,0.034175,living
11,B,B11,B11_00916,1.977,2.325,2.419,1.041,13.897,500.017,2.034,0.027794,living
11,B,B11,B11_00919,2.197,1.653,2.150,1.301,14.192,628.546,2.369,0.02258,living
11,B,B11,B11_00920,1.656,2.761,2.413,0.874,17.408,432.031,2.082,0.040294,living
11,B,B11,B11_00921,1.944,2.450,2.463,1.005,22.678,458.678,2.583,0.049443,living
11,B,B11,B11_00922,0.879,2.241,1.584,0.707,17,402.154,2.692,0.042272,living
11,B,B11,B11_00923,1.555,1.419,1.676,1.181,13.957,434.587,2.576,0.032114,living
11,B,B11,B11_00924,2.129,2.049,2.357,1.150,70.524,466.071,2.151,0.151315,living
11,B,B11,B11_00925,2.805,2.489,2.981,1.198,38.536,566.127,2.277,0.06807,living
11,B,B11,B11_00926,1.622,2.040,2.053,1.006,79.135,416.615,2.948,0.189949,living
11,B,B11,B11_00928,2.096,2.086,2.359,1.131,94.823,475.315,2.524,0.199494,living
11,B,B11,B11_00929,1.284,1.834,1.732,0.944,23.25,464.566,2.829,0.050047,living
11,B,B11,B11_00930,1.927,1.821,2.114,1.161,45.912,488.246,2.395,0.094035,living
11,B,B11,B11_00931,2.197,2.177,2.468,1.134,87.677,465.708,14.731,0.188266,dead
11,B,B11,B11_00932,2.298,1.615,2.174,1.346,107.287,647.89,2.132,0.165594,living
11,B,B11,B11_00934,1.555,2.177,2.076,0.954,63.641,503.098,6.38,0.126499,dead
11,B,B11,B11_00936,2.062,2.177,2.391,1.098,31.844,497.09,5.23,0.064061,dead
11,B,B11,B11_00937,1.014,1.728,1.494,0.864,20.85,455.083,2.217,0.045816,living
11,B,B11,B11_00938,1.521,1.574,1.746,1.109,32.033,546.144,2.2,0.058654,living
11,B,B11,B11_00939,2.383,2.119,2.536,1.197,29.702,566.525,2.447,0.052429,living
11,B,B11,B11_00940,1.572,1.781,1.888,1.060,25.258,503.462,2.688,0.050169,living
11,B,B11,B11_00941,1.183,2.177,1.811,0.832,16.071,458.586,30.386,0.035046,dead
11,B,B11,B11_00942,0.879,1.686,1.374,0.815,12.269,431.115,1.962,0.028459,living
11,B,B11,B11_00943,2.907,2.656,3.135,1.180,14.61,532.25,2.68,0.02745,living
11,B,B11,B11_00944,1.318,2.178,1.912,0.878,12.244,476.244,2.385,0.025709,living
11,B,B11,B11_00946,1.656,2.354,2.228,0.946,11.888,477.918,2.337,0.024874,living
11,B,B11,B11_00947,0.98,1.882,1.532,0.814,10.276,452.31,3.069,0.022719,living
11,B,B11,B11_00949,2.163,1.793,2.222,1.239,29.234,409.133,2.422,0.071454,living
11,B,B11,B11_00950,1.318,2.177,1.911,0.878,63.756,441.91,18.731,0.144275,dead
11,B,B11,B11_00952,2.332,1.959,2.412,1.231,61.21,499.239,2.312,0.122607,living
11,B,B11,B11_00953,1.606,2.177,2.110,0.969,69.863,430.484,11.895,0.16229,dead
11,B,B11,B11_00955,2.67,2.177,2.720,1.250,85.215,483.842,2.962,0.176122,living
11,B,B11,B11_00956,1.977,1.844,2.154,1.168,89.795,559.12,2.145,0.1606,living
11,B,B11,B11_00957,1.994,2.092,2.305,1.102,14.72,493.466,2.347,0.02983,living
11,B,B11,B11_00958,2.383,2.177,2.570,1.181,24.596,509.071,9.695,0.048315,dead
11,B,B11,B11_00959,2.248,2.056,2.426,1.180,87.586,588.406,2.549,0.148854,living
11,B,B11,B11_00960,2.552,1.738,2.376,1.367,66.457,547.689,2.993,0.121341,living
11,B,B11,B11_00961,1.082,2.743,1.944,0.709,43.938,422.016,2.766,0.104113,living
11,B,B11,B11_00962,1.707,1.588,1.858,1.170,74.376,577.554,2.426,0.128778,living
11,B,B11,B11_00965,1.369,2.177,1.948,0.895,38.79,503.309,20.815,0.07707,dead
11,B,B11,B11_00966,1.301,1.847,1.749,0.947,14.286,489.974,2.26,0.029156,living
11,B,B11,B11_00967,1.352,1.930,1.823,0.944,31.075,480.913,1.975,0.064617,living
11,B,B11,B11_00968,1.335,2.177,1.924,0.884,16.62,473.544,7.937,0.035098,dead
11,B,B11,B11_00969,1.453,2.177,2.007,0.922,30.453,576.965,4.965,0.052782,living
11,B,B11,B11_00970,1.166,2.177,1.798,0.826,26.536,517.739,3.058,0.051254,living
11,B,B11,B11_00971,2.163,1.837,2.249,1.224,26.648,530.438,2.133,0.050239,living
11,B,B11,B11_00972,1.065,2.177,1.718,0.789,18.317,526.476,12.889,0.034793,dead
11,B,B11,B11_00974,2.146,1.804,2.220,1.231,26.709,689.764,2.74,0.038721,living
11,B,B11,B11_00975,1.284,1.590,1.612,1.014,13.368,498.803,2.395,0.026801,living
11,B,B11,B11_00976,1.335,1.988,1.838,0.925,12.278,537.835,2.873,0.022829,living
11,B,B11,B11_00977,1.132,1.966,1.683,0.856,11.313,499.582,2.716,0.022646,living
11,B,B11,B11_00979,2.265,1.586,2.139,1.348,36.746,692.828,2.418,0.053038,living
11,B,B11,B11_00981,1.47,1.861,1.866,1.003,79.276,518.759,2.483,0.152818,living
11,B,B11,B11_00982,1.099,2.177,1.745,0.802,76.831,485.662,9.385,0.158198,dead
11,B,B11,B11_00983,0.845,2.177,1.530,0.703,16.72,459.68,15.64,0.036373,dead
11,B,B11,B11_00984,1.115,2.013,1.690,0.840,74.121,461.727,2.061,0.16053,living
11,B,B11,B11_00985,2.535,2.839,3.027,1.066,83.82,497.787,2.38,0.168385,living
11,B,B11,B11_00986,1.268,1.808,1.708,0.945,79.333,495.92,2.44,0.159972,living
11,B,B11,B11_00987,1.555,2.177,2.076,0.954,94.815,480.033,6.435,0.197518,dead
11,B,B11,B11_00989,1.825,1.667,1.968,1.181,95.648,557.583,2.093,0.171541,living
11,B,B11,B11_00992,2.636,2.383,2.828,1.187,69.679,602.551,2.359,0.115641,living
11,B,B11,B11_00993,1.268,1.767,1.689,0.956,48,541.44,2.667,0.088652,living
11,B,B11,B11_00994,1.166,2.409,1.891,0.785,30.319,422.029,2.696,0.071841,living
11,B,B11,B11_00995,1.977,2.177,2.341,1.075,46.137,578.009,16.889,0.07982,dead
11,B,B11,B11_00996,2.704,1.729,2.440,1.411,34.212,617.85,2.362,0.055373,living
11,B,B11,B11_00997,2.028,1.917,2.225,1.161,39.075,594.867,2.433,0.065687,living
11,B,B11,B11_00998,1.859,2.330,2.348,1.008,37.445,557.136,2.309,0.067211,living
11,B,B11,B11_00999,1.555,2.209,2.091,0.947,23.13,525.63,1.946,0.044005,living
11,B,B11,B11_01001,1.099,2.177,1.745,0.802,12.169,452.369,10.231,0.026901,dead
11,B,B11,B11_01002,1.42,2.002,1.903,0.950,20.976,563.488,2.905,0.037226,living
11,B,B11,B11_01003,1.589,2.438,2.221,0.911,13.053,526.596,2.84,0.024788,living
11,B,B11,B11_01004,1.606,1.996,2.020,1.012,13.968,564.558,2.316,0.024742,living
11,B,B11,B11_01005,1.014,2.177,1.676,0.770,11.583,472.217,17.517,0.02453,dead
11,B,B11,B11_01006,0.913,2.177,1.591,0.731,57.519,418.056,17.259,0.137586,dead
11,B,B11,B11_01008,1.91,2.049,2.232,1.089,40.018,530.947,2.717,0.07537,living
11,B,B11,B11_01009,2.18,2.368,2.564,1.083,27.566,512.628,2.171,0.053774,living
11,B,B11,B11_01010,1.42,1.950,1.878,0.963,49.333,442,2.476,0.111614,living
11,B,B11,B11_01011,0.963,2.243,1.658,0.739,17.035,428.07,3,0.039795,living
11,B,B11,B11_01012,1.115,2.177,1.758,0.808,61.303,420.712,12.333,0.145713,dead
11,B,B11,B11_01013,2.586,1.525,2.241,1.469,19.216,496.895,2.386,0.038671,living
11,B,B11,B11_01014,2.958,2.659,3.165,1.190,62.794,510.12,2.503,0.123097,living
11,B,B11,B11_01015,2.805,2.909,3.223,1.108,33.193,536.988,2.392,0.061813,living
11,B,B11,B11_01016,1.487,1.798,1.845,1.026,91.864,481.375,2.602,0.190836,living
11,B,B11,B11_01019,1.639,2.177,2.131,0.979,71.794,525.464,3.237,0.136629,living
11,B,B11,B11_01020,2.417,2.454,2.748,1.120,95.154,509.538,2.769,0.186745,living
11,B,B11,B11_01021,0.963,1.996,1.564,0.784,18.667,437.667,2.386,0.04265,living
11,B,B11,B11_01022,1.69,1.696,1.910,1.126,54.39,517.64,2.52,0.105073,living
11,B,B11,B11_01023,1.538,2.177,2.065,0.948,56.275,549.56,12.967,0.1024,dead
11,B,B11,B11_01025,2.991,2.339,2.985,1.276,16.463,508.921,2.475,0.032349,living
11,B,B11,B11_01027,2.332,2.540,2.746,1.081,47.341,540.855,2.261,0.087529,living
11,B,B11,B11_01028,1.673,2.516,2.315,0.920,34.131,510.97,2.303,0.066797,living
11,B,B11,B11_01029,2.467,1.815,2.388,1.316,38.774,592.849,2.959,0.065403,living
11,B,B11,B11_01030,1.335,1.914,1.804,0.942,51.544,519.924,2.924,0.099138,living
11,B,B11,B11_01031,1.724,1.654,1.905,1.152,28.598,600.735,2.176,0.047605,living
11,B,B11,B11_01032,1.538,2.288,2.117,0.925,35.714,481.571,2.33,0.074162,living
11,B,B11,B11_01033,2.028,2.307,2.441,1.058,41.608,548.683,2.542,0.075833,living
11,B,B11,B11_01034,1.504,1.939,1.927,0.994,38.438,521.191,2.685,0.073751,living
11,B,B11,B11_01035,1.808,2.324,2.313,0.995,11,425.673,2.178,0.025841,living
11,B,B11,B11_01036,1.944,2.173,2.319,1.067,26.73,561.617,2.539,0.047595,living
11,B,B11,B11_01037,1.927,2.563,2.508,0.978,20.035,515.009,2.272,0.038902,living
11,B,B11,B11_01040,2.096,2.030,2.328,1.147,18.081,609.984,2.887,0.029641,living
11,B,B11,B11_01044,2.467,2.123,2.582,1.216,45.459,485.685,2.822,0.093598,living
11,B,B11,B11_01045,1.065,2.177,1.718,0.789,46.254,520.873,12.238,0.088801,dead
11,B,B11,B11_01046,1.115,1.860,1.625,0.874,23.106,561.667,2.409,0.041138,living
11,B,B11,B11_01047,2.028,2.143,2.352,1.098,26.425,548.533,2.475,0.048174,living
11,B,B11,B11_01048,2.079,2.158,2.390,1.108,75.382,607.106,2.618,0.124166,living
11,B,B11,B11_01049,1.284,1.690,1.662,0.984,100.868,532.053,2.592,0.189584,living
11,B,B11,B11_01050,1.099,2.050,1.694,0.826,78.477,487.692,2.554,0.160915,living
11,B,B11,B11_01051,1.47,2.177,2.019,0.927,101.195,525.897,11.218,0.192425,dead
11,B,B11,B11_01052,1.217,1.552,1.551,0.999,29.139,562.472,2.444,0.051805,living
11,B,B11,B11_01053,1.707,2.177,2.175,0.999,25.436,534.465,12.356,0.047591,dead
11,B,B11,B11_01054,1.268,2.223,1.894,0.852,36,529.547,2.787,0.067983,living
11,B,B11,B11_01055,1.977,1.827,2.145,1.174,53.718,657.735,2.487,0.081671,living
11,B,B11,B11_01056,2.636,2.026,2.608,1.287,41.122,622.859,2.712,0.066021,living
11,B,B11,B11_01057,1.673,2.901,2.486,0.857,33.404,531.98,2.596,0.062792,living
11,B,B11,B11_01058,1.775,1.980,2.115,1.068,26.676,617.124,2.248,0.043227,living
11,B,B11,B11_01059,1.217,2.273,1.877,0.826,10.042,539,3.167,0.01863,living
11,B,B11,B11_01060,1.115,2.801,1.994,0.712,18.576,524.53,2.485,0.035414,living
11,B,B11,B11_01061,1.775,3.078,2.637,0.857,15.571,543.838,2.39,0.028632,living
11,B,B11,B11_01062,1.217,2.033,1.775,0.873,11.222,587.236,2.347,0.01911,living
11,B,B11,B11_01063,2.366,2.177,2.561,1.176,10.229,477.664,12.836,0.021414,dead
11,B,B11,B11_01064,2.62,2.177,2.695,1.238,65.058,467.684,2.316,0.139107,living
11,B,B11,B11_01065,2.129,2.177,2.429,1.116,86.024,509.524,2.897,0.168832,living
11,B,B11,B11_01066,2.315,2.177,2.533,1.164,67.883,437.095,2.255,0.155305,living
11,B,B11,B11_01067,0.811,2.177,1.499,0.689,20.271,392.208,2.292,0.051684,living
11,B,B11,B11_01068,2.4,2.177,2.579,1.185,27.183,476.169,2.662,0.057087,living
11,B,B11,B11_01069,2.028,2.177,2.371,1.089,77.15,504.267,2.35,0.152994,living
11,B,B11,B11_01070,2.873,2.177,2.822,1.296,40.053,579.924,2.388,0.069066,living
11,B,B11,B11_01071,2.518,2.177,2.642,1.214,37.53,499.631,2.43,0.075116,living
11,B,B11,B11_01072,1.606,2.177,2.110,0.969,18.379,502.295,2.558,0.03659,living
11,B,B11,B11_01073,2.822,2.177,2.797,1.285,22.455,480.743,2.281,0.046709,living
11,B,B11,B11_01074,1.825,2.177,2.249,1.033,11.019,443.611,2.38,0.024838,living
11,B,B11,B11_01075,1.504,2.177,2.042,0.938,11.045,410.876,2.539,0.026881,living
11,B,B11,B11_01076,1.538,2.177,2.065,0.948,11.571,483.626,2.187,0.023926,living
11,B,B11,B11_01078,0.98,1.771,1.487,0.839,60.914,378.534,2.19,0.16092,living
11,B,B11,B11_01079,1.132,2.177,1.771,0.814,38.806,356.194,27.851,0.108946,dead
11,B,B11,B11_01081,2.332,2.177,2.542,1.168,35.833,566.935,26.283,0.063205,dead
11,B,B11,B11_01082,2.315,2.177,2.533,1.164,56.175,453.847,2.854,0.123776,living
11,B,B11,B11_01083,2.332,2.074,2.482,1.197,79.435,494.384,2.536,0.160674,living
11,B,B11,B11_01084,2.417,2.127,2.558,1.203,70.357,532.608,2.685,0.132098,living
11,B,B11,B11_01085,2.315,2.212,2.553,1.154,36.73,486.504,2.482,0.075498,living
11,B,B11,B11_01086,2.451,2.144,2.587,1.206,36.752,504.359,2.303,0.072868,living
11,B,B11,B11_01087,1.994,2.367,2.451,1.036,30.144,484.186,2.576,0.062257,living
11,B,B11,B11_01088,1.707,1.819,1.988,1.093,43.337,460.535,2.04,0.094101,living
11,B,B11,B11_01090,1.453,1.817,1.833,1.009,35.07,492.279,2.512,0.07124,living
11,B,B11,B11_01091,2.974,2.601,3.138,1.207,19.631,486.5,2.312,0.040351,living
11,B,B11,B11_01092,1.741,2.448,2.329,0.952,16.243,446.32,2.252,0.036393,living
11,B,B11,B11_01093,2.062,2.177,2.391,1.098,33.467,434.582,30.705,0.07701,dead
11,B,B11,B11_01094,2.214,2.177,2.477,1.138,31.878,546.771,8.832,0.058302,dead
11,B,B11,B11_01095,1.656,2.109,2.109,1.000,14.582,434.755,2.735,0.03354,living
11,B,B11,B11_01098,1.301,2.177,1.899,0.872,35.39,474.61,2.416,0.074566,living
11,B,B11,B11_01099,2.315,2.177,2.533,1.164,73.182,548.321,2.277,0.133466,living
11,B,B11,B11_01100,2.552,2.177,2.660,1.222,38.589,654.477,2.517,0.058962,living
11,B,B11,B11_01101,1.808,2.177,2.239,1.028,71.654,652.29,1.972,0.10985,living
11,B,B11,B11_01102,1.538,2.177,2.065,0.948,43.681,569.692,2.681,0.076675,living
11,B,B11,B11_01103,2.062,2.177,2.391,1.098,101.811,567.689,2.516,0.179344,living
11,B,B11,B11_01104,1.944,2.177,2.321,1.066,83.635,660.026,2.739,0.126714,living
11,B,B11,B11_01105,1.893,2.177,2.291,1.052,52.17,499.982,2.232,0.104343,living
11,B,B11,B11_01106,1.977,2.177,2.341,1.075,93.983,626.068,2.564,0.150116,living
11,B,B11,B11_01107,2.518,2.177,2.642,1.214,90.47,642.04,2.356,0.14091,living
11,B,B11,B11_01108,1.42,2.177,1.984,0.911,36.214,580.476,2.25,0.062387,living
11,B,B11,B11_01110,1.065,2.177,1.718,0.789,29.476,531.937,2.302,0.055413,living
11,B,B11,B11_01111,1.504,2.177,2.042,0.938,25.27,486.73,2.236,0.051917,living
11,B,B11,B11_01112,1.825,2.177,2.249,1.033,23.917,582.444,2.62,0.041063,living
11,B,B11,B11_01113,1.082,2.364,1.805,0.763,15.094,519.484,2.156,0.029055,living
11,B,B11,B11_01114,1.234,2.308,1.904,0.825,20.274,458.534,2.178,0.044215,living
11,B,B11,B11_01115,1.707,1.905,2.035,1.068,56.703,434.416,3.168,0.130527,living
11,B,B11,B11_01116,1.42,1.583,1.692,1.069,96.429,493.56,2.44,0.195374,living
11,B,B11,B11_01117,2.991,2.144,2.857,1.333,108.904,688.65,2.712,0.158141,living
11,B,B11,B11_01118,1.775,2.177,2.218,1.019,71.581,523.629,10.848,0.136702,dead
11,B,B11,B11_01119,2.282,2.177,2.515,1.155,74.193,743.341,2.763,0.09981,living
11,B,B11,B11_01120,2.518,2.491,2.826,1.134,65.134,549.134,2.517,0.118613,living
11,B,B11,B11_01121,2.011,2.206,2.377,1.077,47.042,538.79,2.563,0.08731,living
11,B,B11,B11_01122,1.724,1.474,1.799,1.220,59.745,568.755,2.363,0.105045,living
11,B,B11,B11_01123,2.113,1.764,2.178,1.235,50.264,551.432,2.488,0.091152,living
11,B,B11,B11_01124,1.808,2.387,2.344,0.982,42.028,537.327,2.439,0.078217,living
11,B,B11,B11_01125,1.284,1.650,1.642,0.995,24.987,539.342,2.434,0.046328,living
11,B,B11,B11_01130,2.079,2.732,2.689,0.984,23.26,533.569,2.488,0.043594,living
11,B,B11,B11_01132,2.214,2.186,2.482,1.136,21.962,593.328,2.496,0.037015,living
11,B,B11,B11_01133,2.146,2.054,2.369,1.153,16.244,627.079,2.331,0.025904,living
11,B,B11,B11_01134,2.146,2.315,2.515,1.086,13.961,567.213,2.567,0.024613,living
11,B,B11,B11_01135,1.96,2.343,2.418,1.032,13.25,546.75,2.207,0.024234,living
11,B,B11,B11_01137,2.62,1.847,2.482,1.344,83.677,512.761,2.232,0.16319,living
11,B,B11,B11_01138,0.98,1.852,1.520,0.821,64.155,427.121,2.81,0.150204,living
11,B,B11,B11_01139,1.082,1.901,1.618,0.851,77.547,414.375,2.297,0.187142,living
11,B,B11,B11_01140,1.538,2.167,2.060,0.951,65.549,450.396,2.154,0.145538,living
11,B,B11,B11_01141,1.758,1.597,1.891,1.184,57.404,514.173,2.952,0.111643,living
11,B,B11,B11_01142,1.977,1.342,1.838,1.370,36.769,679.786,2.402,0.054089,living
11,B,B11,B11_01144,1.994,1.919,2.207,1.150,91.873,531.864,3.025,0.172737,living
11,B,B11,B11_01145,2.451,1.577,2.218,1.407,73.131,506.462,2.441,0.144396,living
11,B,B11,B11_01146,2.18,1.860,2.272,1.222,27.078,494.767,2.62,0.054728,living
11,B,B11,B11_01147,0.98,2.177,1.648,0.757,88.276,369.966,48.138,0.238606,dead
11,B,B11,B11_01148,2.704,2.119,2.701,1.275,53.65,533.225,2.306,0.100614,living
11,B,B11,B11_01149,1.504,1.718,1.814,1.056,39.258,489.045,3.101,0.080276,living
11,B,B11,B11_01151,1.132,2.083,1.733,0.832,22.985,450.522,2.209,0.051019,living
11,B,B11,B11_01152,2.332,1.543,2.140,1.387,54.92,669.725,2.507,0.082004,living
11,B,B11,B11_01153,1.555,1.664,1.815,1.091,22.957,546,2.674,0.042045,living
11,B,B11,B11_01154,2.214,2.353,2.575,1.095,27.397,533.908,2.58,0.051314,living
11,B,B11,B11_01155,1.555,2.177,2.076,0.954,24.359,501.272,34.815,0.048594,dead
11,B,B11,B11_01156,1.656,1.663,1.873,1.126,25.469,571.429,1.949,0.044571,living
11,B,B11,B11_01157,1.115,1.433,1.426,0.995,13.985,548.091,2.364,0.025516,living
11,B,B11,B11_01159,2.197,2.762,2.780,1.006,16.677,518.231,2.777,0.03218,living
11,B,B11,B11_01160,1.251,2.245,1.891,0.842,12.905,472.784,2.419,0.027297,living
11,B,B11,B11_01161,2.062,2.171,2.387,1.100,12.344,512.533,2.23,0.024085,living
11,B,B11,B11_01163,2.349,2.636,2.808,1.065,95.784,569.554,2.784,0.168174,living
11,B,B11,B11_01165,1.758,1.804,2.009,1.114,35.712,657.76,2.442,0.054293,living
11,B,B11,B11_01166,1.487,1.847,1.870,1.012,90.682,552.227,2.5,0.164211,living
11,B,B11,B11_01167,1.775,1.682,1.950,1.159,115,599.705,2.619,0.191761,living
11,B,B11,B11_01168,1.606,2.367,2.200,0.929,85.611,539.421,2.653,0.158708,living
11,B,B11,B11_01169,1.775,2.016,2.135,1.059,69.581,614.857,2.552,0.113166,living
11,B,B11,B11_01170,2.096,1.919,2.263,1.179,101.282,700.137,2.524,0.144661,living
11,B,B11,B11_01171,1.487,2.177,2.030,0.933,77.068,558.727,3.352,0.137935,living
11,B,B11,B11_01172,1.031,1.831,1.550,0.847,58.262,571.951,2.492,0.101866,living
11,B,B11,B11_01173,1.234,1.831,1.696,0.926,47.575,560.904,3.068,0.084819,living
11,B,B11,B11_01175,1.217,2.177,1.837,0.844,37.458,518.722,29.194,0.072213,dead
11,B,B11,B11_01176,1.876,2.742,2.559,0.933,41.505,568.189,2.793,0.073047,living
11,B,B11,B11_01177,0.828,1.729,1.350,0.781,24.98,580.449,2.449,0.043035,living
11,B,B11,B11_01179,1.606,1.796,1.916,1.067,19.537,635.8,2.695,0.030728,living
11,B,B11,B11_01180,1.656,2.508,2.300,0.917,19.041,574.847,2.378,0.033123,living
11,B,B11,B11_01182,2.197,2.416,2.600,1.076,14.3,679.908,2.592,0.021032,living
11,B,B11,B11_01183,0.845,2.001,1.467,0.733,13.44,547.66,1.76,0.024541,living
11,B,B11,B11_01185,1.386,1.870,1.817,0.971,31.402,534.585,2.451,0.058742,living
11,B,B11,B11_01186,1.538,2.184,2.068,0.947,22.747,515.275,2.198,0.044146,living
11,B,B11,B11_01187,1.217,2.177,1.837,0.844,68.333,500.681,9.083,0.136481,dead
11,B,B11,B11_01189,1.656,1.935,2.020,1.044,52.01,482.49,2.367,0.107795,living
11,B,B11,B11_01190,1.91,2.177,2.301,1.057,82.15,483.504,13.345,0.169906,dead
11,B,B11,B11_01191,1.775,1.770,2.000,1.130,49.848,586.171,2.371,0.085039,living
11,B,B11,B11_01192,2.214,2.177,2.477,1.138,58.855,573.908,2.702,0.102551,living
11,B,B11,B11_01193,2.4,2.040,2.497,1.224,99.585,587.021,2.472,0.169644,living
11,B,B11,B11_01194,1.251,2.124,1.839,0.866,84.527,471.892,2.257,0.179124,living
11,B,B11,B11_01195,1.301,2.282,1.944,0.852,37.234,512.688,2.597,0.072625,living
11,B,B11,B11_01196,1.69,2.456,2.299,0.936,52.47,504.21,2.3,0.104064,living
11,B,B11,B11_01197,2.603,1.980,2.562,1.294,16.461,506.604,2.299,0.032493,living
11,B,B11,B11_01198,1.555,1.575,1.766,1.121,38.13,458.978,2.337,0.083077,living
11,B,B11,B11_01200,2.298,2.177,2.524,1.159,50.397,554.294,17.86,0.090921,dead
11,B,B11,B11_01201,2.231,2.177,2.487,1.142,44.167,608.159,2.795,0.072624,living
11,B,B11,B11_01202,1.622,2.783,2.397,0.861,18.781,490.146,2.771,0.038318,living
11,B,B11,B11_01203,2.045,2.177,2.381,1.094,19.165,543.364,9.223,0.035272,dead
11,B,B11,B11_01204,0.913,1.976,1.516,0.767,18.222,502.222,2.407,0.036283,living
11,B,B11,B11_01205,1.538,2.323,2.133,0.918,15.901,527.56,2.275,0.030141,living
11,B,B11,B11_01206,1.893,2.595,2.501,0.964,14.116,541.982,2.179,0.026045,living
11,B,B11,B11_01209,1.42,2.711,2.214,0.817,58.762,446.274,3.179,0.131672,living
11,B,B11,B11_01210,1.386,2.177,1.960,0.900,48.524,477.378,6.573,0.101648,dead
11,B,B11,B11_01211,1.217,1.962,1.744,0.889,58.639,493.417,2.486,0.118843,living
11,B,B11,B11_01212,2.4,2.139,2.557,1.195,59.556,662.493,2.563,0.089897,living
11,B,B11,B11_01213,2.687,2.342,2.831,1.209,62.585,630.899,2,0.0992,living
11,B,B11,B11_01214,2.214,2.177,2.477,1.138,54.527,483.031,14.069,0.112885,dead
11,B,B11,B11_01215,1.369,1.938,1.838,0.948,57.753,506.506,2.049,0.114022,living
11,B,B11,B11_01216,1.572,2.489,2.232,0.897,22.043,506.677,2.043,0.043505,living
11,B,B11,B11_01217,1.876,2.413,2.401,0.995,56.982,488.505,2.108,0.116646,living
11,B,B11,B11_01218,2.941,1.913,2.676,1.399,42.454,569.764,2.851,0.074512,living
11,B,B11,B11_01219,2.451,3.072,3.096,1.008,46.172,538.669,2.579,0.085716,living
11,B,B11,B11_01220,2.822,2.177,2.797,1.285,74.88,673.144,13.192,0.11124,dead
11,B,B11,B11_01222,1.825,2.645,2.479,0.937,59.713,498.148,2.315,0.11987,living
11,B,B11,B11_01223,2.282,2.370,2.624,1.107,45.17,579.904,2.215,0.077893,living
11,B,B11,B11_01224,1.944,1.550,1.959,1.264,24.817,589.626,2.678,0.04209,living
11,B,B11,B11_01226,1.386,2.253,1.994,0.885,17.024,524.024,2.866,0.032488,living
11,B,B11,B11_01227,1.775,1.624,1.916,1.180,38.295,611.133,2.771,0.062663,living
11,B,B11,B11_01228,1.606,2.177,2.110,0.969,23.032,512.084,4.084,0.044976,living
11,B,B11,B11_01229,0.997,2.177,1.662,0.764,16.61,512.271,9.492,0.032425,dead
11,B,B11,B11_01230,1.91,2.177,2.301,1.057,17.274,461.044,8.602,0.037468,dead
11,B,B11,B11_01231,2.822,1.853,2.580,1.393,15.814,503.539,2.383,0.031406,living
11,B,B11,B11_01234,1.082,2.177,1.732,0.796,48.375,424.391,12.812,0.113987,dead
11,B,B11,B11_01235,1.842,1.807,2.059,1.139,64.752,562.239,2.321,0.115169,living
11,B,B11,B11_01236,1.487,2.181,2.032,0.932,47.216,473.966,2.42,0.099619,living
11,B,B11,B11_01237,1.91,1.731,2.052,1.185,109.159,535.327,2.283,0.203911,living
11,B,B11,B11_01238,1.622,2.648,2.339,0.883,26.188,450.469,2.312,0.058134,living
11,B,B11,B11_01239,2.282,2.198,2.527,1.150,17.948,505.585,2.393,0.0355,living
11,B,B11,B11_01240,2.417,2.177,2.588,1.189,80.07,477.769,2.867,0.167591,living
11,B,B11,B11_01242,2.67,2.112,2.680,1.269,96.051,643.133,2.595,0.149348,living
11,B,B11,B11_01243,2.248,2.349,2.593,1.104,22.083,596.857,2.158,0.036998,living
11,B,B11,B11_01244,1.42,3.059,2.352,0.769,41.048,461.714,2.012,0.088903,living
11,B,B11,B11_01245,2.636,2.908,3.124,1.074,19.846,501.032,2.41,0.039611,living
11,B,B11,B11_01246,1.403,2.014,1.897,0.942,34.976,490.795,3.012,0.071264,living
11,B,B11,B11_01247,0.997,1.654,1.449,0.876,44,505.085,2.034,0.087114,living
11,B,B11,B11_01248,1.707,2.579,2.368,0.918,25.723,516.426,2.178,0.049809,living
11,B,B11,B11_01251,1.437,2.442,2.114,0.866,13.953,520.941,2.259,0.026784,living
11,B,B11,B11_01252,1.572,1.623,1.802,1.111,14.269,553.699,2.075,0.02577,living
11,B,B11,B11_01256,1.589,2.177,2.099,0.964,46.649,542.032,3.511,0.086063,living
11,B,B11,B11_01257,2.67,2.474,2.900,1.172,102.544,553.525,2.171,0.185257,living
11,B,B11,B11_01258,1.994,2.252,2.391,1.062,99.669,520.873,2.534,0.191351,living
11,B,B11,B11_01259,1.622,2.177,2.120,0.974,55.865,463.25,10.625,0.120593,dead
11,B,B11,B11_01260,1.656,1.968,2.037,1.035,16.786,491.367,2.459,0.034161,living
11,B,B11,B11_01261,2.163,2.300,2.517,1.094,98.125,520.844,2.57,0.188396,living
11,B,B11,B11_01262,1.555,2.177,2.076,0.954,73.913,502.663,14.304,0.147043,dead
11,B,B11,B11_01263,1.403,1.563,1.671,1.069,43.663,571.566,2.699,0.076391,living
11,B,B11,B11_01264,2.146,2.064,2.375,1.151,13.102,506.709,2.205,0.025858,living
11,B,B11,B11_01265,1.318,2.286,1.959,0.857,64.885,451.731,2.833,0.143636,living
11,B,B11,B11_01266,1.944,3.157,2.795,0.885,34.33,472.896,2.765,0.072596,living
11,B,B11,B11_01267,1.859,1.724,2.020,1.172,75.627,611.182,2.536,0.123739,living
11,B,B11,B11_01268,2.383,2.837,2.934,1.034,53.624,538.482,2.475,0.099584,living
11,B,B11,B11_01269,2.298,2.261,2.572,1.138,62.301,600.36,2.221,0.103773,living
11,B,B11,B11_01271,2.062,2.012,2.298,1.142,36.639,638.148,2.975,0.057415,living
11,B,B11,B11_01272,2.991,1.951,2.726,1.397,21.938,671.232,2.395,0.032683,living
11,B,B11,B11_01273,2.045,1.743,2.130,1.222,28.843,542.95,2.397,0.053123,living
11,B,B11,B11_01274,1.707,2.332,2.251,0.965,29.99,562.673,2.604,0.053299,living
11,B,B11,B11_01275,0.845,2.177,1.530,0.703,10.92,445.08,6.06,0.024535,dead
11,B,B11,B11_01277,1.842,2.674,2.504,0.937,12.45,561.239,2.56,0.022182,living
