Day,Group,Folder,Cell_ID,Area,Aspect_Ratio,Length_um,Width_um,C1_Mean,C2_Mean,C3_PI_Mean,Ratio_C1_C2,Status
1,C,C1,C1_00001,1.741,2.014,2.113,1.049,77.437,364.437,2.476,0.212484,living
1,C,C1,C1_00002,2.924,2.280,2.914,1.278,46.694,494.457,3.006,0.094434,living
1,C,C1,C1_00003,2.096,2.408,2.535,1.053,103.460,307.540,2.476,0.336410,living
1,C,C1,C1_00004,1.656,1.596,1.834,1.149,104.816,380.582,2.408,0.275411,living
1,C,C1,C1_00005,2.535,1.762,2.385,1.353,88.313,370.160,2.373,0.238582,living
1,C,C1,C1_00006,1.386,2.079,1.915,0.921,76.512,332.890,2.634,0.229842,living
1,C,C1,C1_00007,1.724,1.718,1.942,1.130,107.765,368.127,2.255,0.292737,living
1,C,C1,C1_00008,2.383,2.280,2.630,1.154,70.312,335.475,2.752,0.209589,living
1,C,C1,C1_00009,1.504,1.810,1.862,1.029,2.371,386.944,2.843,0.006127,living
1,C,C1,C1_00010,1.808,1.903,2.093,1.100,102.421,379.897,2.065,0.269601,living
1,C,C1,C1_00011,2.011,2.172,2.358,1.086,94.202,372.210,2.261,0.253087,living
1,C,C1,C1_00012,2.636,2.280,2.766,1.213,77.455,441.494,2.481,0.175439,living
1,C,C1,C1_00013,2.265,2.149,2.489,1.158,75.433,423.075,2.396,0.178297,living
1,C,C1,C1_00014,2.991,2.280,2.947,1.292,80.305,397.864,2.638,0.201840,living
1,C,C1,C1_00015,3.262,1.453,2.457,1.691,57.632,435.705,2.047,0.132273,living
1,C,C1,C1_00016,2.282,2.280,2.574,1.129,72.215,403.733,2.341,0.178868,living
1,C,C1,C1_00017,2.552,1.925,2.501,1.299,55.099,395.556,3.073,0.139296,living
1,C,C1,C1_00018,2.535,3.363,3.295,0.980,38.100,354.007,2.140,0.107625,living
1,C,C1,C1_00019,1.758,1.844,2.032,1.102,56.327,422.663,2.433,0.133267,living
1,C,C1,C1_00020,2.332,2.212,2.563,1.159,42.942,391.493,2.094,0.109688,living
1,C,C1,C1_00021,2.670,2.146,2.701,1.259,58.253,440.772,2.532,0.132162,living
1,C,C1,C1_00022,1.927,1.597,1.979,1.239,21.105,400.693,2.167,0.052672,living
1,C,C1,C1_00023,1.166,2.042,1.741,0.853,28.522,363.667,2.826,0.078428,living
1,C,C1,C1_00024,2.822,1.798,2.542,1.414,2.629,379.952,2.174,0.006919,living
1,C,C1,C1_00025,2.991,2.280,2.947,1.292,23.497,445.819,2.627,0.052706,living
1,C,C1,C1_00026,1.318,1.697,1.688,0.994,21.231,413.910,2.231,0.051293,living
1,C,C1,C1_00027,1.639,3.067,2.530,0.825,16.680,357.062,2.041,0.046716,living
1,C,C1,C1_00028,1.335,2.458,2.044,0.832,14.076,356.342,2.165,0.039501,living
1,C,C1,C1_00029,0.980,2.377,1.722,0.725,9.828,348.034,2.397,0.028237,living
1,C,C1,C1_00030,2.298,3.026,2.976,0.983,13.471,362.522,2.375,0.037158,living
1,C,C1,C1_00031,1.200,4.994,2.762,0.553,8.915,318.465,2.507,0.027995,living
1,C,C1,C1_00032,1.065,4.170,2.378,0.570,10.286,320.683,2.825,0.032074,living
1,C,C1,C1_00033,2.332,2.828,2.898,1.025,9.775,387.413,2.681,0.025232,living
1,C,C1,C1_00034,1.386,2.280,2.006,0.880,84.939,329.866,3.098,0.257496,living
1,C,C1,C1_00035,2.434,2.386,2.719,1.140,83.410,316.806,2.125,0.263284,living
1,C,C1,C1_00036,2.704,1.895,2.554,1.348,115.819,418.062,2.675,0.277037,living
1,C,C1,C1_00037,2.248,1.636,2.164,1.323,117.188,412.865,2.128,0.283841,living
1,C,C1,C1_00038,3.245,1.743,2.684,1.540,94.682,351.422,2.109,0.269426,living
1,C,C1,C1_00039,1.335,1.566,1.632,1.042,31.354,327.430,2.620,0.095759,living
1,C,C1,C1_00040,3.329,2.280,3.109,1.363,92.365,485.563,2.604,0.190223,living
1,C,C1,C1_00041,2.400,1.943,2.437,1.254,89.599,399.218,2.655,0.224435,living
1,C,C1,C1_00042,2.045,1.995,2.279,1.142,77.860,386.669,2.165,0.201359,living
1,C,C1,C1_00043,1.960,1.664,2.038,1.225,51.828,444.009,2.457,0.116727,living
1,C,C1,C1_00044,2.856,1.454,2.299,1.581,19.118,432.438,2.278,0.044211,living
1,C,C1,C1_00045,2.298,2.280,2.583,1.133,59.949,379.000,2.596,0.158176,living
1,C,C1,C1_00046,2.231,2.780,2.810,1.011,53.045,348.795,2.212,0.152082,living
1,C,C1,C1_00047,1.268,1.809,1.709,0.945,45.800,351.107,2.053,0.130445,living
1,C,C1,C1_00048,1.673,2.149,2.140,0.996,30.283,380.657,2.657,0.079554,living
1,C,C1,C1_00049,2.958,1.178,2.106,1.788,2.846,443.811,2.366,0.006412,living
1,C,C1,C1_00050,1.437,2.280,2.043,0.896,32.400,353.894,2.835,0.091553,living
1,C,C1,C1_00051,2.231,3.176,3.004,0.946,24.023,339.803,3.030,0.070696,living
1,C,C1,C1_00052,1.453,1.704,1.776,1.042,21.035,387.674,2.581,0.054259,living
1,C,C1,C1_00053,1.217,2.062,1.787,0.867,21.708,344.347,1.889,0.063042,living
1,C,C1,C1_00054,1.251,2.172,1.860,0.856,12.932,330.959,2.689,0.039076,living
1,C,C1,C1_00055,1.335,1.975,1.832,0.928,20.696,354.342,2.190,0.058407,living
1,C,C1,C1_00056,1.673,2.280,2.204,0.967,26.152,396.071,2.667,0.066027,living
1,C,C1,C1_00057,2.400,2.829,2.940,1.039,22.268,392.007,2.239,0.056804,living
1,C,C1,C1_00058,0.862,1.926,1.454,0.755,13.157,333.020,2.314,0.039508,living
1,C,C1,C1_00059,1.606,2.139,2.091,0.978,14.453,362.295,2.379,0.039892,living
1,C,C1,C1_00060,3.279,2.280,3.085,1.353,13.521,361.108,2.902,0.037442,living
1,C,C1,C1_00061,1.639,1.861,1.971,1.059,12.856,359.299,2.619,0.035780,living
1,C,C1,C1_00062,1.470,2.183,2.021,0.926,12.897,374.586,2.460,0.034429,living
1,C,C1,C1_00063,1.994,2.280,2.406,1.055,70.280,354.992,2.356,0.197976,living
1,C,C1,C1_00064,2.974,2.280,2.938,1.289,117.114,462.102,2.585,0.253437,living
1,C,C1,C1_00065,1.741,2.280,2.248,0.986,82.971,323.194,2.602,0.256721,living
1,C,C1,C1_00066,2.789,2.280,2.846,1.248,52.539,365.133,2.345,0.143891,living
1,C,C1,C1_00067,0.896,2.280,1.613,0.707,2.321,314.000,2.019,0.007391,living
1,C,C1,C1_00068,2.315,2.280,2.593,1.137,105.401,387.562,2.577,0.271960,living
1,C,C1,C1_00069,2.569,2.280,2.731,1.198,88.697,424.197,2.539,0.209095,living
1,C,C1,C1_00070,1.268,2.280,1.919,0.841,2.987,275.093,2.627,0.010857,living
1,C,C1,C1_00071,2.805,2.280,2.854,1.251,102.367,392.711,2.307,0.260669,living
1,C,C1,C1_00072,2.569,2.280,2.731,1.198,67.191,368.599,2.461,0.182287,living
1,C,C1,C1_00073,2.907,2.280,2.905,1.274,90.826,404.843,2.547,0.224348,living
1,C,C1,C1_00074,2.180,2.280,2.516,1.103,99.070,436.620,2.256,0.226901,living
1,C,C1,C1_00075,3.076,2.280,2.988,1.311,87.203,446.907,2.560,0.195126,living
1,C,C1,C1_00076,2.265,2.280,2.564,1.125,40.799,383.821,2.067,0.106296,living
1,C,C1,C1_00077,2.079,2.280,2.457,1.077,55.480,367.691,2.374,0.150887,living
1,C,C1,C1_00078,1.960,2.280,2.385,1.046,42.095,357.664,2.026,0.117694,living
1,C,C1,C1_00079,2.924,2.280,2.914,1.278,54.734,427.925,2.578,0.127906,living
1,C,C1,C1_00080,2.822,2.280,2.862,1.255,42.293,373.970,2.467,0.113093,living
1,C,C1,C1_00081,2.451,2.280,2.668,1.170,20.966,343.786,2.766,0.060984,living
1,C,C1,C1_00082,1.910,2.280,2.355,1.033,38.257,403.770,2.469,0.094749,living
1,C,C1,C1_00083,1.927,2.280,2.365,1.037,35.798,400.640,2.789,0.089353,living
1,C,C1,C1_00084,1.470,2.280,2.066,0.906,23.080,369.977,2.805,0.062383,living
1,C,C1,C1_00085,1.707,2.280,2.226,0.976,22.792,392.267,2.515,0.058103,living
1,C,C1,C1_00086,1.453,2.280,2.054,0.901,18.000,359.907,2.151,0.050013,living
1,C,C1,C1_00087,1.521,2.280,2.101,0.922,19.600,372.844,2.311,0.052569,living
1,C,C1,C1_00088,1.555,2.280,2.125,0.932,10.630,300.511,2.348,0.035375,living
1,C,C1,C1_00089,1.538,2.280,2.113,0.927,11.956,346.264,2.714,0.034529,living
1,C,C1,C1_00090,1.606,2.280,2.159,0.947,15.042,346.011,3.042,0.043473,living
1,C,C1,C1_00091,0.693,2.280,1.418,0.622,2.415,321.268,1.756,0.007516,living
1,C,C1,C1_00092,1.335,2.280,1.969,0.863,13.468,370.937,2.835,0.036309,living
1,C,C1,C1_00093,0.828,2.280,1.550,0.680,11.082,328.327,2.633,0.033752,living
1,C,C1,C1_00094,0.794,2.280,1.518,0.666,9.702,313.426,2.128,0.030955,living
1,C,C1,C1_00095,1.014,3.051,1.985,0.651,7.267,318.500,2.083,0.022815,living
1,C,C1,C1_00096,1.707,1.585,1.856,1.171,81.842,348.248,1.960,0.235010,living
1,C,C1,C1_00097,1.538,1.547,1.741,1.125,65.495,317.132,2.769,0.206521,living
1,C,C1,C1_00098,1.234,2.343,1.919,0.819,56.123,290.027,2.274,0.193510,living
1,C,C1,C1_00099,1.217,2.388,1.924,0.806,55.500,289.444,2.403,0.191747,living
1,C,C1,C1_00100,2.636,1.829,2.478,1.355,107.769,408.506,2.615,0.263813,living
1,C,C1,C1_00101,1.115,2.078,1.718,0.827,73.621,303.909,2.273,0.242247,living
1,C,C1,C1_00102,3.363,2.543,3.300,1.298,123.910,355.839,2.709,0.348218,living
1,C,C1,C1_00103,2.772,1.801,2.521,1.400,125.189,495.793,2.372,0.252503,living
1,C,C1,C1_00104,1.301,1.552,1.603,1.033,82.870,311.987,2.442,0.265620,living
1,C,C1,C1_00105,2.231,3.268,3.047,0.932,50.811,294.311,2.280,0.172643,living
1,C,C1,C1_00106,3.296,2.280,3.093,1.357,98.897,437.708,2.836,0.225944,living
1,C,C1,C1_00107,1.842,1.804,2.057,1.140,57.312,396.972,2.211,0.144373,living
1,C,C1,C1_00108,1.791,2.981,2.607,0.875,47.151,299.425,2.651,0.157472,living
1,C,C1,C1_00109,3.194,2.229,3.011,1.351,83.085,423.767,2.291,0.196062,living
1,C,C1,C1_00110,1.572,2.349,2.168,0.923,17.000,310.237,2.957,0.054797,living
1,C,C1,C1_00111,2.332,2.054,2.470,1.202,37.167,414.899,2.565,0.089580,living
1,C,C1,C1_00112,1.572,2.293,2.142,0.934,26.720,314.215,2.462,0.085039,living
1,C,C1,C1_00113,1.656,2.013,2.060,1.023,20.133,360.459,2.459,0.055853,living
1,C,C1,C1_00114,2.670,1.962,2.583,1.316,42.506,462.329,2.424,0.091940,living
1,C,C1,C1_00115,3.042,2.580,3.161,1.225,2.567,356.072,2.433,0.007208,living
1,C,C1,C1_00116,3.025,1.803,2.635,1.462,24.397,463.078,2.419,0.052684,living
1,C,C1,C1_00117,1.606,2.202,2.122,0.964,27.705,351.158,2.463,0.078897,living
1,C,C1,C1_00118,3.177,2.081,2.901,1.394,2.984,290.330,2.351,0.010278,living
1,C,C1,C1_00119,2.282,2.444,2.665,1.090,17.859,392.207,2.378,0.045535,living
1,C,C1,C1_00120,1.960,2.982,2.728,0.915,15.828,344.371,2.819,0.045961,living
1,C,C1,C1_00121,2.248,2.380,2.610,1.097,23.466,381.030,2.391,0.061586,living
1,C,C1,C1_00122,2.163,2.533,2.641,1.043,20.484,350.320,2.508,0.058473,living
1,C,C1,C1_00123,2.298,1.688,2.222,1.317,21.985,450.574,2.728,0.048794,living
1,C,C1,C1_00124,1.791,2.503,2.389,0.954,17.953,352.189,2.358,0.050975,living
1,C,C1,C1_00125,1.893,2.873,2.631,0.916,14.045,344.714,2.732,0.040743,living
1,C,C1,C1_00126,2.822,2.280,2.862,1.255,20.168,466.940,2.569,0.043191,living
1,C,C1,C1_00127,1.132,2.052,1.720,0.838,13.597,334.388,2.149,0.040662,living
1,C,C1,C1_00128,2.129,1.466,1.993,1.360,8.413,320.873,2.175,0.026218,living
1,C,C1,C1_00129,1.960,1.121,1.673,1.492,2.319,325.733,2.836,0.007119,living
1,C,C1,C1_00130,1.791,2.666,2.466,0.925,2.302,311.868,2.311,0.007381,living
1,C,C1,C1_00131,1.622,2.202,2.133,0.968,2.427,321.146,2.729,0.007558,living
1,C,C1,C1_00132,2.045,2.498,2.550,1.021,14.198,376.810,1.967,0.037680,living
1,C,C1,C1_00133,2.062,3.469,3.018,0.870,54.131,312.352,2.385,0.173301,living
1,C,C1,C1_00134,1.791,2.373,2.326,0.980,38.764,331.151,2.170,0.117059,living
1,C,C1,C1_00135,1.808,1.848,2.063,1.116,96.822,375.822,2.477,0.257628,living
1,C,C1,C1_00136,1.741,1.857,2.029,1.093,31.359,394.175,2.233,0.079557,living
1,C,C1,C1_00137,1.741,2.715,2.453,0.904,48.621,333.660,2.534,0.145721,living
1,C,C1,C1_00138,2.400,1.829,2.364,1.293,80.683,438.289,2.387,0.184087,living
1,C,C1,C1_00139,3.228,1.603,2.567,1.601,77.565,476.827,2.162,0.162670,living
1,C,C1,C1_00140,2.738,1.826,2.523,1.382,63.438,432.574,2.611,0.146653,living
1,C,C1,C1_00141,2.079,1.694,2.118,1.250,70.520,450.431,2.634,0.156562,living
1,C,C1,C1_00142,2.129,2.714,2.712,0.999,46.484,345.794,2.643,0.134427,living
1,C,C1,C1_00143,2.839,1.611,2.413,1.498,20.232,370.452,2.673,0.054615,living
1,C,C1,C1_00144,1.960,2.280,2.385,1.046,27.948,413.552,2.957,0.067581,living
1,C,C1,C1_00145,0.980,2.461,1.752,0.712,28.000,310.362,2.638,0.090217,living
1,C,C1,C1_00146,0.963,1.740,1.461,0.839,22.456,361.193,3.123,0.062172,living
1,C,C1,C1_00147,2.332,3.107,3.037,0.978,23.391,370.391,2.362,0.063153,living
1,C,C1,C1_00148,1.386,2.280,2.006,0.880,28.098,376.585,2.829,0.074611,living
1,C,C1,C1_00149,1.791,1.591,1.905,1.197,35.189,457.406,2.500,0.076931,living
1,C,C1,C1_00150,1.284,1.882,1.754,0.932,25.224,368.513,2.474,0.068447,living
1,C,C1,C1_00151,2.265,2.586,2.731,1.056,37.634,408.343,2.403,0.092163,living
1,C,C1,C1_00152,1.487,1.832,1.862,1.017,24.034,392.557,2.409,0.061224,living
1,C,C1,C1_00153,1.589,1.819,1.918,1.055,28.128,375.702,2.617,0.074867,living
1,C,C1,C1_00154,1.758,3.367,2.745,0.815,14.404,310.365,2.327,0.046409,living
1,C,C1,C1_00155,1.944,2.910,2.684,0.922,22.670,354.565,2.130,0.063936,living
1,C,C1,C1_00156,2.704,1.758,2.460,1.399,16.462,395.606,2.469,0.041613,living
1,C,C1,C1_00157,2.214,2.985,2.901,0.972,22.718,372.115,2.626,0.061050,living
1,C,C1,C1_00158,2.214,2.424,2.614,1.078,16.588,384.115,2.603,0.043184,living
1,C,C1,C1_00159,1.791,2.589,2.430,0.939,10.660,335.208,2.104,0.031802,living
1,C,C1,C1_00160,1.504,3.688,2.658,0.721,14.640,337.899,2.730,0.043328,living
1,C,C1,C1_00161,1.403,1.957,1.870,0.955,13.759,366.072,2.566,0.037586,living
1,C,C1,C1_00162,1.217,2.858,2.104,0.736,12.764,331.403,2.625,0.038515,living
1,C,C1,C1_00163,1.301,2.280,1.944,0.852,24.818,282.260,3.909,0.087927,living
1,C,C1,C1_00164,1.910,3.608,2.962,0.821,83.434,262.301,2.204,0.318084,living
1,C,C1,C1_00165,1.504,1.634,1.769,1.083,97.989,336.820,2.090,0.290923,living
1,C,C1,C1_00166,1.082,1.894,1.615,0.853,62.188,295.141,2.312,0.210705,living
1,C,C1,C1_00167,2.349,1.781,2.308,1.296,77.424,364.353,2.504,0.212499,living
1,C,C1,C1_00168,0.930,2.280,1.643,0.721,48.473,289.145,2.655,0.167641,living
1,C,C1,C1_00169,1.589,1.727,1.869,1.082,71.904,339.606,2.277,0.211728,living
1,C,C1,C1_00170,2.890,2.517,3.043,1.209,81.667,352.304,2.187,0.231807,living
1,C,C1,C1_00171,2.670,1.870,2.521,1.348,54.468,360.171,2.348,0.151229,living
1,C,C1,C1_00172,2.028,1.690,2.089,1.236,45.550,345.550,2.483,0.131819,living
1,C,C1,C1_00173,2.231,2.280,2.545,1.116,72.371,397.045,2.455,0.182274,living
1,C,C1,C1_00174,2.653,1.405,2.179,1.551,44.064,409.561,2.720,0.107588,living
1,C,C1,C1_00175,2.873,1.870,2.615,1.399,104.688,381.112,2.224,0.274692,living
1,C,C1,C1_00176,1.876,1.780,2.062,1.158,63.135,380.874,2.279,0.165764,living
1,C,C1,C1_00177,2.569,2.044,2.586,1.265,88.691,430.658,2.197,0.205943,living
1,C,C1,C1_00178,2.434,2.370,2.710,1.144,28.535,391.653,2.472,0.072857,living
1,C,C1,C1_00179,1.741,2.280,2.248,0.986,84.223,387.204,2.757,0.217517,living
1,C,C1,C1_00180,1.082,2.098,1.700,0.810,22.000,319.422,2.422,0.068874,living
1,C,C1,C1_00181,1.572,1.594,1.786,1.121,48.860,362.871,2.763,0.134649,living
1,C,C1,C1_00182,3.177,2.280,3.037,1.332,51.000,366.037,2.755,0.139330,living
1,C,C1,C1_00183,2.332,1.879,2.362,1.257,23.312,388.377,2.391,0.060023,living
1,C,C1,C1_00184,1.960,3.613,3.003,0.831,27.931,324.690,2.310,0.086024,living
1,C,C1,C1_00185,2.028,2.359,2.468,1.046,27.808,373.275,2.533,0.074498,living
1,C,C1,C1_00186,3.025,2.561,3.141,1.226,19.413,422.732,2.346,0.045924,living
1,C,C1,C1_00187,1.318,1.930,1.800,0.932,22.372,351.590,2.205,0.063630,living
1,C,C1,C1_00188,1.538,2.280,2.113,0.927,15.824,383.714,3.187,0.041239,living
1,C,C1,C1_00189,1.555,1.603,1.782,1.111,15.283,374.587,2.391,0.040799,living
1,C,C1,C1_00190,0.727,2.269,1.449,0.639,8.721,314.070,2.814,0.027767,living
1,C,C1,C1_00191,1.082,1.931,1.631,0.845,12.891,347.438,2.188,0.037102,living
1,C,C1,C1_00192,1.927,2.387,2.420,1.014,18.675,366.219,2.509,0.050995,living
1,C,C1,C1_00193,0.794,2.018,1.428,0.708,9.894,317.213,2.553,0.031189,living
1,C,C1,C1_00194,0.879,2.144,1.549,0.722,13.442,312.481,2.365,0.043018,living
1,C,C1,C1_00195,1.707,2.382,2.275,0.955,14.366,357.663,2.178,0.040167,living
1,C,C1,C1_00196,1.301,2.403,1.995,0.830,6.857,338.792,2.545,0.020240,living
1,C,C1,C1_00197,1.301,2.433,2.008,0.825,52.065,314.442,2.364,0.165579,living
1,C,C1,C1_00198,0.879,1.667,1.366,0.819,35.173,297.058,2.808,0.118405,living
1,C,C1,C1_00199,1.673,2.065,2.097,1.016,88.182,310.313,2.020,0.284170,living
1,C,C1,C1_00200,1.048,2.108,1.677,0.796,59.194,297.452,2.403,0.199002,living
1,C,C1,C1_00201,2.332,2.621,2.790,1.064,66.949,352.543,2.159,0.189904,living
1,C,C1,C1_00202,2.991,1.671,2.523,1.510,65.655,365.040,2.356,0.179858,living
1,C,C1,C1_00203,1.538,2.280,2.113,0.927,65.747,355.385,3.000,0.185003,living
1,C,C1,C1_00204,2.129,1.945,2.296,1.181,122.770,390.389,2.627,0.314481,living
1,C,C1,C1_00205,2.924,2.907,3.290,1.132,72.757,367.035,2.405,0.198230,living
1,C,C1,C1_00206,3.059,2.329,3.012,1.293,99.619,426.149,2.624,0.233765,living
1,C,C1,C1_00207,1.775,1.929,2.088,1.082,69.419,376.467,2.457,0.184396,living
1,C,C1,C1_00208,1.335,1.928,1.810,0.939,44.215,352.241,2.506,0.125526,living
1,C,C1,C1_00209,3.127,2.664,3.257,1.223,50.135,408.243,2.465,0.122807,living
1,C,C1,C1_00210,2.738,2.089,2.699,1.292,66.796,485.685,2.136,0.137530,living
1,C,C1,C1_00211,2.653,2.280,2.775,1.217,44.471,441.363,2.943,0.100759,living
1,C,C1,C1_00212,0.727,2.111,1.398,0.662,19.372,315.953,2.209,0.061313,living
1,C,C1,C1_00213,2.400,2.080,2.521,1.212,33.458,350.430,2.394,0.095476,living
1,C,C1,C1_00214,2.755,3.785,3.644,0.963,49.748,345.110,2.804,0.144152,living
1,C,C1,C1_00215,1.014,1.709,1.485,0.869,16.883,343.117,2.683,0.049206,living
1,C,C1,C1_00216,1.944,1.689,2.045,1.211,51.400,432.374,2.504,0.118879,living
1,C,C1,C1_00217,2.282,2.785,2.845,1.021,21.259,338.296,2.430,0.062842,living
1,C,C1,C1_00218,2.822,2.285,2.865,1.254,51.826,484.617,2.766,0.106943,living
1,C,C1,C1_00219,2.231,2.067,2.423,1.172,36.152,404.955,2.485,0.089273,living
1,C,C1,C1_00220,2.805,3.290,3.428,1.042,39.066,373.518,2.681,0.104590,living
1,C,C1,C1_00221,1.352,1.561,1.639,1.050,16.387,362.375,2.500,0.045222,living
1,C,C1,C1_00222,2.180,3.138,2.951,0.940,24.178,351.698,2.674,0.068747,living
1,C,C1,C1_00223,1.842,1.925,2.125,1.104,33.817,405.908,2.578,0.083311,living
1,C,C1,C1_00224,3.346,2.287,3.121,1.365,9.833,443.566,2.490,0.022169,living
1,C,C1,C1_00225,2.265,2.280,2.564,1.125,39.112,482.052,2.739,0.081136,living
1,C,C1,C1_00226,1.386,2.280,2.006,0.880,14.146,357.488,5.634,0.039572,dead
1,C,C1,C1_00227,1.284,1.963,1.791,0.913,13.855,361.474,1.908,0.038330,living
1,C,C1,C1_00228,0.879,1.896,1.457,0.768,12.885,343.442,2.731,0.037516,living
1,C,C1,C1_00229,0.896,1.703,1.394,0.818,20.170,362.019,2.377,0.055715,living
1,C,C1,C1_00230,1.318,2.390,2.003,0.838,12.782,337.641,2.423,0.037857,living
1,C,C1,C1_00231,2.180,3.159,2.961,0.937,13.698,359.884,2.465,0.038061,living
1,C,C1,C1_00232,1.437,4.112,2.743,0.667,13.506,314.659,1.882,0.042922,living
1,C,C1,C1_00233,1.014,2.426,1.770,0.730,77.200,289.800,2.367,0.266391,living
1,C,C1,C1_00234,1.842,2.013,2.173,1.079,76.431,354.761,2.716,0.215444,living
1,C,C1,C1_00235,0.980,2.523,1.774,0.703,47.914,312.328,2.586,0.153409,living
1,C,C1,C1_00236,1.268,1.730,1.671,0.966,72.880,329.720,2.587,0.221036,living
1,C,C1,C1_00237,2.670,3.467,3.433,0.990,77.551,337.842,2.532,0.229547,living
1,C,C1,C1_00238,2.366,2.476,2.731,1.103,89.636,383.650,2.400,0.233639,living
1,C,C1,C1_00239,2.721,2.500,2.943,1.177,122.665,383.211,2.658,0.320097,living
1,C,C1,C1_00240,2.079,2.846,2.745,0.964,54.236,337.927,2.260,0.160496,living
1,C,C1,C1_00241,2.721,2.080,2.684,1.291,115.093,445.981,2.366,0.258067,living
1,C,C1,C1_00242,1.825,2.329,2.326,0.999,86.102,366.204,1.787,0.235120,living
1,C,C1,C1_00243,3.110,2.795,3.327,1.190,100.880,358.957,2.266,0.281038,living
1,C,C1,C1_00244,3.042,2.248,2.951,1.313,89.578,437.472,2.367,0.204762,living
1,C,C1,C1_00245,1.775,1.662,1.938,1.166,101.181,392.705,2.629,0.257651,living
1,C,C1,C1_00246,2.231,2.280,2.545,1.116,54.894,349.333,2.902,0.157139,living
1,C,C1,C1_00247,1.487,1.589,1.734,1.092,78.102,399.705,2.295,0.195400,living
1,C,C1,C1_00248,2.400,2.145,2.560,1.194,36.218,453.634,2.380,0.079840,living
1,C,C1,C1_00249,1.758,1.815,2.016,1.111,61.606,411.654,2.913,0.149654,living
1,C,C1,C1_00250,1.673,1.998,2.063,1.033,35.293,414.556,2.323,0.085134,living
1,C,C1,C1_00251,1.808,2.984,2.621,0.878,32.336,369.299,2.206,0.087562,living
1,C,C1,C1_00252,1.521,2.207,2.067,0.937,50.989,386.978,2.167,0.131762,living
1,C,C1,C1_00253,1.487,2.186,2.034,0.931,35.159,363.239,2.955,0.096793,living
1,C,C1,C1_00254,2.113,2.280,2.477,1.086,27.088,422.912,3.064,0.064051,living
1,C,C1,C1_00255,2.163,2.280,2.506,1.099,33.117,427.820,2.711,0.077409,living
1,C,C1,C1_00256,1.420,1.928,1.867,0.968,20.929,405.786,2.952,0.051575,living
1,C,C1,C1_00257,1.318,2.810,2.172,0.773,17.756,354.705,2.538,0.050060,living
1,C,C1,C1_00258,2.755,3.494,3.501,1.002,18.902,385.847,2.325,0.048988,living
1,C,C1,C1_00259,1.673,2.280,2.204,0.967,20.515,405.010,2.273,0.050653,living
1,C,C1,C1_00260,1.673,2.280,2.204,0.967,22.343,371.374,2.889,0.060164,living
1,C,C1,C1_00261,0.963,2.280,1.672,0.733,18.298,363.386,2.860,0.050355,living
1,C,C1,C1_00262,2.011,4.132,3.253,0.787,14.613,320.042,2.202,0.045661,living
1,C,C1,C1_00263,0.794,1.970,1.411,0.716,16.681,364.766,3.213,0.045730,living
1,C,C1,C1_00264,0.997,1.958,1.577,0.805,15.051,380.475,2.576,0.039558,living
1,C,C1,C1_00265,1.893,2.886,2.637,0.914,14.491,374.768,2.304,0.038667,living
1,C,C1,C1_00266,1.808,2.546,2.421,0.951,17.645,378.636,2.065,0.046601,living
1,C,C1,C1_00267,1.099,2.151,1.735,0.807,16.985,374.862,2.538,0.045309,living
1,C,C1,C1_00268,1.183,3.030,2.136,0.705,15.286,338.143,2.686,0.045205,living
1,C,C1,C1_00269,1.622,2.226,2.144,0.963,88.938,325.417,2.323,0.273303,living
1,C,C1,C1_00270,2.417,3.244,3.160,0.974,74.524,328.762,2.476,0.226682,living
1,C,C1,C1_00271,1.808,2.642,2.466,0.933,52.991,348.411,2.327,0.152092,living
1,C,C1,C1_00272,1.014,1.944,1.584,0.815,91.100,322.350,2.450,0.282612,living
1,C,C1,C1_00273,2.603,1.824,2.459,1.348,79.597,388.597,2.578,0.204833,living
1,C,C1,C1_00274,1.775,2.280,2.270,0.996,62.219,325.076,2.705,0.191398,living
1,C,C1,C1_00275,1.538,1.982,1.970,0.994,68.615,356.121,3.000,0.192674,living
1,C,C1,C1_00276,0.862,1.895,1.442,0.761,54.216,308.373,2.392,0.175812,living
1,C,C1,C1_00277,1.876,1.903,2.132,1.120,105.117,377.658,2.198,0.278340,living
1,C,C1,C1_00278,2.704,2.280,2.802,1.229,112.725,447.188,2.650,0.252075,living
1,C,C1,C1_00279,2.282,2.377,2.628,1.106,81.689,328.770,2.859,0.248468,living
1,C,C1,C1_00280,3.279,2.219,3.044,1.372,82.526,368.907,2.381,0.223703,living
1,C,C1,C1_00281,1.555,1.740,1.856,1.067,86.620,357.641,2.576,0.242197,living
1,C,C1,C1_00282,2.704,2.634,3.011,1.143,33.300,411.800,2.394,0.080864,living
1,C,C1,C1_00283,2.062,2.681,2.653,0.990,77.975,345.246,2.230,0.225855,living
1,C,C1,C1_00284,1.690,2.108,2.130,1.010,48.300,392.740,2.430,0.122982,living
1,C,C1,C1_00285,1.656,2.280,2.193,0.962,72.755,385.306,2.653,0.188824,living
1,C,C1,C1_00286,3.380,1.666,2.678,1.607,52.360,416.585,2.155,0.125689,living
1,C,C1,C1_00287,2.569,2.864,3.061,1.069,54.934,377.697,2.382,0.145445,living
1,C,C1,C1_00288,1.673,1.901,2.012,1.059,61.455,417.364,2.121,0.147245,living
1,C,C1,C1_00289,2.569,2.143,2.648,1.235,2.487,426.632,2.257,0.005829,living
1,C,C1,C1_00290,2.231,2.074,2.427,1.170,2.205,362.598,2.591,0.006080,living
1,C,C1,C1_00291,1.690,1.547,1.824,1.179,24.410,425.240,2.270,0.057403,living
1,C,C1,C1_00292,2.501,2.280,2.695,1.182,60.872,509.061,2.615,0.119576,living
1,C,C1,C1_00293,1.504,1.892,1.903,1.006,36.989,435.034,2.292,0.085025,living
1,C,C1,C1_00294,1.622,2.550,2.295,0.900,32.760,375.344,2.781,0.087281,living
1,C,C1,C1_00295,3.093,2.783,3.311,1.190,32.951,420.180,2.339,0.078421,living
1,C,C1,C1_00296,1.048,1.876,1.582,0.843,18.484,381.000,2.839,0.048514,living
1,C,C1,C1_00297,1.403,2.264,2.011,0.888,19.687,377.277,2.361,0.052181,living
1,C,C1,C1_00298,3.177,2.635,3.265,1.239,33.436,431.074,2.569,0.077565,living
1,C,C1,C1_00299,1.217,2.005,1.763,0.879,15.875,353.458,2.611,0.044913,living
1,C,C1,C1_00300,1.825,3.146,2.704,0.859,14.898,374.907,2.222,0.039738,living
1,C,C1,C1_00301,1.166,2.280,1.840,0.807,15.507,386.565,2.942,0.040115,living
1,C,C1,C1_00302,1.065,2.900,1.983,0.684,13.540,346.270,2.286,0.039102,living
1,C,C1,C1_00303,1.825,1.376,1.788,1.300,9.370,345.593,2.046,0.027114,living
1,C,C1,C1_00304,2.079,2.379,2.509,1.055,75.480,309.350,2.699,0.243995,living
1,C,C1,C1_00305,1.707,2.326,2.248,0.967,47.792,303.426,2.743,0.157508,living
1,C,C1,C1_00306,1.335,1.955,1.823,0.932,51.253,324.291,2.089,0.158047,living
1,C,C1,C1_00307,1.403,1.958,1.870,0.955,49.000,320.723,2.687,0.152780,living
1,C,C1,C1_00308,2.484,2.535,2.832,1.117,77.082,345.660,2.871,0.222999,living
1,C,C1,C1_00309,2.349,1.971,2.428,1.232,68.129,399.957,2.144,0.170342,living
1,C,C1,C1_00310,1.352,1.906,1.811,0.950,32.150,350.025,2.987,0.091851,living
1,C,C1,C1_00311,1.758,2.123,2.180,1.027,47.692,333.731,2.558,0.142907,living
1,C,C1,C1_00312,2.146,1.904,2.281,1.198,73.937,345.543,2.252,0.213973,living
1,C,C1,C1_00313,2.873,1.962,2.679,1.365,55.124,456.859,2.406,0.120658,living
1,C,C1,C1_00314,2.484,1.912,2.459,1.286,48.367,429.218,2.755,0.112687,living
1,C,C1,C1_00315,1.504,2.392,2.140,0.895,9.124,313.472,2.461,0.029105,living
1,C,C1,C1_00316,1.335,1.865,1.780,0.955,39.823,334.759,2.114,0.118959,living
1,C,C1,C1_00317,2.789,2.057,2.703,1.314,55.521,447.770,2.697,0.123995,living
1,C,C1,C1_00318,1.960,2.177,2.331,1.071,36.000,349.284,2.431,0.103068,living
1,C,C1,C1_00319,2.721,2.043,2.660,1.302,57.559,445.913,2.373,0.129081,living
1,C,C1,C1_00320,1.758,1.815,2.016,1.111,45.231,380.077,2.135,0.119004,living
1,C,C1,C1_00321,1.149,2.084,1.746,0.838,15.956,328.853,3.176,0.048520,living
1,C,C1,C1_00322,1.217,1.907,1.719,0.901,11.125,342.514,2.597,0.032480,living
1,C,C1,C1_00323,1.318,2.948,2.224,0.754,12.000,309.679,2.256,0.038750,living
1,C,C1,C1_00324,1.200,2.233,1.847,0.827,14.310,317.000,2.831,0.045142,living
1,C,C1,C1_00325,1.453,1.670,1.758,1.053,18.605,396.000,2.488,0.046981,living
1,C,C1,C1_00326,2.298,2.888,2.907,1.007,11.721,326.471,2.926,0.035901,living
1,C,C1,C1_00327,1.791,1.843,2.050,1.112,16.425,389.472,1.689,0.042171,living
1,C,C1,C1_00328,2.451,2.280,2.668,1.170,10.938,326.124,2.614,0.033539,living
1,C,C1,C1_00329,1.082,1.752,1.554,0.887,32.578,318.719,2.672,0.102216,living
1,C,C1,C1_00330,2.062,1.886,2.225,1.180,37.336,333.713,2.205,0.111881,living
1,C,C1,C1_00331,1.977,2.280,2.396,1.051,57.991,286.752,2.684,0.202235,living
1,C,C1,C1_00332,2.704,2.280,2.802,1.229,72.581,397.600,2.900,0.182548,living
1,C,C1,C1_00333,1.673,1.864,1.993,1.069,98.596,337.212,2.626,0.292386,living
1,C,C1,C1_00334,2.282,2.354,2.615,1.111,61.578,345.000,2.170,0.178486,living
1,C,C1,C1_00335,2.873,2.280,2.888,1.267,101.400,341.776,2.459,0.296685,living
1,C,C1,C1_00336,1.639,2.280,2.181,0.957,108.268,315.381,2.711,0.343292,living
1,C,C1,C1_00337,2.890,2.280,2.897,1.270,59.608,398.795,2.725,0.149471,living
1,C,C1,C1_00338,2.417,2.841,2.957,1.041,53.371,349.028,2.455,0.152912,living
1,C,C1,C1_00339,3.194,2.280,3.045,1.335,107.148,377.169,2.725,0.284085,living
1,C,C1,C1_00340,2.535,2.012,2.548,1.267,57.860,311.307,2.060,0.185862,living
1,C,C1,C1_00341,2.636,2.328,2.795,1.201,109.801,362.122,2.218,0.303216,living
1,C,C1,C1_00342,1.859,3.021,2.674,0.885,22.436,327.518,2.173,0.068504,living
1,C,C1,C1_00343,1.960,2.074,2.275,1.097,85.802,337.388,2.121,0.254312,living
1,C,C1,C1_00344,2.062,2.078,2.336,1.124,76.295,396.377,2.279,0.192481,living
1,C,C1,C1_00345,2.315,2.280,2.593,1.137,37.796,355.569,2.482,0.106296,living
1,C,C1,C1_00346,2.079,2.280,2.457,1.077,87.203,387.114,2.959,0.225265,living
1,C,C1,C1_00347,1.791,1.767,2.007,1.136,64.840,383.151,2.245,0.169227,living
1,C,C1,C1_00348,2.231,2.666,2.752,1.032,52.606,342.167,2.424,0.153744,living
1,C,C1,C1_00349,2.163,1.902,2.289,1.203,67.273,418.172,2.508,0.160875,living
1,C,C1,C1_00350,2.349,2.280,2.611,1.145,49.396,455.007,2.770,0.108560,living
1,C,C1,C1_00351,1.944,2.138,2.300,1.076,28.774,371.652,2.800,0.077422,living
1,C,C1,C1_00352,2.873,2.100,2.772,1.320,43.353,458.259,2.382,0.094604,living
1,C,C1,C1_00353,2.484,2.280,2.685,1.178,44.687,447.660,2.728,0.099824,living
1,C,C1,C1_00354,1.386,1.642,1.702,1.037,34.598,376.256,3.134,0.091952,living
1,C,C1,C1_00355,1.470,1.998,1.934,0.968,21.011,361.828,2.713,0.058070,living
1,C,C1,C1_00356,2.214,2.491,2.650,1.064,16.855,367.275,2.519,0.045892,living
1,C,C1,C1_00357,1.673,1.981,2.054,1.037,17.232,382.374,2.455,0.045067,living
1,C,C1,C1_00358,2.535,2.280,2.713,1.190,22.107,406.993,2.713,0.054317,living
1,C,C1,C1_00359,2.789,2.813,3.161,1.124,9.279,346.442,2.733,0.026783,living
1,C,C1,C1_00360,1.200,3.546,2.328,0.656,6.141,276.099,2.324,0.022241,living
1,C,C1,C1_00361,1.132,2.866,2.032,0.709,9.612,289.313,2.612,0.033223,living
1,C,C1,C1_00362,1.589,2.791,2.376,0.851,54.319,319.106,2.500,0.170223,living
1,C,C1,C1_00363,1.487,1.631,1.757,1.077,93.330,314.023,2.716,0.297206,living
1,C,C1,C1_00364,1.420,2.777,2.241,0.807,60.286,292.679,2.238,0.205979,living
1,C,C1,C1_00365,2.011,2.366,2.461,1.040,94.168,306.689,2.412,0.307047,living
1,C,C1,C1_00366,1.555,2.470,2.211,0.895,78.543,290.120,2.250,0.270728,living
1,C,C1,C1_00367,2.552,2.823,3.029,1.073,91.934,326.980,2.377,0.281160,living
1,C,C1,C1_00368,3.245,2.860,3.438,1.202,70.552,278.578,2.500,0.253258,living
1,C,C1,C1_00369,2.011,1.886,2.198,1.165,105.378,389.134,2.655,0.270801,living
1,C,C1,C1_00370,2.028,1.631,2.052,1.258,48.708,339.925,2.392,0.143291,living
1,C,C1,C1_00371,1.758,2.280,2.259,0.991,30.423,342.269,3.144,0.088886,living
1,C,C1,C1_00372,1.910,2.040,2.227,1.092,99.088,329.389,2.168,0.300825,living
1,C,C1,C1_00373,1.758,2.280,2.259,0.991,80.067,342.567,2.904,0.233727,living
1,C,C1,C1_00374,2.011,2.139,2.340,1.094,79.613,356.664,2.185,0.223217,living
1,C,C1,C1_00375,3.380,2.280,3.133,1.374,83.275,393.040,3.010,0.211874,living
1,C,C1,C1_00376,3.262,2.334,3.113,1.334,104.311,418.886,2.642,0.249020,living
1,C,C1,C1_00377,1.758,1.750,1.979,1.131,47.952,395.346,2.115,0.121291,living
1,C,C1,C1_00378,2.248,2.389,2.615,1.095,72.023,371.293,2.165,0.193978,living
1,C,C1,C1_00379,2.991,2.189,2.887,1.319,54.994,385.294,2.458,0.142734,living
1,C,C1,C1_00380,3.025,2.083,2.832,1.360,25.877,418.665,2.385,0.061809,living
1,C,C1,C1_00381,1.741,1.988,2.099,1.056,65.117,368.194,2.233,0.176854,living
1,C,C1,C1_00382,2.958,2.440,3.031,1.242,76.046,419.937,2.651,0.181088,living
1,C,C1,C1_00383,1.927,2.280,2.365,1.037,69.386,417.553,2.754,0.166173,living
1,C,C1,C1_00384,2.113,2.681,2.686,1.002,38.872,357.888,2.488,0.108615,living
1,C,C1,C1_00385,2.552,2.440,2.816,1.154,61.570,390.113,2.702,0.157825,living
1,C,C1,C1_00386,1.099,1.942,1.648,0.849,22.092,322.554,2.277,0.068492,living
1,C,C1,C1_00387,3.110,2.146,2.915,1.358,76.196,483.457,2.565,0.157606,living
1,C,C1,C1_00388,2.298,2.280,2.583,1.133,39.103,344.706,2.669,0.113439,living
1,C,C1,C1_00389,2.113,1.629,2.093,1.285,20.576,455.624,2.104,0.045160,living
1,C,C1,C1_00390,1.927,2.280,2.365,1.037,32.500,399.675,2.781,0.081316,living
1,C,C1,C1_00391,1.504,1.610,1.756,1.091,25.764,403.652,2.427,0.063827,living
1,C,C1,C1_00392,3.160,2.192,2.970,1.355,27.727,378.262,2.449,0.073302,living
1,C,C1,C1_00393,2.805,2.894,3.215,1.111,30.470,388.928,2.729,0.078343,living
1,C,C1,C1_00394,2.653,2.820,3.086,1.094,28.013,387.459,2.191,0.072299,living
1,C,C1,C1_00395,1.758,1.764,1.987,1.126,19.490,398.279,2.125,0.048937,living
1,C,C1,C1_00396,2.941,3.218,3.471,1.079,17.833,392.678,2.822,0.045415,living
1,C,C1,C1_00397,1.183,1.940,1.709,0.881,20.200,365.200,2.371,0.055312,living
1,C,C1,C1_00398,2.873,2.142,2.799,1.307,25.506,524.247,2.671,0.048652,living
1,C,C1,C1_00399,2.298,2.521,2.716,1.077,15.272,380.213,2.294,0.040167,living
1,C,C1,C1_00400,1.893,2.271,2.340,1.030,14.446,367.571,2.661,0.039302,living
1,C,C1,C1_00401,1.352,2.219,1.954,0.881,12.887,344.000,2.337,0.037464,living
1,C,C1,C1_00402,1.031,2.213,1.704,0.770,9.787,330.885,2.721,0.029578,living
1,C,C1,C1_00403,2.535,2.280,2.713,1.190,10.620,381.073,2.753,0.027869,living
1,C,C1,C1_00404,1.386,2.121,1.935,0.912,11.402,352.061,2.098,0.032388,living
1,C,C1,C1_00405,1.453,3.102,2.396,0.772,3.337,320.023,2.547,0.010428,living
1,C,C1,C1_00406,1.791,2.105,2.191,1.041,65.340,333.915,2.321,0.195677,living
1,C,C1,C1_00407,1.741,2.130,2.173,1.020,70.233,272.728,2.184,0.257520,living
1,C,C1,C1_00408,1.217,1.792,1.666,0.930,61.431,310.125,2.222,0.198083,living
1,C,C1,C1_00409,2.501,2.280,2.695,1.182,31.007,321.446,2.797,0.096460,living
1,C,C1,C1_00410,1.741,1.953,2.081,1.065,61.718,330.544,2.223,0.186718,living
1,C,C1,C1_00411,2.045,2.840,2.719,0.958,51.438,314.769,2.446,0.163415,living
1,C,C1,C1_00412,3.228,2.347,3.106,1.323,119.068,421.759,2.728,0.282313,living
1,C,C1,C1_00413,2.941,2.311,2.942,1.273,28.575,361.253,2.178,0.079099,living
1,C,C1,C1_00414,1.369,1.623,1.682,1.036,2.568,346.383,2.469,0.007413,living
1,C,C1,C1_00415,2.180,2.094,2.411,1.151,42.426,242.171,2.589,0.175192,living
1,C,C1,C1_00416,2.113,1.972,2.303,1.168,48.504,373.872,2.928,0.129734,living
1,C,C1,C1_00417,1.453,2.280,2.054,0.901,2.442,313.244,3.814,0.007795,living
1,C,C1,C1_00418,2.721,2.841,3.137,1.104,43.118,344.770,2.391,0.125063,living
1,C,C1,C1_00419,1.639,1.419,1.721,1.213,20.062,332.041,2.093,0.060420,living
1,C,C1,C1_00420,1.673,1.838,1.979,1.077,60.808,359.101,2.939,0.169334,living
1,C,C1,C1_00421,2.484,2.261,2.674,1.183,79.163,371.952,2.626,0.212832,living
1,C,C1,C1_00422,1.791,3.511,2.830,0.806,2.500,309.208,2.594,0.008085,living
1,C,C1,C1_00423,1.217,4.656,2.686,0.577,1.889,272.583,2.319,0.006930,living
1,C,C1,C1_00424,2.856,2.478,3.002,1.211,53.675,382.669,2.473,0.140264,living
1,C,C1,C1_00425,1.758,1.887,2.055,1.089,30.452,349.442,2.769,0.087144,living
1,C,C1,C1_00426,2.451,1.455,2.131,1.465,19.876,359.614,2.634,0.055270,living
1,C,C1,C1_00427,2.620,2.964,3.144,1.061,29.000,344.568,2.387,0.084163,living
1,C,C1,C1_00428,1.403,3.906,2.641,0.676,2.398,307.578,2.614,0.007795,living
1,C,C1,C1_00429,2.434,4.947,3.915,0.791,2.368,336.056,2.535,0.007047,living
1,C,C1,C1_00430,1.944,2.222,2.345,1.055,35.165,363.643,2.530,0.096702,living
1,C,C1,C1_00431,2.907,2.335,2.940,1.259,25.186,366.081,2.203,0.068799,living
1,C,C1,C1_00432,2.569,1.605,2.291,1.428,2.645,334.046,2.638,0.007917,living
1,C,C1,C1_00433,2.721,3.255,3.358,1.032,2.739,265.199,2.429,0.010329,living
1,C,C1,C1_00434,1.217,2.176,1.836,0.844,3.111,329.361,2.347,0.009446,living
1,C,C1,C1_00435,1.504,1.993,1.954,0.980,25.090,366.213,2.652,0.068512,living
1,C,C1,C1_00436,2.096,1.748,2.160,1.236,21.629,433.274,2.395,0.049920,living
1,C,C1,C1_00437,1.301,1.105,1.353,1.224,10.818,273.195,2.584,0.039599,living
1,C,C1,C1_00438,0.845,2.505,1.642,0.655,3.020,294.380,3.120,0.010259,living
1,C,C1,C1_00439,1.487,2.139,2.012,0.941,22.727,376.420,2.841,0.060377,living
1,C,C1,C1_00440,1.690,1.287,1.664,1.293,9.120,287.430,2.610,0.031729,living
1,C,C1,C1_00441,2.451,3.036,3.078,1.014,6.697,316.966,2.559,0.021127,living
1,C,C1,C1_00442,1.200,1.662,1.594,0.959,10.831,325.451,2.380,0.033280,living
1,C,C1,C1_00443,3.025,2.584,3.155,1.221,76.095,416.536,2.089,0.182685,living
1,C,C1,C1_00444,2.045,4.260,3.330,0.782,37.653,305.835,2.405,0.123115,living
1,C,C1,C1_00445,2.907,2.280,2.905,1.274,96.983,370.529,2.814,0.261741,living
1,C,C1,C1_00446,2.535,2.280,2.713,1.190,67.720,346.607,2.720,0.195380,living
1,C,C1,C1_00447,1.115,1.578,1.497,0.949,27.364,343.833,2.333,0.079584,living
1,C,C1,C1_00448,0.997,2.280,1.701,0.746,29.712,338.746,3.305,0.087711,living
1,C,C1,C1_00449,1.470,1.770,1.820,1.028,73.437,346.690,2.276,0.211823,living
1,C,C1,C1_00450,1.960,2.281,2.386,1.046,40.241,389.043,2.267,0.103437,living
1,C,C1,C1_00451,2.501,2.307,2.710,1.175,50.932,401.480,2.446,0.126862,living
1,C,C1,C1_00452,1.673,2.250,2.189,0.973,31.909,373.636,2.020,0.085401,living
1,C,C1,C1_00453,3.296,2.371,3.154,1.330,122.400,427.805,2.431,0.286112,living
1,C,C1,C1_00454,1.944,2.752,2.610,0.948,51.409,353.009,2.417,0.145630,living
1,C,C1,C1_00455,1.910,2.118,2.270,1.072,65.912,355.071,2.230,0.185629,living
1,C,C1,C1_00456,2.366,2.399,2.688,1.121,72.171,398.457,2.443,0.181127,living
1,C,C1,C1_00457,3.380,2.362,3.188,1.350,104.955,430.460,2.455,0.243821,living
1,C,C1,C1_00458,2.839,2.489,3.000,1.205,78.548,391.119,2.518,0.200828,living
1,C,C1,C1_00459,1.622,1.916,1.989,1.038,42.719,392.115,2.656,0.108945,living
1,C,C1,C1_00460,2.586,2.280,2.740,1.202,92.765,503.784,2.824,0.184136,living
1,C,C1,C1_00461,1.470,1.786,1.828,1.024,83.195,365.276,2.241,0.227760,living
1,C,C1,C1_00462,1.977,2.660,2.588,0.973,55.120,366.368,2.701,0.150449,living
1,C,C1,C1_00463,1.284,2.314,1.945,0.841,37.750,375.803,2.513,0.100452,living
1,C,C1,C1_00464,1.048,2.280,1.744,0.765,23.113,371.919,3.081,0.062145,living
1,C,C1,C1_00465,1.420,2.061,1.930,0.937,50.452,375.167,2.167,0.134480,living
1,C,C1,C1_00466,2.451,2.280,2.668,1.170,27.083,377.731,2.607,0.071699,living
1,C,C1,C1_00467,1.589,1.827,1.923,1.052,31.277,412.362,2.723,0.075847,living
1,C,C1,C1_00468,3.008,1.789,2.618,1.463,4.348,443.949,2.382,0.009795,living
1,C,C1,C1_00469,2.113,2.271,2.472,1.088,25.344,381.600,2.256,0.066415,living
1,C,C1,C1_00470,3.279,3.130,3.615,1.155,13.742,430.856,2.206,0.031895,living
1,C,C1,C1_00471,1.453,2.893,2.313,0.800,18.419,362.198,2.302,0.050852,living
1,C,C1,C1_00472,1.453,2.598,2.192,0.844,51.605,321.279,2.198,0.160623,living
1,C,C1,C1_00473,1.470,1.920,1.896,0.987,52.667,333.644,2.460,0.157853,living
1,C,C1,C1_00474,1.369,2.039,1.885,0.925,39.790,338.728,2.642,0.117469,living
1,C,C1,C1_00475,1.251,3.669,2.417,0.659,27.527,299.851,2.297,0.091802,living
1,C,C1,C1_00476,1.876,1.850,2.102,1.136,105.802,369.477,2.369,0.286355,living
1,C,C1,C1_00477,3.346,3.256,3.724,1.144,91.788,343.616,2.263,0.267123,living
1,C,C1,C1_00478,0.879,1.847,1.438,0.778,28.365,306.865,2.019,0.092436,living
1,C,C1,C1_00479,2.180,2.094,2.411,1.151,61.822,414.155,2.977,0.149272,living
1,C,C1,C1_00480,3.093,2.604,3.202,1.230,71.087,424.448,2.404,0.167482,living
1,C,C1,C1_00481,3.160,1.855,2.732,1.473,86.112,458.096,2.321,0.187979,living
1,C,C1,C1_00482,2.535,2.156,2.638,1.224,76.993,437.080,2.500,0.176154,living
1,C,C1,C1_00483,1.842,2.144,2.242,1.046,50.853,362.477,2.495,0.140294,living
1,C,C1,C1_00484,1.910,2.162,2.293,1.061,34.637,383.000,2.257,0.090436,living
1,C,C1,C1_00485,2.873,1.833,2.589,1.413,128.453,503.718,2.371,0.255010,living
1,C,C1,C1_00486,2.011,1.774,2.131,1.201,60.941,443.630,2.420,0.137369,living
1,C,C1,C1_00487,2.805,2.267,2.845,1.255,73.181,372.687,2.416,0.196360,living
1,C,C1,C1_00488,1.453,1.835,1.842,1.004,82.291,356.953,3.081,0.230536,living
1,C,C1,C1_00489,1.386,2.251,1.993,0.885,27.122,351.878,2.634,0.077078,living
1,C,C1,C1_00490,1.842,1.863,2.090,1.122,81.908,381.679,2.165,0.214600,living
1,C,C1,C1_00491,2.941,2.280,2.922,1.281,58.172,379.943,2.506,0.153108,living
1,C,C1,C1_00492,2.789,3.686,3.618,0.982,55.739,355.721,2.491,0.156694,living
1,C,C1,C1_00493,2.941,2.767,3.219,1.163,41.529,384.730,2.511,0.107943,living
1,C,C1,C1_00494,1.960,2.114,2.297,1.087,44.741,394.293,2.302,0.113472,living
1,C,C1,C1_00495,2.586,2.304,2.754,1.195,35.020,432.059,2.850,0.081053,living
1,C,C1,C1_00496,2.282,1.800,2.287,1.271,39.667,476.993,2.896,0.083160,living
1,C,C1,C1_00497,1.707,2.118,2.146,1.013,27.168,385.584,2.545,0.070460,living
1,C,C1,C1_00498,0.777,1.853,1.354,0.731,15.652,338.174,2.652,0.046284,living
1,C,C1,C1_00499,2.501,2.384,2.755,1.156,44.547,473.081,2.520,0.094164,living
1,C,C1,C1_00500,3.262,2.280,3.077,1.350,28.663,431.736,2.518,0.066391,living
1,C,C1,C1_00501,2.163,2.496,2.622,1.050,32.336,405.969,2.227,0.079651,living
1,C,C1,C1_00502,0.913,1.704,1.407,0.826,17.778,335.796,2.463,0.052942,living
1,C,C1,C1_00503,1.048,1.690,1.502,0.889,14.581,350.871,2.823,0.041556,living
1,C,C1,C1_00504,1.369,2.280,1.994,0.874,28.296,393.420,2.395,0.071924,living
1,C,C1,C1_00505,1.453,1.734,1.791,1.033,19.535,390.860,2.128,0.049979,living
1,C,C1,C1_00506,2.467,2.664,2.893,1.086,22.425,413.281,2.308,0.054260,living
1,C,C1,C1_00507,1.639,2.164,2.125,0.982,22.711,390.268,2.608,0.058194,living
1,C,C1,C1_00508,1.065,1.813,1.568,0.865,17.175,381.937,1.730,0.044967,living
1,C,C1,C1_00509,3.042,1.811,2.648,1.462,17.411,366.989,2.444,0.047443,living
1,C,C1,C1_00510,1.724,2.567,2.374,0.925,19.588,380.196,2.578,0.051521,living
1,C,C1,C1_00511,2.535,1.899,2.476,1.304,24.513,499.867,2.047,0.049040,living
1,C,C1,C1_00512,1.453,2.494,2.148,0.861,69.547,332.547,2.140,0.209133,living
1,C,C1,C1_00513,3.025,2.632,3.184,1.210,61.285,384.816,2.503,0.159258,living
1,C,C1,C1_00514,1.758,1.698,1.950,1.148,59.913,328.827,2.423,0.182204,living
1,C,C1,C1_00515,1.437,1.683,1.755,1.043,37.741,346.294,2.541,0.108986,living
1,C,C1,C1_00516,1.504,2.280,2.090,0.916,67.640,327.360,2.663,0.206624,living
1,C,C1,C1_00517,3.076,3.093,3.480,1.125,102.654,324.000,2.731,0.316833,living
1,C,C1,C1_00518,2.653,2.937,3.150,1.072,109.490,362.561,2.439,0.301992,living
1,C,C1,C1_00519,1.369,2.280,1.994,0.874,71.975,363.198,2.432,0.198171,living
1,C,C1,C1_00520,2.805,2.350,2.897,1.233,76.048,428.699,2.301,0.177393,living
1,C,C1,C1_00521,2.873,2.051,2.739,1.335,93.765,415.176,2.671,0.225843,living
1,C,C1,C1_00522,2.991,3.465,3.633,1.048,45.429,340.921,2.186,0.133255,living
1,C,C1,C1_00523,0.997,1.741,1.487,0.854,55.525,351.898,2.390,0.157788,living
1,C,C1,C1_00524,1.893,1.773,2.067,1.166,69.241,387.018,2.357,0.178909,living
1,C,C1,C1_00525,1.673,2.280,2.204,0.967,54.475,409.909,2.566,0.132895,living
1,C,C1,C1_00526,2.755,2.565,3.000,1.169,62.521,449.362,2.368,0.139134,living
1,C,C1,C1_00527,1.944,2.280,2.376,1.042,77.304,435.087,2.174,0.177676,living
1,C,C1,C1_00528,2.129,2.003,2.330,1.163,80.929,452.992,2.270,0.178653,living
1,C,C1,C1_00529,2.129,2.496,2.601,1.042,60.175,400.452,2.754,0.150267,living
1,C,C1,C1_00530,2.214,2.078,2.420,1.165,57.374,449.672,2.107,0.127591,living
1,C,C1,C1_00531,2.062,2.280,2.447,1.073,30.033,380.590,2.689,0.078911,living
1,C,C1,C1_00532,3.296,1.465,2.480,1.693,57.508,551.646,2.405,0.104247,living
1,C,C1,C1_00533,1.656,2.018,2.063,1.022,30.010,428.561,2.337,0.070025,living
1,C,C1,C1_00534,2.180,2.186,2.463,1.127,40.357,424.876,2.016,0.094984,living
1,C,C1,C1_00535,2.298,2.280,2.583,1.133,14.662,399.838,2.551,0.036669,living
1,C,C1,C1_00536,1.065,1.813,1.568,0.865,29.651,389.540,2.397,0.076118,living
1,C,C1,C1_00537,1.318,3.299,2.353,0.713,22.077,370.846,2.628,0.059531,living
1,C,C1,C1_00538,0.997,3.863,2.214,0.573,12.119,335.712,2.153,0.036098,living
1,C,C1,C1_00539,1.234,2.268,1.888,0.832,15.863,352.082,2.041,0.045055,living
1,C,C1,C1_00540,0.710,2.974,1.640,0.551,15.738,322.429,2.143,0.048811,living
1,C,C1,C1_00541,1.944,2.329,2.401,1.031,19.270,427.339,2.278,0.045092,living
1,C,C1,C1_00542,2.451,3.173,3.147,0.992,13.041,397.703,2.200,0.032792,living
1,C,C1,C1_00543,0.913,2.116,1.568,0.741,11.204,361.037,2.000,0.031032,living
1,C,C1,C1_00544,1.149,2.084,1.746,0.838,65.912,275.897,2.059,0.238900,living
1,C,C1,C1_00545,2.163,1.598,2.098,1.313,64.625,392.117,2.547,0.164810,living
1,C,C1,C1_00546,1.589,2.001,2.012,1.006,72.989,329.777,2.319,0.221330,living
1,C,C1,C1_00547,1.251,2.065,1.814,0.878,47.689,304.527,2.608,0.156601,living
1,C,C1,C1_00548,1.893,1.833,2.102,1.147,50.196,341.054,2.464,0.147180,living
1,C,C1,C1_00549,1.234,2.280,1.893,0.830,24.315,266.548,2.534,0.091222,living
1,C,C1,C1_00550,2.704,1.797,2.487,1.384,77.019,342.800,2.663,0.224675,living
1,C,C1,C1_00551,1.268,1.648,1.631,0.990,75.907,312.427,2.600,0.242958,living
1,C,C1,C1_00552,2.603,2.280,2.749,1.206,104.474,333.909,2.714,0.312882,living
1,C,C1,C1_00553,2.332,2.280,2.602,1.141,109.225,381.007,3.036,0.286673,living
1,C,C1,C1_00554,1.791,1.478,1.836,1.242,86.434,371.651,2.302,0.232568,living
1,C,C1,C1_00555,2.265,2.280,2.564,1.125,58.672,403.575,2.433,0.145380,living
1,C,C1,C1_00556,2.113,1.973,2.304,1.168,84.528,360.296,2.928,0.234607,living
1,C,C1,C1_00557,0.963,2.099,1.604,0.764,21.737,325.947,2.474,0.066688,living
1,C,C1,C1_00558,2.248,2.227,2.525,1.134,51.684,390.233,2.692,0.132444,living
1,C,C1,C1_00559,1.504,2.717,2.281,0.840,17.326,335.798,2.135,0.051596,living
1,C,C1,C1_00560,3.042,2.280,2.972,1.303,27.261,427.556,2.444,0.063760,living
1,C,C1,C1_00561,1.268,2.163,1.869,0.864,16.560,328.400,2.653,0.050426,living
1,C,C1,C1_00562,1.893,3.050,2.711,0.889,22.982,322.616,2.241,0.071237,living
1,C,C1,C1_00563,1.589,2.280,2.148,0.942,35.830,363.223,2.979,0.098644,living
1,C,C1,C1_00564,2.129,1.798,2.208,1.228,39.056,448.159,2.484,0.087147,living
1,C,C1,C1_00565,1.031,2.280,1.730,0.759,19.066,306.557,2.689,0.062193,living
1,C,C1,C1_00566,1.622,1.703,1.875,1.101,40.333,381.167,2.698,0.105815,living
1,C,C1,C1_00567,1.656,2.280,2.193,0.962,32.408,389.316,3.102,0.083244,living
1,C,C1,C1_00568,2.011,1.929,2.222,1.152,20.479,337.437,2.529,0.060690,living
1,C,C1,C1_00569,1.707,2.138,2.156,1.008,27.030,374.762,2.554,0.072125,living
1,C,C1,C1_00570,1.487,2.124,2.005,0.944,29.614,345.636,2.080,0.085679,living
1,C,C1,C1_00571,2.501,2.575,2.864,1.112,22.365,392.155,2.885,0.057031,living
1,C,C1,C1_00572,1.656,1.991,2.049,1.029,21.224,358.735,2.204,0.059165,living
1,C,C1,C1_00573,1.115,1.737,1.570,0.904,20.742,360.682,2.348,0.057509,living
1,C,C1,C1_00574,2.062,1.678,2.099,1.251,26.180,396.861,2.279,0.065969,living
1,C,C1,C1_00575,1.217,3.830,2.436,0.636,14.278,297.347,2.667,0.048017,living
1,C,C1,C1_00576,2.231,2.675,2.757,1.030,19.439,385.742,2.106,0.050395,living
1,C,C1,C1_00577,2.958,2.438,3.030,1.243,19.543,414.594,2.291,0.047137,living
1,C,C1,C1_00578,3.042,2.871,3.335,1.161,14.350,357.017,2.422,0.040194,living
1,C,C1,C1_00579,1.099,2.521,1.878,0.745,11.892,314.569,1.969,0.037805,living
1,C,C1,C1_00580,1.284,2.280,1.931,0.847,13.487,313.013,2.500,0.043087,living
1,C,C1,C1_00581,2.129,1.865,2.248,1.206,11.595,295.127,2.159,0.039289,living
1,C,C1,C1_00582,1.352,2.819,2.203,0.781,11.062,306.425,2.462,0.036102,living
1,C,C1,C1_00583,1.301,1.951,1.798,0.921,12.494,346.922,2.091,0.036012,living
1,C,C1,C1_00584,0.794,1.972,1.412,0.716,56.830,241.340,2.298,0.235476,living
1,C,C1,C1_00585,2.113,2.297,2.486,1.082,69.120,275.600,2.352,0.250798,living
1,C,C1,C1_00586,1.251,1.907,1.743,0.914,22.027,287.514,2.824,0.076612,living
1,C,C1,C1_00587,1.115,2.877,2.021,0.702,57.076,253.667,2.455,0.225003,living
1,C,C1,C1_00588,2.180,1.762,2.211,1.255,51.078,344.426,2.419,0.148297,living
1,C,C1,C1_00589,2.062,2.505,2.565,1.024,35.123,299.623,2.820,0.117224,living
1,C,C1,C1_00590,2.434,1.683,2.284,1.357,38.139,283.597,2.785,0.134483,living
1,C,C1,C1_00591,1.301,1.964,1.804,0.918,30.740,290.961,2.662,0.105651,living
1,C,C1,C1_00592,2.282,1.815,2.296,1.265,108.644,338.326,2.363,0.321124,living
1,C,C1,C1_00593,1.420,1.732,1.770,1.022,77.774,301.119,2.595,0.258283,living
1,C,C1,C1_00594,3.042,2.319,2.997,1.292,103.011,359.833,2.322,0.286275,living
1,C,C1,C1_00595,1.318,2.033,1.847,0.909,3.064,268.795,3.103,0.011399,living
1,C,C1,C1_00596,1.521,1.889,1.913,1.013,63.678,275.144,2.633,0.231434,living
1,C,C1,C1_00597,1.639,1.778,1.926,1.083,36.351,325.010,2.567,0.111844,living
1,C,C1,C1_00598,2.501,1.891,2.454,1.298,104.230,342.236,2.412,0.304555,living
1,C,C1,C1_00599,1.977,2.106,2.302,1.093,65.179,286.692,2.581,0.227350,living
1,C,C1,C1_00600,2.484,2.335,2.718,1.164,50.755,339.347,2.993,0.149567,living
1,C,C1,C1_00601,1.842,2.280,2.313,1.014,39.780,280.385,2.523,0.141876,living
1,C,C1,C1_00602,2.231,1.729,2.216,1.282,64.659,343.742,2.477,0.188103,living
1,C,C1,C1_00603,1.589,2.058,2.041,0.992,52.819,295.000,2.521,0.179048,living
1,C,C1,C1_00604,2.789,3.235,3.389,1.048,62.970,294.812,2.679,0.213593,living
1,C,C1,C1_00605,1.673,1.898,2.011,1.059,52.404,337.263,2.596,0.155381,living
1,C,C1,C1_00606,1.707,2.371,2.270,0.957,37.287,298.881,2.010,0.124756,living
1,C,C1,C1_00607,2.163,2.313,2.524,1.091,27.641,343.758,2.367,0.080407,living
1,C,C1,C1_00608,3.059,3.156,3.506,1.111,32.188,344.796,2.525,0.093353,living
1,C,C1,C1_00609,2.518,2.280,2.704,1.186,27.819,364.362,2.899,0.076349,living
1,C,C1,C1_00610,2.163,2.212,2.468,1.116,33.891,359.828,2.703,0.094186,living
1,C,C1,C1_00611,1.200,2.280,1.867,0.819,21.690,287.704,3.028,0.075390,living
1,C,C1,C1_00612,1.555,2.280,2.125,0.932,15.011,287.674,6.141,0.052180,dead
1,C,C1,C1_00613,2.079,1.898,2.241,1.181,31.358,413.114,2.244,0.075906,living
1,C,C1,C1_00614,1.335,1.621,1.660,1.024,20.873,316.089,2.506,0.066037,living
1,C,C1,C1_00615,1.487,1.702,1.795,1.055,10.386,295.432,2.216,0.035157,living
1,C,C1,C1_00616,3.127,3.345,3.649,1.091,10.200,330.951,2.222,0.030820,living
1,C,C1,C1_00617,3.279,1.262,2.295,1.819,20.129,409.500,2.459,0.049155,living
1,C,C1,C1_00618,1.504,3.014,2.402,0.797,11.674,289.292,2.764,0.040354,living
1,C,C1,C1_00619,1.352,1.913,1.815,0.949,19.262,318.962,1.950,0.060391,living
1,C,C1,C1_00620,2.146,2.926,2.828,0.966,18.622,313.693,2.669,0.059364,living
1,C,C1,C1_00621,1.149,2.387,1.869,0.783,8.632,292.721,2.544,0.029490,living
1,C,C1,C1_00622,1.251,3.179,2.250,0.708,13.595,259.770,2.703,0.052333,living
1,C,C1,C1_00623,2.586,3.876,3.572,0.922,15.915,313.157,2.471,0.050821,living
1,C,C1,C1_00624,1.284,4.455,2.699,0.606,9.237,274.118,1.987,0.033697,living
1,C,C1,C1_00625,3.329,2.280,3.109,1.363,29.904,323.751,2.330,0.092366,living
1,C,C1,C1_00626,2.636,2.726,3.025,1.110,96.154,310.750,2.372,0.309425,living
1,C,C1,C1_00627,1.420,2.280,2.030,0.890,77.929,300.548,2.881,0.259289,living
1,C,C1,C1_00628,2.484,2.264,2.676,1.182,79.741,305.789,2.293,0.260773,living
1,C,C1,C1_00629,2.248,2.061,2.429,1.178,98.504,343.722,2.383,0.286580,living
1,C,C1,C1_00630,1.927,1.824,2.115,1.160,65.526,361.728,2.219,0.181148,living
1,C,C1,C1_00631,3.211,2.280,3.053,1.339,20.021,341.774,2.768,0.058580,living
1,C,C1,C1_00632,1.335,2.280,1.969,0.863,56.076,323.405,3.253,0.173392,living
1,C,C1,C1_00633,3.076,2.280,2.988,1.311,93.368,411.297,2.731,0.227009,living
1,C,C1,C1_00634,2.974,2.562,3.115,1.216,106.250,368.011,2.125,0.288714,living
1,C,C1,C1_00635,3.076,1.666,2.554,1.533,67.077,337.495,2.357,0.198750,living
1,C,C1,C1_00636,1.673,2.274,2.201,0.968,30.354,332.253,2.535,0.091357,living
1,C,C1,C1_00637,2.163,2.280,2.506,1.099,60.055,366.922,3.039,0.163672,living
1,C,C1,C1_00638,1.166,1.910,1.684,0.882,30.594,330.188,2.580,0.092657,living
1,C,C1,C1_00639,2.451,1.596,2.232,1.398,27.641,365.414,2.131,0.075644,living
1,C,C1,C1_00640,2.974,3.285,3.527,1.074,93.398,301.517,2.517,0.309759,living
1,C,C1,C1_00641,1.859,1.983,2.166,1.093,51.136,376.936,2.409,0.135663,living
1,C,C1,C1_00642,2.924,2.280,2.914,1.278,80.110,368.272,2.855,0.217529,living
1,C,C1,C1_00643,2.805,2.017,2.684,1.331,24.813,403.542,2.265,0.061489,living
1,C,C1,C1_00644,1.673,1.648,1.874,1.137,41.434,364.677,2.636,0.113619,living
1,C,C1,C1_00645,1.437,1.645,1.735,1.055,40.812,356.882,2.506,0.114356,living
1,C,C1,C1_00646,1.808,2.280,2.291,1.005,26.607,374.393,2.701,0.071068,living
1,C,C1,C1_00647,2.062,2.280,2.447,1.073,24.230,355.590,2.623,0.068139,living
1,C,C1,C1_00648,1.453,2.280,2.054,0.901,24.047,319.151,2.605,0.075345,living
1,C,C1,C1_00649,1.808,2.559,2.427,0.948,19.897,328.776,2.458,0.060519,living
1,C,C1,C1_00650,1.673,1.806,1.961,1.086,25.232,371.848,2.131,0.067856,living
1,C,C1,C1_00651,2.248,2.280,2.555,1.120,23.203,378.556,2.519,0.061293,living
1,C,C1,C1_00652,1.453,1.662,1.753,1.055,19.070,380.709,2.616,0.050090,living
1,C,C1,C1_00653,1.606,2.280,2.159,0.947,18.421,340.200,2.316,0.054148,living
1,C,C1,C1_00654,2.045,2.280,2.437,1.069,16.851,342.256,2.901,0.049236,living
1,C,C1,C1_00655,1.031,1.875,1.569,0.837,14.197,329.623,2.377,0.043070,living
1,C,C1,C1_00656,1.656,2.280,2.193,0.962,14.806,341.347,2.571,0.043376,living
1,C,C1,C1_00657,1.622,2.159,2.112,0.978,14.021,386.708,2.156,0.036257,living
1,C,C1,C1_00658,1.572,2.022,2.012,0.995,16.419,355.591,2.602,0.046175,living
1,C,C1,C1_00659,1.318,1.762,1.720,0.976,11.705,346.077,2.641,0.033822,living
1,C,C1,C1_00660,0.727,1.816,1.297,0.714,9.535,307.651,1.953,0.030993,living
1,C,C1,C1_00661,0.828,2.037,1.465,0.719,12.490,305.041,2.122,0.040945,living
1,C,C1,C1_00662,0.761,2.280,1.486,0.652,12.311,308.400,2.956,0.039919,living
1,C,C1,C1_00663,1.149,2.616,1.956,0.748,55.235,275.765,2.574,0.200299,living
1,C,C1,C1_00664,2.518,2.239,2.679,1.197,43.235,303.275,2.315,0.142560,living
1,C,C1,C1_00665,2.805,1.469,2.291,1.559,72.928,393.548,2.380,0.185308,living
1,C,C1,C1_00666,2.484,2.331,2.715,1.165,93.020,362.599,2.605,0.256538,living
1,C,C1,C1_00667,2.265,2.280,2.564,1.125,43.858,320.881,2.590,0.136681,living
1,C,C1,C1_00668,2.197,1.903,2.307,1.212,111.308,343.500,2.062,0.324040,living
1,C,C1,C1_00669,2.129,2.182,2.432,1.115,72.095,349.952,2.460,0.206014,living
1,C,C1,C1_00670,1.859,2.312,2.339,1.012,87.582,300.727,2.327,0.291233,living
1,C,C1,C1_00671,2.045,2.037,2.303,1.131,74.934,337.157,2.421,0.222252,living
1,C,C1,C1_00672,2.569,2.280,2.731,1.198,96.914,379.507,2.559,0.255370,living
1,C,C1,C1_00673,1.994,1.748,2.107,1.205,91.136,344.797,2.500,0.264317,living
1,C,C1,C1_00674,1.555,2.335,2.150,0.921,64.152,319.880,2.707,0.200550,living
1,C,C1,C1_00675,0.930,2.033,1.552,0.763,24.000,295.055,2.255,0.081341,living
1,C,C1,C1_00676,1.741,1.780,1.986,1.116,66.097,344.340,2.078,0.191953,living
1,C,C1,C1_00677,1.893,2.332,2.371,1.017,53.545,348.161,3.089,0.153793,living
1,C,C1,C1_00678,2.822,2.280,2.862,1.255,46.240,338.970,2.886,0.136412,living
1,C,C1,C1_00679,1.960,2.914,2.697,0.925,22.914,324.500,2.345,0.070613,living
1,C,C1,C1_00680,2.873,1.759,2.537,1.442,60.029,442.706,2.347,0.135597,living
1,C,C1,C1_00681,2.129,2.042,2.353,1.152,35.056,360.421,2.698,0.097263,living
1,C,C1,C1_00682,2.941,1.825,2.614,1.432,60.747,375.259,2.230,0.161881,living
1,C,C1,C1_00683,1.268,1.988,1.792,0.901,21.080,337.120,2.000,0.062530,living
1,C,C1,C1_00684,2.265,2.267,2.557,1.128,21.985,358.478,2.761,0.061329,living
1,C,C1,C1_00685,2.045,2.361,2.479,1.050,30.438,372.339,2.529,0.081748,living
1,C,C1,C1_00686,1.437,2.186,2.000,0.915,28.129,339.176,2.588,0.082934,living
1,C,C1,C1_00687,1.318,1.952,1.810,0.927,32.167,345.615,2.308,0.093071,living
1,C,C1,C1_00688,3.228,2.211,3.015,1.363,42.110,481.283,2.728,0.087495,living
1,C,C1,C1_00689,1.504,2.280,2.090,0.916,31.483,331.854,2.787,0.094870,living
1,C,C1,C1_00690,2.704,2.430,2.892,1.190,36.256,423.050,2.312,0.085702,living
1,C,C1,C1_00691,2.315,2.493,2.711,1.087,27.847,383.139,2.226,0.072681,living
1,C,C1,C1_00692,1.724,2.120,2.157,1.018,19.657,353.765,2.471,0.055565,living
1,C,C1,C1_00693,1.521,1.912,1.924,1.006,26.111,370.833,2.800,0.070412,living
1,C,C1,C1_00694,2.721,2.109,2.703,1.282,24.335,452.839,2.329,0.053740,living
1,C,C1,C1_00695,2.620,2.316,2.780,1.200,21.665,416.045,2.245,0.052073,living
1,C,C1,C1_00696,2.366,1.353,2.019,1.492,21.957,437.143,2.643,0.050229,living
1,C,C1,C1_00697,1.318,2.262,1.948,0.861,13.769,339.833,2.205,0.040518,living
1,C,C1,C1_00698,1.690,2.127,2.139,1.006,16.980,366.270,2.330,0.046359,living
1,C,C1,C1_00699,2.113,1.931,2.279,1.180,20.776,425.288,2.624,0.048852,living
1,C,C1,C1_00700,1.251,2.180,1.863,0.855,15.703,352.122,2.554,0.044595,living
1,C,C1,C1_00701,2.197,2.284,2.528,1.107,17.162,387.169,2.554,0.044326,living
1,C,C1,C1_00702,1.775,2.280,2.270,0.996,13.533,349.162,2.552,0.038759,living
1,C,C1,C1_00703,1.656,1.858,1.979,1.065,11.561,309.980,2.592,0.037297,living
1,C,C1,C1_00704,3.177,2.125,2.932,1.380,11.968,392.138,2.569,0.030520,living
1,C,C1,C1_00705,2.451,3.855,3.468,0.900,9.034,290.297,2.662,0.031122,living
1,C,C1,C1_00706,1.301,2.460,2.019,0.821,9.104,321.442,2.273,0.028322,living
1,C,C1,C1_00707,2.180,1.787,2.227,1.246,107.682,392.326,2.481,0.274471,living
1,C,C1,C1_00708,1.504,1.792,1.852,1.034,47.292,351.124,2.472,0.134688,living
1,C,C1,C1_00709,1.791,1.988,2.129,1.071,86.075,318.858,2.434,0.269949,living
1,C,C1,C1_00710,2.011,1.977,2.250,1.138,47.647,366.471,2.403,0.130016,living
1,C,C1,C1_00711,1.234,2.187,1.854,0.848,42.945,325.562,2.849,0.131911,living
1,C,C1,C1_00712,2.180,2.280,2.516,1.103,30.822,355.922,2.837,0.086597,living
1,C,C1,C1_00713,3.312,2.729,3.392,1.243,42.791,353.755,2.429,0.120962,living
1,C,C1,C1_00714,1.521,1.961,1.949,0.994,76.733,343.156,2.144,0.223611,living
1,C,C1,C1_00715,1.927,2.210,2.329,1.054,61.044,348.351,2.316,0.175237,living
1,C,C1,C1_00716,2.721,2.904,3.172,1.092,102.882,315.758,2.329,0.325826,living
1,C,C1,C1_00717,2.349,3.370,3.175,0.942,52.388,315.432,2.079,0.166085,living
1,C,C1,C1_00718,2.873,1.896,2.634,1.389,89.706,406.424,2.729,0.220720,living
1,C,C1,C1_00719,1.555,1.997,1.988,0.996,16.674,351.228,2.554,0.047473,living
1,C,C1,C1_00720,2.738,1.896,2.571,1.356,55.796,364.586,2.438,0.153040,living
1,C,C1,C1_00721,2.298,2.280,2.583,1.133,16.449,331.919,2.904,0.049556,living
1,C,C1,C1_00722,1.859,1.861,2.099,1.128,81.964,380.482,2.355,0.215421,living
1,C,C1,C1_00723,2.772,2.983,3.245,1.088,90.360,358.134,2.622,0.252307,living
1,C,C1,C1_00724,1.065,1.752,1.541,0.880,31.587,349.254,2.841,0.090442,living
1,C,C1,C1_00725,1.082,4.444,2.474,0.557,23.328,294.797,3.078,0.079133,living
1,C,C1,C1_00726,2.265,1.874,2.325,1.241,26.597,371.687,2.239,0.071558,living
1,C,C1,C1_00727,1.504,1.619,1.761,1.088,52.135,432.831,2.888,0.120451,living
1,C,C1,C1_00728,1.859,1.943,2.145,1.104,69.400,390.509,2.573,0.177717,living
1,C,C1,C1_00729,1.639,1.706,1.887,1.106,30.144,347.309,2.268,0.086794,living
1,C,C1,C1_00730,2.738,3.256,3.369,1.035,57.920,362.481,2.481,0.159787,living
1,C,C1,C1_00731,2.839,2.280,2.871,1.259,68.637,420.315,2.518,0.163299,living
1,C,C1,C1_00732,1.893,2.535,2.472,0.975,35.009,367.411,2.071,0.095286,living
1,C,C1,C1_00733,2.079,3.198,2.910,0.910,54.545,320.325,2.211,0.170279,living
1,C,C1,C1_00734,1.977,2.442,2.479,1.015,24.915,379.410,2.479,0.065666,living
1,C,C1,C1_00735,1.927,1.924,2.173,1.129,44.684,410.614,2.404,0.108823,living
1,C,C1,C1_00736,2.383,2.279,2.630,1.154,29.709,445.787,2.589,0.066644,living
1,C,C1,C1_00737,1.994,2.807,2.670,0.951,25.941,362.754,2.653,0.071510,living
1,C,C1,C1_00738,2.620,3.690,3.508,0.951,20.813,375.948,2.555,0.055361,living
1,C,C1,C1_00739,0.794,1.708,1.314,0.769,15.553,313.213,2.404,0.049657,living
1,C,C1,C1_00740,1.707,2.280,2.226,0.976,37.347,406.822,3.020,0.091801,living
1,C,C1,C1_00741,1.910,2.280,2.355,1.033,33.850,410.327,2.796,0.082494,living
1,C,C1,C1_00742,2.653,2.280,2.775,1.217,38.446,509.025,2.306,0.075528,living
1,C,C1,C1_00743,1.234,2.353,1.923,0.817,17.877,365.164,2.521,0.048955,living
1,C,C1,C1_00744,1.977,2.280,2.396,1.051,20.427,392.154,2.778,0.052090,living
1,C,C1,C1_00745,2.315,2.280,2.593,1.137,23.657,431.891,2.467,0.054775,living
1,C,C1,C1_00746,1.031,3.636,2.185,0.601,6.525,302.754,2.525,0.021551,living
1,C,C1,C1_00747,1.099,2.555,1.891,0.740,11.969,320.923,2.600,0.037296,living
1,C,C1,C1_00748,0.896,2.321,1.627,0.701,10.925,352.019,2.660,0.031034,living
1,C,C1,C1_00749,1.437,2.280,2.043,0.896,67.224,305.718,2.776,0.219888,living
1,C,C1,C1_00750,1.453,2.363,2.091,0.885,63.012,272.256,2.767,0.231443,living
1,C,C1,C1_00751,1.893,2.280,2.344,1.028,40.000,290.527,2.893,0.137681,living
1,C,C1,C1_00752,1.656,2.200,2.154,0.979,27.520,329.316,2.918,0.083568,living
1,C,C1,C1_00753,1.842,1.768,2.036,1.152,79.367,311.844,2.266,0.254509,living
1,C,C1,C1_00754,1.639,2.168,2.127,0.981,60.495,288.639,2.454,0.209586,living
1,C,C1,C1_00755,1.673,2.245,2.187,0.974,34.051,310.929,2.515,0.109512,living
1,C,C1,C1_00756,1.842,2.280,2.313,1.014,89.275,333.220,2.220,0.267917,living
1,C,C1,C1_00757,2.467,1.836,2.401,1.308,120.404,374.116,2.178,0.321836,living
1,C,C1,C1_00758,1.589,2.326,2.169,0.933,53.851,298.936,2.298,0.180142,living
1,C,C1,C1_00759,2.653,2.954,3.159,1.069,60.159,304.134,2.274,0.197805,living
1,C,C1,C1_00760,1.977,2.280,2.396,1.051,56.171,334.103,3.000,0.168125,living
1,C,C1,C1_00761,2.941,1.411,2.299,1.629,72.391,420.017,2.529,0.172352,living
1,C,C1,C1_00762,2.856,2.280,2.880,1.263,53.858,318.953,2.284,0.168859,living
1,C,C1,C1_00763,2.805,2.280,2.854,1.251,75.464,388.241,2.687,0.194374,living
1,C,C1,C1_00764,2.738,1.710,2.442,1.428,103.815,369.660,2.673,0.280838,living
1,C,C1,C1_00765,1.859,1.666,1.986,1.192,54.318,374.855,2.409,0.144905,living
1,C,C1,C1_00766,2.856,2.280,2.880,1.263,60.183,403.201,2.917,0.149264,living
1,C,C1,C1_00767,1.927,1.670,2.024,1.212,47.526,352.175,2.439,0.134951,living
1,C,C1,C1_00768,1.842,2.280,2.313,1.014,46.661,342.486,3.000,0.136241,living
1,C,C1,C1_00769,1.842,2.229,2.286,1.026,36.092,352.936,2.284,0.102262,living
1,C,C1,C1_00770,2.856,2.280,2.880,1.263,40.479,362.290,2.219,0.111732,living
1,C,C1,C1_00771,2.451,2.280,2.668,1.170,42.414,388.345,2.400,0.109217,living
1,C,C1,C1_00772,2.484,2.490,2.806,1.127,46.789,370.837,2.524,0.126172,living
1,C,C1,C1_00773,2.924,2.662,3.148,1.183,62.942,372.699,2.277,0.168882,living
1,C,C1,C1_00774,2.197,2.112,2.431,1.151,27.908,357.562,2.308,0.078050,living
1,C,C1,C1_00775,2.772,2.248,2.817,1.253,48.238,438.372,2.604,0.110039,living
1,C,C1,C1_00776,2.636,2.632,2.972,1.129,47.417,351.385,2.135,0.134942,living
1,C,C1,C1_00777,2.890,2.280,2.897,1.270,31.982,356.357,2.579,0.089748,living
1,C,C1,C1_00778,2.687,1.931,2.570,1.331,36.503,402.799,2.509,0.090624,living
1,C,C1,C1_00779,2.518,2.186,2.647,1.211,24.121,435.859,2.497,0.055341,living
1,C,C1,C1_00780,3.279,2.340,3.126,1.336,10.046,415.918,2.526,0.024155,living
1,C,C1,C1_00781,2.873,2.717,3.153,1.160,24.582,369.912,2.647,0.066455,living
1,C,C1,C1_00782,2.011,2.280,2.416,1.060,29.605,455.403,2.429,0.065008,living
1,C,C1,C1_00783,1.437,2.280,2.043,0.896,23.529,360.247,2.612,0.065315,living
1,C,C1,C1_00784,2.586,2.652,2.955,1.114,20.340,365.340,2.693,0.055674,living
1,C,C1,C1_00785,2.265,2.162,2.497,1.155,25.560,399.440,2.649,0.063989,living
1,C,C1,C1_00786,2.687,4.525,3.935,0.870,20.648,333.572,2.660,0.061899,living
1,C,C1,C1_00787,1.808,2.020,2.156,1.068,14.935,353.850,1.869,0.042206,living
1,C,C1,C1_00788,1.876,1.914,2.138,1.117,21.748,375.252,2.081,0.057955,living
1,C,C1,C1_00789,3.076,2.980,3.416,1.146,17.813,394.632,2.478,0.045139,living
1,C,C1,C1_00790,1.470,3.363,2.509,0.746,13.287,297.713,2.701,0.044631,living
1,C,C1,C1_00791,1.741,2.330,2.273,0.975,15.612,363.398,2.272,0.042960,living
1,C,C1,C1_00792,2.214,2.054,2.406,1.172,12.695,361.557,2.366,0.035111,living
1,C,C1,C1_00793,1.369,2.317,2.010,0.867,14.198,326.395,2.123,0.043498,living
1,C,C1,C1_00794,2.653,3.383,3.380,0.999,76.930,290.293,2.529,0.265008,living
1,C,C1,C1_00795,3.329,2.256,3.092,1.371,51.228,329.391,2.355,0.155525,living
1,C,C1,C1_00796,1.318,3.199,2.317,0.724,26.923,266.218,1.974,0.101132,living
1,C,C1,C1_00797,1.487,1.818,1.855,1.021,42.057,308.557,2.182,0.136302,living
1,C,C1,C1_00798,1.487,1.721,1.805,1.049,88.875,322.898,2.261,0.275242,living
1,C,C1,C1_00799,1.369,2.269,1.989,0.876,57.654,295.494,2.506,0.195112,living
1,C,C1,C1_00800,2.501,2.280,2.695,1.182,75.419,324.331,2.480,0.232537,living
1,C,C1,C1_00801,1.724,1.566,1.854,1.184,97.010,327.010,2.353,0.296657,living
1,C,C1,C1_00802,2.670,2.280,2.784,1.221,106.310,365.639,2.911,0.290751,living
1,C,C1,C1_00803,2.603,2.520,2.890,1.147,80.370,330.019,2.318,0.243531,living
1,C,C1,C1_00804,1.994,2.280,2.406,1.055,19.000,270.237,2.619,0.070309,living
1,C,C1,C1_00805,2.231,1.974,2.368,1.200,80.682,370.000,2.402,0.218059,living
1,C,C1,C1_00806,2.248,1.873,2.315,1.236,31.256,384.398,2.406,0.081311,living
1,C,C1,C1_00807,1.437,2.131,1.975,0.927,25.729,305.729,2.906,0.084157,living
1,C,C1,C1_00808,2.907,3.234,3.460,1.070,62.988,333.948,2.640,0.188617,living
1,C,C1,C1_00809,2.248,2.280,2.555,1.120,56.489,411.707,3.000,0.137206,living
1,C,C1,C1_00810,2.028,1.670,2.077,1.243,50.725,422.225,2.383,0.120137,living
1,C,C1,C1_00811,2.400,3.205,3.129,0.976,30.859,344.887,2.542,0.089476,living
1,C,C1,C1_00812,1.504,1.858,1.886,1.015,21.910,343.348,2.506,0.063813,living
1,C,C1,C1_00813,2.028,3.525,3.017,0.856,16.942,326.575,2.242,0.051877,living
1,C,C1,C1_00814,1.910,2.280,2.355,1.033,23.018,364.903,2.283,0.063079,living
1,C,C1,C1_00815,1.622,1.682,1.864,1.108,25.656,417.896,2.052,0.061394,living
1,C,C1,C1_00816,2.535,2.185,2.656,1.215,19.060,424.573,2.727,0.044892,living
1,C,C1,C1_00817,1.893,3.167,2.763,0.872,15.268,342.491,2.134,0.044579,living
1,C,C1,C1_00818,1.910,2.238,2.333,1.042,19.947,365.841,2.549,0.054523,living
1,C,C1,C1_00819,0.845,2.280,1.566,0.687,14.160,312.380,2.360,0.045329,living
1,C,C1,C1_00820,1.234,2.498,1.981,0.793,12.973,313.699,2.726,0.041354,living
1,C,C1,C1_00821,1.791,2.280,2.280,1.000,16.245,406.179,2.575,0.039995,living
1,C,C1,C1_00822,1.775,1.978,2.114,1.069,16.219,372.324,2.524,0.043562,living
1,C,C1,C1_00823,1.149,1.760,1.605,0.912,10.985,320.103,2.750,0.034318,living
1,C,C1,C1_00824,1.200,2.280,1.867,0.819,12.169,323.465,2.634,0.037621,living
1,C,C1,C1_00825,1.859,2.267,2.316,1.022,68.982,300.045,2.200,0.229905,living
1,C,C1,C1_00826,1.876,2.280,2.334,1.023,94.063,288.919,2.739,0.325569,living
1,C,C1,C1_00827,2.129,2.280,2.486,1.090,60.444,327.040,2.897,0.184823,living
1,C,C1,C1_00828,0.710,1.753,1.259,0.718,62.429,267.738,2.810,0.233170,living
1,C,C1,C1_00829,1.014,1.904,1.568,0.823,35.800,283.967,3.150,0.126071,living
1,C,C1,C1_00830,2.400,2.437,2.729,1.120,66.810,344.556,2.627,0.193901,living
1,C,C1,C1_00831,2.991,1.927,2.709,1.406,111.932,412.062,2.379,0.271639,living
1,C,C1,C1_00832,1.521,2.041,1.988,0.974,103.811,279.611,2.100,0.371270,living
1,C,C1,C1_00833,2.991,2.332,2.980,1.278,114.520,353.226,2.203,0.324211,living
1,C,C1,C1_00834,1.656,2.581,2.333,0.904,43.102,285.255,2.418,0.151100,living
1,C,C1,C1_00835,1.758,1.805,2.010,1.114,98.125,314.529,2.692,0.311975,living
1,C,C1,C1_00836,1.453,2.337,2.079,0.890,52.012,281.360,2.093,0.184858,living
1,C,C1,C1_00837,1.470,1.690,1.779,1.052,38.621,323.368,2.299,0.119433,living
1,C,C1,C1_00838,3.093,2.414,3.083,1.277,41.760,318.885,2.175,0.130955,living
1,C,C1,C1_00839,1.876,1.890,2.125,1.124,93.036,318.405,2.568,0.292194,living
1,C,C1,C1_00840,2.636,2.358,2.813,1.193,53.051,378.032,2.494,0.140335,living
1,C,C1,C1_00841,2.163,2.247,2.488,1.107,80.883,340.305,2.508,0.237678,living
1,C,C1,C1_00842,2.687,2.488,2.918,1.173,53.698,367.421,2.635,0.146149,living
1,C,C1,C1_00843,1.082,2.280,1.772,0.777,41.438,298.938,2.609,0.138616,living
1,C,C1,C1_00844,2.856,2.135,2.786,1.305,65.716,374.402,2.538,0.175522,living
1,C,C1,C1_00845,2.653,2.068,2.643,1.278,33.096,422.898,2.650,0.078259,living
1,C,C1,C1_00846,1.453,2.081,1.962,0.943,29.384,308.477,2.233,0.095254,living
1,C,C1,C1_00847,2.180,2.033,2.375,1.168,63.574,378.566,2.651,0.167933,living
1,C,C1,C1_00848,2.146,1.816,2.228,1.227,31.701,363.756,2.252,0.087149,living
1,C,C1,C1_00849,2.738,2.280,2.819,1.236,52.006,384.086,2.389,0.135402,living
1,C,C1,C1_00850,2.400,1.990,2.466,1.239,52.310,389.951,2.176,0.134145,living
1,C,C1,C1_00851,2.873,2.313,2.909,1.258,57.635,411.641,2.565,0.140013,living
1,C,C1,C1_00852,3.127,3.898,3.939,1.011,35.595,329.519,2.384,0.108020,living
1,C,C1,C1_00853,2.434,2.072,2.534,1.223,50.375,396.000,2.646,0.127210,living
1,C,C1,C1_00854,2.755,2.545,2.988,1.174,39.988,372.552,2.294,0.107335,living
1,C,C1,C1_00855,2.738,2.022,2.655,1.313,58.093,452.185,2.494,0.128471,living
1,C,C1,C1_00856,2.298,2.678,2.799,1.045,29.221,354.471,2.441,0.082434,living
1,C,C1,C1_00857,1.352,2.280,1.981,0.869,37.575,313.150,2.962,0.119990,living
1,C,C1,C1_00858,1.589,2.344,2.178,0.929,26.723,329.628,1.766,0.081071,living
1,C,C1,C1_00859,2.197,2.280,2.526,1.108,38.962,372.246,2.731,0.104666,living
1,C,C1,C1_00860,2.805,2.348,2.896,1.233,47.054,396.295,2.494,0.118735,living
1,C,C1,C1_00861,1.910,1.953,2.179,1.116,12.726,345.796,2.301,0.036801,living
1,C,C1,C1_00862,2.434,2.603,2.840,1.091,36.493,362.340,2.694,0.100715,living
1,C,C1,C1_00863,1.707,1.729,1.939,1.121,36.693,410.871,2.426,0.089306,living
1,C,C1,C1_00864,0.946,2.280,1.657,0.727,26.518,300.357,3.054,0.088288,living
1,C,C1,C1_00865,2.721,2.877,3.157,1.097,27.261,366.466,2.050,0.074389,living
1,C,C1,C1_00866,2.282,2.691,2.796,1.039,28.852,341.630,2.822,0.084454,living
1,C,C1,C1_00867,2.231,3.491,3.149,0.902,19.773,315.311,2.356,0.062709,living
1,C,C1,C1_00868,0.896,1.840,1.449,0.787,17.396,312.491,2.679,0.055670,living
1,C,C1,C1_00869,1.842,1.766,2.035,1.152,25.651,373.927,2.679,0.068600,living
1,C,C1,C1_00870,2.349,1.941,2.409,1.241,29.273,419.655,2.899,0.069756,living
1,C,C1,C1_00871,2.315,2.309,2.609,1.130,28.752,383.620,2.380,0.074949,living
1,C,C1,C1_00872,1.268,1.775,1.693,0.954,19.320,340.027,2.200,0.056819,living
1,C,C1,C1_00873,2.890,2.606,3.097,1.188,24.421,408.123,2.561,0.059838,living
1,C,C1,C1_00874,1.538,1.666,1.806,1.084,28.132,380.110,2.516,0.074010,living
1,C,C1,C1_00875,1.014,1.812,1.530,0.844,18.567,321.717,2.333,0.057711,living
1,C,C1,C1_00876,1.927,2.914,2.674,0.918,23.518,320.544,2.307,0.073368,living
1,C,C1,C1_00877,2.738,2.280,2.819,1.236,16.963,342.475,2.556,0.049530,living
1,C,C1,C1_00878,1.217,1.927,1.728,0.897,15.944,343.625,2.139,0.046401,living
1,C,C1,C1_00879,2.636,2.280,2.766,1.213,19.314,361.917,2.314,0.053366,living
1,C,C1,C1_00880,0.930,1.649,1.397,0.847,13.764,314.036,2.345,0.043828,living
1,C,C1,C1_00881,1.031,2.280,1.730,0.759,12.525,275.016,2.869,0.045541,living
1,C,C1,C1_00882,1.775,3.368,2.759,0.819,15.943,316.771,2.305,0.050329,living
1,C,C1,C1_00883,2.045,2.183,2.384,1.092,19.471,390.669,2.421,0.049840,living
1,C,C1,C1_00884,2.079,2.994,2.815,0.940,13.561,335.943,2.626,0.040367,living
1,C,C1,C1_00885,1.115,2.378,1.837,0.773,10.773,295.697,2.515,0.036432,living
1,C,C1,C1_00886,1.234,1.990,1.768,0.889,11.973,299.479,2.548,0.039978,living
1,C,C1,C1_00887,2.417,1.417,2.088,1.474,15.350,393.483,2.867,0.039010,living
1,C,C1,C1_00888,1.031,1.465,1.387,0.947,15.393,348.738,2.738,0.044140,living
1,C,C1,C1_00889,1.538,2.941,2.400,0.816,10.934,303.989,2.000,0.035969,living
1,C,C1,C1_00890,1.200,3.168,2.200,0.694,9.296,290.423,2.451,0.032008,living
1,C,C1,C1_00891,1.555,2.203,2.088,0.948,11.120,322.185,2.043,0.034513,living
1,C,C1,C1_00892,2.772,2.679,3.075,1.148,10.354,324.299,2.335,0.031926,living
1,C,C1,C1_00893,0.930,2.280,1.643,0.721,74.709,189.000,2.673,0.395286,living
1,C,C1,C1_00894,1.014,2.280,1.716,0.752,48.767,218.483,2.633,0.223205,living
1,C,C1,C1_00895,2.451,2.528,2.809,1.111,47.172,248.090,2.524,0.190143,living
1,C,C1,C1_00896,1.335,2.504,2.063,0.824,57.304,212.595,2.557,0.269545,living
1,C,C1,C1_00897,2.349,1.888,2.376,1.259,28.604,274.971,2.640,0.104027,living
1,C,C1,C1_00898,1.944,3.091,2.766,0.895,24.991,238.443,2.391,0.104810,living
1,C,C1,C1_00899,1.639,1.986,2.036,1.025,87.680,189.907,2.371,0.461701,living
1,C,C1,C1_00900,2.552,4.140,3.668,0.886,38.907,241.364,2.305,0.161197,living
1,C,C1,C1_00901,1.791,1.733,1.988,1.147,79.302,274.585,2.321,0.288806,living
1,C,C1,C1_00902,2.079,2.280,2.457,1.077,50.699,293.959,2.602,0.172470,living
1,C,C1,C1_00903,2.670,2.033,2.629,1.293,54.544,325.253,2.544,0.167698,living
1,C,C1,C1_00904,1.251,2.429,1.967,0.810,60.486,214.568,2.500,0.281899,living
1,C,C1,C1_00905,1.944,2.713,2.591,0.955,53.565,217.052,1.826,0.246785,living
1,C,C1,C1_00906,1.268,1.612,1.613,1.001,81.507,239.387,2.613,0.340481,living
1,C,C1,C1_00907,2.434,3.031,3.065,1.011,42.306,249.826,2.736,0.169340,living
1,C,C1,C1_00908,0.930,2.604,1.756,0.674,26.836,219.691,2.800,0.122155,living
1,C,C1,C1_00909,1.014,2.696,1.866,0.692,72.567,182.167,2.567,0.398353,living
1,C,C1,C1_00910,2.113,2.280,2.477,1.086,54.560,251.040,2.728,0.217336,living
1,C,C1,C1_00911,1.994,4.134,3.240,0.784,63.331,199.161,2.669,0.317986,living
1,C,C1,C1_00912,2.569,2.280,2.731,1.198,33.691,228.671,3.059,0.147333,living
1,C,C1,C1_00913,3.228,2.280,3.061,1.343,57.979,322.906,2.649,0.179554,living
1,C,C1,C1_00914,2.704,1.409,2.202,1.563,42.663,218.544,2.531,0.195213,living
1,C,C1,C1_00915,2.366,2.280,2.621,1.149,45.857,312.936,2.700,0.146539,living
1,C,C1,C1_00916,1.572,1.518,1.743,1.148,39.882,320.677,2.344,0.124367,living
1,C,C1,C1_00917,2.535,2.280,2.713,1.190,54.460,392.953,2.513,0.138592,living
1,C,C1,C1_00918,0.761,1.929,1.367,0.709,27.933,220.289,2.156,0.126803,living
1,C,C1,C1_00919,0.693,1.822,1.268,0.696,45.488,216.439,2.415,0.210165,living
1,C,C1,C1_00920,2.738,2.280,2.819,1.236,27.167,289.784,2.580,0.093748,living
1,C,C1,C1_00921,1.656,2.248,2.177,0.968,22.520,274.010,2.724,0.082188,living
1,C,C1,C1_00922,1.234,2.280,1.893,0.830,29.315,260.479,2.740,0.112543,living
1,C,C1,C1_00923,2.113,2.268,2.470,1.089,28.560,320.088,2.680,0.089225,living
1,C,C1,C1_00924,3.346,2.597,3.326,1.281,27.894,276.419,2.333,0.100912,living
1,C,C1,C1_00925,0.946,2.229,1.639,0.735,23.661,244.893,2.393,0.096617,living
1,C,C1,C1_00926,0.744,2.280,1.470,0.645,25.114,203.523,2.955,0.123395,living
1,C,C1,C1_00927,1.791,2.280,2.280,1.000,20.349,265.774,2.698,0.076565,living
1,C,C1,C1_00928,1.453,2.348,2.084,0.888,31.267,243.326,2.698,0.128500,living
1,C,C1,C1_00929,1.420,2.280,2.030,0.890,23.155,295.833,2.881,0.078270,living
1,C,C1,C1_00930,1.031,1.795,1.535,0.855,19.377,257.098,2.066,0.075368,living
1,C,C1,C1_00931,0.811,2.024,1.446,0.714,6.896,251.271,2.646,0.027444,living
1,C,C1,C1_00932,2.231,2.280,2.545,1.116,18.045,277.409,3.045,0.065050,living
1,C,C1,C1_00933,1.724,2.435,2.312,0.949,17.039,271.304,2.706,0.062805,living
1,C,C1,C1_00934,1.217,2.028,1.773,0.874,12.972,268.639,2.347,0.048289,living
1,C,C1,C1_00935,1.014,2.514,1.802,0.717,8.767,274.183,2.783,0.031974,living
1,C,C1,C1_00936,1.977,1.810,2.135,1.179,86.385,325.812,2.350,0.265136,living
1,C,C1,C1_00937,1.470,1.969,1.920,0.975,63.805,293.816,2.241,0.217158,living
1,C,C1,C1_00938,1.707,2.360,2.265,0.960,64.970,278.327,2.653,0.233432,living
1,C,C1,C1_00939,1.487,2.011,1.951,0.970,43.977,292.216,2.034,0.150496,living
1,C,C1,C1_00940,2.062,1.668,2.093,1.255,74.025,279.680,2.361,0.264676,living
1,C,C1,C1_00941,1.251,1.835,1.710,0.932,59.162,282.581,2.203,0.209363,living
1,C,C1,C1_00942,1.437,2.602,2.182,0.839,68.459,252.565,2.341,0.271055,living
1,C,C1,C1_00943,2.011,2.165,2.354,1.088,82.513,278.639,2.101,0.296128,living
1,C,C1,C1_00944,1.589,1.727,1.869,1.082,88.021,279.809,2.351,0.314577,living
1,C,C1,C1_00945,1.369,1.641,1.691,1.031,65.704,293.753,2.049,0.223670,living
1,C,C1,C1_00946,2.653,2.484,2.897,1.166,95.745,311.796,2.834,0.307076,living
1,C,C1,C1_00947,2.400,1.486,2.131,1.434,84.056,223.606,2.754,0.375913,living
1,C,C1,C1_00948,2.113,2.218,2.443,1.101,70.464,319.672,2.256,0.220426,living
1,C,C1,C1_00949,2.670,1.977,2.592,1.311,103.652,366.646,2.456,0.282703,living
1,C,C1,C1_00950,2.265,2.122,2.474,1.166,52.604,325.075,2.246,0.161823,living
1,C,C1,C1_00951,1.318,3.437,2.402,0.699,25.500,269.526,2.205,0.094611,living
1,C,C1,C1_00952,2.113,1.840,2.225,1.209,36.120,364.712,2.472,0.099037,living
1,C,C1,C1_00953,1.944,1.820,2.122,1.166,83.330,326.426,2.304,0.255281,living
1,C,C1,C1_00954,2.772,2.810,3.149,1.121,34.524,328.774,2.104,0.105009,living
1,C,C1,C1_00955,2.028,1.913,2.223,1.162,63.658,327.767,2.958,0.194218,living
1,C,C1,C1_00956,3.177,2.740,3.329,1.215,55.495,366.489,2.277,0.151422,living
1,C,C1,C1_00957,2.721,2.788,3.108,1.115,27.938,330.702,2.472,0.084481,living
1,C,C1,C1_00958,2.096,2.503,2.585,1.033,18.339,304.556,2.411,0.060214,living
1,C,C1,C1_00959,0.946,1.926,1.523,0.791,17.732,299.929,2.036,0.059121,living
1,C,C1,C1_00960,1.994,2.771,2.652,0.957,33.169,289.907,2.797,0.114414,living
1,C,C1,C1_00961,2.096,2.053,2.341,1.140,26.556,361.121,2.653,0.073539,living
1,C,C1,C1_00962,2.721,2.280,2.811,1.233,32.969,455.416,2.801,0.072393,living
1,C,C1,C1_00963,1.386,2.119,1.934,0.913,13.585,302.768,2.037,0.044871,living
1,C,C1,C1_00964,2.265,2.088,2.454,1.175,21.739,374.567,2.761,0.058037,living
1,C,C1,C1_00965,1.082,1.776,1.564,0.881,16.672,319.125,3.062,0.052242,living
1,C,C1,C1_00966,2.518,2.434,2.793,1.148,23.349,354.879,2.523,0.065794,living
1,C,C1,C1_00967,1.859,2.228,2.296,1.031,17.009,343.364,2.645,0.049537,living
1,C,C1,C1_00968,2.096,2.374,2.517,1.060,16.105,352.274,2.250,0.045717,living
1,C,C1,C1_00969,1.132,2.083,1.733,0.832,15.224,300.433,3.015,0.050673,living
1,C,C1,C1_00970,2.349,2.481,2.724,1.098,14.719,340.043,2.432,0.043287,living
1,C,C1,C1_00971,1.944,3.195,2.812,0.880,9.965,300.965,2.243,0.033111,living
1,C,C1,C1_00972,1.842,2.353,2.349,0.998,34.881,312.220,2.165,0.111718,living
1,C,C1,C1_00973,1.656,1.751,1.921,1.097,96.204,327.194,2.306,0.294028,living
1,C,C1,C1_00974,0.963,1.508,1.360,0.902,49.614,293.228,2.386,0.169199,living
1,C,C1,C1_00975,1.369,1.732,1.738,1.003,36.012,330.494,1.901,0.108965,living
1,C,C1,C1_00976,1.555,2.123,2.050,0.966,77.587,291.511,2.315,0.266155,living
1,C,C1,C1_00977,2.383,3.000,3.017,1.006,93.993,248.844,2.340,0.377718,living
1,C,C1,C1_00978,1.504,2.106,2.008,0.954,44.090,297.551,2.685,0.148176,living
1,C,C1,C1_00979,2.467,2.293,2.684,1.170,97.829,300.514,2.178,0.325538,living
1,C,C1,C1_00980,1.504,2.280,2.090,0.916,46.281,289.169,2.640,0.160048,living
1,C,C1,C1_00981,2.569,1.971,2.539,1.288,103.000,407.625,2.559,0.252683,living
1,C,C1,C1_00982,3.262,2.821,3.423,1.213,78.658,342.580,2.456,0.229605,living
1,C,C1,C1_00983,2.890,2.072,2.761,1.333,70.556,355.988,2.474,0.198196,living
1,C,C1,C1_00984,2.332,2.447,2.695,1.102,30.471,361.268,2.174,0.084345,living
1,C,C1,C1_00985,1.842,1.799,2.054,1.142,64.743,355.128,2.321,0.182309,living
1,C,C1,C1_00986,1.521,1.926,1.931,1.003,41.478,342.344,2.411,0.121158,living
1,C,C1,C1_00987,2.535,2.223,2.679,1.205,23.633,357.073,2.047,0.066186,living
1,C,C1,C1_00988,3.110,1.998,2.813,1.408,39.114,414.473,2.636,0.094371,living
1,C,C1,C1_00989,2.214,1.610,2.130,1.323,49.137,433.550,2.412,0.113337,living
1,C,C1,C1_00990,2.772,3.550,3.540,0.997,45.805,338.951,2.250,0.135137,living
1,C,C1,C1_00991,3.211,2.014,2.869,1.425,28.674,376.547,2.584,0.076149,living
1,C,C1,C1_00992,2.890,2.303,2.911,1.264,10.889,426.211,2.380,0.025548,living
1,C,C1,C1_00993,1.487,2.185,2.034,0.931,20.886,322.886,2.239,0.064686,living
1,C,C1,C1_00994,1.910,2.079,2.249,1.082,19.372,383.938,2.106,0.050455,living
1,C,C1,C1_00995,1.859,1.944,2.145,1.103,27.627,374.882,2.455,0.073696,living
1,C,C1,C1_00996,2.417,2.280,2.649,1.162,29.706,380.510,2.874,0.078070,living
1,C,C1,C1_00997,3.160,2.505,3.175,1.267,15.080,320.540,2.374,0.047046,living
1,C,C1,C1_00998,2.873,2.760,3.177,1.151,25.335,389.824,2.488,0.064992,living
1,C,C1,C1_00999,1.521,2.280,2.101,0.922,15.189,372.544,2.389,0.040771,living
1,C,C1,C1_01000,1.876,2.280,2.334,1.023,20.892,413.613,3.081,0.050511,living
1,C,C1,C1_01001,1.268,2.280,1.919,0.841,22.080,382.373,2.787,0.057745,living
1,C,C1,C1_01002,2.315,2.199,2.546,1.158,15.431,334.453,2.248,0.046137,living
1,C,C1,C1_01003,2.501,3.331,3.257,0.978,18.595,336.291,2.385,0.055293,living
1,C,C1,C1_01004,0.828,2.394,1.589,0.664,10.429,258.204,2.408,0.040389,living
1,C,C1,C1_01005,2.045,1.675,2.088,1.247,14.678,379.496,2.909,0.038677,living
1,C,C1,C1_01006,1.403,2.219,1.991,0.897,16.771,326.325,3.012,0.051394,living
1,C,C1,C1_01007,0.980,1.863,1.525,0.818,14.052,330.810,2.138,0.042477,living
1,C,C1,C1_01008,0.963,2.192,1.639,0.748,11.175,318.175,2.404,0.035124,living
1,C,C1,C1_01009,1.758,2.060,2.147,1.042,15.144,360.587,2.740,0.041999,living
1,C,C1,C1_01010,1.065,1.909,1.609,0.843,13.587,326.159,2.317,0.041659,living
1,C,C1,C1_01011,2.011,2.712,2.635,0.972,8.445,309.370,2.193,0.027299,living
1,C,C1,C1_01012,1.352,1.972,1.842,0.934,75.950,322.363,2.325,0.235604,living
1,C,C1,C1_01013,1.014,1.975,1.597,0.809,51.900,310.217,2.667,0.167302,living
1,C,C1,C1_01014,2.670,1.951,2.575,1.320,118.247,422.222,2.392,0.280059,living
1,C,C1,C1_01015,2.315,2.280,2.593,1.137,90.015,335.569,21.394,0.268244,dead
1,C,C1,C1_01016,1.504,2.127,2.018,0.949,67.888,319.090,2.124,0.212754,living
1,C,C1,C1_01017,1.656,1.927,2.016,1.046,104.918,334.429,2.704,0.313724,living
1,C,C1,C1_01018,2.434,2.280,2.658,1.166,98.708,324.694,2.681,0.304004,living
1,C,C1,C1_01019,2.214,2.305,2.549,1.106,14.992,294.023,2.542,0.050990,living
1,C,C1,C1_01020,1.927,2.108,2.274,1.079,103.132,312.105,1.754,0.330438,living
1,C,C1,C1_01021,2.349,4.826,3.799,0.787,26.115,326.338,2.849,0.080025,living
1,C,C1,C1_01022,2.535,2.813,3.013,1.071,94.987,351.493,2.913,0.270237,living
1,C,C1,C1_01023,1.403,2.488,2.108,0.847,26.313,322.795,2.506,0.081517,living
1,C,C1,C1_01024,0.811,1.796,1.362,0.758,64.146,247.750,3.354,0.258914,living
1,C,C1,C1_01025,2.941,2.937,3.316,1.129,99.529,334.391,2.661,0.297642,living
1,C,C1,C1_01026,3.279,2.254,3.068,1.361,105.005,449.711,2.639,0.233495,living
1,C,C1,C1_01027,2.873,2.046,2.736,1.337,109.429,430.006,2.365,0.254484,living
1,C,C1,C1_01028,2.180,1.816,2.245,1.236,106.636,403.357,2.488,0.264371,living
1,C,C1,C1_01029,1.876,2.314,2.351,1.016,88.099,329.685,1.811,0.267222,living
1,C,C1,C1_01030,1.504,2.280,2.090,0.916,75.337,354.517,3.022,0.212506,living
1,C,C1,C1_01031,2.062,1.991,2.286,1.148,91.459,362.279,2.639,0.252455,living
1,C,C1,C1_01032,1.842,2.337,2.341,1.002,30.615,376.725,3.092,0.081265,living
1,C,C1,C1_01033,1.842,1.681,1.986,1.181,94.211,395.000,2.560,0.238509,living
1,C,C1,C1_01034,3.160,3.049,3.502,1.149,79.556,384.727,2.786,0.206786,living
1,C,C1,C1_01035,1.251,1.964,1.769,0.901,20.527,347.730,3.068,0.059032,living
1,C,C1,C1_01036,2.907,2.816,3.228,1.146,49.012,398.110,2.267,0.123111,living
1,C,C1,C1_01037,2.501,2.078,2.572,1.238,37.946,446.155,2.709,0.085051,living
1,C,C1,C1_01038,3.211,2.280,3.053,1.339,44.021,377.337,3.000,0.116662,living
1,C,C1,C1_01039,2.146,2.920,2.825,0.967,31.543,372.268,2.449,0.084733,living
1,C,C1,C1_01040,2.501,2.670,2.916,1.092,22.514,376.959,2.439,0.059724,living
1,C,C1,C1_01041,1.352,1.844,1.782,0.966,27.775,354.137,2.100,0.078430,living
1,C,C1,C1_01042,2.298,1.878,2.344,1.248,24.287,404.000,2.331,0.060116,living
1,C,C1,C1_01043,1.775,2.268,2.264,0.998,21.829,386.981,2.381,0.056407,living
1,C,C1,C1_01044,2.400,1.888,2.402,1.272,21.162,416.437,2.113,0.050817,living
1,C,C1,C1_01045,1.960,2.015,2.242,1.113,27.819,435.241,2.466,0.063916,living
1,C,C1,C1_01046,2.772,1.946,2.621,1.347,24.573,496.957,2.591,0.049447,living
1,C,C1,C1_01047,2.400,2.603,2.820,1.083,25.289,405.923,2.394,0.062299,living
1,C,C1,C1_01048,1.521,1.820,1.877,1.032,15.900,367.233,2.344,0.043297,living
1,C,C1,C1_01049,1.504,2.274,2.087,0.918,15.124,350.337,2.090,0.043169,living
1,C,C1,C1_01050,3.059,3.579,3.734,1.043,17.740,387.039,2.110,0.045836,living
1,C,C1,C1_01051,2.011,1.726,2.102,1.218,11.681,371.294,2.555,0.031459,living
1,C,C1,C1_01052,1.589,2.169,2.095,0.966,16.394,372.245,2.713,0.044040,living
1,C,C1,C1_01053,1.352,2.262,1.973,0.872,14.475,353.312,2.525,0.040969,living
1,C,C1,C1_01054,1.724,2.498,2.342,0.937,17.186,374.020,2.716,0.045950,living
1,C,C1,C1_01055,1.673,2.010,2.069,1.029,14.687,375.818,2.263,0.039080,living
1,C,C1,C1_01056,1.284,2.147,1.873,0.873,12.513,333.908,3.013,0.037475,living
1,C,C1,C1_01057,0.710,2.362,1.461,0.619,8.952,306.667,3.333,0.029193,living
1,C,C1,C1_01058,2.467,1.826,2.395,1.312,104.870,354.890,2.849,0.295499,living
1,C,C1,C1_01059,1.673,1.658,1.879,1.133,15.394,305.657,2.475,0.050364,living
1,C,C1,C1_01060,1.639,2.280,2.181,0.957,30.691,288.196,2.062,0.106493,living
1,C,C1,C1_01061,2.248,2.490,2.670,1.072,66.000,295.376,2.293,0.223444,living
1,C,C1,C1_01062,2.484,2.151,2.608,1.213,107.565,355.082,2.429,0.302929,living
1,C,C1,C1_01063,2.501,2.261,2.683,1.187,63.939,343.020,2.601,0.186401,living
1,C,C1,C1_01064,1.453,1.700,1.773,1.043,32.767,333.884,2.314,0.098140,living
1,C,C1,C1_01065,1.538,2.048,2.003,0.978,59.275,307.890,2.385,0.192519,living
1,C,C1,C1_01066,1.944,1.878,2.156,1.148,40.426,367.452,2.226,0.110017,living
1,C,C1,C1_01067,2.755,2.141,2.740,1.280,57.908,361.822,2.294,0.160045,living
1,C,C1,C1_01068,1.893,2.101,2.250,1.071,54.223,318.929,2.402,0.170017,living
1,C,C1,C1_01069,1.707,2.054,2.113,1.029,27.861,318.772,2.485,0.087402,living
1,C,C1,C1_01070,2.451,1.939,2.460,1.269,64.952,372.076,2.524,0.174566,living
1,C,C1,C1_01071,2.789,2.833,3.172,1.120,23.727,336.976,1.976,0.070412,living
1,C,C1,C1_01072,2.163,1.876,2.273,1.212,86.953,345.281,2.141,0.251833,living
1,C,C1,C1_01073,2.991,2.603,3.148,1.210,76.859,355.864,2.531,0.215978,living
1,C,C1,C1_01074,2.197,2.302,2.538,1.102,54.692,341.000,2.569,0.160388,living
1,C,C1,C1_01075,2.704,3.412,3.427,1.005,60.562,313.319,2.263,0.193294,living
1,C,C1,C1_01076,2.653,3.258,3.317,1.018,40.981,312.580,2.357,0.131105,living
1,C,C1,C1_01077,2.789,2.407,2.924,1.215,65.152,391.224,2.697,0.166532,living
1,C,C1,C1_01078,2.129,2.048,2.356,1.150,44.913,362.571,2.151,0.123873,living
1,C,C1,C1_01079,1.420,1.755,1.781,1.015,33.060,344.619,2.310,0.095931,living
1,C,C1,C1_01080,2.315,2.045,2.455,1.201,69.708,360.387,2.299,0.193426,living
1,C,C1,C1_01081,2.941,2.286,2.926,1.280,57.345,390.040,2.259,0.147023,living
1,C,C1,C1_01082,2.535,2.280,2.713,1.190,73.433,388.313,3.207,0.189108,living
1,C,C1,C1_01083,2.163,2.772,2.763,0.997,61.281,321.328,2.273,0.190712,living
1,C,C1,C1_01084,1.453,2.212,2.023,0.915,47.616,326.279,2.500,0.145937,living
1,C,C1,C1_01085,3.177,2.431,3.136,1.290,45.846,325.133,2.638,0.141006,living
1,C,C1,C1_01086,2.569,2.378,2.789,1.173,45.645,359.401,2.408,0.127002,living
1,C,C1,C1_01087,2.484,2.678,2.910,1.087,54.707,337.456,2.660,0.162117,living
1,C,C1,C1_01088,2.163,2.510,2.629,1.047,40.703,341.922,2.328,0.119042,living
1,C,C1,C1_01089,2.062,2.280,2.447,1.073,21.115,320.910,2.967,0.065797,living
1,C,C1,C1_01090,2.282,1.883,2.339,1.242,34.089,405.726,2.874,0.084019,living
1,C,C1,C1_01091,1.149,2.571,1.939,0.754,21.235,303.265,2.824,0.070022,living
1,C,C1,C1_01092,2.924,2.280,2.914,1.278,23.301,390.156,2.520,0.059721,living
1,C,C1,C1_01093,1.268,2.568,2.036,0.793,18.920,292.680,2.467,0.064644,living
1,C,C1,C1_01094,2.180,2.010,2.362,1.175,24.566,387.636,2.488,0.063374,living
1,C,C1,C1_01095,2.687,2.208,2.748,1.245,23.780,417.509,2.440,0.056956,living
1,C,C1,C1_01096,1.960,2.686,2.589,0.964,17.319,341.707,2.448,0.050684,living
1,C,C1,C1_01097,1.589,1.669,1.838,1.101,23.394,368.787,2.170,0.063434,living
1,C,C1,C1_01098,1.589,2.110,2.066,0.979,19.936,325.351,3.043,0.061276,living
1,C,C1,C1_01099,1.690,2.146,2.149,1.001,21.520,343.280,2.610,0.062689,living
1,C,C1,C1_01100,2.670,2.589,2.967,1.146,24.158,372.158,2.633,0.064914,living
1,C,C1,C1_01101,2.062,3.751,3.138,0.837,19.213,299.951,2.557,0.064054,living
1,C,C1,C1_01102,3.093,2.760,3.297,1.195,14.869,371.268,2.273,0.040049,living
1,C,C1,C1_01103,2.298,1.770,2.276,1.286,18.184,451.985,2.493,0.040231,living
1,C,C1,C1_01104,1.335,3.214,2.337,0.727,13.810,315.228,2.443,0.043810,living
1,C,C1,C1_01105,1.639,1.726,1.898,1.100,18.392,372.969,2.577,0.049312,living
1,C,C1,C1_01106,2.163,2.861,2.807,0.981,13.422,334.273,2.375,0.040152,living
1,C,C1,C1_01107,0.862,1.843,1.422,0.772,9.333,306.569,2.725,0.030445,living
1,C,C1,C1_01108,1.944,3.668,3.013,0.821,11.513,312.739,2.104,0.036814,living
1,C,C1,C1_01109,1.352,2.049,1.878,0.917,11.662,325.225,2.212,0.035860,living
1,C,C1,C1_01110,1.183,2.360,1.885,0.799,10.543,308.600,2.371,0.034164,living
1,C,C1,C1_01111,2.062,2.499,2.561,1.025,62.107,286.451,2.164,0.216814,living
1,C,C1,C1_01112,2.789,2.787,3.146,1.129,58.994,330.545,2.418,0.178475,living
1,C,C1,C1_01113,1.487,2.280,2.078,0.911,64.011,237.205,2.818,0.269857,living
1,C,C1,C1_01114,1.690,1.850,1.995,1.078,78.680,301.890,2.390,0.260625,living
1,C,C1,C1_01115,2.045,2.740,2.671,0.975,40.298,293.562,2.132,0.137271,living
1,C,C1,C1_01116,3.008,2.329,2.987,1.282,99.202,372.685,2.376,0.266182,living
1,C,C1,C1_01117,3.076,2.280,2.988,1.311,86.330,335.665,2.357,0.257190,living
1,C,C1,C1_01118,1.589,2.280,2.148,0.942,90.819,281.106,2.862,0.323078,living
1,C,C1,C1_01119,2.129,2.496,2.601,1.042,60.167,287.563,2.310,0.209229,living
1,C,C1,C1_01120,2.011,1.842,2.172,1.179,95.218,333.420,2.807,0.285581,living
1,C,C1,C1_01121,1.876,1.890,2.125,1.124,84.784,317.901,2.243,0.266699,living
1,C,C1,C1_01122,2.028,2.687,2.634,0.980,86.158,257.600,2.808,0.334466,living
1,C,C1,C1_01123,2.890,2.280,2.897,1.270,107.743,382.760,2.883,0.281489,living
1,C,C1,C1_01124,2.653,3.149,3.261,1.036,46.771,300.732,2.338,0.155523,living
1,C,C1,C1_01125,1.115,1.689,1.548,0.917,28.727,310.833,2.197,0.092420,living
1,C,C1,C1_01126,2.941,2.317,2.946,1.271,97.437,380.034,2.316,0.256389,living
1,C,C1,C1_01127,3.042,2.280,2.972,1.303,84.572,337.978,2.633,0.250230,living
1,C,C1,C1_01128,2.434,2.732,2.910,1.065,32.139,340.125,2.667,0.094491,living
1,C,C1,C1_01129,1.859,1.751,2.036,1.163,74.373,351.773,2.400,0.211423,living
1,C,C1,C1_01130,2.552,3.292,3.271,0.993,23.066,307.543,2.358,0.075002,living
1,C,C1,C1_01131,1.606,1.690,1.859,1.100,39.200,337.263,2.611,0.116230,living
1,C,C1,C1_01132,2.451,1.993,2.494,1.251,54.828,369.710,2.269,0.148299,living
1,C,C1,C1_01133,2.653,2.494,2.902,1.164,55.096,352.013,2.471,0.156516,living
1,C,C1,C1_01134,1.893,2.280,2.344,1.028,62.152,352.491,2.964,0.176322,living
1,C,C1,C1_01135,1.808,1.608,1.924,1.196,52.607,369.000,2.822,0.142568,living
1,C,C1,C1_01136,1.724,1.912,2.049,1.071,30.402,361.186,2.549,0.084173,living
1,C,C1,C1_01137,2.451,1.986,2.490,1.254,21.400,403.386,2.317,0.053051,living
1,C,C1,C1_01138,2.501,2.280,2.695,1.182,35.209,373.554,2.743,0.094255,living
1,C,C1,C1_01139,3.076,2.303,3.003,1.304,36.945,423.473,2.242,0.087243,living
1,C,C1,C1_01140,2.180,2.280,2.516,1.103,26.791,341.953,2.504,0.078346,living
1,C,C1,C1_01141,2.755,2.594,3.016,1.163,33.748,400.577,2.810,0.084250,living
1,C,C1,C1_01142,2.265,2.280,2.564,1.125,8.896,297.664,2.791,0.029884,living
1,C,C1,C1_01143,2.332,3.136,3.051,0.973,25.101,322.471,2.645,0.077841,living
1,C,C1,C1_01144,2.569,2.325,2.758,1.186,22.086,380.487,2.579,0.058045,living
1,C,C1,C1_01145,1.724,2.442,2.315,0.948,15.196,299.039,2.304,0.050816,living
1,C,C1,C1_01146,3.143,2.557,3.199,1.251,19.801,358.914,2.656,0.055169,living
1,C,C1,C1_01147,1.876,1.710,2.021,1.182,19.946,381.198,2.595,0.052324,living
1,C,C1,C1_01148,2.805,2.280,2.854,1.251,23.873,358.675,2.855,0.066560,living
1,C,C1,C1_01149,2.096,1.827,2.208,1.209,23.008,406.589,2.766,0.056588,living
1,C,C1,C1_01150,2.265,2.280,2.564,1.125,24.261,382.545,2.910,0.063421,living
1,C,C1,C1_01151,3.008,2.177,2.888,1.326,26.236,441.618,2.601,0.059409,living
1,C,C1,C1_01152,1.335,2.106,1.892,0.898,14.051,328.342,2.468,0.042793,living
1,C,C1,C1_01153,2.028,2.180,2.373,1.088,13.100,326.183,2.158,0.040161,living
1,C,C1,C1_01154,2.180,2.881,2.828,0.982,14.349,318.775,2.434,0.045012,living
1,C,C1,C1_01155,1.724,1.852,2.016,1.089,16.363,359.127,2.520,0.045563,living
1,C,C1,C1_01156,1.487,1.809,1.851,1.023,15.875,333.568,2.136,0.047591,living
1,C,C1,C1_01157,1.656,2.193,2.150,0.981,16.673,330.724,2.347,0.050415,living
1,C,C1,C1_01158,1.707,3.096,2.594,0.838,8.812,284.733,2.426,0.030948,living
1,C,C1,C1_01159,0.930,1.707,1.422,0.833,11.764,316.091,2.345,0.037216,living
1,C,C1,C1_01160,1.470,1.724,1.796,1.042,17.713,367.471,2.644,0.048201,living
1,C,C1,C1_01161,1.758,3.694,2.875,0.778,12.385,287.029,2.269,0.043148,living
1,C,C1,C1_01162,1.775,2.280,2.270,0.996,13.257,333.124,2.276,0.039796,living
1,C,C1,C1_01163,1.065,1.855,1.586,0.855,12.143,315.048,2.349,0.038543,living
1,C,C1,C1_01164,0.930,2.165,1.601,0.740,25.927,343.127,2.600,0.075562,living
1,C,C1,C1_01165,2.028,3.398,2.962,0.872,35.792,347.900,2.100,0.102879,living
1,C,C1,C1_01166,2.214,3.064,2.939,0.959,69.809,311.527,2.489,0.224087,living
1,C,C1,C1_01167,2.298,2.228,2.553,1.146,53.941,410.581,2.169,0.131378,living
1,C,C1,C1_01168,1.268,1.794,1.702,0.949,33.253,349.093,2.520,0.095256,living
1,C,C1,C1_01169,1.876,1.824,2.087,1.144,103.622,388.018,2.117,0.267054,living
1,C,C1,C1_01170,2.214,3.447,3.117,0.904,29.573,339.656,2.183,0.087066,living
1,C,C1,C1_01171,2.231,2.582,2.708,1.049,97.295,350.553,2.508,0.277548,living
1,C,C1,C1_01172,2.434,3.117,3.108,0.997,82.382,334.125,2.681,0.246560,living
1,C,C1,C1_01173,2.890,2.667,3.133,1.175,106.006,411.830,2.322,0.257402,living
1,C,C1,C1_01174,1.876,2.501,2.444,0.977,26.180,366.577,2.595,0.071418,living
1,C,C1,C1_01175,1.639,2.114,2.100,0.994,84.969,347.670,2.577,0.244396,living
1,C,C1,C1_01176,2.772,3.353,3.440,1.026,62.683,365.811,2.585,0.171353,living
1,C,C1,C1_01177,2.028,1.674,2.079,1.242,97.808,433.433,2.817,0.225659,living
1,C,C1,C1_01178,1.910,1.805,2.095,1.161,57.726,437.363,2.814,0.131986,living
1,C,C1,C1_01179,1.707,1.921,2.043,1.064,77.089,390.634,2.822,0.197344,living
1,C,C1,C1_01180,1.910,2.177,2.301,1.057,70.646,380.088,1.956,0.185867,living
1,C,C1,C1_01181,2.721,2.164,2.738,1.265,88.683,446.981,2.764,0.198405,living
1,C,C1,C1_01182,1.200,2.017,1.755,0.870,28.282,363.845,2.225,0.077730,living
1,C,C1,C1_01183,1.149,2.280,1.826,0.801,66.221,356.368,2.971,0.185821,living
1,C,C1,C1_01184,2.569,3.234,3.252,1.006,41.862,392.388,2.678,0.106685,living
1,C,C1,C1_01185,2.873,2.142,2.799,1.307,41.806,420.782,2.512,0.099353,living
1,C,C1,C1_01186,2.366,2.470,2.728,1.104,44.600,394.343,2.271,0.113100,living
1,C,C1,C1_01187,2.755,2.082,2.702,1.298,67.037,493.061,2.761,0.135960,living
1,C,C1,C1_01188,2.620,2.303,2.772,1.204,34.368,459.858,2.381,0.074736,living
1,C,C1,C1_01189,2.822,2.278,2.861,1.256,27.725,428.641,2.216,0.064680,living
1,C,C1,C1_01190,1.960,1.910,2.183,1.143,46.845,419.586,2.448,0.111645,living
1,C,C1,C1_01191,2.366,1.609,2.202,1.368,58.236,539.614,2.629,0.107921,living
1,C,C1,C1_01192,1.470,2.173,2.017,0.928,36.322,383.540,2.195,0.094702,living
1,C,C1,C1_01193,2.366,1.986,2.446,1.232,44.214,492.764,2.464,0.089727,living
1,C,C1,C1_01194,2.704,2.330,2.832,1.216,47.406,448.994,2.219,0.105583,living
1,C,C1,C1_01195,2.670,2.149,2.703,1.258,44.196,500.184,2.608,0.088360,living
1,C,C1,C1_01196,1.656,2.280,2.193,0.962,33.806,379.520,2.990,0.089076,living
1,C,C1,C1_01197,1.791,1.545,1.877,1.215,39.358,465.047,2.745,0.084633,living
1,C,C1,C1_01198,3.329,2.888,3.499,1.211,31.670,419.467,2.538,0.075501,living
1,C,C1,C1_01199,1.656,1.721,1.905,1.107,39.010,445.429,2.388,0.087579,living
1,C,C1,C1_01200,1.504,2.213,2.059,0.930,30.292,376.079,2.483,0.080547,living
1,C,C1,C1_01201,1.724,2.087,2.140,1.026,30.176,405.716,2.745,0.074378,living
1,C,C1,C1_01202,1.606,2.256,2.148,0.952,22.000,374.084,2.084,0.058810,living
1,C,C1,C1_01203,1.622,1.591,1.813,1.139,24.344,382.479,2.573,0.063647,living
1,C,C1,C1_01204,1.538,2.034,1.996,0.981,23.242,391.330,2.341,0.059392,living
1,C,C1,C1_01205,1.437,1.965,1.896,0.965,21.035,383.871,2.282,0.054798,living
1,C,C1,C1_01206,2.214,2.741,2.780,1.014,18.977,396.588,2.298,0.047851,living
1,C,C1,C1_01207,1.538,1.629,1.786,1.096,18.198,423.495,2.132,0.042971,living
1,C,C1,C1_01208,1.927,3.679,3.004,0.817,17.114,349.684,2.728,0.048941,living
1,C,C1,C1_01209,2.332,2.280,2.602,1.141,31.928,499.428,3.123,0.063928,living
1,C,C1,C1_01210,2.197,2.866,2.831,0.988,27.562,383.746,2.292,0.071822,living
1,C,C1,C1_01211,2.974,1.851,2.647,1.430,20.494,489.227,2.773,0.041891,living
1,C,C1,C1_01212,2.670,2.163,2.712,1.254,30.095,502.481,2.373,0.059893,living
1,C,C1,C1_01213,1.876,3.373,2.838,0.842,16.955,364.676,2.108,0.046493,living
1,C,C1,C1_01214,1.504,3.466,2.576,0.743,10.674,331.899,2.820,0.032161,living
1,C,C1,C1_01215,1.707,3.957,2.933,0.741,12.426,342.139,2.208,0.036318,living
1,C,C1,C1_01216,2.214,2.280,2.535,1.112,17.519,395.832,2.664,0.044259,living
1,C,C1,C1_01217,1.538,1.793,1.874,1.045,10.659,330.055,2.967,0.032296,living
1,C,C1,C1_01218,1.369,2.207,1.961,0.889,14.395,375.630,1.679,0.038322,living
1,C,C1,C1_01219,0.862,3.618,1.993,0.551,13.235,320.431,2.490,0.041305,living
1,C,C1,C1_01220,2.180,2.280,2.516,1.103,2.395,257.496,2.581,0.009302,living
1,C,C1,C1_01221,1.251,3.119,2.229,0.715,2.919,272.730,2.176,0.010703,living
1,C,C1,C1_01222,1.842,2.107,2.223,1.055,2.972,332.468,2.376,0.008941,living
1,C,C1,C1_01223,1.538,2.083,2.020,0.970,2.538,355.033,2.538,0.007150,living
1,C,C1,C1_01224,3.363,2.175,3.052,1.403,84.176,396.322,2.704,0.212393,living
1,C,C1,C1_01225,2.941,2.060,2.777,1.348,2.471,442.695,2.282,0.005582,living
1,C,C1,C1_01226,2.332,2.280,2.602,1.141,35.058,316.507,3.101,0.110765,living
1,C,C1,C1_01227,3.245,2.280,3.069,1.346,2.516,411.776,2.526,0.006109,living
1,C,C1,C1_01228,2.586,1.229,2.012,1.637,2.373,311.268,2.222,0.007622,living
1,C,C1,C1_01229,3.059,2.138,2.886,1.350,16.227,421.348,2.370,0.038511,living
1,C,C1,C1_01230,1.775,1.955,2.102,1.075,33.876,354.876,2.343,0.095459,living
1,C,C1,C1_01231,2.383,2.280,2.630,1.154,2.929,318.617,2.830,0.009193,living
1,C,C1,C1_01232,2.146,2.654,2.693,1.015,2.181,364.748,2.134,0.005980,living
1,C,C1,C1_01233,2.265,1.850,2.310,1.249,2.776,388.507,2.463,0.007146,living
1,C,C1,C1_01234,1.149,2.186,1.788,0.818,2.971,312.779,2.279,0.009497,living
1,C,C1,C1_01235,2.434,2.460,2.761,1.122,2.479,301.118,2.299,0.008233,living
1,C,C1,C1_01236,2.113,3.355,3.004,0.895,2.528,306.184,2.504,0.008256,living
1,C,C1,C1_01237,2.653,2.280,2.775,1.217,4.344,399.484,2.535,0.010874,living
1,C,C1,C1_01238,1.437,3.603,2.568,0.713,1.871,296.388,1.800,0.006311,living
1,C,C1,C1_01239,1.589,2.322,2.167,0.933,2.191,328.670,2.521,0.006668,living
1,C,C1,C1_01240,1.453,2.167,2.002,0.924,3.081,309.512,2.384,0.009956,living
1,C,C1,C1_01241,2.028,2.280,2.427,1.064,32.117,357.542,2.392,0.089826,living
1,C,C1,C1_01242,1.538,2.280,2.113,0.927,56.286,325.890,2.044,0.172714,living
1,C,C1,C1_01243,1.132,2.280,1.813,0.795,33.582,293.552,2.373,0.114399,living
1,C,C1,C1_01244,0.930,2.280,1.643,0.721,2.582,278.127,2.200,0.009283,living
1,C,C1,C1_01245,2.890,2.280,2.897,1.270,2.427,351.018,2.825,0.006914,living
1,C,C1,C1_01246,2.907,2.280,2.905,1.274,69.384,359.337,2.116,0.193088,living
1,C,C1,C1_01247,1.437,2.280,2.043,0.896,81.235,317.859,2.812,0.255570,living
1,C,C1,C1_01248,1.183,2.280,1.853,0.813,43.143,315.929,2.329,0.136559,living
1,C,C1,C1_01249,1.893,2.280,2.344,1.028,98.009,390.062,2.679,0.251265,living
1,C,C1,C1_01250,2.586,2.280,2.740,1.202,79.477,337.791,2.745,0.235285,living
1,C,C1,C1_01251,1.724,2.280,2.237,0.981,36.971,342.137,2.225,0.108058,living
1,C,C1,C1_01252,2.856,2.280,2.880,1.263,78.515,419.982,2.243,0.186948,living
1,C,C1,C1_01253,2.653,2.280,2.775,1.217,16.146,315.299,2.631,0.051210,living
1,C,C1,C1_01254,1.234,2.280,1.893,0.830,2.548,330.918,2.164,0.007700,living
1,C,C1,C1_01255,2.400,2.280,2.640,1.158,2.521,340.810,2.535,0.007397,living
1,C,C1,C1_01256,1.318,2.280,1.956,0.858,43.141,319.397,2.282,0.135070,living
1,C,C1,C1_01257,2.434,2.280,2.658,1.166,59.271,372.014,2.312,0.159324,living
1,C,C1,C1_01258,1.132,2.280,1.813,0.795,21.597,331.090,2.806,0.065230,living
1,C,C1,C1_01259,1.707,2.280,2.226,0.976,34.743,322.614,2.267,0.107691,living
1,C,C1,C1_01260,2.721,2.280,2.811,1.233,74.596,454.404,2.379,0.164163,living
1,C,C1,C1_01261,2.180,2.280,2.516,1.103,54.031,367.574,1.876,0.146994,living
1,C,C1,C1_01262,2.552,2.280,2.722,1.194,39.795,341.291,2.073,0.116600,living
1,C,C1,C1_01263,2.772,2.280,2.837,1.244,28.671,368.957,2.250,0.077707,living
1,C,C1,C1_01264,1.707,2.280,2.226,0.976,38.673,350.267,2.545,0.110411,living
1,C,C1,C1_01265,2.231,2.280,2.545,1.116,47.659,428.402,2.750,0.111249,living
1,C,C1,C1_01266,1.420,2.280,2.030,0.890,43.214,340.143,2.286,0.127047,living
1,C,C1,C1_01267,2.704,2.280,2.802,1.229,52.694,477.587,2.788,0.110333,living
1,C,C1,C1_01268,2.738,2.280,2.819,1.236,45.049,471.401,2.630,0.095565,living
1,C,C1,C1_01269,2.332,2.280,2.602,1.141,25.957,393.080,2.268,0.066034,living
1,C,C1,C1_01270,1.352,2.280,1.981,0.869,17.488,325.988,2.513,0.053645,living
1,C,C1,C1_01271,2.028,2.280,2.427,1.064,16.508,373.375,3.008,0.044214,living
1,C,C1,C1_01272,2.062,2.280,2.447,1.073,15.098,349.582,2.811,0.043190,living
1,C,C1,C1_01273,2.958,2.280,2.931,1.285,18.291,416.749,2.674,0.043891,living
1,C,C1,C1_01274,2.129,2.280,2.486,1.090,11.540,378.746,2.325,0.030468,living
1,C,C1,C1_01275,1.707,2.280,2.226,0.976,19.337,400.564,2.554,0.048273,living
1,C,C1,C1_01276,1.335,2.280,1.969,0.863,5.354,286.025,2.608,0.018720,living
1,C,C1,C1_01277,2.467,2.792,2.961,1.061,12.295,349.986,2.849,0.035129,living
1,C,C1,C1_01278,1.453,2.134,1.987,0.931,83.581,362.128,2.279,0.230806,living
1,C,C1,C1_01279,1.200,2.280,1.867,0.819,110.169,383.169,2.944,0.287521,living
1,C,C1,C1_01280,2.535,3.185,3.206,1.007,112.740,401.633,2.500,0.280704,living
1,C,C1,C1_01281,2.011,2.447,2.503,1.023,114.479,422.882,2.521,0.270711,living
1,C,C1,C1_01282,1.200,2.170,1.821,0.839,88.493,364.789,2.493,0.242587,living
1,C,C1,C1_01283,1.944,1.980,2.214,1.118,125.104,448.009,2.713,0.279245,living
1,C,C1,C1_01284,1.200,2.308,1.878,0.814,45.225,393.732,2.676,0.114863,living
1,C,C1,C1_01285,1.166,2.280,1.840,0.807,63.159,380.406,2.942,0.166032,living
1,C,C1,C1_01286,1.994,2.662,2.600,0.977,86.712,397.102,2.373,0.218362,living
1,C,C1,C1_01287,1.876,3.414,2.856,0.836,68.054,384.604,2.468,0.176946,living
1,C,C1,C1_01288,1.335,1.573,1.635,1.040,121.949,434.633,1.873,0.280580,living
1,C,C1,C1_01289,1.572,2.630,2.294,0.872,71.323,373.710,2.258,0.190850,living
1,C,C1,C1_01290,1.403,2.218,1.991,0.897,100.892,364.325,2.120,0.276927,living
1,C,C1,C1_01291,1.453,2.280,2.054,0.901,71.186,430.826,2.942,0.165232,living
1,C,C1,C1_01292,2.366,2.009,2.460,1.225,94.207,476.643,2.379,0.197647,living
1,C,C1,C1_01293,1.504,1.752,1.832,1.045,111.124,387.416,2.258,0.286833,living
1,C,C1,C1_01294,1.775,2.487,2.371,0.953,93.581,409.943,2.505,0.228278,living
1,C,C1,C1_01295,2.670,1.469,2.235,1.521,2.475,438.633,2.329,0.005642,living
1,C,C1,C1_01296,0.828,1.849,1.396,0.755,67.265,389.000,2.367,0.172919,living
1,C,C1,C1_01297,2.146,2.280,2.496,1.095,133.732,480.780,2.677,0.278157,living
1,C,C1,C1_01298,1.622,2.359,2.207,0.936,53.771,408.365,2.323,0.131674,living
1,C,C1,C1_01299,1.690,2.280,2.215,0.971,87.710,425.230,2.930,0.206265,living
1,C,C1,C1_01300,2.180,2.588,2.680,1.036,5.271,439.116,2.388,0.012004,living
1,C,C1,C1_01301,2.298,2.585,2.750,1.064,82.088,468.765,2.243,0.175116,living
1,C,C1,C1_01302,2.772,3.545,3.537,0.998,90.085,409.354,2.274,0.220067,living
1,C,C1,C1_01303,2.400,2.280,2.640,1.158,54.183,450.120,2.704,0.120375,living
1,C,C1,C1_01304,1.775,2.280,2.270,0.996,94.810,460.114,2.400,0.206056,living
1,C,C1,C1_01305,1.318,1.797,1.737,0.966,100.449,425.526,2.218,0.236058,living
1,C,C1,C1_01306,2.079,1.679,2.108,1.256,118.439,533.537,2.862,0.221989,living
1,C,C1,C1_01307,1.944,1.979,2.213,1.118,70.748,480.583,2.513,0.147213,living
1,C,C1,C1_01308,2.569,1.884,2.482,1.318,61.559,542.033,2.500,0.113571,living
1,C,C1,C1_01309,2.721,2.280,2.811,1.233,76.683,507.752,2.571,0.151025,living
1,C,C1,C1_01310,1.487,1.857,1.875,1.010,50.955,472.170,2.375,0.107916,living
1,C,C1,C1_01311,1.284,1.877,1.752,0.933,16.079,415.566,2.711,0.038692,living
1,C,C1,C1_01312,1.420,1.622,1.712,1.056,24.452,480.679,2.845,0.050871,living
1,C,C1,C1_01313,2.535,2.904,3.062,1.054,35.453,471.987,2.627,0.075115,living
1,C,C1,C1_01314,1.183,2.358,1.885,0.799,28.629,448.071,2.614,0.063893,living
1,C,C1,C1_01315,2.518,2.152,2.627,1.221,25.792,576.631,2.336,0.044729,living
1,C,C1,C1_01316,0.930,1.929,1.511,0.783,21.818,432.182,2.309,0.050484,living
1,C,C1,C1_01317,1.099,1.902,1.631,0.858,20.738,433.046,2.046,0.047890,living
1,C,C1,C1_01318,0.811,2.492,1.604,0.644,15.729,391.375,2.083,0.040190,living
1,C,C1,C1_01319,0.879,2.176,1.561,0.717,16.000,426.019,1.788,0.037557,living
1,C,C1,C1_01320,1.606,3.006,2.479,0.825,7.295,392.842,2.474,0.018569,living
1,C,C1,C1_01321,0.693,1.965,1.317,0.670,15.610,399.488,2.122,0.039074,living
1,C,C1,C1_01322,0.710,2.280,1.436,0.630,14.286,386.667,2.548,0.036946,living
1,C,C1,C1_01323,2.096,4.532,3.478,0.767,2.556,408.661,2.315,0.006256,living
1,C,C1,C1_01324,1.876,2.073,2.225,1.073,86.234,329.396,2.721,0.261795,living
1,C,C1,C1_01325,2.924,2.705,3.173,1.173,50.532,373.231,2.584,0.135390,living
1,C,C1,C1_01326,2.096,1.867,2.232,1.196,33.411,392.032,2.669,0.085226,living
1,C,C1,C1_01327,1.859,1.973,2.161,1.095,59.836,367.064,2.218,0.163014,living
1,C,C1,C1_01328,3.329,1.568,2.578,1.644,2.934,359.264,2.533,0.008167,living
1,C,C1,C1_01329,2.248,1.717,2.217,1.291,63.564,401.820,2.519,0.158190,living
1,C,C1,C1_01330,1.960,2.385,2.440,1.023,43.207,345.267,2.457,0.125140,living
1,C,C1,C1_01331,0.862,2.176,1.545,0.710,50.235,303.863,2.569,0.165322,living
1,C,C1,C1_01332,2.467,2.348,2.716,1.157,21.658,321.438,2.041,0.067377,living
1,C,C1,C1_01333,1.301,1.899,1.774,0.934,32.312,354.623,2.623,0.091116,living
1,C,C1,C1_01334,2.062,2.280,2.447,1.073,88.803,344.697,2.689,0.257627,living
1,C,C1,C1_01335,1.183,1.856,1.672,0.901,31.729,342.300,3.014,0.092692,living
1,C,C1,C1_01336,2.822,2.873,3.213,1.118,98.653,334.246,2.539,0.295150,living
1,C,C1,C1_01337,2.028,2.179,2.372,1.089,75.175,346.467,2.683,0.216976,living
1,C,C1,C1_01338,2.620,1.917,2.529,1.319,113.419,424.606,2.768,0.267116,living
1,C,C1,C1_01339,3.177,2.606,3.247,1.246,88.856,369.622,2.309,0.240398,living
1,C,C1,C1_01340,3.008,2.767,3.255,1.176,71.758,384.416,2.197,0.186669,living
1,C,C1,C1_01341,2.670,2.291,2.791,1.218,97.785,385.703,2.405,0.253524,living
1,C,C1,C1_01342,1.775,1.962,2.106,1.073,45.200,370.010,2.400,0.122159,living
1,C,C1,C1_01343,2.991,2.340,2.985,1.276,96.305,427.294,2.243,0.225384,living
1,C,C1,C1_01344,1.352,1.834,1.777,0.969,78.150,362.850,2.550,0.215378,living
1,C,C1,C1_01345,3.279,1.981,2.876,1.452,17.057,367.438,2.515,0.046421,living
1,C,C1,C1_01346,1.775,2.059,2.157,1.048,36.733,346.076,2.543,0.106142,living
1,C,C1,C1_01347,2.028,1.593,2.028,1.273,60.692,377.933,2.725,0.160588,living
1,C,C1,C1_01348,3.296,1.525,2.530,1.659,53.303,432.508,2.769,0.123241,living
1,C,C1,C1_01349,2.636,2.280,2.766,1.213,72.237,393.404,3.160,0.183621,living
1,C,C1,C1_01350,2.467,1.819,2.390,1.314,93.842,437.815,2.836,0.214343,living
1,C,C1,C1_01351,2.552,2.069,2.593,1.253,54.252,401.470,2.550,0.135132,living
1,C,C1,C1_01352,2.738,2.280,2.819,1.236,37.235,398.488,2.667,0.093440,living
1,C,C1,C1_01353,2.451,2.316,2.688,1.161,47.421,377.966,2.310,0.125463,living
1,C,C1,C1_01354,2.349,2.424,2.693,1.111,44.691,393.029,2.424,0.113708,living
1,C,C1,C1_01355,1.673,2.280,2.204,0.967,35.232,393.354,3.091,0.089569,living
1,C,C1,C1_01356,2.332,2.095,2.494,1.190,59.667,416.007,2.609,0.143427,living
1,C,C1,C1_01357,1.876,2.198,2.291,1.042,24.811,390.450,2.459,0.063544,living
1,C,C1,C1_01358,2.332,1.949,2.406,1.234,37.681,403.833,2.138,0.093309,living
1,C,C1,C1_01359,2.163,2.439,2.592,1.063,37.812,384.133,2.500,0.098436,living
1,C,C1,C1_01360,1.065,1.665,1.503,0.902,26.095,369.889,2.333,0.070549,living
1,C,C1,C1_01361,2.805,2.280,2.854,1.251,25.241,400.940,2.831,0.062955,living
1,C,C1,C1_01362,1.318,1.767,1.722,0.975,38.833,382.577,2.064,0.101505,living
1,C,C1,C1_01363,2.062,3.123,2.863,0.917,29.992,357.500,2.467,0.083893,living
1,C,C1,C1_01364,2.417,2.448,2.745,1.121,37.853,400.573,2.119,0.094497,living
1,C,C1,C1_01365,1.842,2.141,2.241,1.047,22.083,396.321,2.385,0.055719,living
1,C,C1,C1_01366,2.129,2.388,2.544,1.065,28.468,341.048,2.508,0.083473,living
1,C,C1,C1_01367,1.301,2.489,2.031,0.816,11.805,338.065,2.468,0.034920,living
1,C,C1,C1_01368,1.589,3.344,2.601,0.778,13.479,336.862,2.628,0.040013,living
1,C,C1,C1_01369,0.761,3.338,1.798,0.539,8.756,305.222,2.644,0.028686,living
1,C,C1,C1_01370,3.042,2.280,2.972,1.303,38.961,389.456,2.028,0.100040,living
1,C,C1,C1_01371,1.217,2.280,1.880,0.824,71.708,371.125,2.083,0.193219,living
1,C,C1,C1_01372,1.521,2.280,2.101,0.922,70.033,347.678,2.444,0.201432,living
1,C,C1,C1_01373,2.636,2.280,2.766,1.213,102.026,466.128,2.391,0.218879,living
1,C,C1,C1_01374,2.755,2.280,2.828,1.240,130.601,468.699,2.669,0.278646,living
1,C,C1,C1_01375,1.960,2.280,2.385,1.046,33.483,349.974,2.552,0.095672,living
1,C,C1,C1_01376,2.028,2.280,2.427,1.064,108.300,456.217,2.608,0.237387,living
1,C,C1,C1_01377,1.994,2.280,2.406,1.055,88.153,431.263,2.305,0.204406,living
1,C,C1,C1_01378,2.315,2.280,2.593,1.137,75.292,451.036,2.423,0.166931,living
1,C,C1,C1_01379,2.451,2.280,2.668,1.170,87.745,428.779,2.924,0.204639,living
1,C,C1,C1_01380,1.437,2.280,2.043,0.896,30.459,378.953,2.353,0.080376,living
1,C,C1,C1_01381,2.214,2.280,2.535,1.112,49.061,381.336,2.534,0.128656,living
1,C,C1,C1_01382,2.214,2.280,2.535,1.112,21.260,378.244,2.344,0.056206,living
1,C,C1,C1_01383,1.234,2.280,1.893,0.830,49.356,365.219,2.712,0.135141,living
1,C,C1,C1_01384,2.045,2.280,2.437,1.069,31.116,386.793,2.802,0.080445,living
1,C,C1,C1_01385,1.944,2.280,2.376,1.042,2.261,379.017,3.000,0.005965,living
1,C,C1,C1_01386,1.758,2.280,2.259,0.991,30.394,442.673,2.625,0.068661,living
1,C,C1,C1_01387,1.572,2.280,2.136,0.937,2.290,401.344,2.645,0.005707,living
1,C,C1,C1_01388,1.149,2.280,1.826,0.801,20.618,355.838,2.706,0.057941,living
1,C,C1,C1_01389,2.603,2.280,2.749,1.206,2.864,495.136,2.416,0.005784,living
1,C,C1,C1_01390,1.166,2.280,1.840,0.807,17.609,410.913,2.725,0.042853,living
1,C,C1,C1_01391,1.606,2.280,2.159,0.947,20.874,432.495,2.147,0.048263,living
1,C,C1,C1_01392,3.076,2.280,2.988,1.311,23.060,419.868,2.533,0.054923,living
1,C,C1,C1_01393,2.096,2.280,2.467,1.082,25.113,430.169,1.935,0.058379,living
1,C,C1,C1_01394,1.352,2.280,1.981,0.869,20.087,446.762,2.850,0.044962,living
1,C,C1,C1_01395,1.960,2.280,2.385,1.046,17.897,453.526,2.621,0.039461,living
1,C,C1,C1_01396,1.690,2.280,2.215,0.971,11.410,396.470,2.390,0.028779,living
1,C,C1,C1_01397,2.755,2.280,2.828,1.240,13.681,364.963,2.558,0.037486,living
1,C,C1,C1_01398,1.065,2.280,1.758,0.771,10.952,361.000,3.254,0.030339,living
1,C,C1,C1_01399,1.504,1.573,1.736,1.103,2.730,341.303,2.101,0.008000,living
1,C,C1,C1_01400,1.470,2.006,1.938,0.966,92.264,353.069,2.494,0.261321,living
1,C,C1,C1_01401,1.791,1.628,1.927,1.184,105.340,407.519,2.066,0.258490,living
1,C,C1,C1_01402,1.521,2.280,2.101,0.922,90.311,399.156,2.589,0.226255,living
1,C,C1,C1_01403,2.096,2.553,2.610,1.022,97.532,355.968,2.266,0.273992,living
1,C,C1,C1_01404,1.977,1.959,2.221,1.134,91.103,444.402,2.085,0.205000,living
1,C,C1,C1_01405,1.690,1.909,2.027,1.062,114.630,384.730,2.480,0.297949,living
1,C,C1,C1_01406,3.194,1.324,2.320,1.753,21.339,500.651,2.656,0.042622,living
1,C,C1,C1_01407,2.839,2.690,3.118,1.159,91.387,424.869,2.399,0.215094,living
1,C,C1,C1_01408,1.927,2.044,2.239,1.096,50.754,433.737,2.237,0.117017,living
1,C,C1,C1_01409,1.639,1.846,1.963,1.063,62.206,415.021,2.495,0.149887,living
1,C,C1,C1_01410,2.129,1.930,2.287,1.185,60.667,448.786,2.563,0.135180,living
1,C,C1,C1_01411,1.268,1.762,1.687,0.957,60.013,404.160,2.693,0.148489,living
1,C,C1,C1_01412,1.335,1.959,1.825,0.931,65.595,376.468,2.228,0.174238,living
1,C,C1,C1_01413,2.467,2.886,3.011,1.043,55.349,390.479,2.507,0.141747,living
1,C,C1,C1_01414,2.941,2.607,3.124,1.198,77.466,422.172,2.603,0.183493,living
1,C,C1,C1_01415,1.572,2.280,2.136,0.937,55.710,406.946,2.559,0.136897,living
1,C,C1,C1_01416,1.808,1.739,2.001,1.151,93.047,475.336,2.449,0.195749,living
1,C,C1,C1_01417,1.859,1.742,2.031,1.166,65.618,463.282,2.018,0.141638,living
1,C,C1,C1_01418,3.346,2.280,3.117,1.367,50.379,510.995,2.465,0.098590,living
1,C,C1,C1_01419,1.994,1.915,2.205,1.151,77.559,419.297,2.110,0.184975,living
1,C,C1,C1_01420,1.791,3.008,2.619,0.871,28.604,387.840,2.651,0.073752,living
1,C,C1,C1_01421,1.707,1.686,1.914,1.135,56.851,417.416,2.317,0.136199,living
1,C,C1,C1_01422,3.143,2.527,3.180,1.258,74.823,516.871,2.468,0.144761,living
1,C,C1,C1_01423,1.301,1.865,1.758,0.942,38.234,423.039,2.351,0.090379,living
1,C,C1,C1_01424,1.656,2.062,2.085,1.011,36.378,424.714,2.765,0.085652,living
1,C,C1,C1_01425,3.110,1.469,2.412,1.642,73.364,496.788,2.424,0.147677,living
1,C,C1,C1_01426,1.386,1.927,1.844,0.957,40.561,431.427,2.549,0.094016,living
1,C,C1,C1_01427,1.690,3.377,2.696,0.798,21.600,373.140,2.440,0.057887,living
1,C,C1,C1_01428,1.014,2.786,1.897,0.681,21.217,365.983,2.367,0.057972,living
1,C,C1,C1_01429,3.076,2.280,2.988,1.311,37.291,469.456,2.593,0.079435,living
1,C,C1,C1_01430,2.772,2.498,2.969,1.189,35.146,510.183,2.476,0.068890,living
1,C,C1,C1_01431,2.941,2.280,2.922,1.281,43.333,497.920,3.247,0.087029,living
1,C,C1,C1_01432,1.335,1.957,1.824,0.932,29.557,420.658,2.114,0.070264,living
1,C,C1,C1_01433,2.907,2.280,2.905,1.274,38.570,610.017,2.523,0.063227,living
1,C,C1,C1_01434,2.011,2.643,2.601,0.984,23.723,429.782,2.689,0.055197,living
1,C,C1,C1_01435,1.690,2.408,2.276,0.945,16.620,417.170,2.630,0.039840,living
1,C,C1,C1_01436,1.504,2.502,2.189,0.875,18.742,416.551,2.292,0.044992,living
1,C,C1,C1_01437,1.132,2.246,1.799,0.801,15.970,397.881,2.657,0.040138,living
1,C,C1,C1_01438,1.639,2.292,2.187,0.954,18.577,422.278,2.196,0.043993,living
1,C,C1,C1_01439,1.656,2.628,2.354,0.896,17.745,416.265,2.378,0.042629,living
1,C,C1,C1_01440,0.879,1.802,1.420,0.788,12.154,395.750,2.269,0.030711,living
1,C,C1,C1_01441,1.893,3.334,2.835,0.850,16.705,389.170,2.348,0.042926,living
1,C,C1,C1_01442,1.115,2.004,1.687,0.842,8.591,386.909,2.682,0.022204,living
1,C,C1,C1_01443,3.093,2.551,3.170,1.242,100.634,375.066,2.393,0.268310,living
1,C,C1,C1_01444,2.349,2.208,2.570,1.164,94.079,338.755,2.281,0.277720,living
1,C,C1,C1_01445,1.690,2.280,2.215,0.971,67.000,342.880,2.660,0.195404,living
1,C,C1,C1_01446,2.501,1.682,2.314,1.376,124.588,457.500,2.250,0.272323,living
1,C,C1,C1_01447,1.808,1.801,2.036,1.131,105.140,377.439,2.542,0.278562,living
1,C,C1,C1_01448,1.944,2.280,2.376,1.042,101.930,354.435,2.722,0.287586,living
1,C,C1,C1_01449,1.437,1.646,1.735,1.054,66.376,363.094,2.506,0.182808,living
1,C,C1,C1_01450,1.791,1.698,1.968,1.159,74.094,381.302,2.594,0.194319,living
1,C,C1,C1_01451,2.163,2.037,2.369,1.163,27.375,382.312,2.625,0.071604,living
1,C,C1,C1_01452,2.248,1.983,2.382,1.201,102.098,372.090,2.353,0.274390,living
1,C,C1,C1_01453,1.572,1.595,1.787,1.120,58.280,376.699,2.333,0.154711,living
1,C,C1,C1_01454,1.149,4.414,2.541,0.576,2.853,270.779,2.647,0.010536,living
1,C,C1,C1_01455,1.893,1.840,2.106,1.145,65.554,407.625,2.598,0.160818,living
1,C,C1,C1_01456,1.944,1.769,2.093,1.183,85.452,430.904,2.270,0.198309,living
1,C,C1,C1_01457,1.690,2.321,2.235,0.963,21.350,359.080,2.130,0.059458,living
1,C,C1,C1_01458,2.805,2.243,2.830,1.262,75.952,453.554,2.753,0.167459,living
1,C,C1,C1_01459,1.960,1.808,2.124,1.175,29.897,459.698,2.509,0.065035,living
1,C,C1,C1_01460,1.234,1.544,1.558,1.009,33.027,385.137,2.315,0.085755,living
1,C,C1,C1_01461,2.687,2.280,2.793,1.225,55.698,402.314,2.390,0.138444,living
1,C,C1,C1_01462,1.538,1.996,1.977,0.990,45.890,383.429,2.571,0.119684,living
1,C,C1,C1_01463,1.690,2.280,2.215,0.971,46.490,361.140,2.700,0.128731,living
1,C,C1,C1_01464,2.704,2.258,2.788,1.235,51.200,452.775,2.656,0.113080,living
1,C,C1,C1_01465,1.606,2.280,2.159,0.947,48.021,412.747,3.221,0.116345,living
1,C,C1,C1_01466,1.622,2.280,2.170,0.952,41.552,424.156,2.865,0.097964,living
1,C,C1,C1_01467,2.282,2.066,2.450,1.186,24.252,410.689,2.319,0.059052,living
1,C,C1,C1_01468,1.977,2.220,2.364,1.065,20.803,404.897,2.470,0.051379,living
1,C,C1,C1_01469,2.467,1.937,2.467,1.273,19.089,371.068,2.692,0.051443,living
1,C,C1,C1_01470,1.910,2.280,2.355,1.033,34.071,459.168,2.690,0.074201,living
1,C,C1,C1_01471,1.775,1.872,2.057,1.099,33.400,431.143,2.381,0.077469,living
1,C,C1,C1_01472,2.282,1.918,2.361,1.231,21.563,475.178,2.585,0.045379,living
1,C,C1,C1_01473,1.031,1.995,1.618,0.811,21.705,337.934,2.590,0.064228,living
1,C,C1,C1_01474,1.166,2.153,1.788,0.830,20.043,337.986,2.377,0.059303,living
1,C,C1,C1_01475,1.791,2.834,2.542,0.897,17.632,371.142,2.406,0.047508,living
1,C,C1,C1_01476,1.555,2.328,2.147,0.922,17.946,386.098,2.554,0.046480,living
1,C,C1,C1_01477,2.129,2.827,2.768,0.979,15.286,358.849,2.571,0.042596,living
1,C,C1,C1_01478,1.352,2.402,2.033,0.847,13.838,346.475,2.975,0.039938,living
1,C,C1,C1_01479,1.335,4.254,2.689,0.632,9.013,283.063,2.367,0.031840,living
1,C,C1,C1_01480,1.606,2.280,2.159,0.947,12.863,342.653,2.789,0.037540,living
1,C,C1,C1_01481,0.930,2.759,1.807,0.655,9.291,320.127,2.273,0.029023,living
1,C,C1,C1_01482,1.149,2.039,1.727,0.847,12.176,335.265,2.618,0.036319,living
1,C,C1,C1_01483,0.963,2.527,1.760,0.697,10.316,338.930,2.825,0.030436,living
1,C,C1,C1_01484,1.335,1.591,1.644,1.034,79.241,366.570,2.494,0.216168,living
1,C,C1,C1_01485,1.791,1.941,2.104,1.084,99.575,384.802,2.340,0.258771,living
1,C,C1,C1_01486,0.913,1.689,1.401,0.830,61.611,340.685,2.593,0.180845,living
1,C,C1,C1_01487,1.808,2.372,2.337,0.985,85.187,345.888,2.393,0.246285,living
1,C,C1,C1_01488,2.011,1.961,2.241,1.143,73.387,413.328,2.252,0.177551,living
1,C,C1,C1_01489,3.110,3.055,3.478,1.138,57.462,392.103,2.076,0.146548,living
1,C,C1,C1_01490,1.166,2.226,1.818,0.817,44.217,365.246,2.841,0.121062,living
1,C,C1,C1_01491,0.896,2.024,1.520,0.751,49.358,338.792,2.434,0.145689,living
1,C,C1,C1_01492,2.772,2.210,2.793,1.264,89.037,401.701,2.543,0.221649,living
1,C,C1,C1_01493,1.707,2.280,2.226,0.976,84.901,385.188,2.475,0.220414,living
1,C,C1,C1_01494,2.687,2.325,2.820,1.213,114.591,362.421,2.579,0.316182,living
1,C,C1,C1_01495,2.248,2.754,2.808,1.019,104.692,372.308,2.346,0.281196,living
1,C,C1,C1_01496,1.403,1.783,1.785,1.001,68.012,352.627,2.494,0.192873,living
1,C,C1,C1_01497,2.569,2.227,2.699,1.212,114.809,450.921,2.539,0.254610,living
1,C,C1,C1_01498,2.434,2.220,2.623,1.182,67.944,450.549,2.458,0.150804,living
1,C,C1,C1_01499,1.521,2.188,2.058,0.941,93.500,328.300,2.578,0.284800,living
1,C,C1,C1_01500,2.129,1.492,2.011,1.348,46.881,400.937,2.190,0.116929,living
1,C,C1,C1_01501,1.352,1.763,1.742,0.988,32.300,388.262,2.500,0.083191,living
1,C,C1,C1_01502,2.349,2.263,2.602,1.150,67.022,400.878,2.705,0.167187,living
1,C,C1,C1_01503,2.298,2.280,2.583,1.133,63.382,343.162,2.419,0.184701,living
1,C,C1,C1_01504,2.079,1.776,2.168,1.221,130.577,455.911,2.220,0.286410,living
1,C,C1,C1_01505,2.586,2.276,2.738,1.203,97.118,445.686,2.379,0.217906,living
1,C,C1,C1_01506,3.059,2.037,2.817,1.383,79.149,457.525,2.171,0.172994,living
1,C,C1,C1_01507,0.913,2.271,1.625,0.715,19.500,361.278,2.778,0.053975,living
1,C,C1,C1_01508,2.045,2.264,2.428,1.072,80.256,386.405,2.719,0.207700,living
1,C,C1,C1_01509,1.859,2.211,2.288,1.035,71.118,381.027,3.182,0.186649,living
1,C,C1,C1_01510,1.825,2.280,2.302,1.009,88.481,452.028,2.750,0.195743,living
1,C,C1,C1_01511,1.099,2.280,1.786,0.783,83.985,349.862,2.985,0.240051,living
1,C,C1,C1_01512,1.166,1.681,1.580,0.940,29.899,376.261,2.319,0.079462,living
1,C,C1,C1_01513,2.417,2.280,2.649,1.162,93.210,446.070,3.273,0.208958,living
1,C,C1,C1_01514,1.453,1.894,1.872,0.988,50.640,399.151,2.477,0.126868,living
1,C,C1,C1_01515,2.484,3.617,3.382,0.935,59.299,379.442,2.551,0.156280,living
1,C,C1,C1_01516,1.521,2.038,1.987,0.975,47.211,388.956,2.200,0.121379,living
1,C,C1,C1_01517,1.944,1.890,2.163,1.144,70.809,446.017,2.557,0.158758,living
1,C,C1,C1_01518,2.400,2.301,2.652,1.152,58.204,439.352,2.655,0.132477,living
1,C,C1,C1_01519,1.893,2.762,2.580,0.934,39.571,377.902,2.277,0.104714,living
1,C,C1,C1_01520,2.586,2.331,2.770,1.188,47.693,434.523,2.549,0.109759,living
1,C,C1,C1_01521,2.687,1.577,2.323,1.473,15.296,468.270,2.421,0.032664,living
1,C,C1,C1_01522,0.896,1.768,1.420,0.803,22.358,373.472,2.075,0.059867,living
1,C,C1,C1_01523,2.603,2.181,2.689,1.233,24.994,420.409,2.500,0.059450,living
1,C,C1,C1_01524,1.149,1.775,1.611,0.908,36.265,390.779,2.382,0.092801,living
1,C,C1,C1_01525,2.451,2.619,2.859,1.092,45.234,420.959,2.372,0.107456,living
1,C,C1,C1_01526,1.960,1.774,2.104,1.186,49.466,471.690,2.569,0.104869,living
1,C,C1,C1_01527,2.670,2.450,2.886,1.178,36.835,459.019,2.582,0.080248,living
1,C,C1,C1_01528,2.890,2.280,2.897,1.270,33.082,407.199,2.696,0.081243,living
1,C,C1,C1_01529,3.008,2.591,3.150,1.216,45.865,515.854,2.646,0.088911,living
1,C,C1,C1_01530,2.298,2.280,2.583,1.133,25.221,489.044,3.015,0.051571,living
1,C,C1,C1_01531,0.676,2.205,1.378,0.625,17.025,358.950,1.950,0.047430,living
1,C,C1,C1_01532,1.352,1.734,1.728,0.996,29.175,427.212,2.362,0.068292,living
1,C,C1,C1_01533,2.467,2.439,2.768,1.135,34.507,475.096,2.418,0.072631,living
1,C,C1,C1_01534,2.755,3.637,3.572,0.982,22.742,398.178,2.466,0.057116,living
1,C,C1,C1_01535,2.501,2.540,2.844,1.120,30.324,466.919,2.466,0.064946,living
1,C,C1,C1_01536,2.890,3.163,3.412,1.079,24.363,440.526,2.532,0.055303,living
1,C,C1,C1_01537,0.761,1.688,1.279,0.758,15.267,376.222,2.467,0.040579,living
1,C,C1,C1_01538,0.862,2.033,1.494,0.735,13.314,363.686,2.529,0.036608,living
1,C,C1,C1_01539,2.146,3.284,2.996,0.912,14.976,386.819,2.441,0.038717,living
1,C,C1,C1_01540,2.535,3.637,3.426,0.942,14.880,385.573,2.213,0.038592,living
1,C,C1,C1_01541,1.284,1.872,1.749,0.935,18.789,434.934,2.289,0.043201,living
1,C,C1,C1_01542,2.687,2.636,3.003,1.139,14.830,402.365,2.384,0.036858,living
1,C,C1,C1_01543,1.352,2.179,1.937,0.889,12.912,401.825,2.737,0.032135,living
1,C,C1,C1_01544,0.693,3.060,1.643,0.537,11.049,343.732,2.390,0.032144,living
1,C,C1,C1_01545,0.794,2.435,1.569,0.644,10.936,359.574,3.234,0.030414,living
1,C,C1,C1_01546,1.910,3.474,2.907,0.837,46.938,282.903,2.283,0.165916,living
1,C,C1,C1_01547,1.758,2.849,2.525,0.886,76.404,293.077,2.250,0.260696,living
1,C,C1,C1_01548,1.724,1.646,1.901,1.155,55.931,333.333,2.147,0.167794,living
1,C,C1,C1_01549,3.211,2.745,3.350,1.220,66.589,395.111,2.074,0.168534,living
1,C,C1,C1_01550,1.893,3.246,2.797,0.862,31.616,313.170,2.589,0.100955,living
1,C,C1,C1_01551,2.062,1.882,2.223,1.181,103.943,379.066,2.311,0.274207,living
1,C,C1,C1_01552,2.434,2.280,2.658,1.166,57.181,380.062,2.694,0.150450,living
1,C,C1,C1_01553,2.501,2.504,2.824,1.128,62.547,342.818,2.189,0.182451,living
1,C,C1,C1_01554,2.552,2.297,2.732,1.189,104.907,381.066,2.490,0.275299,living
1,C,C1,C1_01555,1.994,2.568,2.553,0.994,85.864,319.212,2.703,0.268989,living
1,C,C1,C1_01556,2.603,3.380,3.347,0.990,65.682,318.955,1.942,0.205928,living
1,C,C1,C1_01557,2.146,2.280,2.496,1.095,19.079,336.142,2.858,0.056758,living
1,C,C1,C1_01558,1.893,1.676,2.010,1.199,101.393,376.045,2.536,0.269630,living
1,C,C1,C1_01559,2.586,2.280,2.740,1.202,56.706,414.556,2.732,0.136787,living
1,C,C1,C1_01560,2.586,2.280,2.740,1.202,75.797,378.895,2.961,0.200048,living
1,C,C1,C1_01561,2.467,2.379,2.734,1.149,64.103,383.130,2.349,0.167313,living
1,C,C1,C1_01562,1.758,2.280,2.259,0.991,42.875,388.221,2.490,0.110440,living
1,C,C1,C1_01563,1.808,1.801,2.036,1.131,65.785,361.495,2.692,0.181980,living
1,C,C1,C1_01564,2.687,2.280,2.793,1.225,34.994,379.975,2.604,0.092095,living
1,C,C1,C1_01565,2.687,2.324,2.820,1.213,54.585,395.302,2.126,0.138084,living
1,C,C1,C1_01566,2.282,2.106,2.474,1.175,70.822,426.526,2.378,0.166044,living
1,C,C1,C1_01567,2.924,2.280,2.914,1.278,43.029,409.688,2.382,0.105029,living
1,C,C1,C1_01568,2.045,1.683,2.093,1.244,77.471,412.372,2.405,0.187867,living
1,C,C1,C1_01569,2.248,1.783,2.259,1.267,80.286,453.729,2.053,0.176946,living
1,C,C1,C1_01570,1.386,2.447,2.078,0.849,23.037,325.378,2.085,0.070799,living
1,C,C1,C1_01571,2.941,1.893,2.662,1.406,73.190,507.351,2.471,0.144259,living
1,C,C1,C1_01572,1.910,2.193,2.309,1.053,47.513,385.611,2.788,0.123216,living
1,C,C1,C1_01573,2.214,2.280,2.535,1.112,36.802,424.511,2.824,0.086691,living
1,C,C1,C1_01574,3.211,2.577,3.246,1.260,23.695,394.047,2.111,0.060132,living
1,C,C1,C1_01575,1.842,1.844,2.080,1.128,43.450,370.560,2.532,0.117254,living
1,C,C1,C1_01576,2.501,2.302,2.707,1.176,40.115,444.676,2.331,0.090212,living
1,C,C1,C1_01577,2.383,2.029,2.481,1.223,24.851,443.426,2.376,0.056043,living
1,C,C1,C1_01578,1.690,2.095,2.123,1.013,28.340,379.720,2.560,0.074634,living
1,C,C1,C1_01579,1.622,2.280,2.170,0.952,21.552,390.573,2.760,0.055181,living
1,C,C1,C1_01580,2.924,1.799,2.588,1.439,2.462,381.347,2.491,0.006457,living
1,C,C1,C1_01581,1.944,2.520,2.497,0.991,21.783,363.730,2.130,0.059887,living
1,C,C1,C1_01582,0.794,1.824,1.358,0.744,16.553,329.723,2.830,0.050203,living
1,C,C1,C1_01583,2.839,1.862,2.594,1.393,22.256,393.107,2.375,0.056615,living
1,C,C1,C1_01584,0.862,1.789,1.401,0.783,14.549,348.196,1.863,0.041784,living
1,C,C1,C1_01585,2.045,2.280,2.437,1.069,23.116,411.736,2.620,0.056142,living
1,C,C1,C1_01586,1.758,2.388,2.312,0.968,21.135,372.990,2.904,0.056663,living
1,C,C1,C1_01587,2.417,2.834,2.953,1.042,20.203,395.650,2.559,0.051062,living
1,C,C1,C1_01588,2.028,2.714,2.647,0.975,20.150,387.725,1.933,0.051970,living
1,C,C1,C1_01589,3.228,2.472,3.187,1.289,16.602,375.005,2.466,0.044272,living
1,C,C1,C1_01590,2.079,2.064,2.337,1.132,3.008,384.667,2.545,0.007820,living
1,C,C1,C1_01591,1.251,1.718,1.654,0.963,17.568,413.284,2.230,0.042507,living
1,C,C1,C1_01592,2.467,2.826,2.979,1.054,16.308,389.048,2.651,0.041918,living
1,C,C1,C1_01593,1.538,2.501,2.213,0.885,12.747,340.582,2.352,0.037428,living
1,C,C1,C1_01594,1.775,2.280,2.270,0.996,18.143,386.238,2.848,0.046973,living
1,C,C1,C1_01595,2.045,2.252,2.422,1.075,13.017,369.636,2.099,0.035214,living
1,C,C1,C1_01596,0.946,2.086,1.585,0.760,9.125,307.875,2.214,0.029639,living
1,C,C1,C1_01597,1.234,1.909,1.732,0.907,60.397,353.630,2.342,0.170792,living
1,C,C1,C1_01598,2.079,1.965,2.281,1.161,58.520,401.984,2.650,0.145579,living
1,C,C1,C1_01599,0.997,1.923,1.562,0.812,50.017,340.593,3.017,0.146852,living
1,C,C1,C1_01600,2.079,2.470,2.557,1.035,42.577,369.667,2.398,0.115177,living
1,C,C1,C1_01601,2.028,2.280,2.427,1.064,2.558,358.883,2.558,0.007129,living
1,C,C1,C1_01602,2.569,2.582,2.906,1.126,60.164,400.862,2.217,0.150088,living
1,C,C1,C1_01603,1.944,2.280,2.376,1.042,106.243,373.687,2.791,0.284311,living
1,C,C1,C1_01604,2.451,1.859,2.409,1.296,87.821,483.421,2.531,0.181665,living
1,C,C1,C1_01605,2.501,3.682,3.424,0.930,73.824,320.000,2.574,0.230701,living
1,C,C1,C1_01606,2.822,1.331,2.187,1.643,57.593,377.449,2.814,0.152584,living
1,C,C1,C1_01607,1.470,2.007,1.938,0.966,58.954,369.989,2.586,0.159340,living
1,C,C1,C1_01608,1.724,1.627,1.890,1.162,102.539,360.108,2.706,0.284746,living
1,C,C1,C1_01609,1.521,2.280,2.101,0.922,36.967,355.811,2.944,0.103894,living
1,C,C1,C1_01610,0.997,1.694,1.466,0.866,53.271,346.678,2.593,0.153662,living
1,C,C1,C1_01611,1.352,1.588,1.653,1.041,102.125,370.875,2.725,0.275362,living
1,C,C1,C1_01612,2.856,2.302,2.893,1.257,118.817,427.337,2.769,0.278039,living
1,C,C1,C1_01613,1.318,2.280,1.956,0.858,46.179,380.538,2.526,0.121353,living
1,C,C1,C1_01614,1.893,3.180,2.768,0.871,20.946,335.973,2.491,0.062346,living
1,C,C1,C1_01615,1.403,2.092,1.933,0.924,28.458,355.566,1.928,0.080035,living
1,C,C1,C1_01616,2.366,3.229,3.119,0.966,19.443,331.921,2.564,0.058577,living
1,C,C1,C1_01617,1.842,2.661,2.498,0.939,35.550,351.817,2.294,0.101048,living
1,C,C1,C1_01618,1.166,2.065,1.751,0.848,22.812,369.420,2.725,0.061750,living
1,C,C1,C1_01619,2.772,1.854,2.558,1.380,92.695,507.591,2.311,0.182618,living
1,C,C1,C1_01620,2.096,1.936,2.273,1.174,86.500,410.169,2.347,0.210889,living
1,C,C1,C1_01621,2.366,1.891,2.387,1.262,96.250,453.650,2.243,0.212168,living
1,C,C1,C1_01622,1.775,1.858,2.049,1.103,79.895,428.571,2.657,0.186422,living
1,C,C1,C1_01623,1.910,2.280,2.355,1.033,57.681,444.743,2.708,0.129696,living
1,C,C1,C1_01624,2.096,2.280,2.467,1.082,43.040,425.145,2.476,0.101237,living
1,C,C1,C1_01625,2.265,2.425,2.645,1.091,26.716,411.776,2.403,0.064881,living
1,C,C1,C1_01626,1.589,2.721,2.346,0.862,23.234,353.468,2.713,0.065732,living
1,C,C1,C1_01627,2.467,2.280,2.676,1.174,47.068,509.260,3.007,0.092425,living
1,C,C1,C1_01628,2.062,1.694,2.109,1.245,39.730,480.779,2.246,0.082636,living
1,C,C1,C1_01629,2.214,2.165,2.470,1.141,27.389,396.519,2.527,0.069074,living
1,C,C1,C1_01630,1.504,1.825,1.869,1.024,20.236,391.775,2.629,0.051652,living
1,C,C1,C1_01631,1.318,1.693,1.686,0.996,11.474,381.603,2.615,0.030069,living
1,C,C1,C1_01632,0.980,2.293,1.691,0.738,10.000,346.000,1.966,0.028902,living
1,C,C1,C1_01633,1.893,2.280,2.344,1.028,24.170,436.045,2.875,0.055429,living
1,C,C1,C1_01634,2.045,2.620,2.612,0.997,17.306,379.711,2.612,0.045576,living
1,C,C1,C1_01635,2.265,2.940,2.912,0.990,20.687,390.515,2.537,0.052973,living
1,C,C1,C1_01636,1.504,2.193,2.049,0.934,12.371,366.652,2.225,0.033740,living
1,C,C1,C1_01637,2.079,1.641,2.084,1.270,18.764,448.374,2.228,0.041850,living
1,C,C1,C1_01638,1.927,2.211,2.329,1.053,17.746,409.772,2.281,0.043306,living
1,C,C1,C1_01639,1.453,1.621,1.732,1.068,18.291,420.477,2.709,0.043500,living
1,C,C1,C1_01640,2.298,2.668,2.794,1.047,12.044,381.765,2.640,0.031549,living
1,C,C1,C1_01641,1.453,1.835,1.842,1.004,13.267,397.663,2.337,0.033364,living
1,C,C1,C1_01642,1.741,3.149,2.642,0.839,11.408,355.961,1.893,0.032048,living
1,C,C1,C1_01643,1.606,1.903,1.973,1.037,95.411,395.200,2.905,0.241423,living
1,C,C1,C1_01644,1.808,2.262,2.282,1.009,101.140,376.252,2.617,0.268809,living
1,C,C1,C1_01645,1.284,2.256,1.920,0.851,42.013,349.053,1.934,0.120363,living
1,C,C1,C1_01646,1.876,5.265,3.546,0.674,49.288,325.721,2.649,0.151321,living
1,C,C1,C1_01647,1.217,2.185,1.840,0.842,42.944,354.556,2.944,0.121122,living
1,C,C1,C1_01648,1.453,2.197,2.016,0.918,76.756,349.977,2.942,0.219317,living
1,C,C1,C1_01649,2.383,3.438,3.230,0.939,82.340,314.099,2.539,0.262148,living
1,C,C1,C1_01650,0.862,1.933,1.457,0.754,60.627,355.098,2.549,0.170734,living
1,C,C1,C1_01651,2.704,2.358,2.849,1.208,105.688,413.325,2.319,0.255701,living
1,C,C1,C1_01652,2.805,2.227,2.820,1.266,118.819,424.343,2.349,0.280007,living
1,C,C1,C1_01653,1.622,2.307,2.183,0.946,69.385,382.688,2.312,0.181311,living
1,C,C1,C1_01654,2.924,1.530,2.387,1.560,65.855,476.497,2.428,0.138208,living
1,C,C1,C1_01655,1.927,2.872,2.655,0.924,48.202,375.667,2.263,0.128310,living
1,C,C1,C1_01656,1.690,1.618,1.866,1.153,127.280,447.300,2.990,0.284552,living
1,C,C1,C1_01657,2.907,3.199,3.441,1.076,103.616,386.198,2.488,0.268299,living
1,C,C1,C1_01658,3.008,2.373,3.015,1.270,127.208,447.455,2.657,0.284292,living
1,C,C1,C1_01659,3.262,2.710,3.355,1.238,87.083,440.119,2.238,0.197862,living
1,C,C1,C1_01660,2.332,1.974,2.421,1.226,91.239,465.058,2.551,0.196189,living
1,C,C1,C1_01661,2.265,1.683,2.203,1.309,86.545,487.597,2.455,0.177492,living
1,C,C1,C1_01662,2.704,2.352,2.846,1.210,48.369,450.113,2.294,0.107459,living
1,C,C1,C1_01663,2.552,2.390,2.787,1.166,76.159,454.967,2.543,0.167394,living
1,C,C1,C1_01664,2.856,2.701,3.134,1.160,73.964,449.284,2.107,0.164627,living
1,C,C1,C1_01665,2.180,1.944,2.323,1.195,85.403,457.147,2.372,0.186817,living
1,C,C1,C1_01666,2.772,2.945,3.224,1.095,49.726,422.524,2.622,0.117687,living
1,C,C1,C1_01667,1.639,2.664,2.358,0.885,32.670,380.299,2.907,0.085906,living
1,C,C1,C1_01668,2.079,2.567,2.607,1.015,37.724,423.927,3.081,0.088986,living
1,C,C1,C1_01669,1.420,1.948,1.877,0.963,31.310,426.345,2.048,0.073437,living
1,C,C1,C1_01670,0.794,2.709,1.655,0.611,19.383,363.979,3.660,0.053253,living
1,C,C1,C1_01671,2.941,1.967,2.714,1.380,34.724,421.034,2.190,0.082473,living
1,C,C1,C1_01672,1.538,1.977,1.968,0.995,44.912,436.055,3.088,0.102996,living
1,C,C1,C1_01673,3.296,2.289,3.099,1.354,58.923,567.697,2.738,0.103793,living
1,C,C1,C1_01674,2.028,1.545,1.997,1.293,28.258,442.208,3.067,0.063903,living
1,C,C1,C1_01675,1.521,2.053,1.994,0.971,35.844,446.733,2.622,0.080237,living
1,C,C1,C1_01676,1.437,2.324,2.062,0.887,33.976,418.224,2.788,0.081240,living
1,C,C1,C1_01677,1.977,1.932,2.205,1.141,39.051,482.897,2.513,0.080869,living
1,C,C1,C1_01678,1.859,2.437,2.402,0.986,23.418,432.864,2.118,0.054101,living
1,C,C1,C1_01679,1.048,1.978,1.625,0.821,21.823,407.177,2.032,0.053595,living
1,C,C1,C1_01680,1.977,1.731,2.087,1.206,30.060,537.299,2.427,0.055946,living
1,C,C1,C1_01681,2.805,2.970,3.257,1.097,13.398,361.958,2.627,0.037014,living
1,C,C1,C1_01682,1.606,2.956,2.459,0.832,11.589,374.947,2.916,0.030910,living
1,C,C1,C1_01683,1.403,2.087,1.931,0.925,15.181,424.819,3.193,0.035735,living
1,C,C1,C1_01684,2.417,2.280,2.649,1.162,22.077,442.210,3.035,0.049924,living
1,C,C1,C1_01685,1.656,2.233,2.170,0.972,18.878,411.286,2.337,0.045899,living
1,C,C1,C1_01686,1.504,2.702,2.275,0.842,17.933,391.124,2.742,0.045849,living
1,C,C1,C1_01687,1.791,2.162,2.220,1.027,17.708,443.509,2.887,0.039926,living
1,C,C1,C1_01688,1.166,2.913,2.080,0.714,12.087,374.812,2.449,0.032248,living
1,C,C1,C1_01689,1.183,2.368,1.889,0.798,14.614,362.071,2.800,0.040363,living
1,C,C1,C1_01690,2.028,2.702,2.641,0.978,15.900,428.425,2.117,0.037113,living
1,C,C1,C1_01691,1.284,5.598,3.025,0.540,12.303,349.224,2.947,0.035229,living
1,C,C1,C1_01692,1.470,2.747,2.267,0.825,11.287,395.977,2.230,0.028505,living
1,C,C1,C1_01693,1.504,2.174,2.040,0.939,56.292,327.978,2.337,0.171634,living
1,C,C1,C1_01694,3.346,3.288,3.743,1.138,97.101,356.702,2.490,0.272219,living
1,C,C1,C1_01695,2.789,1.870,2.577,1.378,71.794,354.358,2.758,0.202603,living
1,C,C1,C1_01696,1.538,1.734,1.843,1.063,61.505,362.967,2.264,0.169452,living
1,C,C1,C1_01697,2.096,2.454,2.559,1.043,95.323,348.153,2.298,0.273795,living
1,C,C1,C1_01698,2.197,1.794,2.240,1.249,92.646,394.892,2.054,0.234611,living
1,C,C1,C1_01699,2.146,2.623,2.677,1.021,66.063,355.213,2.685,0.185982,living
1,C,C1,C1_01700,2.045,1.698,2.103,1.238,110.901,379.479,2.851,0.292245,living
1,C,C1,C1_01701,1.437,2.280,2.043,0.896,40.000,324.576,2.682,0.123238,living
1,C,C1,C1_01702,2.113,1.752,2.171,1.239,63.224,442.288,2.480,0.142948,living
1,C,C1,C1_01703,2.907,2.280,2.905,1.274,80.767,370.291,2.494,0.218119,living
1,C,C1,C1_01704,1.960,2.280,2.385,1.046,50.474,379.017,2.491,0.133171,living
1,C,C1,C1_01705,1.504,1.870,1.892,1.012,74.719,337.876,2.180,0.221143,living
1,C,C1,C1_01706,1.369,2.280,1.994,0.874,54.827,360.988,2.506,0.151881,living
1,C,C1,C1_01707,2.805,2.143,2.767,1.291,49.735,444.120,2.512,0.111985,living
1,C,C1,C1_01708,2.991,2.426,3.040,1.253,91.017,424.537,2.119,0.214391,living
1,C,C1,C1_01709,2.518,2.021,2.545,1.260,40.651,420.128,2.490,0.096759,living
1,C,C1,C1_01710,2.366,2.000,2.455,1.227,58.057,393.043,2.386,0.147712,living
1,C,C1,C1_01711,2.569,2.280,2.731,1.198,58.618,485.066,2.974,0.120846,living
1,C,C1,C1_01712,2.163,2.280,2.506,1.099,61.750,498.227,2.570,0.123940,living
1,C,C1,C1_01713,1.538,2.387,2.162,0.906,29.626,355.560,2.374,0.083323,living
1,C,C1,C1_01714,1.403,1.811,1.799,0.993,32.048,359.831,2.723,0.089064,living
1,C,C1,C1_01715,2.045,2.280,2.437,1.069,26.000,381.355,2.843,0.068178,living
1,C,C1,C1_01716,2.383,2.728,2.877,1.055,23.057,380.106,2.553,0.060659,living
1,C,C1,C1_01717,2.653,2.126,2.680,1.260,26.420,477.051,2.121,0.055383,living
1,C,C1,C1_01718,2.129,2.280,2.486,1.090,20.198,342.825,2.770,0.058917,living
1,C,C1,C1_01719,1.420,2.280,2.030,0.890,20.417,423.381,2.810,0.048223,living
1,C,C1,C1_01720,1.166,2.016,1.730,0.858,14.725,349.014,2.652,0.042189,living
1,C,C1,C1_01721,1.437,2.280,2.043,0.896,11.906,336.376,2.871,0.035395,living
1,C,C1,C1_01722,1.031,1.875,1.569,0.837,14.197,362.836,3.098,0.039127,living
1,C,C1,C1_01723,2.197,2.280,2.526,1.108,11.723,328.023,2.969,0.035739,living
1,C,C1,C1_01724,1.115,1.694,1.551,0.915,81.485,348.485,2.606,0.233826,living
1,C,C1,C1_01725,3.380,3.151,3.682,1.169,75.385,390.595,2.690,0.193000,living
1,C,C1,C1_01726,1.234,1.771,1.668,0.942,88.000,338.164,2.795,0.260228,living
1,C,C1,C1_01727,1.386,1.882,1.822,0.968,60.976,353.073,2.341,0.172700,living
1,C,C1,C1_01728,1.910,2.163,2.294,1.060,97.327,362.097,2.274,0.268788,living
1,C,C1,C1_01729,2.180,1.975,2.341,1.185,114.256,392.132,2.488,0.291371,living
1,C,C1,C1_01730,1.842,2.401,2.373,0.988,72.257,365.578,2.138,0.197651,living
1,C,C1,C1_01731,1.960,1.879,2.165,1.152,74.966,425.991,2.741,0.175979,living
1,C,C1,C1_01732,2.941,3.530,3.636,1.030,97.764,343.172,2.431,0.284884,living
1,C,C1,C1_01733,1.555,1.722,1.846,1.072,60.511,374.207,2.522,0.161704,living
1,C,C1,C1_01734,2.856,3.137,3.377,1.077,53.633,377.284,2.373,0.142156,living
1,C,C1,C1_01735,2.214,2.984,2.900,0.972,68.550,326.267,2.481,0.210103,living
1,C,C1,C1_01736,1.994,1.791,2.132,1.191,50.144,403.636,2.551,0.124231,living
1,C,C1,C1_01737,2.417,2.062,2.519,1.222,59.867,442.951,2.175,0.135155,living
1,C,C1,C1_01738,2.045,2.280,2.437,1.069,89.909,360.884,2.727,0.249136,living
1,C,C1,C1_01739,1.487,1.942,1.917,0.987,52.614,380.807,2.545,0.138164,living
1,C,C1,C1_01740,1.470,1.897,1.884,0.993,41.023,350.368,2.172,0.117085,living
1,C,C1,C1_01741,2.332,2.458,2.702,1.099,92.783,372.543,2.268,0.249052,living
1,C,C1,C1_01742,2.129,2.075,2.372,1.143,78.762,392.675,2.214,0.200578,living
1,C,C1,C1_01743,2.045,1.726,2.120,1.228,111.380,396.025,2.397,0.281245,living
1,C,C1,C1_01744,2.146,2.320,2.518,1.085,68.661,392.417,2.535,0.174970,living
1,C,C1,C1_01745,3.363,2.061,2.971,1.441,111.055,459.683,2.472,0.241591,living
1,C,C1,C1_01746,1.149,2.135,1.767,0.828,65.441,339.765,2.647,0.192607,living
1,C,C1,C1_01747,2.687,1.900,2.550,1.342,83.201,447.384,2.522,0.185973,living
1,C,C1,C1_01748,1.115,2.287,1.802,0.788,34.848,329.848,2.000,0.105650,living
1,C,C1,C1_01749,2.146,2.173,2.437,1.121,64.937,403.717,2.346,0.160848,living
1,C,C1,C1_01750,2.569,3.370,3.320,0.985,47.829,362.184,2.118,0.132057,living
1,C,C1,C1_01751,1.859,2.136,2.249,1.053,29.218,408.373,2.427,0.071548,living
1,C,C1,C1_01752,2.839,3.138,3.368,1.073,31.827,432.083,2.429,0.073660,living
1,C,C1,C1_01753,2.400,2.416,2.717,1.125,97.775,404.197,2.803,0.241898,living
1,C,C1,C1_01754,2.282,2.147,2.498,1.163,71.467,437.341,2.600,0.163412,living
1,C,C1,C1_01755,2.434,2.471,2.767,1.120,84.854,455.653,2.410,0.186226,living
1,C,C1,C1_01756,2.670,2.684,3.021,1.125,44.506,412.373,2.380,0.107927,living
1,C,C1,C1_01757,2.096,2.280,2.467,1.082,40.218,413.008,2.823,0.097378,living
1,C,C1,C1_01758,1.352,2.261,1.973,0.873,18.812,369.712,2.375,0.050884,living
1,C,C1,C1_01759,1.031,1.669,1.480,0.887,29.148,381.213,2.639,0.076460,living
1,C,C1,C1_01760,2.755,2.280,2.828,1.240,22.399,372.055,68.356,0.060203,dead
1,C,C1,C1_01761,1.893,1.664,2.003,1.204,45.438,471.848,2.786,0.096297,living
1,C,C1,C1_01762,2.603,2.104,2.641,1.255,52.084,479.578,2.721,0.108605,living
1,C,C1,C1_01763,2.265,1.598,2.147,1.343,43.657,492.560,2.821,0.088632,living
1,C,C1,C1_01764,2.079,2.258,2.445,1.083,44.813,427.041,2.626,0.104939,living
1,C,C1,C1_01765,2.687,2.244,2.771,1.235,49.610,479.830,2.239,0.103391,living
1,C,C1,C1_01766,1.876,1.998,2.185,1.093,39.586,411.486,3.027,0.096201,living
1,C,C1,C1_01767,2.839,2.225,2.836,1.275,33.905,486.220,2.286,0.069731,living
1,C,C1,C1_01768,1.099,1.625,1.508,0.928,24.108,399.323,2.769,0.060371,living
1,C,C1,C1_01769,2.129,3.230,2.959,0.916,18.833,377.357,2.238,0.049909,living
1,C,C1,C1_01770,0.946,2.136,1.604,0.751,16.750,365.304,2.679,0.045852,living
1,C,C1,C1_01771,0.963,3.459,2.059,0.595,14.351,328.228,2.421,0.043722,living
1,C,C1,C1_01772,2.062,2.950,2.783,0.943,19.607,385.180,2.852,0.050902,living
1,C,C1,C1_01773,1.268,1.781,1.696,0.952,17.747,406.000,2.747,0.043711,living
1,C,C1,C1_01774,2.467,1.847,2.409,1.304,18.260,422.959,2.452,0.043173,living
1,C,C1,C1_01775,2.603,2.683,2.982,1.111,22.455,433.909,2.403,0.051749,living
1,C,C1,C1_01776,1.521,1.758,1.845,1.050,20.544,397.767,2.178,0.051649,living
1,C,C1,C1_01777,1.470,2.074,1.970,0.950,14.345,399.000,2.494,0.035952,living
1,C,C1,C1_01778,2.231,2.875,2.858,0.994,19.152,410.523,2.152,0.046652,living
1,C,C1,C1_01779,2.096,3.135,2.892,0.923,18.250,386.605,2.444,0.047206,living
1,C,C1,C1_01780,1.606,3.315,2.604,0.785,13.347,352.305,2.137,0.037886,living
1,C,C1,C1_01781,0.828,2.195,1.521,0.693,12.694,367.000,2.735,0.034588,living
1,C,C1,C1_01782,0.930,2.335,1.663,0.712,13.327,352.000,2.291,0.037862,living
1,C,C1,C1_01783,2.434,1.969,2.470,1.255,8.250,349.208,2.514,0.023625,living
1,C,C1,C1_01784,1.048,3.750,2.237,0.597,7.403,308.000,2.661,0.024036,living
1,C,C1,C1_01785,1.284,2.164,1.881,0.869,83.947,322.237,2.316,0.260514,living
1,C,C1,C1_01786,3.312,2.737,3.397,1.241,81.929,364.337,2.781,0.224870,living
1,C,C1,C1_01787,0.676,1.995,1.310,0.657,32.000,330.300,2.450,0.096882,living
1,C,C1,C1_01788,2.586,2.764,3.017,1.091,103.523,367.294,2.752,0.281853,living
1,C,C1,C1_01789,1.166,1.825,1.646,0.902,80.855,353.406,3.072,0.228788,living
1,C,C1,C1_01790,0.963,3.148,1.965,0.624,53.895,299.246,2.754,0.180102,living
1,C,C1,C1_01791,2.653,2.658,2.996,1.127,85.561,396.395,2.032,0.215847,living
1,C,C1,C1_01792,2.045,2.478,2.540,1.025,78.074,385.355,2.264,0.202604,living
1,C,C1,C1_01793,2.315,2.643,2.791,1.056,96.839,347.555,2.117,0.278631,living
1,C,C1,C1_01794,2.214,2.302,2.547,1.107,53.359,393.458,2.481,0.135615,living
1,C,C1,C1_01795,2.332,2.305,2.616,1.135,124.877,433.319,2.464,0.288187,living
1,C,C1,C1_01796,1.572,1.642,1.813,1.104,64.516,399.882,2.634,0.161338,living
1,C,C1,C1_01797,2.349,2.381,2.669,1.121,70.374,396.597,2.612,0.177445,living
1,C,C1,C1_01798,3.076,2.422,3.080,1.272,112.159,457.989,1.945,0.244895,living
1,C,C1,C1_01799,2.366,2.540,2.766,1.089,47.593,392.371,2.857,0.121295,living
1,C,C1,C1_01800,1.859,1.600,1.946,1.216,2.891,371.045,2.691,0.007791,living
1,C,C1,C1_01801,2.079,2.349,2.494,1.062,83.618,406.902,2.252,0.205499,living
1,C,C1,C1_01802,2.146,2.358,2.538,1.076,20.213,391.465,2.433,0.051633,living
1,C,C1,C1_01803,2.231,1.896,2.321,1.224,87.894,482.015,2.492,0.182347,living
1,C,C1,C1_01804,2.501,2.280,2.695,1.182,85.088,472.324,30.338,0.180147,dead
1,C,C1,C1_01805,3.160,2.749,3.326,1.210,70.289,436.337,2.332,0.161088,living
1,C,C1,C1_01806,1.369,1.542,1.639,1.063,65.148,389.765,2.679,0.167147,living
1,C,C1,C1_01807,1.487,2.073,1.981,0.956,25.420,411.943,2.034,0.061709,living
1,C,C1,C1_01808,1.741,2.059,2.136,1.038,29.165,424.388,2.689,0.068723,living
1,C,C1,C1_01809,2.856,3.069,3.341,1.089,42.751,433.491,2.710,0.098621,living
1,C,C1,C1_01810,1.808,2.392,2.347,0.981,42.963,404.682,1.972,0.106164,living
1,C,C1,C1_01811,1.910,2.225,2.326,1.045,37.823,410.265,2.460,0.092192,living
1,C,C1,C1_01812,2.332,1.819,2.324,1.278,29.514,446.159,2.391,0.066152,living
1,C,C1,C1_01813,2.028,1.739,2.119,1.219,56.200,490.675,2.358,0.114536,living
1,C,C1,C1_01814,1.673,2.355,2.240,0.951,31.253,397.707,2.949,0.078582,living
1,C,C1,C1_01815,1.606,1.790,1.913,1.069,47.337,453.705,2.537,0.104334,living
1,C,C1,C1_01816,1.910,2.199,2.313,1.052,26.788,430.973,2.628,0.062156,living
1,C,C1,C1_01817,1.031,2.352,1.757,0.747,24.148,362.803,2.639,0.066558,living
1,C,C1,C1_01818,2.620,1.955,2.554,1.306,45.361,519.348,2.426,0.087343,living
1,C,C1,C1_01819,2.653,2.491,2.901,1.164,33.497,468.675,2.561,0.071471,living
1,C,C1,C1_01820,1.284,1.765,1.699,0.962,34.474,411.303,2.500,0.083816,living
1,C,C1,C1_01821,1.538,2.355,2.147,0.912,29.264,386.000,2.319,0.075813,living
1,C,C1,C1_01822,1.825,1.538,1.890,1.229,34.491,482.204,2.435,0.071527,living
1,C,C1,C1_01823,3.363,1.888,2.843,1.506,17.402,501.482,2.271,0.034701,living
1,C,C1,C1_01824,2.028,2.155,2.359,1.095,25.267,450.183,2.725,0.056125,living
1,C,C1,C1_01825,2.805,2.946,3.244,1.101,24.880,458.693,2.416,0.054240,living
1,C,C1,C1_01826,2.129,3.302,2.992,0.906,20.770,385.762,2.365,0.053841,living
1,C,C1,C1_01827,1.268,1.896,1.750,0.923,20.560,404.227,2.773,0.050863,living
1,C,C1,C1_01828,1.639,2.171,2.129,0.980,18.010,432.052,2.093,0.041686,living
1,C,C1,C1_01829,2.180,2.813,2.794,0.993,18.217,403.667,2.078,0.045129,living
1,C,C1,C1_01830,1.335,4.050,2.624,0.648,12.797,326.835,3.215,0.039156,living
1,C,C1,C1_01831,1.808,2.603,2.448,0.940,15.682,420.813,2.364,0.037267,living
1,C,C1,C1_01832,0.862,2.092,1.515,0.724,13.765,365.529,2.804,0.037657,living
1,C,C1,C1_01833,1.808,2.527,2.412,0.954,14.178,402.916,2.439,0.035187,living
1,C,C1,C1_01834,0.913,1.619,1.372,0.847,4.519,347.556,3.278,0.013001,living
1,C,C1,C1_01835,1.031,2.269,1.726,0.761,8.082,361.410,3.344,0.022362,living
1,C,C1,C1_01836,2.856,2.280,2.880,1.263,53.290,315.568,2.331,0.168870,living
1,C,C1,C1_01837,1.301,2.280,1.944,0.852,22.948,293.857,2.429,0.078093,living
1,C,C1,C1_01838,1.149,2.280,1.826,0.801,71.603,325.603,2.397,0.219909,living
1,C,C1,C1_01839,1.690,2.280,2.215,0.971,49.010,305.670,2.310,0.160336,living
1,C,C1,C1_01840,1.352,2.280,1.981,0.869,49.450,331.488,2.250,0.149176,living
1,C,C1,C1_01841,1.927,2.280,2.365,1.037,89.202,331.518,2.211,0.269071,living
1,C,C1,C1_01842,1.977,2.280,2.396,1.051,56.932,304.419,2.521,0.187017,living
1,C,C1,C1_01843,2.248,2.280,2.555,1.120,59.842,368.293,2.263,0.162485,living
1,C,C1,C1_01844,3.380,2.280,3.133,1.374,31.445,430.170,2.375,0.073099,living
1,C,C1,C1_01845,1.487,2.280,2.078,0.911,21.307,319.739,2.705,0.066638,living
1,C,C1,C1_01846,2.214,2.280,2.535,1.112,90.031,391.260,2.679,0.230104,living
1,C,C1,C1_01847,3.160,2.280,3.029,1.328,34.620,405.947,2.840,0.085283,living
1,C,C1,C1_01848,3.296,2.280,3.093,1.357,90.036,421.482,2.528,0.213617,living
1,C,C1,C1_01849,2.315,2.280,2.593,1.137,47.299,358.453,2.708,0.131954,living
1,C,C1,C1_01850,2.197,2.280,2.526,1.108,31.823,379.508,2.523,0.083854,living
1,C,C1,C1_01851,1.876,2.280,2.334,1.023,27.937,367.333,2.766,0.076053,living
1,C,C1,C1_01852,1.335,2.280,1.969,0.863,16.038,381.190,2.342,0.042073,living
1,C,C1,C1_01853,1.589,2.280,2.148,0.942,16.957,325.798,2.181,0.052049,living
1,C,C1,C1_01854,1.234,2.280,1.893,0.830,11.425,358.562,2.658,0.031862,living
1,C,C1,C1_01855,1.555,2.755,2.336,0.848,13.391,354.902,2.174,0.037732,living
1,C,C1,C1_01856,2.552,2.817,3.025,1.074,82.325,319.781,2.437,0.257440,living
1,C,C1,C1_01857,2.822,2.280,2.862,1.255,61.246,362.168,2.737,0.169108,living
1,C,C1,C1_01858,1.808,2.280,2.291,1.005,78.850,344.402,2.953,0.228949,living
1,C,C1,C1_01859,1.115,1.654,1.532,0.926,35.152,326.561,2.985,0.107642,living
1,C,C1,C1_01860,2.603,3.870,3.581,0.925,48.747,317.006,2.545,0.153772,living
1,C,C1,C1_01861,1.758,3.254,2.699,0.829,25.663,311.154,2.577,0.082478,living
1,C,C1,C1_01862,1.927,1.883,2.149,1.141,74.325,376.395,2.342,0.197464,living
1,C,C1,C1_01863,2.366,2.280,2.621,1.149,82.271,393.514,3.271,0.209068,living
1,C,C1,C1_01864,2.113,3.195,2.932,0.918,48.016,297.048,2.456,0.161644,living
1,C,C1,C1_01865,2.265,3.231,3.053,0.945,50.597,333.440,2.582,0.151742,living
1,C,C1,C1_01866,1.724,1.725,1.946,1.128,43.157,400.206,2.304,0.107837,living
1,C,C1,C1_01867,1.487,2.280,2.078,0.911,67.455,379.102,2.716,0.177932,living
1,C,C1,C1_01868,2.434,2.367,2.708,1.144,79.549,384.312,2.493,0.206989,living
1,C,C1,C1_01869,2.721,2.280,2.811,1.233,50.323,450.261,2.578,0.111764,living
1,C,C1,C1_01870,2.011,2.617,2.589,0.989,53.622,341.513,2.218,0.157013,living
1,C,C1,C1_01871,1.775,2.241,2.250,1.004,41.895,351.429,2.219,0.119214,living
1,C,C1,C1_01872,2.687,2.548,2.952,1.159,33.226,385.925,2.447,0.086096,living
1,C,C1,C1_01873,2.586,2.931,3.107,1.060,29.882,362.438,2.222,0.082448,living
1,C,C1,C1_01874,2.670,2.280,2.784,1.221,39.582,391.684,2.873,0.101057,living
1,C,C1,C1_01875,3.025,2.280,2.964,1.300,70.598,398.223,2.654,0.177282,living
1,C,C1,C1_01876,1.470,2.595,2.204,0.849,2.563,351.770,2.368,0.007287,living
1,C,C1,C1_01877,1.149,2.246,1.813,0.807,2.750,305.471,2.029,0.009003,living
1,C,C1,C1_01878,2.129,1.618,2.094,1.294,91.286,426.333,2.802,0.214118,living
1,C,C1,C1_01879,3.312,1.689,2.669,1.580,51.985,447.480,2.122,0.116172,living
1,C,C1,C1_01880,2.805,2.280,2.854,1.251,41.102,371.675,2.572,0.110587,living
1,C,C1,C1_01881,2.974,1.903,2.684,1.411,81.506,518.170,2.534,0.157295,living
1,C,C1,C1_01882,1.622,2.280,2.170,0.952,54.458,383.656,2.604,0.141946,living
1,C,C1,C1_01883,2.079,1.680,2.109,1.255,52.309,419.455,2.374,0.124707,living
1,C,C1,C1_01884,1.876,2.280,2.334,1.023,52.054,377.667,2.937,0.137831,living
1,C,C1,C1_01885,2.349,1.952,2.416,1.238,48.144,435.460,2.475,0.110559,living
1,C,C1,C1_01886,1.690,1.741,1.936,1.112,60.460,382.200,2.490,0.158189,living
1,C,C1,C1_01887,2.687,2.093,2.676,1.279,56.044,462.082,2.604,0.121286,living
1,C,C1,C1_01888,2.248,2.280,2.555,1.120,54.511,429.346,2.549,0.126964,living
1,C,C1,C1_01889,2.332,2.105,2.500,1.188,29.130,424.652,2.420,0.068598,living
1,C,C1,C1_01890,1.352,1.913,1.815,0.949,20.625,368.188,2.688,0.056018,living
1,C,C1,C1_01891,1.927,2.008,2.220,1.105,23.667,410.693,2.518,0.057626,living
1,C,C1,C1_01892,2.434,2.774,2.932,1.057,32.285,372.590,2.472,0.086649,living
1,C,C1,C1_01893,2.129,2.189,2.436,1.113,38.595,415.230,2.381,0.092949,living
1,C,C1,C1_01894,1.656,1.752,1.922,1.097,32.143,410.898,2.020,0.078226,living
1,C,C1,C1_01895,2.653,2.280,2.775,1.217,32.662,437.414,2.936,0.074672,living
1,C,C1,C1_01896,2.620,2.743,3.025,1.103,18.632,405.542,2.716,0.045944,living
1,C,C1,C1_01897,1.791,2.099,2.188,1.042,30.274,383.726,2.887,0.078894,living
1,C,C1,C1_01898,2.873,2.788,3.194,1.145,26.400,390.947,2.476,0.067528,living
1,C,C1,C1_01899,1.808,2.280,2.291,1.005,23.542,386.505,2.813,0.060910,living
1,C,C1,C1_01900,2.028,2.090,2.323,1.112,24.683,388.250,2.700,0.063576,living
1,C,C1,C1_01901,2.434,2.201,2.612,1.187,19.382,423.903,2.660,0.045723,living
1,C,C1,C1_01902,3.296,1.457,2.473,1.697,24.308,378.995,2.451,0.064137,living
1,C,C1,C1_01903,2.146,2.426,2.575,1.061,24.142,397.961,2.748,0.060664,living
1,C,C1,C1_01904,1.707,1.894,2.029,1.071,23.188,393.861,2.228,0.058874,living
1,C,C1,C1_01905,1.470,2.425,2.130,0.879,12.379,340.782,2.448,0.036326,living
1,C,C1,C1_01906,2.332,2.280,2.602,1.141,28.522,448.072,2.522,0.063654,living
1,C,C1,C1_01907,1.960,4.278,3.267,0.764,15.371,313.129,2.405,0.049087,living
1,C,C1,C1_01908,2.349,2.280,2.611,1.145,16.151,379.734,2.806,0.042533,living
1,C,C1,C1_01909,1.622,2.280,2.170,0.952,17.208,333.740,2.896,0.051562,living
1,C,C1,C1_01910,2.129,2.003,2.330,1.163,24.595,426.627,2.603,0.057650,living
1,C,C1,C1_01911,1.622,1.613,1.825,1.132,24.896,414.948,2.792,0.059997,living
1,C,C1,C1_01912,3.262,2.908,3.475,1.195,8.907,360.907,2.057,0.024679,living
1,C,C1,C1_01913,1.589,1.822,1.920,1.054,20.989,392.213,2.202,0.053515,living
1,C,C1,C1_01914,2.366,2.839,2.924,1.030,15.621,361.779,2.429,0.043180,living
1,C,C1,C1_01915,1.758,2.231,2.235,1.002,17.442,365.260,2.606,0.047753,living
1,C,C1,C1_01916,1.758,1.749,1.979,1.131,14.260,400.817,2.317,0.035576,living
1,C,C1,C1_01917,1.420,2.476,2.116,0.855,9.060,308.833,2.202,0.029335,living
1,C,C1,C1_01918,2.805,2.402,2.929,1.219,17.699,440.241,2.349,0.040203,living
1,C,C1,C1_01919,1.470,4.298,2.836,0.660,3.161,307.747,2.034,0.010271,living
1,C,C1,C1_01920,2.096,1.293,1.858,1.437,3.097,288.766,2.169,0.010724,living
1,C,C1,C1_01921,1.352,1.642,1.681,1.024,15.363,397.538,2.350,0.038644,living
1,C,C1,C1_01922,2.958,2.280,2.931,1.285,20.314,481.120,2.840,0.042223,living
1,C,C1,C1_01923,1.521,3.155,2.472,0.783,12.144,324.689,2.400,0.037403,living
1,C,C1,C1_01924,3.093,1.997,2.804,1.404,66.388,361.328,2.186,0.183733,living
1,C,C1,C1_01925,1.910,1.811,2.099,1.159,102.487,363.876,2.389,0.281653,living
1,C,C1,C1_01926,1.944,2.280,2.376,1.042,97.278,324.643,3.070,0.299646,living
1,C,C1,C1_01927,2.045,2.280,2.437,1.069,59.860,336.521,2.537,0.177878,living
1,C,C1,C1_01928,1.470,1.802,1.837,1.019,77.839,334.241,2.598,0.232883,living
1,C,C1,C1_01929,2.974,2.779,3.244,1.167,48.722,322.392,2.438,0.151125,living
1,C,C1,C1_01930,2.501,2.594,2.874,1.108,84.196,333.912,2.446,0.252150,living
1,C,C1,C1_01931,1.842,2.280,2.313,1.014,97.835,357.954,2.716,0.273317,living
1,C,C1,C1_01932,1.606,1.859,1.950,1.049,35.684,373.042,2.253,0.095657,living
1,C,C1,C1_01933,1.808,2.280,2.291,1.005,33.860,402.262,2.402,0.084174,living
1,C,C1,C1_01934,3.008,2.849,3.303,1.159,64.169,379.528,2.129,0.169075,living
1,C,C1,C1_01935,2.924,1.894,2.655,1.402,109.630,447.266,2.434,0.245112,living
1,C,C1,C1_01936,1.791,2.280,2.280,1.000,22.085,344.434,2.736,0.064119,living
1,C,C1,C1_01937,3.127,3.366,3.661,1.088,26.330,366.632,2.508,0.071815,living
1,C,C1,C1_01938,2.248,1.957,2.367,1.209,87.639,396.579,2.639,0.220988,living
1,C,C1,C1_01939,2.079,2.049,2.329,1.137,44.276,327.756,2.171,0.135090,living
1,C,C1,C1_01940,1.859,2.280,2.323,1.019,11.973,385.145,2.664,0.031086,living
1,C,C1,C1_01941,1.876,2.442,2.415,0.989,24.135,346.811,2.559,0.069592,living
1,C,C1,C1_01942,1.791,1.785,2.018,1.130,64.349,402.075,2.491,0.160042,living
1,C,C1,C1_01943,1.369,1.690,1.716,1.016,49.259,364.210,2.556,0.135250,living
1,C,C1,C1_01944,1.893,2.280,2.344,1.028,16.384,354.062,2.652,0.046274,living
1,C,C1,C1_01945,1.487,1.794,1.843,1.027,26.557,358.989,2.636,0.073977,living
1,C,C1,C1_01946,2.079,1.696,2.119,1.249,36.000,394.951,2.301,0.091150,living
1,C,C1,C1_01947,1.775,3.012,2.609,0.866,31.486,312.543,2.114,0.100740,living
1,C,C1,C1_01948,1.758,1.823,2.020,1.108,30.942,393.635,2.481,0.078607,living
1,C,C1,C1_01949,2.011,2.015,2.271,1.127,24.076,381.613,2.983,0.063089,living
1,C,C1,C1_01950,2.163,2.026,2.362,1.166,35.781,416.617,2.414,0.085885,living
1,C,C1,C1_01951,1.572,2.280,2.136,0.937,27.366,393.215,2.989,0.069594,living
1,C,C1,C1_01952,1.741,1.844,2.022,1.096,22.117,377.621,2.447,0.058568,living
1,C,C1,C1_01953,1.555,1.798,1.887,1.049,17.283,374.054,2.543,0.046203,living
1,C,C1,C1_01954,2.805,4.311,3.924,0.910,23.428,339.699,2.355,0.068966,living
1,C,C1,C1_01955,2.738,3.059,3.266,1.068,22.302,377.383,2.531,0.059098,living
1,C,C1,C1_01956,2.011,2.280,2.416,1.060,21.193,386.210,2.622,0.054875,living
1,C,C1,C1_01957,1.656,2.280,2.193,0.962,25.143,405.245,3.143,0.062044,living
1,C,C1,C1_01958,1.217,1.779,1.660,0.933,17.431,360.431,2.028,0.048360,living
1,C,C1,C1_01959,1.065,1.908,1.608,0.843,13.921,334.968,2.302,0.041558,living
1,C,C1,C1_01960,0.913,2.133,1.575,0.738,14.944,335.481,2.426,0.044546,living
1,C,C1,C1_01961,2.467,2.467,2.784,1.128,16.897,417.993,2.274,0.040425,living
1,C,C1,C1_01962,1.808,1.879,2.080,1.107,17.607,401.449,2.430,0.043860,living
1,C,C1,C1_01963,1.910,2.728,2.576,0.944,11.726,355.823,2.177,0.032954,living
1,C,C1,C1_01964,1.335,2.155,1.914,0.888,11.949,352.253,1.975,0.033923,living
1,C,C1,C1_01965,1.318,1.908,1.789,0.938,14.551,358.744,2.551,0.040562,living
1,C,C1,C1_01966,0.761,1.917,1.363,0.711,11.533,323.844,2.422,0.035614,living
1,C,C1,C1_01967,1.775,3.847,2.949,0.766,11.533,306.257,2.381,0.037659,living
1,C,C1,C1_01968,1.724,2.599,2.389,0.919,12.941,349.118,2.137,0.037068,living
1,C,C1,C1_01969,1.842,2.025,2.179,1.076,10.706,351.440,2.927,0.030464,living
1,C,C1,C1_01970,1.318,1.556,1.616,1.039,10.436,342.795,2.051,0.030444,living
1,C,C1,C1_01971,1.487,1.814,1.853,1.022,96.500,356.443,2.477,0.270730,living
1,C,C1,C1_01972,1.690,1.813,1.975,1.089,84.850,364.300,2.350,0.232912,living
1,C,C1,C1_01973,2.180,2.236,2.491,1.114,39.372,417.178,2.380,0.094377,living
1,C,C1,C1_01974,2.620,2.687,2.994,1.114,61.806,416.929,2.381,0.148242,living
1,C,C1,C1_01975,1.791,2.280,2.280,1.000,115.226,412.830,2.821,0.279113,living
1,C,C1,C1_01976,2.704,1.810,2.496,1.379,102.744,427.712,2.263,0.240217,living
1,C,C1,C1_01977,2.028,2.119,2.339,1.104,118.567,414.500,2.908,0.286047,living
1,C,C1,C1_01978,3.312,2.280,3.101,1.360,110.520,446.923,2.551,0.247292,living
1,C,C1,C1_01979,2.383,2.117,2.534,1.197,86.532,440.773,2.447,0.196319,living
1,C,C1,C1_01980,2.451,3.098,3.109,1.004,98.048,379.676,2.000,0.258242,living
1,C,C1,C1_01981,1.048,1.969,1.621,0.823,26.403,355.048,2.548,0.074365,living
1,C,C1,C1_01982,1.656,1.648,1.864,1.131,21.082,385.561,2.163,0.054678,living
1,C,C1,C1_01983,2.501,2.825,2.999,1.062,75.608,415.014,2.716,0.182182,living
1,C,C1,C1_01984,1.149,2.280,1.826,0.801,72.574,369.647,3.515,0.196332,living
1,C,C1,C1_01985,1.166,2.280,1.840,0.807,33.855,411.609,3.522,0.082251,living
1,C,C1,C1_01986,3.059,2.280,2.980,1.307,37.033,442.807,2.331,0.083633,living
1,C,C1,C1_01987,2.501,2.022,2.537,1.255,64.939,426.973,2.649,0.152092,living
1,C,C1,C1_01988,2.991,2.334,2.981,1.277,40.203,488.972,2.559,0.082220,living
1,C,C1,C1_01989,1.791,2.252,2.266,1.006,23.189,411.066,1.896,0.056411,living
1,C,C1,C1_01990,1.606,2.280,2.159,0.947,25.326,419.884,2.379,0.060317,living
1,C,C1,C1_01991,2.146,2.852,2.792,0.979,57.622,389.669,2.480,0.147874,living
1,C,C1,C1_01992,3.127,2.446,3.121,1.276,45.686,490.389,2.308,0.093164,living
1,C,C1,C1_01993,2.890,2.845,3.236,1.137,46.456,439.813,2.690,0.105627,living
1,C,C1,C1_01994,1.200,1.754,1.637,0.933,34.958,404.183,2.662,0.086490,living
1,C,C1,C1_01995,0.913,1.901,1.487,0.782,21.519,379.944,2.148,0.056636,living
1,C,C1,C1_01996,2.214,3.340,3.068,0.919,16.779,398.214,2.550,0.042135,living
1,C,C1,C1_01997,1.555,2.586,2.263,0.875,19.848,413.239,2.598,0.048030,living
1,C,C1,C1_01998,1.808,2.539,2.418,0.952,25.346,434.290,2.729,0.058361,living
1,C,C1,C1_01999,1.572,2.767,2.353,0.851,12.720,381.065,2.484,0.033381,living
1,C,C1,C1_02000,1.386,2.133,1.940,0.910,16.561,415.329,2.085,0.039874,living
1,C,C1,C1_02001,0.862,3.631,1.996,0.550,10.824,326.725,2.902,0.033127,living
1,C,C1,C1_02002,1.200,2.971,2.131,0.717,12.859,360.042,2.465,0.035716,living
1,C,C1,C1_02003,1.132,1.847,1.632,0.883,14.448,384.328,2.537,0.037592,living
1,C,C1,C1_02004,0.845,1.910,1.434,0.751,13.380,382.580,2.440,0.034973,living
1,D,D1,D1_00001,1.014,1.709,1.485,0.869,35.250,244.883,2.900,0.143946,living
1,D,D1,D1_00002,1.166,2.311,1.852,0.802,14.391,244.884,2.493,0.058768,living
1,D,D1,D1_00003,3.042,3.811,3.842,1.008,23.800,266.006,2.617,0.089472,living
1,D,D1,D1_00004,1.065,2.192,1.724,0.787,37.556,230.175,2.524,0.163161,living
1,D,D1,D1_00005,2.231,1.880,2.311,1.229,45.091,320.068,2.417,0.140879,living
1,D,D1,D1_00006,1.673,2.042,2.086,1.021,60.333,281.020,2.475,0.214694,living
1,D,D1,D1_00007,2.856,2.074,2.746,1.324,28.485,295.846,2.231,0.096284,living
1,D,D1,D1_00008,2.467,1.903,2.445,1.285,29.178,291.904,2.212,0.099958,living
1,D,D1,D1_00009,1.453,1.835,1.842,1.004,30.953,274.151,2.221,0.112907,living
1,D,D1,D1_00010,3.296,2.980,3.536,1.187,9.236,329.318,2.867,0.028046,living
1,D,D1,D1_00011,2.687,2.191,2.738,1.250,44.843,316.063,2.566,0.141879,living
1,D,D1,D1_00012,1.724,1.767,1.969,1.115,49.451,325.608,2.814,0.151873,living
1,D,D1,D1_00013,2.586,2.483,2.859,1.152,9.634,286.386,2.444,0.033640,living
1,D,D1,D1_00014,2.315,1.895,2.363,1.247,20.058,346.255,2.635,0.057929,living
1,D,D1,D1_00015,2.062,1.567,2.028,1.294,42.115,376.533,2.246,0.111849,living
1,D,D1,D1_00016,2.129,2.105,2.389,1.135,2.675,349.817,2.532,0.007646,living
1,D,D1,D1_00017,1.673,2.022,2.075,1.026,26.626,306.343,2.434,0.086916,living
1,D,D1,D1_00018,2.620,2.197,2.707,1.232,22.252,346.839,2.406,0.064156,living
1,D,D1,D1_00019,2.214,2.200,2.490,1.132,23.489,307.397,2.313,0.076411,living
1,D,D1,D1_00020,1.775,2.006,2.129,1.061,13.152,309.314,2.095,0.042521,living
1,D,D1,D1_00021,1.690,2.288,2.219,0.970,15.710,325.270,2.830,0.048298,living
1,D,D1,D1_00022,2.805,1.506,2.319,1.540,6.488,263.825,1.982,0.024592,living
1,D,D1,D1_00023,1.758,2.212,2.225,1.006,13.654,294.221,2.538,0.046407,living
1,D,D1,D1_00024,2.163,2.282,2.507,1.099,12.852,316.516,2.758,0.040603,living
1,D,D1,D1_00025,2.180,2.116,2.423,1.145,3.093,239.953,2.101,0.012890,living
1,D,D1,D1_00026,1.099,2.595,1.906,0.734,9.892,272.923,2.631,0.036246,living
1,D,D1,D1_00027,2.028,1.894,2.211,1.168,16.183,336.900,2.950,0.048036,living
1,D,D1,D1_00028,1.555,1.908,1.944,1.019,3.174,273.989,2.141,0.011584,living
1,D,D1,D1_00029,3.262,2.288,3.082,1.347,75.477,331.834,2.627,0.227453,living
1,D,D1,D1_00030,1.268,2.288,1.922,0.840,61.560,286.400,2.413,0.214944,living
1,D,D1,D1_00031,2.620,2.288,2.763,1.208,76.568,302.639,2.471,0.253000,living
1,D,D1,D1_00032,1.724,2.288,2.241,0.980,47.059,318.990,2.206,0.147524,living
1,D,D1,D1_00033,2.924,2.288,2.918,1.276,96.850,365.902,2.162,0.264688,living
1,D,D1,D1_00034,1.538,2.288,2.117,0.925,42.923,282.286,2.385,0.152055,living
1,D,D1,D1_00035,1.301,2.288,1.947,0.851,2.416,299.234,2.143,0.008073,living
1,D,D1,D1_00036,2.315,2.288,2.597,1.135,2.504,264.321,2.073,0.009472,living
1,D,D1,D1_00037,2.163,2.288,2.510,1.097,69.227,289.617,2.695,0.239028,living
1,D,D1,D1_00038,1.014,2.288,1.719,0.751,15.367,260.183,1.883,0.059061,living
1,D,D1,D1_00039,0.997,2.288,1.704,0.745,34.220,287.492,2.644,0.119031,living
1,D,D1,D1_00040,1.994,2.288,2.410,1.053,90.890,306.042,2.297,0.296984,living
1,D,D1,D1_00041,2.603,2.288,2.754,1.204,107.812,347.909,2.948,0.309885,living
1,D,D1,D1_00042,3.194,2.288,3.050,1.333,86.206,373.058,2.360,0.231080,living
1,D,D1,D1_00043,2.603,2.288,2.754,1.204,42.591,314.416,2.403,0.135461,living
1,D,D1,D1_00044,2.248,2.288,2.559,1.119,69.045,308.669,2.504,0.223686,living
1,D,D1,D1_00045,1.944,2.288,2.380,1.040,69.704,376.730,2.087,0.185024,living
1,D,D1,D1_00046,1.741,2.288,2.252,0.984,61.796,339.806,2.728,0.181857,living
1,D,D1,D1_00047,2.298,2.288,2.587,1.131,59.794,382.434,2.287,0.156352,living
1,D,D1,D1_00048,2.569,2.288,2.736,1.196,51.750,428.000,2.329,0.120911,living
1,D,D1,D1_00049,2.890,2.288,2.901,1.268,51.398,412.579,2.035,0.124577,living
1,D,D1,D1_00050,2.518,2.288,2.708,1.184,39.799,367.389,2.376,0.108328,living
1,D,D1,D1_00051,2.417,2.288,2.653,1.160,32.664,352.622,2.168,0.092633,living
1,D,D1,D1_00052,2.670,2.288,2.789,1.219,13.633,310.949,2.209,0.043843,living
1,D,D1,D1_00053,2.079,2.288,2.461,1.076,12.203,322.967,2.276,0.037785,living
1,D,D1,D1_00054,1.453,2.288,2.057,0.899,13.209,339.419,3.465,0.038917,living
1,D,D1,D1_00055,2.805,2.288,2.858,1.249,2.217,304.054,2.434,0.007291,living
1,D,D1,D1_00056,1.470,2.288,2.069,0.904,4.276,289.690,2.230,0.014760,living
1,D,D1,D1_00057,1.893,2.288,2.348,1.026,18.884,388.848,2.420,0.048564,living
1,D,D1,D1_00058,1.487,2.288,2.081,0.910,14.193,321.602,2.409,0.044133,living
1,D,D1,D1_00059,1.960,2.288,2.389,1.044,11.638,315.491,2.241,0.036888,living
1,D,D1,D1_00060,0.811,2.288,1.537,0.672,8.708,300.438,2.833,0.028986,living
1,D,D1,D1_00061,1.690,2.352,2.250,0.956,11.420,334.550,2.150,0.034135,living
1,D,D1,D1_00062,2.991,2.645,3.174,1.200,88.831,342.627,2.458,0.259263,living
1,D,D1,D1_00063,2.028,2.286,2.430,1.063,43.408,306.392,2.208,0.141676,living
1,D,D1,D1_00064,1.470,1.945,1.908,0.981,46.644,310.793,2.241,0.150080,living
1,D,D1,D1_00065,1.622,1.950,2.007,1.029,86.062,295.750,2.104,0.290997,living
1,D,D1,D1_00066,1.099,2.141,1.731,0.808,78.185,266.015,2.800,0.293910,living
1,D,D1,D1_00067,2.738,2.015,2.650,1.315,90.611,353.278,2.284,0.256487,living
1,D,D1,D1_00068,1.403,2.326,2.038,0.876,39.819,305.928,2.277,0.130159,living
1,D,D1,D1_00069,3.093,2.288,3.002,1.312,76.279,357.104,2.634,0.213604,living
1,D,D1,D1_00070,1.673,3.303,2.653,0.803,36.899,272.869,2.636,0.135226,living
1,D,D1,D1_00071,2.974,2.223,2.901,1.305,100.261,391.136,2.312,0.256334,living
1,D,D1,D1_00072,2.298,2.957,2.941,0.995,33.985,321.375,2.279,0.105750,living
1,D,D1,D1_00073,2.721,1.761,2.470,1.403,103.994,420.913,2.590,0.247067,living
1,D,D1,D1_00074,2.805,2.716,3.114,1.147,50.030,336.078,2.572,0.148864,living
1,D,D1,D1_00075,2.873,2.079,2.758,1.326,58.318,413.335,2.400,0.141090,living
1,D,D1,D1_00076,3.262,2.288,3.082,1.347,77.782,342.907,2.725,0.226832,living
1,D,D1,D1_00077,2.062,1.715,2.122,1.237,95.057,348.295,2.295,0.272922,living
1,D,D1,D1_00078,1.386,1.829,1.797,0.982,54.610,336.207,2.878,0.162429,living
1,D,D1,D1_00079,1.386,1.832,1.798,0.981,53.207,326.463,2.439,0.162981,living
1,D,D1,D1_00080,2.721,2.722,3.071,1.128,76.379,327.901,2.205,0.232933,living
1,D,D1,D1_00081,3.025,2.353,3.010,1.279,54.933,372.749,2.464,0.147373,living
1,D,D1,D1_00082,1.437,1.944,1.886,0.970,26.153,334.106,2.447,0.078277,living
1,D,D1,D1_00083,2.805,2.288,2.858,1.249,57.247,376.795,2.813,0.151931,living
1,D,D1,D1_00084,1.791,1.756,2.001,1.140,54.906,372.755,2.302,0.147297,living
1,D,D1,D1_00085,1.842,2.848,2.584,0.907,19.569,316.505,2.945,0.061828,living
1,D,D1,D1_00086,1.318,2.288,1.959,0.856,10.090,281.410,5.808,0.035854,dead
1,D,D1,D1_00087,2.738,2.428,2.909,1.198,41.117,414.605,2.235,0.099172,living
1,D,D1,D1_00088,1.369,2.212,1.964,0.888,19.123,347.296,2.407,0.055064,living
1,D,D1,D1_00089,2.890,1.312,2.197,1.675,32.316,470.608,2.327,0.068668,living
1,D,D1,D1_00090,1.893,1.603,1.966,1.226,28.616,376.286,2.607,0.076049,living
1,D,D1,D1_00091,2.907,1.836,2.607,1.420,19.512,397.564,2.587,0.049078,living
1,D,D1,D1_00092,1.960,2.288,2.389,1.044,23.224,338.974,2.819,0.068513,living
1,D,D1,D1_00093,2.417,2.696,2.880,1.068,25.825,363.245,2.587,0.071096,living
1,D,D1,D1_00094,1.352,2.641,2.132,0.807,12.250,289.613,2.500,0.042298,living
1,D,D1,D1_00095,1.927,1.876,2.145,1.144,13.535,330.018,2.842,0.041013,living
1,D,D1,D1_00096,1.200,2.073,1.780,0.859,14.592,341.197,2.324,0.042766,living
1,D,D1,D1_00097,2.603,2.579,2.924,1.134,26.227,390.981,2.325,0.067081,living
1,D,D1,D1_00098,1.031,2.061,1.645,0.798,20.115,320.033,2.607,0.062852,living
1,D,D1,D1_00099,1.622,2.147,2.106,0.981,15.500,335.812,2.052,0.046157,living
1,D,D1,D1_00100,1.352,4.249,2.704,0.637,5.963,266.762,2.675,0.022351,living
1,D,D1,D1_00101,3.211,3.960,4.024,1.016,11.984,347.758,2.758,0.034461,living
1,D,D1,D1_00102,1.944,2.801,2.633,0.940,13.739,338.843,3.017,0.040547,living
1,D,D1,D1_00103,1.065,2.277,1.757,0.772,8.937,307.413,2.000,0.029070,living
1,D,D1,D1_00104,1.014,2.032,1.620,0.797,12.517,324.967,2.600,0.038517,living
1,D,D1,D1_00105,1.420,2.083,1.941,0.932,81.298,273.952,2.179,0.296758,living
1,D,D1,D1_00106,2.062,3.190,2.894,0.907,55.197,260.721,2.492,0.211708,living
1,D,D1,D1_00107,3.211,2.288,3.058,1.337,64.447,249.153,2.705,0.258666,living
1,D,D1,D1_00108,2.045,2.650,2.627,0.991,61.702,274.372,2.397,0.224886,living
1,D,D1,D1_00109,1.420,1.794,1.801,1.004,95.238,290.595,2.321,0.327735,living
1,D,D1,D1_00110,2.974,2.189,2.879,1.315,114.034,341.000,2.438,0.334411,living
1,D,D1,D1_00111,1.775,2.288,2.274,0.994,66.371,306.724,2.724,0.216388,living
1,D,D1,D1_00112,2.298,2.288,2.587,1.131,111.059,357.743,2.529,0.310443,living
1,D,D1,D1_00113,1.758,1.598,1.891,1.184,80.481,364.250,2.413,0.220949,living
1,D,D1,D1_00114,1.724,2.113,2.154,1.019,69.961,316.814,2.588,0.220826,living
1,D,D1,D1_00115,1.335,1.802,1.750,0.971,54.038,316.051,2.278,0.170979,living
1,D,D1,D1_00116,2.079,1.859,2.218,1.193,85.463,380.268,2.447,0.224745,living
1,D,D1,D1_00117,2.298,1.841,2.321,1.261,48.096,394.191,2.522,0.122011,living
1,D,D1,D1_00118,2.467,1.790,2.371,1.325,90.240,430.795,2.466,0.209473,living
1,D,D1,D1_00119,1.589,1.811,1.914,1.057,60.809,334.319,2.096,0.181888,living
1,D,D1,D1_00120,1.825,1.716,1.997,1.164,68.407,365.648,2.370,0.187085,living
1,D,D1,D1_00121,2.400,2.315,2.660,1.149,51.768,352.345,2.303,0.146923,living
1,D,D1,D1_00122,2.636,2.903,3.121,1.075,37.603,346.224,2.455,0.108608,living
1,D,D1,D1_00123,1.707,2.357,2.263,0.960,39.703,318.832,2.218,0.124526,living
1,D,D1,D1_00124,2.569,1.630,2.309,1.417,36.454,386.283,2.599,0.094371,living
1,D,D1,D1_00125,1.825,2.061,2.188,1.062,17.213,344.407,2.370,0.049978,living
1,D,D1,D1_00126,2.248,2.288,2.559,1.119,18.842,380.451,2.992,0.049526,living
1,D,D1,D1_00127,1.977,2.173,2.339,1.076,37.248,369.470,2.564,0.100814,living
1,D,D1,D1_00128,2.991,1.311,2.234,1.704,2.542,263.186,2.282,0.009660,living
1,D,D1,D1_00129,2.214,2.471,2.639,1.068,34.450,342.321,2.710,0.100638,living
1,D,D1,D1_00130,1.487,2.288,2.081,0.910,31.750,354.409,3.114,0.089586,living
1,D,D1,D1_00131,1.301,2.288,1.947,0.851,16.338,311.182,2.247,0.052502,living
1,D,D1,D1_00132,2.924,2.288,2.918,1.276,16.861,354.601,2.821,0.047550,living
1,D,D1,D1_00133,2.467,2.119,2.580,1.218,28.836,409.267,2.589,0.070457,living
1,D,D1,D1_00134,2.298,2.293,2.590,1.130,24.184,362.779,2.419,0.066663,living
1,D,D1,D1_00135,1.521,2.288,2.105,0.920,25.422,355.767,2.633,0.071458,living
1,D,D1,D1_00136,1.791,2.166,2.222,1.026,18.047,358.198,2.387,0.050383,living
1,D,D1,D1_00137,1.403,1.839,1.812,0.986,19.711,359.084,2.313,0.054892,living
1,D,D1,D1_00138,1.639,2.045,2.066,1.010,10.732,321.505,2.485,0.033380,living
1,D,D1,D1_00139,1.301,2.143,1.884,0.879,12.779,338.299,2.558,0.037775,living
1,D,D1,D1_00140,1.504,1.634,1.769,1.083,17.101,361.629,2.663,0.047289,living
1,D,D1,D1_00141,1.268,2.147,1.862,0.867,14.587,323.747,2.760,0.045056,living
1,D,D1,D1_00142,2.805,2.445,2.955,1.209,22.819,402.602,2.319,0.056679,living
1,D,D1,D1_00143,1.031,1.960,1.604,0.818,4.574,277.377,2.508,0.016489,living
1,D,D1,D1_00144,2.856,4.867,4.207,0.864,12.604,311.515,2.154,0.040459,living
1,D,D1,D1_00145,1.589,2.740,2.354,0.859,8.447,320.394,2.298,0.026364,living
1,D,D1,D1_00146,1.217,2.237,1.862,0.832,11.417,309.597,2.389,0.036876,living
1,D,D1,D1_00147,0.710,2.920,1.625,0.556,7.952,283.619,2.024,0.028039,living
1,D,D1,D1_00148,0.963,2.887,1.881,0.652,8.912,291.965,2.298,0.030525,living
1,D,D1,D1_00149,1.876,1.671,1.998,1.196,76.486,321.396,2.144,0.237982,living
1,D,D1,D1_00150,2.011,2.177,2.361,1.085,95.731,316.269,2.496,0.302689,living
1,D,D1,D1_00151,1.606,2.722,2.359,0.867,51.011,284.211,2.379,0.179481,living
1,D,D1,D1_00152,1.166,4.024,2.444,0.607,22.725,279.449,2.522,0.081319,living
1,D,D1,D1_00153,1.217,2.394,1.926,0.805,39.306,310.889,2.389,0.126430,living
1,D,D1,D1_00154,1.048,1.730,1.519,0.878,45.968,312.887,2.500,0.146915,living
1,D,D1,D1_00155,2.197,2.892,2.844,0.983,70.277,323.285,2.385,0.217384,living
1,D,D1,D1_00156,1.944,2.916,2.687,0.921,22.661,319.461,2.852,0.070935,living
1,D,D1,D1_00157,1.352,2.099,1.901,0.906,58.150,309.712,2.737,0.187755,living
1,D,D1,D1_00158,1.403,4.304,2.773,0.644,6.747,283.482,2.759,0.023800,living
1,D,D1,D1_00159,2.366,3.169,3.090,0.975,65.429,319.593,2.321,0.204725,living
1,D,D1,D1_00160,1.487,2.529,2.188,0.865,34.568,315.443,2.977,0.109586,living
1,D,D1,D1_00161,2.366,2.107,2.519,1.196,72.100,294.100,2.336,0.245155,living
1,D,D1,D1_00162,2.501,1.682,2.314,1.376,86.216,407.797,2.527,0.211419,living
1,D,D1,D1_00163,2.129,2.299,2.496,1.086,48.698,363.325,3.087,0.134035,living
1,D,D1,D1_00164,1.842,1.737,2.018,1.162,48.569,366.330,2.817,0.132582,living
1,D,D1,D1_00165,2.282,1.573,2.138,1.359,29.052,423.815,2.726,0.068548,living
1,D,D1,D1_00166,2.907,2.288,2.910,1.272,62.831,420.134,2.471,0.149551,living
1,D,D1,D1_00167,2.079,1.827,2.199,1.204,58.203,408.163,2.488,0.142598,living
1,D,D1,D1_00168,1.268,2.346,1.946,0.830,31.440,320.520,2.400,0.098091,living
1,D,D1,D1_00169,2.096,2.202,2.424,1.101,24.516,362.323,2.806,0.067664,living
1,D,D1,D1_00170,1.808,2.100,2.199,1.047,44.776,362.533,2.776,0.123508,living
1,D,D1,D1_00171,3.194,3.476,3.760,1.082,46.381,393.127,2.614,0.117980,living
1,D,D1,D1_00172,3.329,2.288,3.114,1.361,26.264,337.107,3.066,0.077910,living
1,D,D1,D1_00173,1.656,1.624,1.850,1.139,27.673,413.745,2.265,0.066885,living
1,D,D1,D1_00174,1.690,1.980,2.064,1.042,34.720,378.860,2.880,0.091643,living
1,D,D1,D1_00175,2.315,3.405,3.168,0.930,18.818,355.577,2.453,0.052921,living
1,D,D1,D1_00176,1.166,1.688,1.583,0.938,22.377,371.493,2.797,0.060235,living
1,D,D1,D1_00177,1.234,2.081,1.808,0.869,12.740,280.192,2.507,0.045468,living
1,D,D1,D1_00178,1.166,1.812,1.640,0.905,19.667,340.348,2.000,0.057784,living
1,D,D1,D1_00179,1.284,2.288,1.934,0.845,19.605,360.474,3.434,0.054388,living
1,D,D1,D1_00180,2.028,2.764,2.672,0.967,16.158,361.592,2.358,0.044687,living
1,D,D1,D1_00181,3.380,2.447,3.245,1.326,12.770,396.660,2.510,0.032194,living
1,D,D1,D1_00182,1.724,2.434,2.311,0.950,9.373,323.314,2.549,0.028989,living
1,D,D1,D1_00183,2.332,2.338,2.635,1.127,11.471,363.486,2.594,0.031558,living
1,D,D1,D1_00184,0.761,2.521,1.563,0.620,11.822,310.889,2.711,0.038027,living
1,D,D1,D1_00185,0.845,1.826,1.402,0.768,70.640,254.720,2.560,0.277324,living
1,D,D1,D1_00186,1.977,2.350,2.432,1.035,85.342,295.812,2.368,0.288500,living
1,D,D1,D1_00187,1.470,2.288,2.069,0.904,62.632,309.023,2.494,0.202678,living
1,D,D1,D1_00188,2.941,2.680,3.168,1.182,45.241,378.632,2.172,0.119486,living
1,D,D1,D1_00189,1.741,2.288,2.252,0.984,36.194,340.272,2.806,0.106368,living
1,D,D1,D1_00190,1.132,2.516,1.904,0.757,32.612,281.627,2.418,0.115798,living
1,D,D1,D1_00191,2.146,2.067,2.377,1.150,79.724,306.252,2.063,0.260323,living
1,D,D1,D1_00192,2.772,1.507,2.306,1.530,53.305,379.823,2.195,0.140341,living
1,D,D1,D1_00193,2.163,1.959,2.323,1.186,87.586,335.953,2.391,0.260709,living
1,D,D1,D1_00194,1.910,2.199,2.313,1.052,44.150,315.708,2.549,0.139846,living
1,D,D1,D1_00195,1.420,2.108,1.952,0.926,44.333,292.488,2.310,0.151573,living
1,D,D1,D1_00196,2.129,1.988,2.321,1.168,66.190,354.357,2.302,0.186790,living
1,D,D1,D1_00197,2.315,1.741,2.265,1.301,80.985,339.540,2.350,0.238515,living
1,D,D1,D1_00198,2.282,2.046,2.438,1.192,82.311,364.481,2.733,0.225831,living
1,D,D1,D1_00199,2.552,2.288,2.726,1.192,68.066,316.066,2.868,0.215354,living
1,D,D1,D1_00200,2.011,2.186,2.366,1.082,44.193,352.807,2.571,0.125262,living
1,D,D1,D1_00201,2.434,1.979,2.476,1.251,50.549,413.611,2.514,0.122213,living
1,D,D1,D1_00202,3.110,2.288,3.010,1.316,74.038,440.886,2.652,0.167930,living
1,D,D1,D1_00203,1.453,2.288,2.057,0.899,31.093,339.384,3.012,0.091616,living
1,D,D1,D1_00204,1.420,1.550,1.674,1.080,51.714,356.512,1.833,0.145056,living
1,D,D1,D1_00205,2.214,2.288,2.540,1.110,33.397,307.695,2.595,0.108539,living
1,D,D1,D1_00206,1.791,1.638,1.933,1.180,49.142,396.123,2.670,0.124056,living
1,D,D1,D1_00207,2.113,2.288,2.481,1.084,34.112,328.440,2.184,0.103861,living
1,D,D1,D1_00208,1.065,3.377,2.140,0.634,21.762,274.286,2.476,0.079340,living
1,D,D1,D1_00209,2.400,2.288,2.644,1.156,25.366,389.556,2.739,0.065116,living
1,D,D1,D1_00210,1.301,2.360,1.977,0.838,18.805,318.234,2.026,0.059092,living
1,D,D1,D1_00211,2.197,2.288,2.530,1.106,32.554,356.500,2.585,0.091315,living
1,D,D1,D1_00212,1.656,1.878,1.990,1.060,31.531,358.571,2.276,0.087934,living
1,D,D1,D1_00213,2.163,2.191,2.456,1.121,29.047,370.891,2.391,0.078317,living
1,D,D1,D1_00214,2.146,1.881,2.267,1.205,19.937,314.126,2.480,0.063468,living
1,D,D1,D1_00215,1.115,1.911,1.647,0.862,14.348,326.545,2.955,0.043940,living
1,D,D1,D1_00216,1.487,2.493,2.173,0.871,21.000,328.261,2.193,0.063973,living
1,D,D1,D1_00217,2.062,1.959,2.268,1.158,23.828,409.902,2.344,0.058131,living
1,D,D1,D1_00218,1.893,3.273,2.809,0.858,16.214,324.196,2.509,0.050014,living
1,D,D1,D1_00219,1.504,1.769,1.841,1.040,17.551,367.079,2.798,0.047811,living
1,D,D1,D1_00220,1.284,1.769,1.701,0.961,11.171,346.316,3.066,0.032257,living
1,D,D1,D1_00221,2.282,1.415,2.028,1.433,8.637,322.541,2.141,0.026778,living
1,D,D1,D1_00222,2.062,2.684,2.655,0.989,2.418,331.434,2.615,0.007296,living
1,D,D1,D1_00223,1.082,1.955,1.641,0.839,13.156,315.438,2.688,0.041708,living
1,D,D1,D1_00224,1.758,3.216,2.683,0.834,15.606,321.221,2.519,0.048583,living
1,D,D1,D1_00225,0.913,1.873,1.476,0.788,13.185,301.667,2.593,0.043708,living
1,D,D1,D1_00226,1.284,4.281,2.646,0.618,11.329,270.105,2.211,0.041943,living
1,D,D1,D1_00227,1.944,2.888,2.674,0.926,4.365,305.174,2.226,0.014304,living
1,D,D1,D1_00228,2.873,1.917,2.648,1.381,71.988,296.541,2.471,0.242760,living
1,D,D1,D1_00229,3.380,3.099,3.652,1.178,91.100,291.060,2.380,0.312994,living
1,D,D1,D1_00230,2.704,2.288,2.806,1.227,79.056,277.887,2.744,0.284490,living
1,D,D1,D1_00231,1.775,1.866,2.054,1.101,42.743,284.762,2.105,0.150100,living
1,D,D1,D1_00232,3.042,3.529,3.697,1.048,31.339,277.744,2.228,0.112834,living
1,D,D1,D1_00233,2.315,1.912,2.374,1.242,106.204,316.591,2.416,0.335462,living
1,D,D1,D1_00234,3.329,2.288,3.114,1.361,95.675,371.391,2.802,0.257613,living
1,D,D1,D1_00235,1.504,2.288,2.093,0.915,44.798,226.337,2.775,0.197925,living
1,D,D1,D1_00236,2.569,2.288,2.736,1.196,11.908,282.658,2.237,0.042128,living
1,D,D1,D1_00237,2.991,2.227,2.912,1.308,104.706,339.062,2.508,0.308811,living
1,D,D1,D1_00238,1.115,2.288,1.802,0.788,40.303,278.379,2.758,0.144778,living
1,D,D1,D1_00239,2.805,2.288,2.858,1.249,29.542,307.982,2.578,0.095922,living
1,D,D1,D1_00240,1.775,2.415,2.336,0.967,22.590,292.267,2.695,0.077294,living
1,D,D1,D1_00241,2.248,1.332,1.953,1.466,2.609,309.128,2.143,0.008440,living
1,D,D1,D1_00242,2.535,2.288,2.717,1.188,49.553,322.067,2.820,0.153860,living
1,D,D1,D1_00243,1.910,1.689,2.027,1.200,29.292,362.920,2.248,0.080712,living
1,D,D1,D1_00244,2.856,1.539,2.366,1.537,2.533,302.402,2.331,0.008375,living
1,D,D1,D1_00245,2.045,2.403,2.501,1.041,20.777,310.116,2.264,0.066997,living
1,D,D1,D1_00246,2.569,1.930,2.513,1.302,41.934,334.039,2.434,0.125537,living
1,D,D1,D1_00247,3.245,1.560,2.539,1.627,20.479,345.323,2.432,0.059304,living
1,D,D1,D1_00248,2.755,2.718,3.088,1.136,17.638,312.202,2.503,0.056496,living
1,D,D1,D1_00249,1.927,2.721,2.584,0.950,23.070,289.561,2.746,0.079673,living
1,D,D1,D1_00250,1.944,2.124,2.293,1.080,27.252,332.600,2.374,0.081937,living
1,D,D1,D1_00251,1.724,1.840,2.010,1.092,23.971,317.833,2.373,0.075419,living
1,D,D1,D1_00252,2.028,2.288,2.430,1.062,10.742,323.575,2.833,0.033197,living
1,D,D1,D1_00253,0.862,1.941,1.460,0.752,16.471,283.608,2.059,0.058075,living
1,D,D1,D1_00254,1.403,1.613,1.697,1.052,14.530,320.217,2.145,0.045376,living
1,D,D1,D1_00255,2.298,2.288,2.587,1.131,6.390,294.250,2.993,0.021715,living
1,D,D1,D1_00256,1.656,2.288,2.196,0.960,18.112,345.000,2.857,0.052499,living
1,D,D1,D1_00257,2.704,2.961,3.193,1.078,15.175,319.631,2.337,0.047477,living
1,D,D1,D1_00258,2.129,2.550,2.629,1.031,13.913,321.222,2.603,0.043312,living
1,D,D1,D1_00259,2.687,1.580,2.325,1.472,4.547,319.082,2.277,0.014251,living
1,D,D1,D1_00260,2.045,2.829,2.714,0.959,14.744,301.926,2.570,0.048833,living
1,D,D1,D1_00261,1.335,2.130,1.903,0.893,6.785,281.861,2.646,0.024071,living
1,D,D1,D1_00262,1.589,2.288,2.151,0.940,11.234,277.862,2.681,0.040430,living
1,D,D1,D1_00263,2.670,1.661,2.376,1.431,2.728,259.576,2.323,0.010509,living
1,D,D1,D1_00264,1.149,1.792,1.619,0.904,10.426,308.382,1.956,0.033810,living
1,D,D1,D1_00265,1.639,1.663,1.863,1.120,89.845,306.784,2.186,0.292862,living
1,D,D1,D1_00266,2.180,2.315,2.535,1.095,62.333,300.109,2.465,0.207703,living
1,D,D1,D1_00267,0.896,2.288,1.616,0.706,19.585,257.736,2.585,0.075988,living
1,D,D1,D1_00268,1.335,1.802,1.750,0.971,42.089,285.911,1.722,0.147209,living
1,D,D1,D1_00269,2.400,2.070,2.515,1.215,85.401,289.204,2.486,0.295298,living
1,D,D1,D1_00270,2.197,2.198,2.480,1.128,42.208,297.192,2.246,0.142021,living
1,D,D1,D1_00271,1.606,1.836,1.938,1.055,100.274,299.821,2.221,0.334445,living
1,D,D1,D1_00272,2.620,2.288,2.763,1.208,100.561,348.645,2.671,0.288434,living
1,D,D1,D1_00273,1.572,2.079,2.040,0.981,48.602,284.172,2.484,0.171031,living
1,D,D1,D1_00274,3.312,3.879,4.044,1.043,87.740,269.500,2.219,0.325565,living
1,D,D1,D1_00275,2.045,1.733,2.124,1.226,27.198,346.983,2.471,0.078385,living
1,D,D1,D1_00276,2.467,1.557,2.211,1.420,90.925,329.952,2.377,0.275569,living
1,D,D1,D1_00277,2.332,2.473,2.710,1.096,59.036,333.435,2.413,0.177055,living
1,D,D1,D1_00278,2.383,2.288,2.635,1.152,38.674,336.794,2.624,0.114829,living
1,D,D1,D1_00279,2.349,3.107,3.048,0.981,22.554,302.345,2.324,0.074597,living
1,D,D1,D1_00280,2.265,2.288,2.569,1.123,65.649,351.590,2.537,0.186721,living
1,D,D1,D1_00281,3.160,2.617,3.245,1.240,69.267,305.727,2.535,0.226566,living
1,D,D1,D1_00282,1.842,2.261,2.303,1.018,39.835,326.394,2.349,0.122045,living
1,D,D1,D1_00283,2.586,2.288,2.745,1.200,47.340,359.392,2.608,0.131722,living
1,D,D1,D1_00284,1.639,2.373,2.225,0.938,33.278,296.206,2.402,0.112349,living
1,D,D1,D1_00285,3.194,2.858,3.409,1.193,57.222,370.794,2.624,0.154324,living
1,D,D1,D1_00286,3.312,2.288,3.106,1.358,40.000,348.515,2.714,0.114773,living
1,D,D1,D1_00287,3.194,2.797,3.373,1.206,39.635,372.582,2.561,0.106379,living
1,D,D1,D1_00288,1.403,1.988,1.884,0.948,13.554,285.301,2.747,0.047508,living
1,D,D1,D1_00289,2.332,1.953,2.408,1.233,34.710,360.739,2.812,0.096220,living
1,D,D1,D1_00290,2.417,2.449,2.745,1.121,26.944,338.923,2.573,0.079499,living
1,D,D1,D1_00291,2.603,2.838,3.067,1.081,20.701,339.013,2.617,0.061063,living
1,D,D1,D1_00292,2.096,1.807,2.196,1.215,27.790,389.452,2.403,0.071358,living
1,D,D1,D1_00293,3.110,2.095,2.880,1.375,34.239,450.011,2.457,0.076085,living
1,D,D1,D1_00294,1.504,2.288,2.093,0.915,2.045,277.157,2.854,0.007378,living
1,D,D1,D1_00295,2.501,2.288,2.699,1.180,15.899,325.649,2.514,0.048821,living
1,D,D1,D1_00296,1.284,2.288,1.934,0.845,12.803,308.263,2.395,0.041532,living
1,D,D1,D1_00297,1.470,1.964,1.917,0.976,12.701,334.483,2.724,0.037973,living
1,D,D1,D1_00298,1.808,1.698,1.977,1.164,11.701,367.869,2.168,0.031807,living
1,D,D1,D1_00299,2.569,3.638,3.450,0.948,11.947,310.599,2.118,0.038466,living
1,D,D1,D1_00300,1.791,2.209,2.244,1.016,56.377,289.991,2.538,0.194411,living
1,D,D1,D1_00301,2.805,1.906,2.609,1.369,113.741,376.928,2.337,0.301758,living
1,D,D1,D1_00302,3.329,2.789,3.438,1.233,87.213,328.680,2.812,0.265344,living
1,D,D1,D1_00303,2.062,1.722,2.126,1.235,112.328,348.967,2.459,0.321887,living
1,D,D1,D1_00304,2.636,2.270,2.760,1.216,96.942,320.417,1.994,0.302551,living
1,D,D1,D1_00305,2.045,1.971,2.265,1.149,98.000,330.901,2.686,0.296161,living
1,D,D1,D1_00306,2.805,2.022,2.687,1.329,93.590,365.325,2.386,0.256184,living
1,D,D1,D1_00307,2.434,2.039,2.514,1.233,60.444,357.833,2.625,0.168918,living
1,D,D1,D1_00308,3.059,2.161,2.901,1.343,91.492,390.155,2.337,0.234501,living
1,D,D1,D1_00309,2.569,2.949,3.106,1.053,43.428,322.480,2.276,0.134668,living
1,D,D1,D1_00310,2.434,1.738,2.321,1.335,39.215,415.278,2.312,0.094431,living
1,D,D1,D1_00311,2.552,2.574,2.892,1.124,33.709,335.079,2.305,0.100599,living
1,D,D1,D1_00312,2.484,2.493,2.808,1.126,48.354,340.082,2.769,0.142183,living
1,D,D1,D1_00313,2.653,1.832,2.488,1.358,27.892,442.089,2.592,0.063091,living
1,D,D1,D1_00314,1.065,2.229,1.739,0.780,29.857,305.095,2.476,0.097862,living
1,D,D1,D1_00315,1.149,1.819,1.631,0.897,26.353,301.750,2.500,0.087334,living
1,D,D1,D1_00316,2.096,1.946,2.279,1.171,45.742,375.484,2.161,0.121821,living
1,D,D1,D1_00317,1.808,1.854,2.066,1.114,27.290,343.215,2.533,0.079512,living
1,D,D1,D1_00318,1.065,2.288,1.761,0.770,20.714,282.778,2.444,0.073253,living
1,D,D1,D1_00319,1.690,1.643,1.880,1.144,29.590,373.500,2.360,0.079224,living
1,D,D1,D1_00320,1.606,1.564,1.788,1.143,19.537,362.463,2.505,0.053900,living
1,D,D1,D1_00321,1.470,3.188,2.443,0.766,14.460,301.621,2.460,0.047940,living
1,D,D1,D1_00322,3.194,1.532,2.496,1.629,14.180,358.164,2.455,0.039591,living
1,D,D1,D1_00323,2.231,2.288,2.549,1.114,16.205,306.280,2.652,0.052908,living
1,D,D1,D1_00324,2.434,2.852,2.973,1.042,16.292,328.569,2.347,0.049584,living
1,D,D1,D1_00325,0.845,3.076,1.819,0.591,10.380,261.180,3.540,0.039743,living
1,D,D1,D1_00326,1.791,2.520,2.397,0.951,18.198,338.651,3.009,0.053737,living
1,D,D1,D1_00327,2.417,3.656,3.354,0.917,8.629,293.266,2.287,0.029425,living
1,D,D1,D1_00328,0.727,1.903,1.327,0.697,8.279,242.302,1.721,0.034168,living
1,D,D1,D1_00329,1.521,1.763,1.848,1.048,12.867,358.244,2.278,0.035916,living
1,D,D1,D1_00330,1.589,3.063,2.489,0.813,12.234,303.521,2.468,0.040307,living
1,D,D1,D1_00331,0.913,2.219,1.606,0.724,24.222,271.889,2.593,0.089089,living
1,D,D1,D1_00332,1.673,2.119,2.125,1.003,28.152,300.343,2.727,0.093731,living
1,D,D1,D1_00333,2.129,1.548,2.048,1.323,52.071,293.849,2.000,0.177205,living
1,D,D1,D1_00334,1.555,1.912,1.946,1.018,32.207,291.022,2.511,0.110667,living
1,D,D1,D1_00335,1.268,2.137,1.857,0.869,74.187,264.800,2.387,0.280161,living
1,D,D1,D1_00336,2.163,1.910,2.294,1.201,73.719,317.414,2.297,0.232248,living
1,D,D1,D1_00337,2.113,1.861,2.238,1.202,99.696,340.040,2.192,0.293189,living
1,D,D1,D1_00338,2.045,2.288,2.441,1.067,56.744,264.603,2.686,0.214449,living
1,D,D1,D1_00339,2.366,2.473,2.729,1.104,74.179,294.479,2.050,0.251898,living
1,D,D1,D1_00340,2.096,2.066,2.348,1.137,108.976,351.298,2.266,0.310209,living
1,D,D1,D1_00341,1.099,1.865,1.615,0.866,48.215,290.415,2.923,0.166022,living
1,D,D1,D1_00342,2.129,2.294,2.494,1.087,93.349,306.357,2.214,0.304707,living
1,D,D1,D1_00343,3.363,2.358,3.178,1.348,77.457,431.085,2.101,0.179680,living
1,D,D1,D1_00344,1.217,1.887,1.710,0.906,42.931,288.278,2.278,0.148921,living
1,D,D1,D1_00345,2.924,2.814,3.237,1.150,52.746,351.960,1.821,0.149863,living
1,D,D1,D1_00346,1.673,1.700,1.903,1.119,54.354,345.515,2.303,0.157312,living
1,D,D1,D1_00347,1.994,2.396,2.466,1.029,38.517,338.703,2.169,0.113719,living
1,D,D1,D1_00348,2.315,1.763,2.280,1.293,27.854,332.117,2.460,0.083868,living
1,D,D1,D1_00349,1.115,1.819,1.607,0.883,2.879,311.621,2.545,0.009238,living
1,D,D1,D1_00350,3.245,2.483,3.203,1.290,75.958,394.073,2.661,0.192752,living
1,D,D1,D1_00351,2.738,2.359,2.868,1.216,52.599,368.895,2.506,0.142585,living
1,D,D1,D1_00352,2.113,2.057,2.352,1.144,34.280,361.552,2.336,0.094813,living
1,D,D1,D1_00353,1.420,1.607,1.705,1.061,51.024,355.274,2.500,0.143618,living
1,D,D1,D1_00354,1.927,2.288,2.369,1.036,59.447,352.500,2.991,0.168645,living
1,D,D1,D1_00355,1.504,2.123,2.016,0.950,21.787,334.112,2.483,0.065207,living
1,D,D1,D1_00356,3.160,3.384,3.690,1.090,48.599,340.701,2.465,0.142644,living
1,D,D1,D1_00357,2.214,2.100,2.433,1.159,31.122,376.466,2.435,0.082669,living
1,D,D1,D1_00358,1.825,1.942,2.124,1.094,36.602,370.009,2.343,0.098921,living
1,D,D1,D1_00359,1.555,2.288,2.128,0.930,18.967,346.141,2.913,0.054797,living
1,D,D1,D1_00360,2.028,1.874,2.200,1.174,17.700,347.500,2.325,0.050935,living
1,D,D1,D1_00361,1.504,2.964,2.382,0.804,12.674,295.787,2.787,0.042849,living
1,D,D1,D1_00362,2.434,2.507,2.787,1.112,22.597,375.514,2.292,0.060177,living
1,D,D1,D1_00363,2.603,2.293,2.757,1.202,26.052,401.883,2.468,0.064825,living
1,D,D1,D1_00364,1.487,1.859,1.876,1.009,24.375,381.591,2.136,0.063877,living
1,D,D1,D1_00365,1.099,2.447,1.850,0.756,13.600,298.569,2.492,0.045551,living
1,D,D1,D1_00366,1.183,2.127,1.790,0.842,15.329,321.886,2.514,0.047621,living
1,D,D1,D1_00367,2.180,1.741,2.198,1.263,15.884,354.574,2.496,0.044797,living
1,D,D1,D1_00368,1.758,4.568,3.198,0.700,11.250,283.260,3.471,0.039716,living
1,D,D1,D1_00369,0.845,2.225,1.547,0.695,28.700,327.740,2.280,0.087569,living
1,D,D1,D1_00370,1.724,2.635,2.405,0.913,78.892,305.902,2.284,0.257900,living
1,D,D1,D1_00371,1.521,3.090,2.446,0.792,76.578,297.889,2.133,0.257068,living
1,D,D1,D1_00372,2.518,2.656,2.918,1.099,51.611,366.436,2.544,0.140845,living
1,D,D1,D1_00373,1.622,1.970,2.017,1.024,82.333,323.906,2.323,0.254189,living
1,D,D1,D1_00374,1.842,2.044,2.189,1.071,116.716,384.413,3.239,0.303620,living
1,D,D1,D1_00375,1.352,1.726,1.724,0.999,110.525,336.375,3.100,0.328577,living
1,D,D1,D1_00376,2.653,2.349,2.817,1.199,14.446,350.720,2.541,0.041189,living
1,D,D1,D1_00377,2.129,2.332,2.514,1.078,91.444,366.968,2.452,0.249189,living
1,D,D1,D1_00378,1.200,2.197,1.832,0.834,66.817,360.085,2.761,0.185559,living
1,D,D1,D1_00379,2.467,2.288,2.681,1.172,54.767,317.781,7.938,0.172342,dead
1,D,D1,D1_00380,1.166,2.288,1.843,0.806,55.261,339.594,2.725,0.162726,living
1,D,D1,D1_00381,2.163,2.325,2.530,1.088,70.344,424.234,2.594,0.165813,living
1,D,D1,D1_00382,3.059,1.778,2.632,1.480,92.890,642.862,2.348,0.144494,living
1,D,D1,D1_00383,0.913,2.353,1.654,0.703,20.759,351.167,3.444,0.059115,living
1,D,D1,D1_00384,1.622,2.065,2.065,1.000,38.938,414.979,3.354,0.093830,living
1,D,D1,D1_00385,1.977,5.068,3.572,0.705,18.376,356.094,2.342,0.051605,living
1,D,D1,D1_00386,2.096,1.502,2.002,1.333,70.742,549.831,2.556,0.128661,living
1,D,D1,D1_00387,1.893,2.254,2.331,1.034,46.464,414.723,2.357,0.112037,living
1,D,D1,D1_00388,1.893,2.472,2.441,0.987,44.000,394.277,2.393,0.111597,living
1,D,D1,D1_00389,0.794,1.919,1.393,0.726,20.957,354.255,2.426,0.059159,living
1,D,D1,D1_00390,0.963,1.567,1.386,0.885,41.807,382.246,1.947,0.109372,living
1,D,D1,D1_00391,2.113,2.773,2.731,0.985,22.288,391.504,1.976,0.056929,living
1,D,D1,D1_00392,1.217,2.054,1.784,0.869,32.722,389.625,2.458,0.083984,living
1,D,D1,D1_00393,1.504,2.120,2.015,0.950,34.809,393.820,2.685,0.088388,living
1,D,D1,D1_00394,1.572,1.796,1.896,1.056,26.656,446.172,2.269,0.059744,living
1,D,D1,D1_00395,1.470,2.349,2.097,0.893,19.678,392.609,2.287,0.050121,living
1,D,D1,D1_00396,1.538,2.003,1.980,0.989,33.154,413.176,2.780,0.080241,living
1,D,D1,D1_00397,1.420,2.010,1.906,0.948,24.119,416.476,2.857,0.057912,living
1,D,D1,D1_00398,1.859,1.821,2.076,1.140,35.527,464.945,3.118,0.076412,living
1,D,D1,D1_00399,1.572,3.412,2.613,0.766,15.043,362.720,2.280,0.041473,living
1,D,D1,D1_00400,1.470,1.648,1.756,1.066,23.943,434.989,2.207,0.055042,living
1,D,D1,D1_00401,1.808,1.934,2.110,1.091,17.832,386.271,2.000,0.046164,living
1,D,D1,D1_00402,0.913,2.864,1.825,0.637,15.815,331.463,2.037,0.047712,living
1,D,D1,D1_00403,1.234,3.206,2.244,0.700,15.959,369.110,2.205,0.043236,living
1,D,D1,D1_00404,0.811,2.554,1.624,0.636,11.979,323.750,2.396,0.037001,living
1,D,D1,D1_00405,2.113,2.609,2.649,1.015,82.120,280.768,2.256,0.292483,living
1,D,D1,D1_00406,0.676,2.288,1.403,0.613,22.250,254.100,3.800,0.087564,living
1,D,D1,D1_00407,0.896,2.144,1.564,0.729,23.340,259.849,2.132,0.089820,living
1,D,D1,D1_00408,1.927,1.650,2.012,1.219,57.675,312.500,2.184,0.184561,living
1,D,D1,D1_00409,1.318,1.910,1.790,0.937,37.897,283.667,1.936,0.133598,living
1,D,D1,D1_00410,1.673,1.809,1.963,1.085,51.687,297.455,2.545,0.173764,living
1,D,D1,D1_00411,2.873,2.713,3.150,1.161,43.694,354.965,2.429,0.123094,living
1,D,D1,D1_00412,2.248,1.831,2.289,1.250,84.180,292.602,2.383,0.287697,living
1,D,D1,D1_00413,1.606,2.288,2.163,0.945,72.379,271.063,3.011,0.267019,living
1,D,D1,D1_00414,1.910,1.541,1.936,1.256,101.053,330.451,2.708,0.305803,living
1,D,D1,D1_00415,1.622,1.938,2.001,1.032,31.229,331.177,2.146,0.094297,living
1,D,D1,D1_00416,1.791,1.875,2.068,1.103,86.349,283.802,2.698,0.304258,living
1,D,D1,D1_00417,2.772,2.251,2.819,1.252,102.000,333.652,2.390,0.305707,living
1,D,D1,D1_00418,1.420,1.680,1.743,1.037,65.048,317.143,2.452,0.205105,living
1,D,D1,D1_00419,1.690,1.740,1.935,1.112,62.320,307.860,2.540,0.202430,living
1,D,D1,D1_00420,1.589,2.288,2.151,0.940,62.330,316.000,2.585,0.197246,living
1,D,D1,D1_00421,2.738,1.883,2.562,1.361,21.821,345.580,2.191,0.063143,living
1,D,D1,D1_00422,2.011,1.635,2.046,1.251,77.555,345.076,2.311,0.224747,living
1,D,D1,D1_00423,1.268,2.156,1.866,0.865,36.840,275.013,1.987,0.133957,living
1,D,D1,D1_00424,3.228,2.288,3.066,1.340,76.822,336.031,2.288,0.228615,living
1,D,D1,D1_00425,2.028,2.510,2.546,1.014,47.783,322.750,2.467,0.148051,living
1,D,D1,D1_00426,1.859,2.092,2.225,1.064,54.573,340.091,2.264,0.160465,living
1,D,D1,D1_00427,1.606,1.751,1.892,1.081,41.474,325.905,2.737,0.127257,living
1,D,D1,D1_00428,1.690,2.406,2.275,0.946,20.450,296.110,2.310,0.069062,living
1,D,D1,D1_00429,2.045,1.765,2.144,1.215,28.529,381.554,2.678,0.074770,living
1,D,D1,D1_00430,3.127,2.547,3.184,1.250,38.108,351.373,2.751,0.108455,living
1,D,D1,D1_00431,1.217,1.899,1.715,0.903,37.361,308.417,2.236,0.121138,living
1,D,D1,D1_00432,1.622,2.288,2.174,0.950,34.781,400.760,2.479,0.086788,living
1,D,D1,D1_00433,2.417,2.724,2.895,1.063,20.049,339.147,2.427,0.059116,living
1,D,D1,D1_00434,1.960,2.273,2.382,1.048,11.190,342.698,2.457,0.032652,living
1,D,D1,D1_00435,2.028,2.741,2.660,0.971,28.217,342.700,2.167,0.082336,living
1,D,D1,D1_00436,1.876,3.118,2.729,0.875,19.099,294.333,2.243,0.064889,living
1,D,D1,D1_00437,2.941,3.185,3.453,1.084,15.460,322.052,2.437,0.048004,living
1,D,D1,D1_00438,1.234,1.784,1.674,0.938,16.863,322.205,2.329,0.052336,living
1,D,D1,D1_00439,2.383,2.074,2.509,1.210,27.184,397.688,2.525,0.068356,living
1,D,D1,D1_00440,3.279,2.226,3.049,1.370,27.814,411.588,2.222,0.067578,living
1,D,D1,D1_00441,1.420,2.288,2.034,0.889,20.750,349.321,2.810,0.059401,living
1,D,D1,D1_00442,2.383,2.288,2.635,1.152,20.078,398.262,2.936,0.050414,living
1,D,D1,D1_00443,1.301,1.821,1.737,0.954,16.779,332.013,2.636,0.050538,living
1,D,D1,D1_00444,2.315,2.094,2.484,1.186,17.774,370.285,2.518,0.048000,living
1,D,D1,D1_00445,2.146,4.012,3.311,0.825,12.921,295.504,2.520,0.043726,living
1,D,D1,D1_00446,2.045,2.460,2.531,1.029,13.694,339.207,2.174,0.040371,living
1,D,D1,D1_00447,3.025,2.956,3.374,1.141,16.922,370.832,2.771,0.045632,living
1,D,D1,D1_00448,2.366,3.383,3.192,0.944,11.586,315.043,2.657,0.036775,living
1,D,D1,D1_00449,1.420,2.187,1.988,0.909,11.476,315.024,2.333,0.036430,living
1,D,D1,D1_00450,0.761,1.925,1.366,0.709,11.778,287.933,2.311,0.040905,living
1,D,D1,D1_00451,2.298,2.270,2.577,1.135,69.603,313.699,2.419,0.221878,living
1,D,D1,D1_00452,0.828,2.359,1.577,0.669,41.102,250.204,2.184,0.164274,living
1,D,D1,D1_00453,3.245,2.444,3.178,1.300,47.203,403.750,2.260,0.116912,living
1,D,D1,D1_00454,2.231,1.835,2.283,1.244,80.583,345.659,2.402,0.233130,living
1,D,D1,D1_00455,3.093,1.670,2.565,1.536,47.956,331.109,2.437,0.144835,living
1,D,D1,D1_00456,2.484,1.729,2.338,1.352,39.891,349.361,1.993,0.114183,living
1,D,D1,D1_00457,1.284,1.770,1.701,0.961,39.974,294.658,2.303,0.135661,living
1,D,D1,D1_00458,1.589,1.852,1.936,1.045,63.298,308.032,2.138,0.205491,living
1,D,D1,D1_00459,2.636,1.705,2.392,1.403,106.551,351.474,2.840,0.303155,living
1,D,D1,D1_00460,2.079,2.247,2.439,1.085,62.642,332.951,2.431,0.188143,living
1,D,D1,D1_00461,2.789,2.887,3.202,1.109,45.752,334.800,2.255,0.136653,living
1,D,D1,D1_00462,0.794,1.957,1.407,0.719,2.745,283.596,3.021,0.009678,living
1,D,D1,D1_00463,3.363,2.288,3.130,1.368,95.477,411.985,2.814,0.231750,living
1,D,D1,D1_00464,3.025,2.483,3.092,1.245,17.201,342.073,2.318,0.050285,living
1,D,D1,D1_00465,2.958,2.420,3.019,1.248,65.903,363.331,2.246,0.181385,living
1,D,D1,D1_00466,1.724,1.691,1.927,1.139,15.010,327.559,3.157,0.045823,living
1,D,D1,D1_00467,1.234,1.653,1.612,0.975,2.438,301.233,1.918,0.008095,living
1,D,D1,D1_00468,3.025,2.040,2.803,1.374,47.642,414.469,2.760,0.114948,living
1,D,D1,D1_00469,3.076,3.080,3.473,1.128,50.396,331.577,2.544,0.151988,living
1,D,D1,D1_00470,1.944,2.255,2.363,1.048,41.591,344.609,2.383,0.120691,living
1,D,D1,D1_00471,1.369,1.828,1.785,0.976,19.519,301.815,2.272,0.064671,living
1,D,D1,D1_00472,1.775,2.083,2.170,1.042,16.667,306.676,2.457,0.054346,living
1,D,D1,D1_00473,2.079,3.359,2.982,0.888,2.252,256.293,2.163,0.008787,living
1,D,D1,D1_00474,3.042,2.288,2.977,1.301,18.211,298.717,2.956,0.060964,living
1,D,D1,D1_00475,2.484,3.667,3.406,0.929,2.401,305.837,2.224,0.007852,living
1,D,D1,D1_00476,1.960,1.733,2.080,1.200,17.112,367.784,2.155,0.046527,living
1,D,D1,D1_00477,1.420,1.910,1.858,0.973,21.476,332.750,2.667,0.064542,living
1,D,D1,D1_00478,1.606,1.641,1.832,1.116,25.084,368.253,2.726,0.068117,living
1,D,D1,D1_00479,1.977,2.288,2.400,1.049,20.393,368.410,2.573,0.055354,living
1,D,D1,D1_00480,1.420,1.577,1.689,1.071,19.643,335.655,1.869,0.058521,living
1,D,D1,D1_00481,2.062,2.858,2.739,0.958,16.205,326.475,2.631,0.049636,living
1,D,D1,D1_00482,1.606,1.777,1.906,1.073,21.526,355.958,3.000,0.060474,living
1,D,D1,D1_00483,1.960,3.771,3.068,0.813,15.259,298.905,2.543,0.051048,living
1,D,D1,D1_00484,2.772,2.385,2.901,1.216,12.171,345.079,2.317,0.035269,living
1,D,D1,D1_00485,2.991,2.642,3.172,1.201,11.102,340.169,2.390,0.032636,living
1,D,D1,D1_00486,1.944,2.210,2.339,1.058,14.096,337.496,2.435,0.041765,living
1,D,D1,D1_00487,2.315,2.833,2.890,1.020,14.372,338.752,2.307,0.042427,living
1,D,D1,D1_00488,1.301,2.257,1.934,0.857,11.104,290.000,2.506,0.038289,living
1,D,D1,D1_00489,3.042,1.815,2.651,1.461,10.106,337.400,2.389,0.029951,living
1,D,D1,D1_00490,2.113,3.283,2.972,0.905,11.144,306.200,2.360,0.036395,living
1,D,D1,D1_00491,0.727,1.853,1.310,0.707,8.698,286.860,3.070,0.030320,living
1,D,D1,D1_00492,1.876,1.683,2.005,1.191,78.117,326.577,2.892,0.239200,living
1,D,D1,D1_00493,2.146,3.096,2.909,0.939,48.386,277.969,2.276,0.174069,living
1,D,D1,D1_00494,2.011,1.980,2.252,1.137,85.067,327.723,2.370,0.259571,living
1,D,D1,D1_00495,2.569,3.266,3.268,1.001,51.816,308.487,2.421,0.167968,living
1,D,D1,D1_00496,1.910,1.882,2.139,1.137,54.487,361.080,2.239,0.150899,living
1,D,D1,D1_00497,1.656,2.155,2.132,0.989,70.980,281.857,2.663,0.251828,living
1,D,D1,D1_00498,1.639,2.459,2.265,0.921,71.825,281.763,2.227,0.254912,living
1,D,D1,D1_00499,2.755,1.677,2.425,1.446,66.761,317.920,2.988,0.209992,living
1,D,D1,D1_00500,2.839,2.288,2.876,1.257,25.929,292.482,2.607,0.088650,living
1,D,D1,D1_00501,2.298,3.279,3.097,0.945,52.949,305.184,2.206,0.173497,living
1,D,D1,D1_00502,2.062,1.669,2.093,1.254,88.459,349.246,2.533,0.253286,living
1,D,D1,D1_00503,1.555,2.624,2.279,0.869,31.609,296.011,2.467,0.106782,living
1,D,D1,D1_00504,1.825,1.802,2.046,1.136,77.315,352.083,2.898,0.219592,living
1,D,D1,D1_00505,2.687,2.287,2.797,1.223,53.610,352.113,2.503,0.152252,living
1,D,D1,D1_00506,2.484,1.837,2.410,1.312,63.503,361.912,2.238,0.175467,living
1,D,D1,D1_00507,1.403,2.049,1.913,0.934,34.434,321.964,2.193,0.106949,living
1,D,D1,D1_00508,2.958,2.053,2.781,1.354,102.674,420.566,2.406,0.244134,living
1,D,D1,D1_00509,2.603,2.998,3.152,1.051,70.610,311.351,2.370,0.226787,living
1,D,D1,D1_00510,2.129,1.754,2.181,1.243,50.024,343.024,2.151,0.145832,living
1,D,D1,D1_00511,1.707,1.709,1.927,1.128,65.465,347.396,2.426,0.188446,living
1,D,D1,D1_00512,1.420,1.995,1.899,0.952,29.607,326.143,2.821,0.090780,living
1,D,D1,D1_00513,2.113,2.173,2.418,1.113,28.112,373.856,2.544,0.075195,living
1,D,D1,D1_00514,2.349,2.235,2.585,1.157,50.115,357.554,2.755,0.140161,living
1,D,D1,D1_00515,2.096,2.288,2.471,1.080,38.153,390.548,2.492,0.097691,living
1,D,D1,D1_00516,2.079,2.404,2.523,1.049,34.610,341.041,2.252,0.101483,living
1,D,D1,D1_00517,2.197,1.516,2.059,1.358,49.477,389.385,2.585,0.127064,living
1,D,D1,D1_00518,2.028,1.911,2.221,1.162,44.033,368.892,2.867,0.119367,living
1,D,D1,D1_00519,2.603,2.088,2.631,1.260,38.260,355.071,2.299,0.107752,living
1,D,D1,D1_00520,1.622,2.536,2.289,0.902,15.188,332.667,2.365,0.045654,living
1,D,D1,D1_00521,2.991,2.762,3.243,1.174,24.124,375.056,2.243,0.064322,living
1,D,D1,D1_00522,1.504,1.873,1.894,1.011,22.854,341.449,2.629,0.066932,living
1,D,D1,D1_00523,1.268,1.640,1.627,0.992,21.933,341.333,2.773,0.064258,living
1,D,D1,D1_00524,1.825,1.638,1.951,1.191,31.343,417.444,2.546,0.075082,living
1,D,D1,D1_00525,1.487,1.848,1.871,1.012,22.705,350.432,2.318,0.064790,living
1,D,D1,D1_00526,1.758,1.703,1.952,1.146,24.625,402.087,2.279,0.061243,living
1,D,D1,D1_00527,1.707,1.900,2.032,1.070,23.307,360.574,2.366,0.064638,living
1,D,D1,D1_00528,3.262,3.028,3.546,1.171,12.492,380.228,2.218,0.032855,living
1,D,D1,D1_00529,2.146,2.366,2.543,1.075,18.205,348.693,2.157,0.052208,living
1,D,D1,D1_00530,1.453,1.971,1.910,0.969,16.965,362.988,2.267,0.046737,living
1,D,D1,D1_00531,1.031,1.936,1.594,0.823,14.557,317.525,2.525,0.045846,living
1,D,D1,D1_00532,2.704,2.288,2.806,1.227,6.425,328.494,2.994,0.019559,living
1,D,D1,D1_00533,2.670,1.779,2.459,1.382,4.000,280.310,2.468,0.014270,living
1,D,D1,D1_00534,0.761,2.355,1.511,0.641,10.244,300.133,3.267,0.034133,living
1,D,D1,D1_00535,1.470,3.780,2.660,0.704,9.448,297.540,2.230,0.031755,living
1,D,D1,D1_00536,0.963,2.776,1.845,0.665,49.860,271.702,2.211,0.183509,living
1,D,D1,D1_00537,1.656,2.246,2.176,0.969,67.592,315.531,2.490,0.214216,living
1,D,D1,D1_00538,2.146,1.739,2.180,1.253,75.102,353.480,2.622,0.212465,living
1,D,D1,D1_00539,1.910,2.177,2.301,1.057,101.434,318.664,2.389,0.318309,living
1,D,D1,D1_00540,2.467,2.412,2.753,1.141,62.705,378.322,2.329,0.165746,living
1,D,D1,D1_00541,1.115,1.939,1.659,0.856,50.924,321.833,2.712,0.158232,living
1,D,D1,D1_00542,2.873,2.934,3.276,1.117,98.476,309.376,2.594,0.318306,living
1,D,D1,D1_00543,2.991,2.362,2.999,1.270,98.051,362.718,2.254,0.270323,living
1,D,D1,D1_00544,1.572,1.440,1.698,1.179,65.484,310.763,2.441,0.210719,living
1,D,D1,D1_00545,1.352,1.800,1.760,0.978,87.300,339.288,2.638,0.257304,living
1,D,D1,D1_00546,3.228,1.472,2.460,1.671,91.995,377.906,2.749,0.243433,living
1,D,D1,D1_00547,2.265,2.226,2.534,1.138,65.157,367.813,2.179,0.177146,living
1,D,D1,D1_00548,1.690,1.685,1.904,1.130,79.430,355.610,2.350,0.223363,living
1,D,D1,D1_00549,2.636,2.060,2.629,1.276,118.641,400.615,2.654,0.296147,living
1,D,D1,D1_00550,1.673,1.904,2.014,1.058,70.414,349.111,2.232,0.201696,living
1,D,D1,D1_00551,2.704,1.540,2.303,1.495,59.406,399.519,2.312,0.148695,living
1,D,D1,D1_00552,2.941,2.288,2.927,1.279,75.563,338.098,2.805,0.223495,living
1,D,D1,D1_00553,1.758,1.815,2.016,1.111,87.635,356.952,2.490,0.245508,living
1,D,D1,D1_00554,2.231,3.523,3.163,0.898,25.720,324.182,2.212,0.079337,living
1,D,D1,D1_00555,1.183,1.957,1.717,0.877,31.614,340.986,2.771,0.092714,living
1,D,D1,D1_00556,2.349,2.288,2.616,1.143,65.899,363.086,2.489,0.181498,living
1,D,D1,D1_00557,3.245,1.925,2.820,1.465,101.573,467.677,2.714,0.217186,living
1,D,D1,D1_00558,2.467,2.316,2.697,1.165,47.240,377.123,2.603,0.125263,living
1,D,D1,D1_00559,2.755,2.346,2.869,1.223,55.031,385.583,2.491,0.142721,living
1,D,D1,D1_00560,2.129,2.067,2.367,1.145,43.635,392.516,2.095,0.111167,living
1,D,D1,D1_00561,1.741,2.041,2.127,1.042,54.097,360.544,2.806,0.150043,living
1,D,D1,D1_00562,1.521,1.714,1.822,1.063,31.067,378.089,2.678,0.082168,living
1,D,D1,D1_00563,1.521,2.151,2.041,0.949,30.600,344.233,2.244,0.088893,living
1,D,D1,D1_00564,1.825,1.806,2.049,1.134,44.343,401.417,2.509,0.110465,living
1,D,D1,D1_00565,2.772,2.243,2.814,1.254,46.335,426.988,2.323,0.108517,living
1,D,D1,D1_00566,1.217,1.517,1.533,1.011,26.194,380.111,1.944,0.068913,living
1,D,D1,D1_00567,2.586,2.001,2.567,1.283,41.810,415.719,2.830,0.100574,living
1,D,D1,D1_00568,2.349,2.720,2.852,1.049,31.065,382.000,2.281,0.081321,living
1,D,D1,D1_00569,2.146,2.331,2.524,1.083,25.780,373.008,2.488,0.069113,living
1,D,D1,D1_00570,3.194,1.976,2.835,1.435,29.206,407.122,2.492,0.071739,living
1,D,D1,D1_00571,2.011,1.535,1.983,1.292,5.185,299.151,2.555,0.017332,living
1,D,D1,D1_00572,2.265,3.262,3.067,0.940,15.619,361.276,2.522,0.043234,living
1,D,D1,D1_00573,1.014,2.722,1.875,0.689,14.883,340.083,2.383,0.043764,living
1,D,D1,D1_00574,1.149,1.983,1.703,0.859,20.221,346.838,2.426,0.058300,living
1,D,D1,D1_00575,2.062,2.514,2.569,1.022,21.148,377.967,2.574,0.055951,living
1,D,D1,D1_00576,1.470,2.393,2.116,0.884,15.333,338.793,2.092,0.045259,living
1,D,D1,D1_00577,2.873,2.471,3.006,1.217,12.212,351.529,2.500,0.034739,living
1,D,D1,D1_00578,2.248,2.632,2.745,1.043,19.338,377.113,2.323,0.051280,living
1,D,D1,D1_00579,2.400,2.955,3.005,1.017,17.169,353.810,2.514,0.048526,living
1,D,D1,D1_00580,1.268,2.065,1.826,0.884,17.880,361.227,2.240,0.049498,living
1,D,D1,D1_00581,2.636,2.110,2.661,1.261,24.571,484.917,2.962,0.050670,living
1,D,D1,D1_00582,1.217,1.714,1.630,0.951,17.764,378.306,2.500,0.046956,living
1,D,D1,D1_00583,1.301,2.296,1.950,0.849,14.792,342.701,2.234,0.043164,living
1,D,D1,D1_00584,1.335,2.590,2.098,0.810,14.266,333.532,2.785,0.042772,living
1,D,D1,D1_00585,0.980,2.353,1.713,0.728,9.638,312.776,2.362,0.030814,living
1,D,D1,D1_00586,0.930,2.839,1.833,0.646,10.873,297.018,2.327,0.036606,living
1,D,D1,D1_00587,2.383,1.950,2.432,1.247,69.879,369.638,2.433,0.189048,living
1,D,D1,D1_00588,1.758,1.683,1.941,1.153,70.337,290.144,1.942,0.242419,living
1,D,D1,D1_00589,1.622,2.685,2.355,0.877,62.250,263.115,2.458,0.236589,living
1,D,D1,D1_00590,1.960,2.105,2.292,1.089,43.302,334.448,2.164,0.129472,living
1,D,D1,D1_00591,1.977,2.288,2.400,1.049,57.308,270.684,2.974,0.211715,living
1,D,D1,D1_00592,2.096,2.288,2.471,1.080,49.548,276.290,2.935,0.179335,living
1,D,D1,D1_00593,1.994,2.111,2.315,1.097,47.890,334.441,2.407,0.143194,living
1,D,D1,D1_00594,1.825,1.798,2.044,1.137,89.500,305.815,2.065,0.292661,living
1,D,D1,D1_00595,1.268,1.577,1.596,1.012,74.680,282.093,2.560,0.264735,living
1,D,D1,D1_00596,1.470,2.110,1.987,0.942,30.402,291.989,2.115,0.104122,living
1,D,D1,D1_00597,1.639,2.288,2.185,0.955,56.113,335.237,3.082,0.167384,living
1,D,D1,D1_00598,2.434,2.280,2.658,1.166,94.069,318.326,2.451,0.295513,living
1,D,D1,D1_00599,2.822,2.579,3.044,1.180,90.371,322.359,2.281,0.280343,living
1,D,D1,D1_00600,1.386,2.097,1.924,0.917,43.988,308.902,2.768,0.142400,living
1,D,D1,D1_00601,3.262,2.288,3.082,1.347,76.523,334.756,2.907,0.228594,living
1,D,D1,D1_00602,2.467,2.070,2.550,1.232,76.568,351.890,2.432,0.217592,living
1,D,D1,D1_00603,2.180,1.897,2.295,1.210,69.225,363.326,2.434,0.190531,living
1,D,D1,D1_00604,2.974,1.442,2.337,1.620,12.562,290.551,2.324,0.043237,living
1,D,D1,D1_00605,2.096,1.953,2.283,1.169,24.903,371.669,2.532,0.067004,living
1,D,D1,D1_00606,1.893,2.247,2.327,1.036,23.527,337.125,2.723,0.069787,living
1,D,D1,D1_00607,2.349,1.802,2.322,1.288,39.288,376.734,2.468,0.104285,living
1,D,D1,D1_00608,2.282,2.262,2.564,1.133,34.519,355.015,2.578,0.097231,living
1,D,D1,D1_00609,2.856,1.942,2.657,1.368,36.580,444.024,2.467,0.082383,living
1,D,D1,D1_00610,1.876,1.870,2.113,1.130,29.288,359.063,2.405,0.081569,living
1,D,D1,D1_00611,1.487,1.931,1.912,0.990,16.205,326.807,2.352,0.049584,living
1,D,D1,D1_00612,2.045,2.288,2.441,1.067,27.124,358.174,2.760,0.075729,living
1,D,D1,D1_00613,2.146,1.593,2.086,1.310,19.850,454.165,2.291,0.043707,living
1,D,D1,D1_00614,2.282,2.568,2.732,1.064,14.985,332.259,2.533,0.045101,living
1,D,D1,D1_00615,3.008,2.566,3.135,1.222,18.062,362.449,2.107,0.049833,living
1,D,D1,D1_00616,2.366,3.328,3.166,0.951,18.393,324.021,2.393,0.056764,living
1,D,D1,D1_00617,1.403,1.955,1.869,0.956,15.157,325.916,2.566,0.046505,living
1,D,D1,D1_00618,3.076,2.498,3.128,1.252,14.187,314.478,2.709,0.045112,living
1,D,D1,D1_00619,1.115,1.834,1.614,0.880,12.530,315.470,2.379,0.039720,living
1,D,D1,D1_00620,1.251,1.967,1.770,0.900,13.986,308.865,2.230,0.045284,living
1,D,D1,D1_00621,2.434,1.855,2.398,1.293,16.111,393.840,2.493,0.040908,living
1,D,D1,D1_00622,1.318,2.557,2.071,0.810,8.103,288.564,2.192,0.028079,living
1,D,D1,D1_00623,0.811,2.083,1.467,0.704,8.729,283.688,2.604,0.030770,living
1,D,D1,D1_00624,2.434,2.780,2.935,1.056,12.049,306.660,2.146,0.039290,living
1,D,D1,D1_00625,1.082,1.835,1.590,0.866,12.969,330.750,2.438,0.039210,living
1,D,D1,D1_00626,1.639,2.280,2.181,0.957,12.402,320.588,2.598,0.038685,living
1,D,D1,D1_00627,1.453,2.288,2.057,0.899,2.709,263.058,2.151,0.010299,living
1,D,D1,D1_00628,2.400,2.288,2.644,1.156,79.549,316.500,2.620,0.251341,living
1,D,D1,D1_00629,2.282,2.288,2.578,1.127,48.170,296.904,2.333,0.162242,living
1,D,D1,D1_00630,2.501,2.288,2.699,1.180,91.905,300.189,2.061,0.306158,living
1,D,D1,D1_00631,2.941,2.288,2.927,1.279,2.695,297.759,2.316,0.009052,living
1,D,D1,D1_00632,2.315,2.288,2.597,1.135,98.175,283.555,2.263,0.346230,living
1,D,D1,D1_00633,2.146,2.288,2.500,1.093,98.559,349.646,2.291,0.281883,living
1,D,D1,D1_00634,2.451,2.288,2.672,1.168,24.979,327.166,2.731,0.076351,living
1,D,D1,D1_00635,2.535,2.288,2.717,1.188,76.440,327.653,2.480,0.233295,living
1,D,D1,D1_00636,3.127,2.288,3.018,1.319,48.151,407.416,2.784,0.118187,living
1,D,D1,D1_00637,2.839,2.288,2.876,1.257,67.560,290.101,2.494,0.232883,living
1,D,D1,D1_00638,1.825,2.288,2.306,1.008,50.648,308.157,2.519,0.164358,living
1,D,D1,D1_00639,1.994,2.288,2.410,1.053,29.508,311.712,2.669,0.094666,living
1,D,D1,D1_00640,2.586,2.288,2.745,1.200,55.961,343.784,2.542,0.162779,living
1,D,D1,D1_00641,2.332,2.288,2.606,1.139,32.558,350.471,2.529,0.092898,living
1,D,D1,D1_00642,1.893,2.288,2.348,1.026,48.518,321.062,2.393,0.151117,living
1,D,D1,D1_00643,2.045,2.288,2.441,1.067,32.736,345.041,2.942,0.094874,living
1,D,D1,D1_00644,2.315,2.288,2.597,1.135,26.270,297.474,2.438,0.088310,living
1,D,D1,D1_00645,2.670,2.288,2.789,1.219,45.032,344.715,2.532,0.130634,living
1,D,D1,D1_00646,2.569,2.288,2.736,1.196,29.658,396.164,2.638,0.074863,living
1,D,D1,D1_00647,1.741,2.288,2.252,0.984,30.786,350.738,2.330,0.087776,living
1,D,D1,D1_00648,2.096,2.288,2.471,1.080,22.718,346.315,2.363,0.065599,living
1,D,D1,D1_00649,1.994,2.288,2.410,1.053,14.720,292.975,2.483,0.050244,living
1,D,D1,D1_00650,1.775,2.288,2.274,0.994,9.838,296.629,2.171,0.033166,living
1,D,D1,D1_00651,1.234,2.288,1.896,0.829,12.562,300.822,2.603,0.041758,living
1,D,D1,D1_00652,1.673,2.288,2.208,0.965,19.909,327.222,2.636,0.060843,living
1,D,D1,D1_00653,1.656,2.288,2.196,0.960,11.398,323.959,2.408,0.035183,living
1,D,D1,D1_00654,2.535,2.288,2.717,1.188,18.493,380.553,2.500,0.048596,living
1,D,D1,D1_00655,2.518,2.288,2.708,1.184,19.638,359.879,2.644,0.054567,living
1,D,D1,D1_00656,3.110,2.288,3.010,1.316,14.853,322.408,2.223,0.046070,living
1,D,D1,D1_00657,0.980,2.288,1.690,0.739,9.362,293.448,2.379,0.031904,living
1,D,D1,D1_00658,0.761,2.288,1.489,0.651,8.911,276.978,2.178,0.032173,living
1,D,D1,D1_00659,3.143,2.288,3.026,1.323,14.462,331.586,2.468,0.043616,living
1,D,D1,D1_00660,2.620,2.288,2.763,1.208,11.916,292.890,2.168,0.040685,living
1,D,D1,D1_00661,1.251,2.288,1.909,0.834,2.689,212.473,2.581,0.012657,living
1,D,D1,D1_00662,1.234,2.288,1.896,0.829,9.630,250.315,2.479,0.038472,living
1,D,D1,D1_00663,0.913,1.990,1.521,0.764,10.815,278.685,2.370,0.038807,living
1,D,D1,D1_00664,1.234,2.288,1.896,0.829,32.479,296.904,2.260,0.109394,living
1,D,D1,D1_00665,0.811,2.288,1.537,0.672,25.417,295.917,2.458,0.085891,living
1,D,D1,D1_00666,1.538,2.288,2.117,0.925,54.407,314.593,2.374,0.172943,living
1,D,D1,D1_00667,1.453,2.288,2.057,0.899,51.105,296.698,2.419,0.172245,living
1,D,D1,D1_00668,1.859,2.288,2.327,1.017,69.600,315.918,2.427,0.220310,living
1,D,D1,D1_00669,2.197,2.288,2.530,1.106,59.146,305.431,2.346,0.193648,living
1,D,D1,D1_00670,2.011,2.288,2.420,1.058,109.655,375.731,2.513,0.291846,living
1,D,D1,D1_00671,2.366,2.288,2.625,1.148,52.936,294.586,2.500,0.179695,living
1,D,D1,D1_00672,2.163,2.288,2.510,1.097,73.547,384.742,2.289,0.191159,living
1,D,D1,D1_00673,2.298,2.288,2.587,1.131,25.934,321.132,2.640,0.080757,living
1,D,D1,D1_00674,2.011,2.288,2.420,1.058,72.756,369.437,2.571,0.196938,living
1,D,D1,D1_00675,1.791,2.288,2.284,0.998,34.670,343.972,2.745,0.100793,living
1,D,D1,D1_00676,1.200,2.288,1.870,0.817,30.592,337.028,2.239,0.090769,living
1,D,D1,D1_00677,2.974,2.288,2.943,1.287,89.972,369.244,2.812,0.243664,living
1,D,D1,D1_00678,1.910,2.288,2.359,1.031,49.823,373.929,2.885,0.133242,living
1,D,D1,D1_00679,1.606,2.288,2.163,0.945,59.789,328.811,2.663,0.181836,living
1,D,D1,D1_00680,1.791,2.288,2.284,0.998,56.991,330.104,2.717,0.172644,living
1,D,D1,D1_00681,2.180,2.288,2.520,1.101,74.713,375.504,2.775,0.198968,living
1,D,D1,D1_00682,0.930,2.288,1.646,0.719,26.436,322.073,2.182,0.082082,living
1,D,D1,D1_00683,1.758,2.288,2.263,0.989,21.692,341.481,2.683,0.063524,living
1,D,D1,D1_00684,1.859,2.288,2.327,1.017,56.691,387.418,2.436,0.146330,living
1,D,D1,D1_00685,1.724,2.288,2.241,0.980,50.755,370.343,2.088,0.137048,living
1,D,D1,D1_00686,2.197,2.288,2.530,1.106,38.323,375.638,2.485,0.102021,living
1,D,D1,D1_00687,2.755,2.288,2.833,1.238,18.620,369.988,2.687,0.050325,living
1,D,D1,D1_00688,1.115,2.288,1.802,0.788,21.955,347.939,2.303,0.063099,living
1,D,D1,D1_00689,1.606,2.288,2.163,0.945,26.916,389.126,2.811,0.069170,living
1,D,D1,D1_00690,1.606,2.288,2.163,0.945,32.632,410.642,2.379,0.079465,living
1,D,D1,D1_00691,0.896,2.288,1.616,0.706,17.811,323.226,3.547,0.055105,living
1,D,D1,D1_00692,2.265,2.288,2.569,1.123,36.799,468.537,2.284,0.078539,living
1,D,D1,D1_00693,1.166,2.288,1.843,0.806,15.348,351.681,2.420,0.043641,living
1,D,D1,D1_00694,2.113,2.288,2.481,1.084,15.000,328.200,2.680,0.045704,living
1,D,D1,D1_00695,0.930,2.288,1.646,0.719,14.327,320.964,2.636,0.044638,living
1,D,D1,D1_00696,0.946,2.473,1.726,0.698,10.125,309.054,2.446,0.032761,living
1,D,D1,D1_00697,1.910,2.651,2.539,0.958,70.469,293.885,2.566,0.239784,living
1,D,D1,D1_00698,2.687,2.034,2.638,1.297,92.962,338.881,2.767,0.274322,living
1,D,D1,D1_00699,3.194,2.795,3.371,1.206,85.169,318.206,2.392,0.267654,living
1,D,D1,D1_00700,2.552,2.271,2.716,1.196,99.801,342.212,2.464,0.291636,living
1,D,D1,D1_00701,2.636,3.203,3.279,1.024,38.449,303.135,2.423,0.126837,living
1,D,D1,D1_00702,2.079,2.172,2.398,1.104,63.618,327.268,2.520,0.194391,living
1,D,D1,D1_00703,1.251,1.788,1.688,0.944,94.811,294.122,1.973,0.322352,living
1,D,D1,D1_00704,0.963,2.543,1.766,0.694,38.193,290.632,2.193,0.131414,living
1,D,D1,D1_00705,1.842,2.195,2.269,1.034,54.257,324.569,2.312,0.167166,living
1,D,D1,D1_00706,2.620,2.661,2.979,1.120,95.787,315.335,2.419,0.303763,living
1,D,D1,D1_00707,3.346,2.424,3.214,1.326,2.535,323.924,2.247,0.007827,living
1,D,D1,D1_00708,1.724,2.305,2.249,0.976,2.745,295.657,2.569,0.009285,living
1,D,D1,D1_00709,1.403,1.558,1.668,1.071,26.711,348.145,3.000,0.076723,living
1,D,D1,D1_00710,2.907,3.616,3.658,1.012,62.674,314.360,2.669,0.199371,living
1,D,D1,D1_00711,3.008,2.153,2.872,1.334,91.674,419.309,2.843,0.218632,living
1,D,D1,D1_00712,2.417,2.027,2.498,1.232,89.287,397.357,2.273,0.224702,living
1,D,D1,D1_00713,2.231,1.660,2.171,1.308,73.780,423.636,2.939,0.174160,living
1,D,D1,D1_00714,1.453,1.722,1.785,1.037,52.895,345.360,2.186,0.153160,living
1,D,D1,D1_00715,2.349,2.417,2.689,1.112,54.734,350.115,2.777,0.156331,living
1,D,D1,D1_00716,2.400,1.671,2.260,1.352,87.049,379.965,2.627,0.229098,living
1,D,D1,D1_00717,1.555,1.959,1.969,1.005,44.663,347.000,2.674,0.128712,living
1,D,D1,D1_00718,2.298,1.773,2.278,1.285,59.287,417.412,2.897,0.142034,living
1,D,D1,D1_00719,1.927,1.880,2.148,1.142,63.246,372.421,2.693,0.169823,living
1,D,D1,D1_00720,2.214,1.654,2.159,1.305,34.618,365.603,2.527,0.094688,living
1,D,D1,D1_00721,1.808,1.964,2.126,1.083,37.047,350.607,2.458,0.105664,living
1,D,D1,D1_00722,1.572,1.681,1.834,1.091,37.032,391.409,2.118,0.094613,living
1,D,D1,D1_00723,1.910,2.140,2.281,1.066,34.336,376.850,2.637,0.091114,living
1,D,D1,D1_00724,1.960,1.947,2.204,1.132,48.328,380.681,2.543,0.126950,living
1,D,D1,D1_00725,2.958,2.073,2.794,1.348,28.166,417.874,2.720,0.067402,living
1,D,D1,D1_00726,1.403,2.045,1.911,0.935,17.506,343.663,2.747,0.050940,living
1,D,D1,D1_00727,1.420,2.294,2.037,0.888,25.393,321.548,2.655,0.078971,living
1,D,D1,D1_00728,2.603,2.891,3.095,1.071,33.805,355.545,2.669,0.095080,living
1,D,D1,D1_00729,1.758,1.909,2.067,1.083,16.327,360.087,2.587,0.045342,living
1,D,D1,D1_00730,0.930,2.025,1.548,0.765,16.273,314.582,2.436,0.051728,living
1,D,D1,D1_00731,2.366,3.418,3.209,0.939,28.336,330.871,2.714,0.085640,living
1,D,D1,D1_00732,1.521,2.651,2.266,0.855,22.767,313.233,2.356,0.072683,living
1,D,D1,D1_00733,0.980,2.293,1.691,0.738,14.086,316.293,2.190,0.044535,living
1,D,D1,D1_00734,2.822,4.109,3.842,0.935,19.407,331.611,2.659,0.058524,living
1,D,D1,D1_00735,1.352,1.673,1.697,1.014,23.325,368.650,2.462,0.063271,living
1,D,D1,D1_00736,2.096,3.134,2.892,0.923,18.234,355.452,2.839,0.051298,living
1,D,D1,D1_00737,1.673,2.486,2.301,0.926,15.081,353.576,2.859,0.042652,living
1,D,D1,D1_00738,1.538,1.772,1.863,1.051,20.022,387.692,2.495,0.051644,living
1,D,D1,D1_00739,1.453,1.649,1.747,1.059,12.302,321.651,2.500,0.038247,living
1,D,D1,D1_00740,1.876,2.288,2.338,1.022,16.441,347.721,3.117,0.047283,living
1,D,D1,D1_00741,2.653,2.235,2.748,1.229,61.331,318.529,2.312,0.192545,living
1,D,D1,D1_00742,1.960,2.487,2.491,1.002,76.207,279.672,2.595,0.272486,living
1,D,D1,D1_00743,1.876,1.955,2.161,1.105,61.820,303.288,2.054,0.203832,living
1,D,D1,D1_00744,1.775,2.168,2.214,1.021,66.990,280.657,2.514,0.238692,living
1,D,D1,D1_00745,1.707,2.774,2.455,0.885,24.050,282.178,2.020,0.085228,living
1,D,D1,D1_00746,1.369,2.349,2.023,0.861,28.370,288.691,2.284,0.098272,living
1,D,D1,D1_00747,2.282,2.257,2.561,1.135,41.881,324.770,2.370,0.128957,living
1,D,D1,D1_00748,2.045,3.082,2.833,0.919,31.926,290.694,2.050,0.109825,living
1,D,D1,D1_00749,2.755,2.565,3.000,1.169,80.552,322.994,2.190,0.249392,living
1,D,D1,D1_00750,3.211,2.288,3.058,1.337,99.132,352.168,2.542,0.281489,living
1,D,D1,D1_00751,2.028,1.749,2.125,1.215,73.942,347.300,2.883,0.212904,living
1,D,D1,D1_00752,1.352,1.511,1.613,1.067,83.600,299.663,2.862,0.278981,living
1,D,D1,D1_00753,2.586,1.580,2.281,1.444,75.510,315.190,2.536,0.239570,living
1,D,D1,D1_00754,2.045,1.943,2.249,1.158,50.686,332.380,2.281,0.152494,living
1,D,D1,D1_00755,2.535,2.083,2.593,1.245,95.513,326.800,2.267,0.292268,living
1,D,D1,D1_00756,2.129,1.910,2.275,1.191,54.587,333.706,2.294,0.163579,living
1,D,D1,D1_00757,3.110,2.288,3.010,1.316,64.147,352.984,2.766,0.181727,living
1,D,D1,D1_00758,3.211,1.598,2.556,1.600,69.758,417.316,2.279,0.167159,living
1,D,D1,D1_00759,1.284,1.820,1.725,0.948,24.934,299.605,2.000,0.083224,living
1,D,D1,D1_00760,2.569,2.437,2.823,1.159,40.836,356.164,2.474,0.114654,living
1,D,D1,D1_00761,2.569,2.447,2.829,1.156,36.974,352.895,2.467,0.104773,living
1,D,D1,D1_00762,2.772,3.387,3.457,1.021,38.579,308.280,2.457,0.125143,living
1,D,D1,D1_00763,1.876,2.148,2.265,1.055,18.964,334.027,2.414,0.056774,living
1,D,D1,D1_00764,2.636,2.288,2.771,1.211,54.103,439.686,2.372,0.123048,living
1,D,D1,D1_00765,1.606,1.567,1.790,1.142,18.084,330.716,2.526,0.054682,living
1,D,D1,D1_00766,1.183,2.465,1.927,0.782,17.857,285.600,2.343,0.062525,living
1,D,D1,D1_00767,1.977,1.967,2.225,1.131,9.778,308.256,2.530,0.031720,living
1,D,D1,D1_00768,2.535,2.605,2.900,1.113,5.273,373.987,2.120,0.014100,living
1,D,D1,D1_00769,1.217,2.147,1.824,0.850,16.236,312.472,2.569,0.051960,living
1,D,D1,D1_00770,1.268,1.893,1.748,0.924,17.293,299.653,2.240,0.057711,living
1,D,D1,D1_00771,1.927,2.108,2.274,1.079,24.711,345.333,2.368,0.071556,living
1,D,D1,D1_00772,1.268,1.883,1.744,0.926,21.347,316.333,2.693,0.067482,living
1,D,D1,D1_00773,1.927,1.671,2.025,1.212,16.447,372.526,2.377,0.044151,living
1,D,D1,D1_00774,1.707,1.935,2.051,1.060,22.911,349.881,2.505,0.065482,living
1,D,D1,D1_00775,1.606,1.979,2.012,1.016,13.653,292.842,2.568,0.046621,living
1,D,D1,D1_00776,3.194,2.059,2.894,1.405,21.074,393.376,2.503,0.053572,living
1,D,D1,D1_00777,1.927,3.188,2.797,0.877,11.386,291.360,2.430,0.039079,living
1,D,D1,D1_00778,2.941,1.474,2.349,1.594,24.931,409.684,2.195,0.060854,living
1,D,D1,D1_00779,1.656,2.288,2.196,0.960,19.847,335.633,2.918,0.059133,living
1,D,D1,D1_00780,1.453,2.002,1.925,0.961,15.058,316.233,2.488,0.047617,living
1,D,D1,D1_00781,2.687,3.484,3.452,0.991,13.371,325.704,2.138,0.041053,living
1,D,D1,D1_00782,0.997,2.288,1.704,0.745,12.610,287.424,2.678,0.043873,living
1,D,D1,D1_00783,2.653,2.288,2.780,1.215,17.452,390.057,2.580,0.044743,living
1,D,D1,D1_00784,0.930,1.938,1.515,0.782,9.073,293.782,2.709,0.030883,living
1,D,D1,D1_00785,1.606,2.501,2.261,0.904,11.221,314.516,2.116,0.035677,living
1,D,D1,D1_00786,0.845,3.740,2.006,0.536,10.400,252.040,2.480,0.041263,living
1,D,D1,D1_00787,2.062,2.359,2.489,1.055,11.336,348.697,2.410,0.032510,living
1,D,D1,D1_00788,1.808,2.655,2.472,0.931,12.056,314.813,2.308,0.038296,living
1,D,D1,D1_00789,1.335,2.966,2.245,0.757,10.114,287.759,2.367,0.035147,living
1,D,D1,D1_00790,1.842,3.027,2.664,0.880,45.422,287.495,2.541,0.157992,living
1,D,D1,D1_00791,2.552,2.418,2.803,1.159,69.861,288.543,2.695,0.242116,living
1,D,D1,D1_00792,1.893,2.218,2.312,1.042,65.455,263.116,1.938,0.248770,living
1,D,D1,D1_00793,2.248,2.288,2.559,1.119,63.466,318.729,2.782,0.199122,living
1,D,D1,D1_00794,1.606,2.307,2.172,0.941,80.200,293.337,2.095,0.273406,living
1,D,D1,D1_00795,1.082,2.156,1.723,0.799,30.141,298.469,2.219,0.100984,living
1,D,D1,D1_00796,1.589,1.811,1.914,1.057,90.298,311.968,2.436,0.289446,living
1,D,D1,D1_00797,2.214,1.625,2.140,1.317,124.763,341.489,2.260,0.365352,living
1,D,D1,D1_00798,2.400,1.415,2.079,1.470,56.465,384.563,2.331,0.146828,living
1,D,D1,D1_00799,1.927,2.288,2.369,1.036,89.912,318.149,2.886,0.282610,living
1,D,D1,D1_00800,2.755,2.288,2.833,1.238,110.595,386.883,2.601,0.285862,living
1,D,D1,D1_00801,1.876,2.609,2.496,0.957,74.739,296.505,2.234,0.252066,living
1,D,D1,D1_00802,2.028,2.243,2.407,1.073,61.325,341.458,2.633,0.179597,living
1,D,D1,D1_00803,3.380,2.584,3.335,1.291,97.525,378.570,2.395,0.257614,living
1,D,D1,D1_00804,2.789,1.631,2.407,1.476,148.194,479.515,2.194,0.309050,living
1,D,D1,D1_00805,2.265,2.373,2.616,1.102,59.179,344.940,2.231,0.171563,living
1,D,D1,D1_00806,1.521,1.821,1.878,1.031,81.356,332.167,2.356,0.244924,living
1,D,D1,D1_00807,1.437,1.717,1.772,1.032,43.094,357.824,2.518,0.120434,living
1,D,D1,D1_00808,1.335,2.288,1.972,0.862,29.684,323.494,2.316,0.091759,living
1,D,D1,D1_00809,1.589,2.288,2.151,0.940,41.596,324.660,2.649,0.128121,living
1,D,D1,D1_00810,2.045,2.348,2.473,1.053,44.876,354.876,2.504,0.126456,living
1,D,D1,D1_00811,2.214,1.724,2.205,1.279,85.214,378.412,2.260,0.225188,living
1,D,D1,D1_00812,3.143,2.002,2.830,1.414,63.554,383.914,2.441,0.165542,living
1,D,D1,D1_00813,2.991,2.288,2.952,1.290,80.282,378.311,2.633,0.212213,living
1,D,D1,D1_00814,2.045,1.506,1.980,1.315,60.364,362.339,2.050,0.166594,living
1,D,D1,D1_00815,2.856,2.507,3.019,1.204,84.663,370.645,2.609,0.228420,living
1,D,D1,D1_00816,2.467,1.660,2.283,1.376,44.575,383.096,2.486,0.116356,living
1,D,D1,D1_00817,3.160,2.093,2.902,1.386,50.075,445.107,2.262,0.112501,living
1,D,D1,D1_00818,2.958,2.758,3.223,1.169,41.143,409.406,2.543,0.100494,living
1,D,D1,D1_00819,2.535,2.013,2.549,1.266,36.300,467.260,2.287,0.077687,living
1,D,D1,D1_00820,1.538,2.288,2.117,0.925,16.703,342.473,2.857,0.048773,living
1,D,D1,D1_00821,2.011,1.935,2.226,1.150,26.277,385.555,2.487,0.068155,living
1,D,D1,D1_00822,2.045,1.937,2.246,1.159,26.000,401.562,2.223,0.064747,living
1,D,D1,D1_00823,1.538,2.133,2.044,0.958,15.154,340.934,2.604,0.044448,living
1,D,D1,D1_00824,2.298,3.241,3.079,0.950,14.868,335.706,2.324,0.044288,living
1,D,D1,D1_00825,1.758,2.270,2.254,0.993,14.433,332.029,2.385,0.043468,living
1,D,D1,D1_00826,3.211,3.839,3.962,1.032,14.874,367.163,2.411,0.040510,living
1,D,D1,D1_00827,1.791,2.288,2.284,0.998,9.019,294.745,2.830,0.030599,living
1,D,D1,D1_00828,2.738,2.530,2.970,1.174,15.241,405.235,2.407,0.037610,living
1,D,D1,D1_00829,1.115,1.801,1.599,0.888,10.303,326.833,1.985,0.031524,living
1,D,D1,D1_00830,1.031,2.654,1.867,0.703,12.934,313.443,2.459,0.041266,living
1,D,D1,D1_00831,2.974,2.288,2.943,1.287,14.375,333.341,2.722,0.043124,living
1,D,D1,D1_00832,1.386,1.865,1.814,0.973,15.415,366.951,2.793,0.042007,living
1,D,D1,D1_00833,1.183,2.262,1.846,0.816,13.900,343.314,2.986,0.040488,living
1,D,D1,D1_00834,2.822,2.339,2.899,1.239,9.707,338.461,2.341,0.028679,living
1,D,D1,D1_00835,1.994,2.288,2.410,1.053,64.297,260.271,2.339,0.247037,living
1,D,D1,D1_00836,1.538,4.750,3.050,0.642,48.659,231.747,2.670,0.209967,living
1,D,D1,D1_00837,1.977,1.953,2.217,1.135,57.111,266.385,2.521,0.214393,living
1,D,D1,D1_00838,2.180,2.288,2.520,1.101,24.628,300.349,2.620,0.081998,living
1,D,D1,D1_00839,1.825,2.511,2.416,0.962,13.167,299.843,2.315,0.043912,living
1,D,D1,D1_00840,2.603,2.266,2.740,1.209,76.377,323.247,2.558,0.236280,living
1,D,D1,D1_00841,2.113,1.592,2.070,1.300,107.616,368.952,2.672,0.291680,living
1,D,D1,D1_00842,3.076,2.288,2.993,1.308,95.786,318.500,2.341,0.300740,living
1,D,D1,D1_00843,2.991,2.288,2.952,1.290,67.819,337.859,2.548,0.200732,living
1,D,D1,D1_00844,2.789,2.045,2.695,1.318,73.964,405.006,2.097,0.182624,living
1,D,D1,D1_00845,1.724,2.288,2.241,0.980,101.441,326.647,2.784,0.310553,living
1,D,D1,D1_00846,3.110,2.607,3.213,1.232,73.543,334.288,2.435,0.220000,living
1,D,D1,D1_00847,2.265,2.288,2.569,1.123,98.948,360.940,2.813,0.274139,living
1,D,D1,D1_00848,1.842,2.344,2.345,1.000,29.495,320.881,2.596,0.091920,living
1,D,D1,D1_00849,3.194,2.288,3.050,1.333,54.143,347.095,2.661,0.155988,living
1,D,D1,D1_00850,1.572,1.838,1.918,1.044,47.667,324.151,2.011,0.147051,living
1,D,D1,D1_00851,1.504,2.085,1.998,0.958,35.303,288.652,2.438,0.122304,living
1,D,D1,D1_00852,1.589,1.649,1.827,1.108,35.362,346.691,2.160,0.101998,living
1,D,D1,D1_00853,2.467,2.099,2.568,1.223,39.575,342.356,2.548,0.115597,living
1,D,D1,D1_00854,2.755,2.288,2.833,1.238,24.325,380.025,2.620,0.064009,living
1,D,D1,D1_00855,1.707,1.927,2.047,1.062,29.832,346.109,2.198,0.086192,living
1,D,D1,D1_00856,1.504,1.810,1.862,1.029,45.618,321.685,2.191,0.141809,living
1,D,D1,D1_00857,2.687,2.288,2.798,1.223,39.698,363.516,2.805,0.109206,living
1,D,D1,D1_00858,2.805,2.493,2.984,1.197,23.855,326.663,2.512,0.073028,living
1,D,D1,D1_00859,3.076,2.288,2.993,1.308,21.198,352.577,2.846,0.060122,living
1,D,D1,D1_00860,2.129,2.288,2.490,1.089,39.841,363.714,2.659,0.109540,living
1,D,D1,D1_00861,1.453,2.085,1.964,0.942,16.686,341.186,2.186,0.048906,living
1,D,D1,D1_00862,1.031,2.122,1.669,0.787,20.787,316.787,2.443,0.065618,living
1,D,D1,D1_00863,2.603,2.133,2.659,1.247,30.987,409.682,2.578,0.075637,living
1,D,D1,D1_00864,2.636,2.433,2.858,1.175,19.699,375.071,2.071,0.052520,living
1,D,D1,D1_00865,2.265,1.965,2.381,1.211,33.440,375.537,2.134,0.089047,living
1,D,D1,D1_00866,2.366,2.438,2.710,1.112,23.636,350.621,2.079,0.067411,living
1,D,D1,D1_00867,1.639,2.286,2.184,0.955,21.423,330.175,2.330,0.064883,living
1,D,D1,D1_00868,1.065,2.112,1.692,0.801,15.238,315.730,2.317,0.048263,living
1,D,D1,D1_00869,2.248,4.069,3.413,0.839,14.233,301.098,2.271,0.047271,living
1,D,D1,D1_00870,1.741,3.757,2.886,0.768,13.883,294.485,2.350,0.047145,living
1,D,D1,D1_00871,2.687,2.554,2.956,1.157,23.107,380.214,2.409,0.060773,living
1,D,D1,D1_00872,2.636,2.288,2.771,1.211,25.667,425.308,2.910,0.060348,living
1,D,D1,D1_00873,1.538,1.784,1.869,1.048,16.220,332.956,2.868,0.048714,living
1,D,D1,D1_00874,1.369,3.535,2.482,0.702,12.185,278.160,2.333,0.043806,living
1,D,D1,D1_00875,2.248,2.352,2.595,1.103,17.474,354.571,2.571,0.049281,living
1,D,D1,D1_00876,2.129,2.288,2.490,1.089,18.071,379.563,2.603,0.047611,living
1,D,D1,D1_00877,2.890,2.828,3.226,1.141,16.105,365.392,2.626,0.044077,living
1,D,D1,D1_00878,2.721,2.984,3.215,1.078,15.087,343.919,2.416,0.043868,living
1,D,D1,D1_00879,1.352,1.820,1.770,0.973,14.350,336.725,2.562,0.042616,living
1,D,D1,D1_00880,1.521,2.279,2.101,0.922,10.544,320.567,2.689,0.032893,living
1,D,D1,D1_00881,1.115,1.934,1.657,0.857,9.197,291.500,1.909,0.031550,living
1,D,D1,D1_00882,2.603,2.922,3.112,1.065,17.208,350.208,2.792,0.049136,living
1,D,D1,D1_00883,2.315,2.288,2.597,1.135,4.839,319.285,2.693,0.015157,living
1,D,D1,D1_00884,2.484,2.833,2.993,1.057,4.306,283.748,2.469,0.015176,living
1,D,D1,D1_00885,1.369,2.154,1.938,0.900,6.679,282.963,2.333,0.023604,living
1,D,D1,D1_00886,2.180,2.288,2.520,1.101,11.891,319.039,2.713,0.037273,living
1,D,D1,D1_00887,1.470,2.832,2.302,0.813,9.885,296.322,2.655,0.033359,living
1,D,D1,D1_00888,1.318,1.833,1.754,0.957,82.526,281.744,2.731,0.292910,living
1,D,D1,D1_00889,1.504,2.402,2.145,0.893,60.528,267.056,2.079,0.226649,living
1,D,D1,D1_00890,1.589,1.765,1.890,1.071,74.936,325.702,2.266,0.230076,living
1,D,D1,D1_00891,2.721,2.655,3.033,1.142,76.068,322.273,2.323,0.236037,living
1,D,D1,D1_00892,2.062,1.949,2.262,1.161,64.336,322.336,2.352,0.199593,living
1,D,D1,D1_00893,2.974,2.327,2.968,1.276,79.034,379.324,2.608,0.208355,living
1,D,D1,D1_00894,1.960,1.999,2.234,1.117,15.078,348.647,2.431,0.043246,living
1,D,D1,D1_00895,1.622,2.107,2.086,0.990,21.396,328.385,2.281,0.065155,living
1,D,D1,D1_00896,1.707,2.099,2.136,1.018,14.485,320.406,2.554,0.045209,living
1,D,D1,D1_00897,1.758,1.860,2.040,1.097,19.250,357.538,2.327,0.053840,living
1,D,D1,D1_00898,2.248,1.637,2.165,1.322,32.827,419.406,2.624,0.078270,living
1,D,D1,D1_00899,1.927,2.098,2.269,1.081,30.623,366.491,2.404,0.083557,living
1,D,D1,D1_00900,2.552,2.437,2.814,1.155,34.199,383.185,2.550,0.089248,living
1,D,D1,D1_00901,2.113,2.518,2.603,1.034,22.080,337.344,2.552,0.065452,living
1,D,D1,D1_00902,1.876,2.645,2.514,0.950,16.523,343.712,2.640,0.048071,living
1,D,D1,D1_00903,1.656,2.469,2.282,0.924,13.806,322.622,2.673,0.042793,living
1,D,D1,D1_00904,2.129,1.704,2.149,1.261,25.881,403.667,2.190,0.064115,living
1,D,D1,D1_00905,1.437,1.826,1.828,1.001,16.612,345.388,2.306,0.048096,living
1,D,D1,D1_00906,1.099,1.967,1.659,0.843,12.323,293.108,2.815,0.042043,living
1,D,D1,D1_00907,2.974,2.207,2.891,1.310,20.722,431.614,2.676,0.048010,living
1,D,D1,D1_00908,2.079,2.535,2.590,1.022,14.545,333.862,2.512,0.043565,living
1,D,D1,D1_00909,2.332,1.867,2.354,1.261,14.152,367.819,2.123,0.038476,living
1,D,D1,D1_00910,1.115,1.731,1.568,0.906,12.288,324.076,2.606,0.037917,living
1,D,D1,D1_00911,1.115,2.288,1.802,0.788,11.030,294.970,3.273,0.037395,living
1,D,D1,D1_00912,1.420,2.346,2.060,0.878,10.155,303.369,2.548,0.033473,living
1,D,D1,D1_00913,0.761,2.300,1.493,0.649,9.022,296.333,2.222,0.030446,living
1,D,D1,D1_00914,2.231,3.918,3.336,0.851,9.326,306.538,2.242,0.030423,living
1,D,D1,D1_00915,1.893,1.884,2.131,1.131,74.500,307.964,2.509,0.241911,living
1,D,D1,D1_00916,3.380,2.288,3.138,1.372,65.955,302.440,2.620,0.218076,living
1,D,D1,D1_00917,0.879,1.571,1.326,0.844,51.000,298.519,2.442,0.170843,living
1,D,D1,D1_00918,1.893,1.668,2.005,1.202,110.420,366.429,2.821,0.301340,living
1,D,D1,D1_00919,1.386,2.291,2.011,0.878,53.268,296.988,2.915,0.179362,living
1,D,D1,D1_00920,1.639,2.099,2.093,0.997,69.660,318.464,2.340,0.218737,living
1,D,D1,D1_00921,1.352,1.657,1.689,1.019,61.913,355.387,2.712,0.174211,living
1,D,D1,D1_00922,2.535,2.596,2.895,1.115,109.173,321.940,2.453,0.339111,living
1,D,D1,D1_00923,1.825,1.869,2.084,1.115,82.778,321.880,2.380,0.257170,living
1,D,D1,D1_00924,2.045,1.493,1.972,1.321,92.702,414.868,2.306,0.223451,living
1,D,D1,D1_00925,2.907,2.339,2.942,1.258,103.692,403.273,2.471,0.257126,living
1,D,D1,D1_00926,2.704,3.985,3.704,0.929,60.869,316.775,2.481,0.192151,living
1,D,D1,D1_00927,1.960,1.621,2.011,1.241,113.569,372.388,2.595,0.304975,living
1,D,D1,D1_00928,1.622,2.034,2.050,1.008,43.938,354.500,2.385,0.123942,living
1,D,D1,D1_00929,1.791,1.757,2.002,1.139,65.028,369.660,2.594,0.175914,living
1,D,D1,D1_00930,1.758,1.776,1.994,1.123,27.192,385.346,2.413,0.070566,living
1,D,D1,D1_00931,2.620,2.166,2.688,1.241,82.890,398.503,2.387,0.208004,living
1,D,D1,D1_00932,1.775,2.601,2.425,0.932,41.943,313.543,2.143,0.133771,living
1,D,D1,D1_00933,2.315,2.828,2.887,1.021,45.066,344.474,2.898,0.130824,living
1,D,D1,D1_00934,2.501,2.288,2.699,1.180,65.527,351.020,2.588,0.186676,living
1,D,D1,D1_00935,1.876,2.126,2.253,1.060,60.577,353.559,2.505,0.171334,living
1,D,D1,D1_00936,2.484,2.380,2.744,1.153,62.776,380.218,2.265,0.165104,living
1,D,D1,D1_00937,2.096,2.595,2.632,1.014,47.653,333.500,2.855,0.142888,living
1,D,D1,D1_00938,3.312,2.246,3.078,1.370,75.724,472.041,2.469,0.160419,living
1,D,D1,D1_00939,2.062,3.168,2.884,0.910,38.648,314.951,2.475,0.122710,living
1,D,D1,D1_00940,3.296,2.929,3.506,1.197,45.297,382.441,2.718,0.118443,living
1,D,D1,D1_00941,2.180,1.837,2.258,1.229,49.295,420.000,2.961,0.117368,living
1,D,D1,D1_00942,1.690,1.675,1.898,1.133,39.350,352.720,2.570,0.111562,living
1,D,D1,D1_00943,1.927,2.288,2.369,1.036,44.868,389.202,2.895,0.115283,living
1,D,D1,D1_00944,1.521,2.044,1.990,0.973,27.600,366.178,2.611,0.075373,living
1,D,D1,D1_00945,2.231,2.219,2.511,1.131,36.742,387.924,2.652,0.094715,living
1,D,D1,D1_00946,1.487,1.861,1.877,1.009,30.011,365.045,2.398,0.082213,living
1,D,D1,D1_00947,1.639,1.817,1.947,1.072,38.454,383.866,2.175,0.100175,living
1,D,D1,D1_00948,2.484,2.143,2.603,1.215,27.027,417.741,2.680,0.064698,living
1,D,D1,D1_00949,1.622,1.884,1.973,1.047,28.812,364.927,2.677,0.078954,living
1,D,D1,D1_00950,1.927,1.811,2.108,1.164,23.746,375.289,2.939,0.063273,living
1,D,D1,D1_00951,1.572,2.309,2.150,0.931,21.946,338.430,2.624,0.064847,living
1,D,D1,D1_00952,1.808,2.194,2.247,1.024,25.710,379.738,2.551,0.067705,living
1,D,D1,D1_00953,1.251,2.031,1.799,0.886,19.608,335.730,3.054,0.058404,living
1,D,D1,D1_00954,3.042,2.253,2.954,1.311,20.411,396.167,2.244,0.051522,living
1,D,D1,D1_00955,3.279,2.543,3.258,1.281,15.892,393.005,2.149,0.040436,living
1,D,D1,D1_00956,1.538,1.727,1.839,1.065,19.473,397.978,2.330,0.048929,living
1,D,D1,D1_00957,3.008,3.227,3.516,1.089,19.989,369.702,2.792,0.054067,living
1,D,D1,D1_00958,0.761,2.289,1.489,0.651,10.867,305.600,2.556,0.035558,living
1,D,D1,D1_00959,1.335,2.054,1.869,0.910,11.722,319.228,2.911,0.036718,living
1,D,D1,D1_00960,1.014,3.607,2.158,0.598,9.867,293.817,2.283,0.033581,living
1,D,D1,D1_00961,1.065,4.929,2.585,0.525,8.635,277.667,2.429,0.031098,living
1,D,D1,D1_00962,0.845,3.000,1.797,0.599,9.400,295.760,2.360,0.031783,living
1,D,D1,D1_00963,0.710,2.410,1.476,0.612,8.690,291.619,2.333,0.029801,living
1,D,D1,D1_00964,0.794,3.985,2.007,0.504,35.489,223.021,2.617,0.159130,living
1,D,D1,D1_00965,2.451,2.260,2.656,1.175,84.028,286.379,2.310,0.293414,living
1,D,D1,D1_00966,1.453,2.466,2.136,0.866,35.930,254.174,2.791,0.141361,living
1,D,D1,D1_00967,1.234,3.786,2.439,0.644,42.836,218.288,2.973,0.196235,living
1,D,D1,D1_00968,1.217,1.879,1.706,0.908,67.778,226.069,2.264,0.299810,living
1,D,D1,D1_00969,0.693,2.375,1.448,0.610,72.171,188.927,1.707,0.382004,living
1,D,D1,D1_00970,0.963,1.788,1.481,0.828,71.281,225.947,2.386,0.315475,living
1,D,D1,D1_00971,2.231,1.693,2.193,1.295,65.220,289.848,2.409,0.225013,living
1,D,D1,D1_00972,1.183,1.851,1.670,0.902,30.329,253.286,2.514,0.119741,living
1,D,D1,D1_00973,2.991,2.585,3.138,1.214,72.226,312.531,2.379,0.231100,living
1,D,D1,D1_00974,3.177,2.056,2.884,1.403,71.479,325.745,2.787,0.219432,living
1,D,D1,D1_00975,2.197,1.849,2.274,1.230,105.254,316.131,2.308,0.332944,living
1,D,D1,D1_00976,2.620,2.288,2.763,1.208,87.787,305.323,2.645,0.287522,living
1,D,D1,D1_00977,2.197,2.855,2.826,0.990,71.200,226.723,2.354,0.314039,living
1,D,D1,D1_00978,2.958,2.470,3.050,1.235,76.709,323.954,2.629,0.236788,living
1,D,D1,D1_00979,1.927,2.095,2.267,1.082,40.246,300.491,2.518,0.133933,living
1,D,D1,D1_00980,3.329,1.966,2.887,1.468,90.665,381.949,2.274,0.237374,living
1,D,D1,D1_00981,2.924,1.485,2.351,1.583,27.775,294.410,2.659,0.094340,living
1,D,D1,D1_00982,3.093,3.304,3.607,1.092,46.656,309.656,2.448,0.150670,living
1,D,D1,D1_00983,1.115,2.278,1.798,0.789,39.712,237.121,2.682,0.167476,living
1,D,D1,D1_00984,1.944,1.803,2.113,1.172,2.713,329.391,2.835,0.008237,living
1,D,D1,D1_00985,2.484,2.480,2.801,1.129,46.211,332.973,2.667,0.138783,living
1,D,D1,D1_00986,2.197,2.465,2.626,1.065,27.808,318.846,2.569,0.087214,living
1,D,D1,D1_00987,2.231,1.824,2.276,1.248,33.023,357.394,2.515,0.092399,living
1,D,D1,D1_00988,1.099,1.595,1.494,0.937,28.554,279.354,2.815,0.102214,living
1,D,D1,D1_00989,2.941,3.020,3.363,1.114,29.523,331.764,2.017,0.088988,living
1,D,D1,D1_00990,0.845,1.990,1.463,0.735,20.460,273.260,2.700,0.074874,living
1,D,D1,D1_00991,1.115,2.400,1.846,0.769,4.106,260.727,2.773,0.015748,living
1,D,D1,D1_00992,0.963,2.255,1.663,0.737,16.772,251.842,2.298,0.066597,living
1,D,D1,D1_00993,1.268,1.933,1.767,0.914,15.480,304.067,2.253,0.050910,living
1,D,D1,D1_00994,1.166,3.485,2.275,0.653,12.783,248.261,2.870,0.051489,living
1,D,D1,D1_00995,0.693,4.379,1.966,0.449,18.171,224.000,2.537,0.081119,living
1,D,D1,D1_00996,1.453,2.637,2.209,0.838,18.000,274.919,2.709,0.065474,living
1,D,D1,D1_00997,1.386,1.994,1.876,0.941,13.256,309.585,2.122,0.042819,living
1,D,D1,D1_00998,0.828,2.011,1.456,0.724,10.286,256.082,2.878,0.040166,living
1,D,D1,D1_00999,1.318,2.155,1.902,0.882,10.782,289.821,2.269,0.037203,living
1,D,D1,D1_01000,2.805,4.083,3.819,0.935,10.584,286.217,2.386,0.036980,living
1,D,D1,D1_01001,2.400,2.490,2.758,1.108,17.451,335.838,2.324,0.051962,living
1,D,D1,D1_01002,1.301,3.636,2.454,0.675,8.078,248.883,2.403,0.032457,living
1,D,D1,D1_01003,1.099,3.472,2.204,0.635,8.585,244.446,2.954,0.035119,living
1,D,D1,D1_01004,1.065,1.870,1.592,0.852,86.921,310.905,2.619,0.279573,living
1,D,D1,D1_01005,1.082,2.870,1.988,0.693,42.922,317.219,2.672,0.135307,living
1,D,D1,D1_01006,1.183,3.192,2.193,0.687,25.043,300.471,2.086,0.083345,living
1,D,D1,D1_01007,1.859,2.027,2.190,1.081,91.300,338.100,2.418,0.270038,living
1,D,D1,D1_01008,2.180,2.079,2.402,1.155,118.907,407.016,2.550,0.292144,living
1,D,D1,D1_01009,1.183,2.024,1.746,0.863,49.971,344.271,2.657,0.145151,living
1,D,D1,D1_01010,1.910,1.733,2.053,1.185,104.080,366.894,2.115,0.283678,living
1,D,D1,D1_01011,1.149,2.288,1.829,0.800,93.029,267.912,32.000,0.347239,dead
1,D,D1,D1_01012,1.977,3.167,2.823,0.892,47.308,356.624,2.282,0.132654,living
1,D,D1,D1_01013,2.129,1.775,2.194,1.236,7.627,351.976,2.619,0.021669,living
1,D,D1,D1_01014,1.369,1.872,1.806,0.965,61.123,371.099,2.765,0.164709,living
1,D,D1,D1_01015,2.856,3.318,3.474,1.047,80.272,375.243,2.438,0.213921,living
1,D,D1,D1_01016,2.298,1.863,2.335,1.253,102.618,462.265,2.441,0.221989,living
1,D,D1,D1_01017,2.265,2.148,2.489,1.159,88.545,428.037,2.664,0.206862,living
1,D,D1,D1_01018,1.791,2.041,2.157,1.057,46.425,424.387,2.566,0.109392,living
1,D,D1,D1_01019,1.369,2.574,2.118,0.823,53.136,345.543,2.481,0.153775,living
1,D,D1,D1_01020,2.974,2.524,3.092,1.225,64.534,462.915,2.807,0.139408,living
1,D,D1,D1_01021,1.960,2.322,2.407,1.037,51.638,419.724,2.336,0.123028,living
1,D,D1,D1_01022,0.896,2.012,1.515,0.753,21.283,370.208,2.547,0.057489,living
1,D,D1,D1_01023,1.589,1.804,1.910,1.059,54.128,445.872,2.149,0.121397,living
1,D,D1,D1_01024,2.045,2.796,2.698,0.965,34.099,383.405,2.380,0.088938,living
1,D,D1,D1_01025,2.603,1.951,2.543,1.303,34.429,501.442,2.078,0.068659,living
1,D,D1,D1_01026,2.501,2.288,2.699,1.180,24.757,419.932,2.824,0.058954,living
1,D,D1,D1_01027,1.859,2.601,2.481,0.954,20.255,405.255,2.518,0.049980,living
1,D,D1,D1_01028,2.772,2.462,2.948,1.197,42.323,506.140,2.445,0.083619,living
1,D,D1,D1_01029,1.977,2.777,2.644,0.952,20.026,397.026,2.709,0.050439,living
1,D,D1,D1_01030,1.555,1.799,1.887,1.049,28.696,432.880,2.565,0.066290,living
1,D,D1,D1_01031,0.963,2.281,1.672,0.733,19.193,384.140,2.912,0.049963,living
1,D,D1,D1_01032,2.704,1.925,2.574,1.337,4.431,423.919,2.550,0.010453,living
1,D,D1,D1_01033,1.217,1.565,1.557,0.995,17.583,430.181,2.028,0.040874,living
1,D,D1,D1_01034,0.879,2.095,1.531,0.731,12.058,368.731,2.635,0.032701,living
1,D,D1,D1_01035,1.217,3.617,2.367,0.655,12.764,341.375,2.333,0.037390,living
1,D,D1,D1_01036,2.755,2.288,2.833,1.238,82.092,304.252,2.301,0.269816,living
1,D,D1,D1_01037,2.028,2.288,2.430,1.062,39.650,354.042,2.250,0.111992,living
1,D,D1,D1_01038,1.927,2.288,2.369,1.036,40.930,304.579,3.026,0.134382,living
1,D,D1,D1_01039,2.907,2.288,2.910,1.272,14.058,282.035,3.006,0.049845,living
1,D,D1,D1_01040,2.113,2.288,2.481,1.084,43.096,274.456,2.184,0.157023,living
1,D,D1,D1_01041,2.248,2.288,2.559,1.119,46.060,304.436,2.451,0.151297,living
1,D,D1,D1_01042,2.045,2.288,2.441,1.067,53.008,292.917,2.587,0.180967,living
1,D,D1,D1_01043,1.960,2.288,2.389,1.044,87.810,317.578,2.336,0.276500,living
1,D,D1,D1_01044,1.994,2.288,2.410,1.053,78.992,317.915,2.373,0.248467,living
1,D,D1,D1_01045,1.977,2.288,2.400,1.049,2.436,349.684,2.744,0.006966,living
1,D,D1,D1_01046,2.620,2.288,2.763,1.208,36.090,311.484,2.116,0.115866,living
1,D,D1,D1_01047,2.653,2.288,2.780,1.215,83.561,335.936,2.573,0.248739,living
1,D,D1,D1_01048,3.110,2.288,3.010,1.316,82.804,348.815,2.554,0.237387,living
1,D,D1,D1_01049,1.977,2.288,2.400,1.049,37.897,309.026,2.291,0.122635,living
1,D,D1,D1_01050,3.262,2.288,3.082,1.347,53.725,385.860,2.653,0.139235,living
1,D,D1,D1_01051,2.873,2.288,2.893,1.264,33.571,355.482,2.612,0.094437,living
1,D,D1,D1_01052,1.842,2.288,2.316,1.012,63.486,345.991,2.606,0.183491,living
1,D,D1,D1_01053,1.893,2.288,2.348,1.026,49.812,342.866,2.420,0.145283,living
1,D,D1,D1_01054,2.315,2.288,2.597,1.135,55.555,382.139,2.569,0.145378,living
1,D,D1,D1_01055,1.504,2.288,2.093,0.915,21.753,302.865,2.899,0.071823,living
1,D,D1,D1_01056,1.977,2.288,2.400,1.049,42.308,360.000,2.504,0.117521,living
1,D,D1,D1_01057,2.518,2.288,2.708,1.184,2.826,324.738,2.483,0.008701,living
1,D,D1,D1_01058,1.268,2.288,1.922,0.840,14.733,282.213,2.013,0.052206,living
1,D,D1,D1_01059,2.805,2.288,2.858,1.249,39.639,443.169,2.663,0.089443,living
1,D,D1,D1_01060,2.839,2.288,2.876,1.257,27.000,354.310,2.131,0.076205,living
1,D,D1,D1_01061,1.031,2.288,1.733,0.757,12.967,285.721,2.328,0.045384,living
1,D,D1,D1_01062,2.231,2.288,2.549,1.114,23.477,357.758,2.341,0.065623,living
1,D,D1,D1_01063,1.099,2.288,1.789,0.782,11.985,293.431,2.262,0.040843,living
1,D,D1,D1_01064,1.082,2.288,1.775,0.776,12.094,304.547,2.453,0.039711,living
1,D,D1,D1_01065,0.930,2.288,1.646,0.719,14.091,294.564,2.945,0.047837,living
1,D,D1,D1_01066,2.434,2.288,2.663,1.164,9.382,303.375,2.118,0.030925,living
1,D,D1,D1_01067,1.960,2.288,2.389,1.044,14.336,319.569,2.216,0.044861,living
1,D,D1,D1_01068,1.487,2.288,2.081,0.910,15.250,314.466,2.330,0.048495,living
1,D,D1,D1_01069,1.268,2.288,1.922,0.840,14.453,330.827,2.413,0.043689,living
1,D,D1,D1_01070,1.352,2.288,1.984,0.867,13.625,317.125,2.775,0.042964,living
1,D,D1,D1_01071,2.535,2.288,2.717,1.188,13.840,319.313,2.147,0.043343,living
1,D,D1,D1_01072,1.268,2.288,1.922,0.840,11.440,299.347,2.720,0.038217,living
1,D,D1,D1_01073,1.589,2.914,2.428,0.833,11.362,289.660,2.106,0.039224,living
1,D,D1,D1_01074,0.676,2.288,1.403,0.613,22.175,298.300,4.025,0.074338,living
1,D,D1,D1_01075,2.298,1.339,1.979,1.478,88.051,310.162,2.316,0.283889,living
1,D,D1,D1_01076,1.453,2.790,2.272,0.814,7.651,297.977,2.907,0.025677,living
1,D,D1,D1_01077,2.028,2.023,2.286,1.130,52.933,343.208,2.233,0.154231,living
1,D,D1,D1_01078,1.589,2.733,2.351,0.860,63.553,276.585,2.447,0.229778,living
1,D,D1,D1_01079,1.251,1.627,1.610,0.989,46.486,306.297,2.095,0.151769,living
1,D,D1,D1_01080,2.096,2.545,2.606,1.024,29.556,333.613,2.419,0.088595,living
1,D,D1,D1_01081,2.552,2.476,2.836,1.146,69.576,351.980,2.702,0.197671,living
1,D,D1,D1_01082,1.859,1.979,2.164,1.094,95.500,328.400,2.555,0.290804,living
1,D,D1,D1_01083,2.924,2.278,2.912,1.278,40.798,361.509,2.468,0.112854,living
1,D,D1,D1_01084,2.586,2.633,2.944,1.118,82.843,340.627,2.765,0.243207,living
1,D,D1,D1_01085,2.451,1.715,2.313,1.349,93.048,423.366,2.497,0.219782,living
1,D,D1,D1_01086,2.400,1.668,2.258,1.354,87.908,404.507,2.401,0.217322,living
1,D,D1,D1_01087,2.704,2.708,3.053,1.128,50.400,365.312,2.462,0.137964,living
1,D,D1,D1_01088,2.129,2.118,2.396,1.131,57.762,357.127,2.611,0.161741,living
1,D,D1,D1_01089,1.808,2.027,2.160,1.066,31.505,353.636,2.215,0.089088,living
1,D,D1,D1_01090,3.093,2.555,3.172,1.242,48.962,379.552,2.437,0.128999,living
1,D,D1,D1_01091,2.180,1.938,2.319,1.197,68.922,354.395,2.318,0.194479,living
1,D,D1,D1_01092,2.501,2.599,2.877,1.107,60.926,354.986,2.426,0.171628,living
1,D,D1,D1_01093,1.335,1.823,1.760,0.966,53.367,324.620,2.646,0.164399,living
1,D,D1,D1_01094,2.603,1.999,2.574,1.288,70.091,411.149,2.812,0.170476,living
1,D,D1,D1_01095,2.214,1.995,2.371,1.189,44.947,394.305,2.786,0.113989,living
1,D,D1,D1_01096,1.724,2.631,2.403,0.913,23.618,326.373,2.539,0.072364,living
1,D,D1,D1_01097,1.876,2.200,2.292,1.042,38.297,323.180,2.577,0.118501,living
1,D,D1,D1_01098,2.231,1.385,1.983,1.432,14.674,368.280,2.288,0.039845,living
1,D,D1,D1_01099,1.504,2.288,2.093,0.915,31.888,340.404,2.517,0.093676,living
1,D,D1,D1_01100,1.622,1.808,1.932,1.069,44.740,365.938,2.104,0.122260,living
1,D,D1,D1_01101,2.687,1.654,2.379,1.438,28.597,462.648,2.415,0.061813,living
1,D,D1,D1_01102,1.977,2.628,2.572,0.979,33.009,335.000,2.393,0.098533,living
1,D,D1,D1_01103,2.113,3.499,3.068,0.877,13.480,312.416,1.760,0.043148,living
1,D,D1,D1_01104,1.960,2.183,2.334,1.069,37.922,360.905,2.353,0.105076,living
1,D,D1,D1_01105,2.146,2.288,2.500,1.093,40.063,400.457,2.551,0.100043,living
1,D,D1,D1_01106,3.211,2.279,3.052,1.339,2.653,297.426,2.300,0.008919,living
1,D,D1,D1_01107,2.789,2.938,3.230,1.099,27.236,364.515,2.327,0.074719,living
1,D,D1,D1_01108,2.248,2.773,2.817,1.016,24.534,356.962,2.414,0.068729,living
1,D,D1,D1_01109,2.417,1.807,2.358,1.305,22.790,380.881,2.406,0.059835,living
1,D,D1,D1_01110,2.062,1.808,2.179,1.205,11.811,308.926,2.648,0.038234,living
1,D,D1,D1_01111,2.298,3.256,3.087,0.948,15.537,322.721,2.397,0.048143,living
1,D,D1,D1_01112,2.214,2.753,2.786,1.012,16.870,353.870,2.580,0.047673,living
1,D,D1,D1_01113,1.842,2.742,2.536,0.925,19.596,342.193,2.587,0.057267,living
1,D,D1,D1_01114,1.842,2.739,2.535,0.925,16.899,334.606,2.862,0.050504,living
1,D,D1,D1_01115,2.772,2.442,2.936,1.202,28.049,407.884,2.159,0.068767,living
1,D,D1,D1_01116,2.180,3.395,3.070,0.904,9.442,328.023,2.318,0.028784,living
1,D,D1,D1_01117,1.808,2.215,2.258,1.019,16.953,349.710,2.869,0.048478,living
1,D,D1,D1_01118,1.960,2.288,2.389,1.044,12.224,298.655,2.483,0.040931,living
1,D,D1,D1_01119,2.839,3.190,3.396,1.064,14.887,363.274,2.095,0.040980,living
1,D,D1,D1_01120,1.251,2.425,1.965,0.810,10.986,321.324,2.878,0.034191,living
1,D,D1,D1_01121,1.893,2.591,2.499,0.964,17.071,329.580,2.714,0.051797,living
1,D,D1,D1_01122,1.504,2.223,2.063,0.928,12.056,328.831,2.607,0.036664,living
1,D,D1,D1_01123,1.301,1.939,1.792,0.924,13.532,319.961,1.948,0.042294,living
1,D,D1,D1_01124,1.217,1.810,1.675,0.925,12.403,338.125,2.111,0.036681,living
1,D,D1,D1_01125,0.845,2.117,1.509,0.713,11.960,318.400,2.460,0.037563,living
1,D,D1,D1_01126,1.555,1.821,1.899,1.043,79.707,296.489,2.587,0.268835,living
1,D,D1,D1_01127,1.572,1.848,1.923,1.041,21.129,308.011,2.581,0.068598,living
1,D,D1,D1_01128,2.332,2.288,2.606,1.139,66.370,280.986,24.978,0.236203,dead
1,D,D1,D1_01129,0.744,2.645,1.583,0.598,42.841,262.773,2.500,0.163034,living
1,D,D1,D1_01130,2.214,2.018,2.385,1.182,25.481,335.046,2.580,0.076052,living
1,D,D1,D1_01131,2.146,2.070,2.378,1.149,86.543,340.472,2.244,0.254186,living
1,D,D1,D1_01132,2.028,1.781,2.144,1.204,78.408,370.233,2.500,0.211781,living
1,D,D1,D1_01133,2.265,2.681,2.781,1.037,28.022,312.821,2.672,0.089580,living
1,D,D1,D1_01134,2.484,1.903,2.453,1.289,116.456,374.830,2.408,0.310690,living
1,D,D1,D1_01135,2.552,2.968,3.105,1.046,63.106,295.907,2.536,0.213263,living
1,D,D1,D1_01136,2.366,2.137,2.537,1.187,110.057,339.214,2.186,0.324447,living
1,D,D1,D1_01137,1.690,1.678,1.900,1.132,27.890,355.240,2.320,0.078510,living
1,D,D1,D1_01138,1.707,2.052,2.112,1.029,52.426,328.307,2.465,0.159685,living
1,D,D1,D1_01139,1.859,2.149,2.255,1.049,48.327,329.936,2.773,0.146475,living
1,D,D1,D1_01140,3.262,1.747,2.694,1.542,102.601,510.275,2.358,0.201070,living
1,D,D1,D1_01141,2.096,1.584,2.056,1.298,83.742,396.944,2.331,0.210967,living
1,D,D1,D1_01142,2.805,2.268,2.846,1.255,56.566,387.241,2.723,0.146075,living
1,D,D1,D1_01143,2.383,3.645,3.326,0.912,38.738,294.809,2.723,0.131399,living
1,D,D1,D1_01144,1.301,1.841,1.746,0.949,24.416,330.545,3.143,0.073865,living
1,D,D1,D1_01145,2.805,1.921,2.619,1.364,29.572,375.054,1.964,0.078848,living
1,D,D1,D1_01146,2.434,1.485,2.145,1.445,39.090,406.819,2.611,0.096088,living
1,D,D1,D1_01147,2.687,2.422,2.879,1.189,32.107,381.384,2.579,0.084185,living
1,D,D1,D1_01148,2.265,1.738,2.239,1.288,54.246,436.343,2.455,0.124320,living
1,D,D1,D1_01149,1.808,2.266,2.284,1.008,20.215,354.421,2.897,0.057037,living
1,D,D1,D1_01150,2.349,2.228,2.581,1.159,39.770,378.820,2.324,0.104983,living
1,D,D1,D1_01151,2.282,2.405,2.643,1.099,35.733,367.874,1.985,0.097135,living
1,D,D1,D1_01152,2.856,2.850,3.219,1.130,25.243,371.645,2.491,0.067921,living
1,D,D1,D1_01153,2.045,2.357,2.477,1.051,17.851,366.479,2.537,0.048710,living
1,D,D1,D1_01154,2.417,2.247,2.630,1.170,23.671,360.238,2.580,0.065710,living
1,D,D1,D1_01155,2.670,2.556,2.948,1.153,25.082,380.956,2.354,0.065840,living
1,D,D1,D1_01156,1.437,1.867,1.848,0.990,17.106,327.576,2.600,0.052220,living
1,D,D1,D1_01157,2.434,3.017,3.058,1.014,21.875,363.750,2.625,0.060137,living
1,D,D1,D1_01158,2.383,2.973,3.003,1.010,21.950,350.440,2.546,0.062637,living
1,D,D1,D1_01159,0.946,1.880,1.505,0.800,13.357,317.196,1.821,0.042110,living
1,D,D1,D1_01160,2.197,2.231,2.498,1.120,19.785,377.077,2.085,0.052468,living
1,D,D1,D1_01161,2.636,2.703,3.012,1.114,20.731,355.788,2.474,0.058267,living
1,D,D1,D1_01162,2.248,3.059,2.959,0.967,9.218,306.714,2.338,0.030054,living
1,D,D1,D1_01163,1.149,1.915,1.674,0.874,13.574,331.721,2.500,0.040919,living
1,D,D1,D1_01164,2.113,3.071,2.874,0.936,15.640,335.760,2.696,0.046581,living
1,D,D1,D1_01165,2.062,2.227,2.418,1.086,16.410,355.238,2.434,0.046194,living
1,D,D1,D1_01166,2.721,2.845,3.139,1.104,16.193,362.236,2.093,0.044702,living
1,D,D1,D1_01167,2.282,1.944,2.377,1.223,20.356,419.652,2.674,0.048506,living
1,D,D1,D1_01168,1.808,3.692,2.915,0.790,11.439,310.206,2.402,0.036876,living
1,D,D1,D1_01169,3.329,2.414,3.199,1.325,10.893,318.416,2.335,0.034211,living
1,D,D1,D1_01170,1.538,1.802,1.878,1.042,14.484,378.297,2.593,0.038286,living
1,D,D1,D1_01171,1.927,1.876,2.145,1.144,13.544,367.877,2.158,0.036816,living
1,D,D1,D1_01172,1.825,3.253,2.749,0.845,10.685,295.741,1.676,0.036130,living
1,D,D1,D1_01173,1.538,2.243,2.096,0.934,8.703,293.220,2.396,0.029682,living
1,D,D1,D1_01174,1.470,2.288,2.069,0.904,86.437,308.460,2.195,0.280221,living
1,D,D1,D1_01175,1.673,2.288,2.208,0.965,86.313,351.556,2.596,0.245518,living
1,D,D1,D1_01176,2.028,2.288,2.430,1.062,75.700,370.383,1.967,0.204383,living
1,D,D1,D1_01177,1.538,2.288,2.117,0.925,110.879,385.813,2.868,0.287391,living
1,D,D1,D1_01178,1.251,2.288,1.909,0.834,44.486,362.797,2.122,0.122621,living
1,D,D1,D1_01179,1.808,2.288,2.295,1.003,89.178,365.065,2.439,0.244278,living
1,D,D1,D1_01180,2.265,2.288,2.569,1.123,14.060,356.127,2.239,0.039479,living
1,D,D1,D1_01181,3.228,2.288,3.066,1.340,42.178,402.450,2.120,0.104803,living
1,D,D1,D1_01182,2.079,2.288,2.461,1.076,18.309,333.886,2.309,0.054836,living
1,D,D1,D1_01183,2.079,2.288,2.461,1.076,78.577,338.837,2.634,0.231902,living
1,D,D1,D1_01184,0.913,2.288,1.631,0.713,2.204,352.926,2.481,0.006244,living
1,D,D1,D1_01185,1.673,2.288,2.208,0.965,133.242,343.636,2.737,0.387743,living
1,D,D1,D1_01186,2.890,2.288,2.901,1.268,112.883,389.579,2.503,0.289757,living
1,D,D1,D1_01187,1.707,2.288,2.230,0.975,73.842,393.000,2.772,0.187892,living
1,D,D1,D1_01188,2.755,2.288,2.833,1.238,29.479,414.859,2.411,0.071057,living
1,D,D1,D1_01189,2.028,2.288,2.430,1.062,99.167,360.892,2.375,0.274782,living
1,D,D1,D1_01190,1.994,2.288,2.410,1.053,89.805,375.559,2.381,0.239124,living
1,D,D1,D1_01191,2.501,2.288,2.699,1.180,86.959,398.095,2.581,0.218439,living
1,D,D1,D1_01192,2.248,2.288,2.559,1.119,64.015,416.677,2.714,0.153632,living
1,D,D1,D1_01193,2.434,2.288,2.663,1.164,100.132,404.507,2.215,0.247541,living
1,D,D1,D1_01194,3.127,2.288,3.018,1.319,84.703,489.259,1.930,0.173124,living
1,D,D1,D1_01195,3.363,2.288,3.130,1.368,2.864,435.070,2.729,0.006584,living
1,D,D1,D1_01196,1.944,2.288,2.380,1.040,62.617,416.122,2.757,0.150479,living
1,D,D1,D1_01197,2.231,2.288,2.549,1.114,33.977,419.561,2.318,0.080983,living
1,D,D1,D1_01198,2.941,2.288,2.927,1.279,69.385,418.115,2.626,0.165947,living
1,D,D1,D1_01199,2.248,2.288,2.559,1.119,96.744,499.699,2.707,0.193605,living
1,D,D1,D1_01200,1.606,2.288,2.163,0.945,29.000,403.684,2.632,0.071838,living
1,D,D1,D1_01201,1.893,2.288,2.348,1.026,2.964,475.938,2.679,0.006228,living
1,D,D1,D1_01202,1.791,2.288,2.284,0.998,2.575,351.830,2.594,0.007320,living
1,D,D1,D1_01203,1.352,2.288,1.984,0.867,18.137,371.113,2.550,0.048873,living
1,D,D1,D1_01204,1.504,2.288,2.093,0.915,54.921,362.607,2.011,0.151463,living
1,D,D1,D1_01205,1.606,2.288,2.163,0.945,31.947,383.316,2.863,0.083345,living
1,D,D1,D1_01206,1.437,1.944,1.886,0.970,26.153,323.741,2.259,0.080783,living
1,D,D1,D1_01207,1.284,2.288,1.934,0.845,26.263,402.434,2.250,0.065261,living
1,D,D1,D1_01208,3.008,2.288,2.960,1.294,58.090,547.169,2.219,0.106165,living
1,D,D1,D1_01209,2.417,2.288,2.653,1.160,33.231,428.196,2.280,0.077606,living
1,D,D1,D1_01210,1.842,2.288,2.316,1.012,19.284,447.761,1.881,0.043068,living
1,D,D1,D1_01211,2.028,2.288,2.430,1.062,26.433,381.883,2.208,0.069218,living
1,D,D1,D1_01212,2.451,2.288,2.672,1.168,25.014,394.269,2.697,0.063443,living
1,D,D1,D1_01213,2.467,2.288,2.681,1.172,11.493,485.582,2.356,0.023669,living
1,D,D1,D1_01214,1.031,2.288,1.733,0.757,2.705,351.639,1.984,0.007692,living
1,D,D1,D1_01215,1.470,2.393,2.116,0.884,15.333,383.345,2.379,0.039999,living
1,D,D1,D1_01216,1.538,2.288,2.117,0.925,14.868,377.505,2.824,0.039385,living
1,D,D1,D1_01217,1.487,2.288,2.081,0.910,19.773,346.602,2.443,0.057047,living
1,D,D1,D1_01218,2.366,2.288,2.625,1.148,3.507,381.029,2.236,0.009204,living
1,D,D1,D1_01219,0.761,2.288,1.489,0.651,11.400,325.000,3.133,0.035077,living
1,D,D1,D1_01220,1.335,2.288,1.972,0.862,9.684,333.785,2.063,0.029011,living
1,D,D1,D1_01221,1.741,2.288,2.252,0.984,5.330,360.893,2.340,0.014769,living
1,D,D1,D1_01222,2.991,2.288,2.952,1.290,20.023,448.904,2.915,0.044603,living
1,D,D1,D1_01223,2.535,2.288,2.717,1.188,4.513,356.373,2.947,0.012665,living
1,D,D1,D1_01224,1.065,2.721,1.921,0.706,11.762,338.460,2.381,0.034751,living
1,D,D1,D1_01225,1.944,1.733,2.071,1.195,109.835,381.217,2.400,0.288116,living
1,D,D1,D1_01226,2.434,1.799,2.361,1.313,101.653,409.917,2.625,0.247984,living
1,D,D1,D1_01227,1.538,2.832,2.355,0.832,80.527,293.066,3.022,0.274776,living
1,D,D1,D1_01228,2.434,2.126,2.567,1.207,114.438,391.576,2.312,0.292248,living
1,D,D1,D1_01229,1.842,2.288,2.316,1.012,102.266,334.367,11.817,0.305850,dead
1,D,D1,D1_01230,2.451,2.315,2.688,1.161,121.614,379.600,2.159,0.320374,living
1,D,D1,D1_01231,1.639,1.790,1.933,1.080,85.330,367.041,2.474,0.232480,living
1,D,D1,D1_01232,1.284,1.871,1.749,0.935,72.947,350.908,2.500,0.207882,living
1,D,D1,D1_01233,1.538,1.897,1.927,1.016,62.121,343.527,2.495,0.180832,living
1,D,D1,D1_01234,3.346,2.085,2.980,1.429,57.455,371.232,2.348,0.154767,living
1,D,D1,D1_01235,2.315,2.072,2.471,1.193,44.131,352.109,2.139,0.125334,living
1,D,D1,D1_01236,2.062,1.968,2.273,1.155,98.943,381.623,2.836,0.259268,living
1,D,D1,D1_01237,1.775,2.699,2.470,0.915,24.010,359.714,2.648,0.066746,living
1,D,D1,D1_01238,2.620,2.221,2.722,1.226,71.729,404.413,2.465,0.177366,living
1,D,D1,D1_01239,2.011,2.132,2.336,1.096,20.933,369.513,2.899,0.056650,living
1,D,D1,D1_01240,2.129,2.068,2.368,1.145,64.881,416.675,2.254,0.155711,living
1,D,D1,D1_01241,1.555,2.033,2.006,0.987,44.598,374.141,2.065,0.119200,living
1,D,D1,D1_01242,2.636,2.868,3.103,1.082,26.673,388.699,2.346,0.068621,living
1,D,D1,D1_01243,2.721,2.863,3.149,1.100,57.845,408.752,2.944,0.141516,living
1,D,D1,D1_01244,1.960,1.825,2.134,1.169,25.793,441.862,2.457,0.058374,living
1,D,D1,D1_01245,1.217,1.909,1.720,0.901,23.986,354.431,2.417,0.067675,living
1,D,D1,D1_01246,3.110,1.959,2.785,1.422,51.011,450.620,2.163,0.113202,living
1,D,D1,D1_01247,1.335,1.986,1.837,0.925,17.519,393.430,3.266,0.044529,living
1,D,D1,D1_01248,1.994,1.979,2.242,1.133,17.085,386.119,2.737,0.044247,living
1,D,D1,D1_01249,3.127,2.449,3.123,1.275,17.789,388.411,2.232,0.045800,living
1,D,D1,D1_01250,2.366,2.325,2.647,1.138,39.850,441.864,2.236,0.090186,living
1,D,D1,D1_01251,1.470,1.736,1.803,1.038,25.425,386.506,2.299,0.065782,living
1,D,D1,D1_01252,1.301,3.424,2.382,0.696,20.286,322.377,2.221,0.062926,living
1,D,D1,D1_01253,1.842,2.309,2.327,1.008,28.725,394.587,2.706,0.072797,living
1,D,D1,D1_01254,1.741,2.774,2.480,0.894,20.476,359.437,2.398,0.056966,living
1,D,D1,D1_01255,1.521,2.725,2.297,0.843,11.578,357.878,2.556,0.032351,living
1,D,D1,D1_01256,0.930,1.602,1.377,0.860,19.145,367.345,1.509,0.052118,living
1,D,D1,D1_01257,1.622,2.132,2.098,0.984,21.906,369.896,3.042,0.059223,living
1,D,D1,D1_01258,1.251,2.071,1.816,0.877,17.541,360.284,2.392,0.048685,living
1,D,D1,D1_01259,2.451,2.983,3.051,1.023,14.110,366.028,2.648,0.038550,living
1,D,D1,D1_01260,1.876,1.746,2.042,1.170,32.333,465.838,2.081,0.069409,living
1,D,D1,D1_01261,3.346,2.882,3.504,1.216,9.343,425.763,2.197,0.021945,living
1,D,D1,D1_01262,2.045,2.231,2.410,1.080,20.653,408.240,2.355,0.050590,living
1,D,D1,D1_01263,1.217,4.825,2.734,0.567,9.597,313.597,2.458,0.030604,living
1,D,D1,D1_01264,2.772,2.746,3.113,1.134,20.909,430.134,2.457,0.048609,living
1,D,D1,D1_01265,2.721,2.345,2.850,1.215,25.578,471.646,2.658,0.054231,living
1,D,D1,D1_01266,1.369,2.491,2.084,0.837,17.852,381.481,2.506,0.046796,living
1,D,D1,D1_01267,1.656,2.655,2.366,0.891,17.602,368.520,2.367,0.047764,living
1,D,D1,D1_01268,2.451,2.572,2.833,1.102,19.883,424.759,2.310,0.046810,living
1,D,D1,D1_01269,1.335,1.999,1.843,0.922,13.038,343.304,2.278,0.037978,living
1,D,D1,D1_01270,1.555,3.010,2.441,0.811,13.054,343.413,2.522,0.038014,living
1,D,D1,D1_01271,1.031,1.688,1.489,0.882,14.443,372.361,2.377,0.038787,living
1,D,D1,D1_01272,1.369,3.073,2.314,0.753,11.235,351.247,2.272,0.031985,living
1,D,D1,D1_01273,2.231,4.241,3.471,0.818,38.841,270.735,2.356,0.143465,living
1,D,D1,D1_01274,2.789,2.717,3.106,1.143,106.194,336.006,2.836,0.316048,living
1,D,D1,D1_01275,1.048,1.650,1.484,0.899,48.532,297.145,2.968,0.163328,living
1,D,D1,D1_01276,1.284,2.057,1.834,0.891,74.474,270.842,2.474,0.274971,living
1,D,D1,D1_01277,1.470,2.289,2.070,0.904,89.276,264.747,2.586,0.337212,living
1,D,D1,D1_01278,1.234,2.058,1.798,0.874,41.466,303.205,2.425,0.136758,living
1,D,D1,D1_01279,2.214,2.345,2.571,1.096,38.962,312.969,2.092,0.124491,living
1,D,D1,D1_01280,2.028,1.891,2.210,1.169,85.092,365.708,2.375,0.232676,living
1,D,D1,D1_01281,1.420,2.106,1.951,0.927,35.774,322.929,2.345,0.110779,living
1,D,D1,D1_01282,3.110,2.104,2.886,1.372,92.288,391.261,2.386,0.235873,living
1,D,D1,D1_01283,2.805,2.514,2.996,1.192,76.398,404.090,2.735,0.189061,living
1,D,D1,D1_01284,1.673,1.627,1.862,1.144,29.020,379.455,2.586,0.076479,living
1,D,D1,D1_01285,3.008,1.811,2.634,1.454,81.449,375.135,2.146,0.217120,living
1,D,D1,D1_01286,2.282,3.204,3.051,0.952,21.170,337.756,2.356,0.062680,living
1,D,D1,D1_01287,3.143,2.737,3.310,1.209,48.806,376.113,2.801,0.129765,living
1,D,D1,D1_01288,2.991,2.096,2.825,1.348,85.831,443.944,2.316,0.193337,living
1,D,D1,D1_01289,1.707,1.916,2.041,1.065,66.406,348.743,2.515,0.190415,living
1,D,D1,D1_01290,2.467,1.993,2.502,1.255,26.993,427.644,2.404,0.063121,living
1,D,D1,D1_01291,1.352,2.360,2.016,0.854,31.650,361.413,2.675,0.087573,living
1,D,D1,D1_01292,1.487,2.288,2.081,0.910,19.864,357.977,3.307,0.055489,living
1,D,D1,D1_01293,1.538,1.575,1.756,1.115,18.121,331.912,2.582,0.054595,living
1,D,D1,D1_01294,2.383,1.859,2.375,1.278,64.872,417.702,2.539,0.155308,living
1,D,D1,D1_01295,1.234,2.175,1.849,0.850,16.671,335.288,2.959,0.049722,living
1,D,D1,D1_01296,2.636,2.227,2.734,1.228,34.532,352.936,2.442,0.097842,living
1,D,D1,D1_01297,2.113,2.511,2.599,1.035,45.176,337.896,2.512,0.133698,living
1,D,D1,D1_01298,2.670,2.204,2.737,1.242,51.861,410.506,2.570,0.126334,living
1,D,D1,D1_01299,1.724,2.813,2.485,0.883,19.608,322.422,2.873,0.060814,living
1,D,D1,D1_01300,2.180,2.215,2.480,1.119,14.519,375.256,2.457,0.038692,living
1,D,D1,D1_01301,1.622,2.300,2.179,0.948,16.802,355.135,2.427,0.047312,living
1,D,D1,D1_01302,2.552,2.154,2.646,1.228,32.291,421.258,2.225,0.076655,living
1,D,D1,D1_01303,2.704,2.288,2.806,1.227,32.112,425.113,2.694,0.075539,living
1,D,D1,D1_01304,1.234,2.520,1.990,0.790,16.726,324.767,1.918,0.051502,living
1,D,D1,D1_01305,3.143,3.077,3.509,1.140,29.769,409.129,2.199,0.072761,living
1,D,D1,D1_01306,1.470,1.698,1.783,1.050,13.736,368.828,2.345,0.037241,living
1,D,D1,D1_01307,1.589,2.602,2.294,0.882,20.085,352.564,2.968,0.056969,living
1,D,D1,D1_01308,2.653,2.902,3.131,1.079,20.904,369.191,2.318,0.056622,living
1,D,D1,D1_01309,2.349,2.471,2.719,1.100,17.964,353.626,2.439,0.050800,living
1,D,D1,D1_01310,2.366,2.227,2.590,1.163,11.371,396.921,2.814,0.028649,living
1,D,D1,D1_01311,0.676,1.966,1.301,0.662,9.525,300.775,2.875,0.031668,living
1,D,D1,D1_01312,1.200,2.904,2.106,0.725,12.620,319.620,2.155,0.039484,living
1,D,D1,D1_01313,1.504,2.450,2.166,0.884,47.247,297.461,2.124,0.158835,living
1,D,D1,D1_01314,1.301,2.288,1.947,0.851,44.338,291.351,2.870,0.152180,living
1,D,D1,D1_01315,2.248,4.340,3.525,0.812,29.346,277.782,2.549,0.105644,living
1,D,D1,D1_01316,1.420,2.497,2.125,0.851,54.905,290.238,2.357,0.189171,living
1,D,D1,D1_01317,2.231,2.708,2.774,1.024,52.773,308.076,2.705,0.171298,living
1,D,D1,D1_01318,1.758,1.662,1.929,1.161,97.731,344.644,2.827,0.283570,living
1,D,D1,D1_01319,1.910,2.487,2.459,0.989,69.513,298.080,2.699,0.233204,living
1,D,D1,D1_01320,1.825,2.682,2.496,0.931,47.676,308.352,2.306,0.154615,living
1,D,D1,D1_01321,1.420,2.033,1.917,0.943,38.405,347.274,2.190,0.110589,living
1,D,D1,D1_01322,2.265,2.896,2.890,0.998,27.179,340.201,2.343,0.079891,living
1,D,D1,D1_01323,1.200,1.767,1.643,0.930,42.211,313.746,2.225,0.134539,living
1,D,D1,D1_01324,2.096,1.802,2.193,1.217,96.363,357.073,2.387,0.269869,living
1,D,D1,D1_01325,1.842,1.968,2.148,1.092,54.688,348.431,2.505,0.156955,living
1,D,D1,D1_01326,3.245,2.288,3.074,1.344,111.786,422.323,2.807,0.264694,living
1,D,D1,D1_01327,2.805,2.105,2.742,1.303,96.163,415.873,2.470,0.231231,living
1,D,D1,D1_01328,2.805,1.428,2.258,1.581,24.301,390.940,2.452,0.062161,living
1,D,D1,D1_01329,0.811,2.192,1.504,0.686,26.979,289.833,2.958,0.093085,living
1,D,D1,D1_01330,3.008,2.856,3.307,1.158,68.107,368.702,2.601,0.184720,living
1,D,D1,D1_01331,1.724,1.864,2.023,1.085,39.814,356.696,2.137,0.111618,living
1,D,D1,D1_01332,3.363,1.490,2.526,1.695,55.116,418.774,2.809,0.131612,living
1,D,D1,D1_01333,3.143,2.753,3.319,1.206,49.258,348.704,2.312,0.141260,living
1,D,D1,D1_01334,1.707,1.578,1.852,1.174,18.525,363.891,2.584,0.050907,living
1,D,D1,D1_01335,2.467,2.288,2.681,1.172,30.521,367.233,2.973,0.083110,living
1,D,D1,D1_01336,3.228,3.534,3.811,1.078,19.984,371.660,2.052,0.053770,living
1,D,D1,D1_01337,2.129,2.457,2.581,1.050,24.516,354.373,2.437,0.069181,living
1,D,D1,D1_01338,3.194,2.462,3.164,1.285,25.947,450.884,2.127,0.057547,living
1,D,D1,D1_01339,1.707,2.133,2.153,1.009,28.950,344.554,2.386,0.084023,living
1,D,D1,D1_01340,1.859,2.288,2.327,1.017,24.536,364.155,2.718,0.067379,living
1,D,D1,D1_01341,2.924,2.850,3.257,1.143,24.965,384.185,2.335,0.064983,living
1,D,D1,D1_01342,2.451,2.504,2.795,1.116,31.400,375.924,2.483,0.083527,living
1,D,D1,D1_01343,1.707,2.581,2.368,0.918,17.851,316.604,2.337,0.056384,living
1,D,D1,D1_01344,2.501,2.653,2.907,1.096,27.385,379.507,2.345,0.072160,living
1,D,D1,D1_01345,1.656,1.931,2.018,1.045,25.286,361.051,2.449,0.070034,living
1,D,D1,D1_01346,1.910,2.430,2.431,1.000,21.611,343.664,2.301,0.062883,living
1,D,D1,D1_01347,1.335,1.731,1.715,0.991,19.557,306.608,3.253,0.063785,living
1,D,D1,D1_01348,2.704,1.828,2.509,1.372,16.756,373.725,2.369,0.044836,living
1,D,D1,D1_01349,2.620,2.519,2.899,1.151,22.806,404.226,2.548,0.056420,living
1,D,D1,D1_01350,2.687,2.588,2.976,1.150,22.906,393.654,2.220,0.058187,living
1,D,D1,D1_01351,1.166,2.288,1.843,0.806,15.391,342.899,3.609,0.044886,living
1,D,D1,D1_01352,2.873,2.978,3.301,1.108,20.112,362.624,2.671,0.055462,living
1,D,D1,D1_01353,0.980,2.288,1.690,0.739,8.793,303.621,2.328,0.028961,living
1,D,D1,D1_01354,2.890,3.901,3.789,0.971,20.088,341.959,2.386,0.058743,living
1,D,D1,D1_01355,2.248,2.350,2.594,1.104,17.947,366.827,2.662,0.048926,living
1,D,D1,D1_01356,1.420,1.720,1.763,1.025,10.762,324.464,2.536,0.033168,living
1,D,D1,D1_01357,1.994,2.173,2.349,1.081,16.415,365.119,2.517,0.044959,living
1,D,D1,D1_01358,2.298,3.045,2.985,0.980,15.625,338.147,2.390,0.046208,living
1,D,D1,D1_01359,0.963,1.807,1.488,0.824,7.018,303.544,2.228,0.023119,living
1,D,D1,D1_01360,1.268,4.344,2.648,0.610,10.493,280.200,2.253,0.037449,living
1,D,D1,D1_01361,1.115,1.686,1.547,0.918,15.318,348.742,3.379,0.043924,living
1,D,D1,D1_01362,1.132,2.051,1.719,0.838,23.493,287.209,2.642,0.081796,living
1,D,D1,D1_01363,1.470,1.714,1.791,1.045,82.690,302.747,2.425,0.273131,living
1,D,D1,D1_01364,1.589,1.990,2.007,1.008,58.330,280.638,2.723,0.207847,living
1,D,D1,D1_01365,2.636,1.626,2.336,1.437,57.045,285.494,2.897,0.199811,living
1,D,D1,D1_01366,3.143,2.546,3.192,1.254,101.489,349.242,2.398,0.290599,living
1,D,D1,D1_01367,2.265,1.738,2.239,1.288,37.567,323.881,2.328,0.115991,living
1,D,D1,D1_01368,3.329,2.166,3.030,1.399,96.523,366.985,2.518,0.263016,living
1,D,D1,D1_01369,2.400,2.421,2.720,1.123,82.085,310.944,2.613,0.263985,living
1,D,D1,D1_01370,1.403,2.053,1.915,0.933,65.904,305.819,2.566,0.215499,living
1,D,D1,D1_01371,2.518,2.149,2.625,1.221,60.027,378.477,2.362,0.158601,living
1,D,D1,D1_01372,2.214,2.104,2.435,1.158,61.412,326.550,2.489,0.188064,living
1,D,D1,D1_01373,2.180,2.148,2.442,1.137,2.643,337.426,2.605,0.007834,living
1,D,D1,D1_01374,1.639,1.896,1.989,1.049,44.515,345.454,2.567,0.128861,living
1,D,D1,D1_01375,1.132,2.211,1.785,0.807,2.627,248.955,2.328,0.010552,living
1,D,D1,D1_01376,3.262,2.571,3.268,1.271,72.601,379.798,2.585,0.191157,living
1,D,D1,D1_01377,3.160,2.444,3.136,1.283,2.610,398.583,2.412,0.006547,living
1,D,D1,D1_01378,1.825,2.331,2.327,0.998,29.111,337.528,2.556,0.086248,living
1,D,D1,D1_01379,1.589,2.764,2.365,0.856,2.489,270.255,2.415,0.009211,living
1,D,D1,D1_01380,1.504,1.855,1.885,1.016,55.921,330.045,2.753,0.169436,living
1,D,D1,D1_01381,1.910,2.779,2.600,0.935,22.867,315.487,2.558,0.072482,living
1,D,D1,D1_01382,2.569,2.062,2.597,1.259,56.263,373.974,2.329,0.150447,living
1,D,D1,D1_01383,1.673,1.744,1.927,1.105,23.313,337.727,2.333,0.069029,living
1,D,D1,D1_01384,2.349,2.355,2.654,1.127,50.655,354.849,2.417,0.142750,living
1,D,D1,D1_01385,2.349,2.249,2.594,1.153,44.827,360.187,2.842,0.124456,living
1,D,D1,D1_01386,2.113,1.860,2.237,1.203,51.448,390.808,2.384,0.131645,living
1,D,D1,D1_01387,2.400,1.970,2.454,1.245,29.761,417.648,2.190,0.071258,living
1,D,D1,D1_01388,2.096,2.072,2.352,1.135,34.387,357.250,2.750,0.096255,living
1,D,D1,D1_01389,1.487,1.800,1.846,1.026,29.193,345.955,2.739,0.084384,living
1,D,D1,D1_01390,1.301,2.129,1.878,0.882,23.312,346.545,2.429,0.067269,living
1,D,D1,D1_01391,2.214,1.677,2.174,1.297,35.221,429.435,2.427,0.082018,living
1,D,D1,D1_01392,1.403,2.184,1.975,0.904,20.337,324.699,2.783,0.062635,living
1,D,D1,D1_01393,3.363,2.243,3.099,1.382,30.307,479.915,2.256,0.063150,living
1,D,D1,D1_01394,3.042,1.847,2.675,1.448,2.611,353.072,2.444,0.007395,living
1,D,D1,D1_01395,3.093,2.498,3.136,1.256,13.678,343.650,2.809,0.039801,living
1,D,D1,D1_01396,1.099,2.692,1.941,0.721,13.200,279.169,2.092,0.047283,living
1,D,D1,D1_01397,2.265,2.663,2.771,1.041,10.769,296.687,2.649,0.036296,living
1,D,D1,D1_01398,0.744,2.541,1.551,0.611,5.159,261.455,1.932,0.019732,living
1,D,D1,D1_01399,2.062,2.463,2.543,1.032,11.279,314.820,2.680,0.035826,living
1,D,D1,D1_01400,1.859,2.015,2.184,1.084,15.509,347.636,2.564,0.044613,living
1,D,D1,D1_01401,1.876,2.288,2.338,1.022,12.802,328.928,111.009,0.038920,dead
1,D,D1,D1_01402,1.166,2.025,1.734,0.856,10.072,326.435,2.565,0.030856,living
1,D,D1,D1_01403,1.217,2.193,1.843,0.841,8.486,285.264,2.361,0.029748,living
1,D,D1,D1_01404,1.893,3.127,2.745,0.878,10.670,310.223,2.205,0.034393,living
1,D,D1,D1_01405,0.693,2.699,1.543,0.572,8.512,277.488,2.390,0.030676,living
1,D,D1,D1_01406,1.335,3.940,2.588,0.657,10.747,263.722,1.658,0.040751,living
1,D,D1,D1_01407,0.997,3.997,2.253,0.564,8.763,272.949,2.203,0.032104,living
1,D,D1,D1_01408,1.166,3.362,2.234,0.665,9.072,283.449,2.362,0.032007,living
1,D,D1,D1_01409,1.251,2.373,1.944,0.819,33.622,297.054,2.365,0.113184,living
1,D,D1,D1_01410,2.079,2.741,2.694,0.983,84.756,313.764,2.496,0.270127,living
1,D,D1,D1_01411,3.143,1.945,2.790,1.434,77.005,328.758,2.274,0.234231,living
1,D,D1,D1_01412,2.721,2.792,3.110,1.114,90.752,323.733,2.155,0.280328,living
1,D,D1,D1_01413,2.028,2.725,2.653,0.973,41.800,339.792,2.608,0.123017,living
1,D,D1,D1_01414,3.110,1.229,2.206,1.795,25.766,318.234,2.283,0.080967,living
1,D,D1,D1_01415,1.690,1.833,1.986,1.083,85.050,342.920,2.900,0.248017,living
1,D,D1,D1_01416,1.420,3.066,2.354,0.768,51.488,281.679,2.595,0.182790,living
1,D,D1,D1_01417,1.977,2.203,2.355,1.069,69.496,337.615,2.538,0.205843,living
1,D,D1,D1_01418,1.994,3.358,2.920,0.870,52.653,317.585,2.517,0.165791,living
1,D,D1,D1_01419,2.400,2.418,2.718,1.124,71.197,377.556,2.676,0.188574,living
1,D,D1,D1_01420,1.673,1.845,1.982,1.074,97.313,341.293,2.838,0.285131,living
1,D,D1,D1_01421,2.180,1.613,2.116,1.312,65.116,423.938,2.465,0.153599,living
1,D,D1,D1_01422,1.284,1.999,1.808,0.904,28.342,328.763,2.105,0.086208,living
1,D,D1,D1_01423,1.301,1.867,1.759,0.942,33.403,334.299,2.429,0.099918,living
1,D,D1,D1_01424,1.876,1.904,2.133,1.120,30.369,381.604,2.477,0.079584,living
1,D,D1,D1_01425,2.603,2.633,2.954,1.122,52.065,337.571,2.721,0.154234,living
1,D,D1,D1_01426,1.994,1.880,2.185,1.162,57.949,400.483,2.881,0.144698,living
1,D,D1,D1_01427,2.822,3.739,3.665,0.980,54.880,339.263,2.305,0.161763,living
1,D,D1,D1_01428,1.707,1.722,1.935,1.123,68.426,377.010,2.426,0.181496,living
1,D,D1,D1_01429,2.890,2.437,2.995,1.229,64.602,423.322,2.398,0.152608,living
1,D,D1,D1_01430,2.586,1.865,2.478,1.329,30.758,473.340,2.444,0.064981,living
1,D,D1,D1_01431,1.977,2.041,2.267,1.111,54.701,385.821,2.726,0.141778,living
1,D,D1,D1_01432,1.960,2.501,2.498,0.999,26.500,348.741,2.698,0.075988,living
1,D,D1,D1_01433,3.093,3.697,3.816,1.032,26.705,341.175,2.175,0.078273,living
1,D,D1,D1_01434,1.741,2.173,2.195,1.010,37.893,365.495,2.311,0.103676,living
1,D,D1,D1_01435,1.555,1.674,1.821,1.088,35.815,378.000,2.185,0.094749,living
1,D,D1,D1_01436,2.282,2.392,2.636,1.102,35.415,363.970,2.689,0.097301,living
1,D,D1,D1_01437,3.329,3.686,3.953,1.072,35.152,374.178,2.579,0.093945,living
1,D,D1,D1_01438,3.194,1.897,2.778,1.464,25.354,427.058,2.344,0.059370,living
1,D,D1,D1_01439,1.065,2.027,1.658,0.818,13.429,335.349,2.381,0.040044,living
1,D,D1,D1_01440,2.180,2.235,2.491,1.114,33.845,388.171,2.643,0.087191,living
1,D,D1,D1_01441,1.335,2.275,1.966,0.864,18.987,336.734,2.646,0.056387,living
1,D,D1,D1_01442,2.163,2.157,2.437,1.130,2.914,317.078,2.328,0.009190,living
1,D,D1,D1_01443,1.927,1.967,2.197,1.117,29.202,395.579,2.482,0.073820,living
1,D,D1,D1_01444,1.639,2.182,2.134,0.978,22.186,376.278,2.649,0.058961,living
1,D,D1,D1_01445,2.484,2.185,2.629,1.203,34.721,430.469,2.524,0.080659,living
1,D,D1,D1_01446,1.470,1.673,1.770,1.058,21.287,369.333,1.897,0.057637,living
1,D,D1,D1_01447,2.839,2.288,2.876,1.257,16.952,437.030,2.845,0.038790,living
1,D,D1,D1_01448,2.298,2.288,2.587,1.131,2.397,346.529,2.978,0.006917,living
1,D,D1,D1_01449,1.791,3.589,2.861,0.797,6.132,309.274,2.302,0.019827,living
1,D,D1,D1_01450,2.907,3.586,3.643,1.016,19.948,358.895,2.297,0.055581,living
1,D,D1,D1_01451,2.569,2.258,2.718,1.204,26.191,425.776,2.546,0.061513,living
1,D,D1,D1_01452,2.011,2.437,2.498,1.025,18.874,367.874,2.387,0.051305,living
1,D,D1,D1_01453,1.876,2.063,2.220,1.076,16.748,369.622,2.333,0.045311,living
1,D,D1,D1_01454,1.842,2.629,2.483,0.945,15.532,353.697,2.569,0.043914,living
1,D,D1,D1_01455,1.234,2.119,1.825,0.861,15.616,348.315,2.740,0.044834,living
1,D,D1,D1_01456,1.183,2.000,1.736,0.868,16.229,339.086,2.014,0.047860,living
1,D,D1,D1_01457,2.890,2.545,3.060,1.202,15.450,413.515,2.655,0.037363,living
1,D,D1,D1_01458,0.946,2.743,1.818,0.663,9.982,303.661,2.643,0.032873,living
1,D,D1,D1_01459,1.014,1.696,1.480,0.872,12.567,366.550,2.400,0.034284,living
1,D,D1,D1_01460,0.676,1.995,1.310,0.657,8.300,325.950,2.600,0.025464,living
1,D,D1,D1_01461,0.913,3.038,1.879,0.619,11.630,308.963,2.444,0.037641,living
1,D,D1,D1_01462,0.811,2.224,1.515,0.681,11.333,306.854,2.229,0.036934,living
1,D,D1,D1_01463,1.284,2.120,1.862,0.878,51.947,304.842,2.539,0.170407,living
1,D,D1,D1_01464,1.335,2.388,2.015,0.844,62.924,320.051,1.557,0.196607,living
1,D,D1,D1_01465,2.028,1.871,2.198,1.175,97.708,382.950,2.125,0.255146,living
1,D,D1,D1_01466,2.248,2.288,2.559,1.119,110.436,409.060,2.481,0.269975,living
1,D,D1,D1_01467,0.896,2.007,1.513,0.754,62.830,316.792,1.604,0.198332,living
1,D,D1,D1_01468,1.589,1.609,1.804,1.121,57.436,362.819,1.734,0.158305,living
1,D,D1,D1_01469,2.636,3.282,3.319,1.011,34.096,367.455,2.301,0.092790,living
1,D,D1,D1_01470,1.927,2.169,2.307,1.064,79.746,340.737,2.579,0.234039,living
1,D,D1,D1_01471,1.791,1.691,1.964,1.161,61.679,334.868,2.519,0.184190,living
1,D,D1,D1_01472,3.127,2.959,3.432,1.160,100.946,362.676,2.659,0.278337,living
1,D,D1,D1_01473,2.298,2.051,2.450,1.194,111.309,374.515,2.441,0.297208,living
1,D,D1,D1_01474,1.775,1.549,1.871,1.208,63.067,380.333,2.410,0.165819,living
1,D,D1,D1_01475,3.008,2.697,3.214,1.192,47.803,426.433,2.691,0.112101,living
1,D,D1,D1_01476,1.673,1.974,2.051,1.039,96.616,332.646,1.970,0.290447,living
1,D,D1,D1_01477,2.129,2.642,2.676,1.013,55.683,350.944,2.849,0.158665,living
1,D,D1,D1_01478,2.197,1.663,2.157,1.297,113.400,395.146,2.108,0.286982,living
1,D,D1,D1_01479,1.504,1.999,1.957,0.979,92.753,352.764,2.236,0.262932,living
1,D,D1,D1_01480,1.910,2.583,2.506,0.970,71.071,329.938,2.354,0.215406,living
1,D,D1,D1_01481,2.079,2.288,2.461,1.076,82.650,316.016,2.455,0.261538,living
1,D,D1,D1_01482,2.045,2.666,2.635,0.988,61.298,343.653,2.066,0.178370,living
1,D,D1,D1_01483,3.127,1.559,2.491,1.598,146.730,424.222,2.486,0.345880,living
1,D,D1,D1_01484,1.842,2.577,2.458,0.954,66.541,334.972,2.505,0.198647,living
1,D,D1,D1_01485,2.096,1.761,2.168,1.231,72.089,361.653,2.145,0.199331,living
1,D,D1,D1_01486,1.707,2.288,2.230,0.975,35.208,334.307,2.812,0.105316,living
1,D,D1,D1_01487,2.180,2.414,2.589,1.072,60.240,382.109,2.388,0.157652,living
1,D,D1,D1_01488,1.724,1.908,2.047,1.073,99.402,377.137,2.402,0.263570,living
1,D,D1,D1_01489,2.991,2.654,3.179,1.198,71.062,377.113,2.373,0.188437,living
1,D,D1,D1_01490,2.586,2.288,2.745,1.200,103.203,462.033,2.667,0.223366,living
1,D,D1,D1_01491,1.876,1.775,2.059,1.160,58.676,433.441,2.405,0.135372,living
1,D,D1,D1_01492,2.569,1.979,2.544,1.286,73.151,401.526,2.691,0.182183,living
1,D,D1,D1_01493,1.470,1.755,1.812,1.033,24.425,384.471,2.161,0.063530,living
1,D,D1,D1_01494,2.129,2.292,2.493,1.088,29.206,373.540,2.508,0.078188,living
1,D,D1,D1_01495,1.724,1.818,1.998,1.099,40.755,410.137,2.539,0.099369,living
1,D,D1,D1_01496,1.115,2.288,1.802,0.788,30.561,367.455,3.030,0.083168,living
1,D,D1,D1_01497,2.704,2.165,2.730,1.261,28.156,468.819,2.725,0.060058,living
1,D,D1,D1_01498,1.808,2.278,2.290,1.005,19.682,380.150,2.533,0.051775,living
1,D,D1,D1_01499,2.400,1.601,2.212,1.382,40.690,430.056,2.451,0.094616,living
1,D,D1,D1_01500,2.451,2.184,2.611,1.195,44.276,426.752,2.676,0.103751,living
1,D,D1,D1_01501,3.279,2.380,3.152,1.324,29.067,439.356,2.938,0.066158,living
1,D,D1,D1_01502,2.434,1.689,2.288,1.355,25.285,391.819,2.368,0.064532,living
1,D,D1,D1_01503,2.315,2.314,2.612,1.129,36.380,437.905,2.745,0.083076,living
1,D,D1,D1_01504,1.234,1.711,1.640,0.958,24.370,392.384,2.685,0.062107,living
1,D,D1,D1_01505,2.687,3.317,3.369,1.016,26.585,395.226,2.459,0.067265,living
1,D,D1,D1_01506,2.129,2.248,2.469,1.098,29.008,415.325,2.278,0.069844,living
1,D,D1,D1_01507,2.197,2.576,2.684,1.042,24.654,397.131,2.538,0.062080,living
1,D,D1,D1_01508,1.994,3.371,2.925,0.868,19.051,344.466,2.144,0.055305,living
1,D,D1,D1_01509,3.363,2.440,3.232,1.325,19.256,443.799,2.558,0.043390,living
1,D,D1,D1_01510,1.200,3.104,2.178,0.702,14.746,325.437,2.155,0.045313,living
1,D,D1,D1_01511,2.552,2.197,2.672,1.216,22.298,452.530,2.086,0.049274,living
1,D,D1,D1_01512,1.048,2.173,1.703,0.784,15.581,338.790,2.258,0.045989,living
1,D,D1,D1_01513,1.048,1.711,1.511,0.883,10.355,321.081,2.113,0.032250,living
1,D,D1,D1_01514,0.896,1.808,1.436,0.794,14.830,368.453,2.113,0.040250,living
1,D,D1,D1_01515,1.301,2.576,2.066,0.802,10.182,324.727,2.558,0.031355,living
1,D,D1,D1_01516,2.924,3.128,3.413,1.091,16.272,408.618,2.335,0.039821,living
1,D,D1,D1_01517,1.437,3.123,2.390,0.765,9.282,320.576,2.706,0.028955,living
1,D,D1,D1_01518,2.146,3.110,2.915,0.937,14.764,372.276,2.543,0.039658,living
1,D,D1,D1_01519,1.504,2.131,2.020,0.948,13.978,364.427,1.955,0.038355,living
1,D,D1,D1_01520,1.741,3.150,2.642,0.839,57.515,285.427,2.379,0.201503,living
1,D,D1,D1_01521,1.741,3.148,2.642,0.839,79.728,288.398,2.476,0.276452,living
1,D,D1,D1_01522,1.960,2.671,2.582,0.967,85.164,306.095,2.612,0.278227,living
1,D,D1,D1_01523,2.366,3.598,3.292,0.915,79.886,299.257,2.429,0.266947,living
1,D,D1,D1_01524,1.707,2.070,2.121,1.025,30.901,352.634,2.693,0.087629,living
1,D,D1,D1_01525,2.603,2.288,2.754,1.204,104.084,332.805,2.662,0.312749,living
1,D,D1,D1_01526,1.927,2.260,2.355,1.042,94.228,319.096,2.649,0.295296,living
1,D,D1,D1_01527,1.927,1.972,2.200,1.115,33.281,415.263,2.763,0.080144,living
1,D,D1,D1_01528,1.927,1.804,2.104,1.166,97.930,406.474,2.211,0.240925,living
1,D,D1,D1_01529,3.194,2.370,3.105,1.310,107.185,400.116,2.312,0.267885,living
1,D,D1,D1_01530,2.704,2.288,2.806,1.227,55.350,367.881,2.631,0.150456,living
1,D,D1,D1_01531,2.163,2.154,2.436,1.131,70.922,399.172,2.320,0.177673,living
1,D,D1,D1_01532,1.724,1.953,2.070,1.060,64.382,369.382,2.118,0.174297,living
1,D,D1,D1_01533,1.893,1.469,1.882,1.281,66.339,396.589,2.893,0.167275,living
1,D,D1,D1_01534,1.808,1.831,2.053,1.121,34.187,425.972,2.243,0.080256,living
1,D,D1,D1_01535,1.758,1.813,2.014,1.111,48.106,392.183,2.654,0.122662,living
1,D,D1,D1_01536,2.620,2.352,2.801,1.191,38.729,382.510,2.400,0.101250,living
1,D,D1,D1_01537,2.552,2.288,2.726,1.192,29.364,422.371,2.954,0.069522,living
1,D,D1,D1_01538,1.403,2.288,2.022,0.884,32.373,345.181,3.024,0.093787,living
1,D,D1,D1_01539,1.572,1.660,1.823,1.098,51.462,420.473,1.828,0.122392,living
1,D,D1,D1_01540,2.958,3.993,3.878,0.971,9.886,352.194,2.577,0.028069,living
1,D,D1,D1_01541,2.451,2.761,2.935,1.063,53.807,415.690,2.372,0.129440,living
1,D,D1,D1_01542,1.893,2.118,2.259,1.067,39.661,404.429,2.545,0.098066,living
1,D,D1,D1_01543,2.755,2.171,2.760,1.271,38.571,447.687,2.479,0.086155,living
1,D,D1,D1_01544,2.721,2.665,3.039,1.140,48.497,407.335,2.304,0.119059,living
1,D,D1,D1_01545,2.586,2.068,2.609,1.262,54.928,500.379,2.405,0.109773,living
1,D,D1,D1_01546,1.927,1.570,1.963,1.250,48.500,500.570,2.456,0.096890,living
1,D,D1,D1_01547,2.113,2.693,2.692,1.000,22.824,363.792,2.392,0.062739,living
1,D,D1,D1_01548,3.312,2.537,3.271,1.289,35.321,508.082,2.546,0.069519,living
1,D,D1,D1_01549,2.552,2.288,2.726,1.192,37.894,402.444,2.636,0.094160,living
1,D,D1,D1_01550,1.977,1.830,2.146,1.173,36.726,446.436,2.162,0.082266,living
1,D,D1,D1_01551,2.197,2.258,2.513,1.113,33.300,430.362,2.262,0.077377,living
1,D,D1,D1_01552,1.994,2.308,2.421,1.049,34.661,396.051,2.271,0.087517,living
1,D,D1,D1_01553,2.704,2.201,2.753,1.251,40.419,467.525,2.425,0.086453,living
1,D,D1,D1_01554,2.518,2.463,2.810,1.141,7.638,371.228,2.591,0.020574,living
1,D,D1,D1_01555,1.538,2.147,2.050,0.955,22.582,354.582,2.989,0.063687,living
1,D,D1,D1_01556,2.839,2.882,3.228,1.120,32.298,405.292,2.363,0.079690,living
1,D,D1,D1_01557,2.839,2.288,2.876,1.257,20.673,440.173,2.512,0.046965,living
1,D,D1,D1_01558,1.268,2.386,1.963,0.823,15.093,333.227,2.827,0.045294,living
1,D,D1,D1_01559,1.791,1.905,2.084,1.094,18.160,402.792,2.726,0.045086,living
1,D,D1,D1_01560,2.434,2.428,2.743,1.130,22.875,449.639,2.590,0.050874,living
1,D,D1,D1_01561,2.180,2.130,2.431,1.142,24.217,428.574,2.581,0.056506,living
1,D,D1,D1_01562,1.538,2.288,2.117,0.925,16.451,373.890,2.879,0.043998,living
1,D,D1,D1_01563,3.346,3.635,3.935,1.083,18.495,384.106,2.136,0.048151,living
1,D,D1,D1_01564,2.383,2.288,2.635,1.152,15.752,396.723,2.610,0.039705,living
1,D,D1,D1_01565,2.163,2.288,2.510,1.097,15.633,392.422,2.656,0.039837,living
1,D,D1,D1_01566,1.487,2.124,2.005,0.944,14.091,355.114,2.159,0.039680,living
1,D,D1,D1_01567,0.777,2.324,1.516,0.652,11.174,316.000,2.261,0.035360,living
1,D,D1,D1_01568,2.011,3.010,2.776,0.922,78.034,287.269,2.370,0.271640,living
1,D,D1,D1_01569,1.386,1.891,1.827,0.966,60.378,343.073,3.366,0.175992,living
1,D,D1,D1_01570,1.487,2.317,2.094,0.904,48.295,286.773,2.432,0.168410,living
1,D,D1,D1_01571,1.217,2.003,1.762,0.880,66.722,296.736,3.250,0.224854,living
1,D,D1,D1_01572,2.113,3.483,3.061,0.879,69.664,282.520,2.792,0.246581,living
1,D,D1,D1_01573,2.518,1.583,2.253,1.423,48.094,481.510,2.456,0.099882,living
1,D,D1,D1_01574,1.859,2.390,2.378,0.995,35.673,343.764,2.409,0.103771,living
1,D,D1,D1_01575,2.805,1.966,2.650,1.348,112.934,392.217,2.753,0.287937,living
1,D,D1,D1_01576,3.143,2.288,3.026,1.323,106.500,379.210,2.742,0.280847,living
1,D,D1,D1_01577,2.535,2.942,3.082,1.047,82.253,329.913,2.473,0.249318,living
1,D,D1,D1_01578,1.927,2.615,2.533,0.969,41.544,314.263,2.693,0.132194,living
1,D,D1,D1_01579,1.200,2.317,1.882,0.812,18.380,306.620,1.817,0.059945,living
1,D,D1,D1_01580,2.265,2.288,2.569,1.123,93.433,358.127,2.933,0.260893,living
1,D,D1,D1_01581,2.248,2.048,2.421,1.182,36.586,373.346,2.180,0.097996,living
1,D,D1,D1_01582,2.484,2.288,2.690,1.176,50.054,344.170,2.823,0.145435,living
1,D,D1,D1_01583,2.231,1.606,2.136,1.330,104.280,353.735,2.826,0.294798,living
1,D,D1,D1_01584,2.045,1.942,2.249,1.158,82.909,390.669,2.645,0.212223,living
1,D,D1,D1_01585,1.420,1.919,1.863,0.971,64.833,339.321,2.750,0.191068,living
1,D,D1,D1_01586,1.217,2.288,1.883,0.823,34.528,314.431,2.917,0.109811,living
1,D,D1,D1_01587,1.132,1.762,1.594,0.904,25.284,363.119,2.313,0.069629,living
1,D,D1,D1_01588,1.589,2.281,2.148,0.942,23.404,355.234,2.298,0.065884,living
1,D,D1,D1_01589,2.907,2.429,2.998,1.234,65.634,419.680,2.570,0.156390,living
1,D,D1,D1_01590,2.789,2.288,2.850,1.246,73.048,428.006,3.079,0.170672,living
1,D,D1,D1_01591,2.113,1.948,2.289,1.175,65.216,376.080,2.584,0.173410,living
1,D,D1,D1_01592,1.589,1.787,1.901,1.064,42.606,358.404,2.404,0.118878,living
1,D,D1,D1_01593,1.876,2.048,2.212,1.080,43.216,392.324,2.198,0.110154,living
1,D,D1,D1_01594,1.910,2.288,2.359,1.031,22.044,360.920,3.177,0.061078,living
1,D,D1,D1_01595,2.822,2.586,3.048,1.179,34.749,405.731,2.413,0.085644,living
1,D,D1,D1_01596,1.301,1.761,1.708,0.970,49.688,358.013,2.688,0.138789,living
1,D,D1,D1_01597,1.775,1.695,1.957,1.155,50.219,404.114,2.562,0.124269,living
1,D,D1,D1_01598,2.772,2.082,2.711,1.302,19.585,392.738,2.311,0.049869,living
1,D,D1,D1_01599,2.653,1.319,2.111,1.600,26.191,437.777,2.650,0.059827,living
1,D,D1,D1_01600,1.876,1.690,2.009,1.189,20.910,402.820,2.676,0.051909,living
1,D,D1,D1_01601,1.268,1.740,1.676,0.963,19.627,363.987,2.627,0.053921,living
1,D,D1,D1_01602,1.876,2.063,2.220,1.076,13.613,387.072,3.027,0.035168,living
1,D,D1,D1_01603,1.521,2.170,2.050,0.945,23.911,373.222,2.011,0.064067,living
1,D,D1,D1_01604,1.893,2.189,2.297,1.049,14.732,377.330,2.357,0.039043,living
1,D,D1,D1_01605,2.349,1.967,2.425,1.233,24.237,461.655,2.820,0.052501,living
1,D,D1,D1_01606,1.031,2.146,1.678,0.782,14.984,348.623,2.361,0.042979,living
1,D,D1,D1_01607,1.538,1.670,1.808,1.083,15.066,371.187,2.407,0.040589,living
1,D,D1,D1_01608,1.437,2.288,2.046,0.894,13.212,344.882,2.482,0.038308,living
1,D,D1,D1_01609,1.487,2.207,2.044,0.926,12.830,329.739,2.330,0.038908,living
1,D,D1,D1_01610,2.603,2.185,2.691,1.232,21.234,460.597,2.403,0.046100,living
1,D,D1,D1_01611,1.031,2.627,1.857,0.707,12.115,315.475,2.016,0.038402,living
1,D,D1,D1_01612,1.251,3.013,2.191,0.727,12.595,309.784,2.230,0.040656,living
1,D,D1,D1_01613,0.980,1.998,1.579,0.790,5.638,318.052,2.914,0.017726,living
1,D,D1,D1_01614,1.335,2.096,1.888,0.901,14.899,360.937,2.544,0.041278,living
1,D,D1,D1_01615,2.941,2.288,2.927,1.279,12.063,351.494,2.753,0.034320,living
1,D,D1,D1_01616,1.284,2.221,1.906,0.858,11.868,337.605,2.329,0.035155,living
1,D,D1,D1_01617,1.301,2.329,1.964,0.843,10.792,309.506,2.481,0.034869,living
1,D,D1,D1_01618,1.065,2.288,1.761,0.770,10.937,320.762,2.619,0.034095,living
1,D,D1,D1_01619,1.487,2.384,2.125,0.891,12.920,360.409,2.727,0.035849,living
1,D,D1,D1_01620,0.676,1.963,1.300,0.662,50.300,261.825,1.975,0.192113,living
1,D,D1,D1_01621,0.862,2.180,1.547,0.710,32.824,299.922,2.569,0.109440,living
1,D,D1,D1_01622,3.127,3.455,3.709,1.073,91.757,333.838,2.470,0.274854,living
1,D,D1,D1_01623,2.687,3.033,3.221,1.062,81.579,327.289,2.767,0.249255,living
1,D,D1,D1_01624,1.538,1.668,1.807,1.084,94.549,349.824,2.451,0.270277,living
1,D,D1,D1_01625,3.194,1.380,2.369,1.717,44.704,346.767,2.460,0.128916,living
1,D,D1,D1_01626,2.535,2.180,2.653,1.217,44.060,382.420,2.640,0.115214,living
1,D,D1,D1_01627,2.958,2.863,3.284,1.147,104.286,341.903,2.017,0.305016,living
1,D,D1,D1_01628,1.944,1.946,2.195,1.128,97.035,356.783,2.052,0.271972,living
1,D,D1,D1_01629,3.279,2.021,2.905,1.437,43.861,399.861,2.686,0.109690,living
1,D,D1,D1_01630,1.132,1.974,1.687,0.854,31.552,318.687,2.284,0.099007,living
1,D,D1,D1_01631,1.606,1.940,1.992,1.027,93.379,325.368,2.905,0.286995,living
1,D,D1,D1_01632,2.721,1.810,2.504,1.384,56.578,359.584,2.478,0.157342,living
1,D,D1,D1_01633,1.470,2.105,1.985,0.943,82.333,321.586,3.126,0.256023,living
1,D,D1,D1_01634,3.262,2.084,2.942,1.412,101.192,424.850,2.202,0.238182,living
1,D,D1,D1_01635,3.076,2.218,2.947,1.329,64.571,430.330,2.467,0.150051,living
1,D,D1,D1_01636,2.839,2.976,3.280,1.102,45.571,378.429,2.232,0.120423,living
1,D,D1,D1_01637,1.183,2.950,2.108,0.715,2.586,290.729,2.186,0.008894,living
1,D,D1,D1_01638,2.755,2.230,2.797,1.254,80.957,403.552,2.356,0.200611,living
1,D,D1,D1_01639,1.217,2.204,1.848,0.838,241.097,2.667,3.028,90.411458,living
1,D,D1,D1_01640,1.656,2.586,2.335,0.903,29.337,358.010,2.541,0.081944,living
1,D,D1,D1_01641,1.639,3.125,2.554,0.817,2.948,317.320,2.454,0.009292,living
1,D,D1,D1_01642,1.741,1.923,2.065,1.074,81.563,353.515,1.845,0.230721,living
1,D,D1,D1_01643,1.977,2.005,2.247,1.120,56.940,305.350,2.308,0.186475,living
1,D,D1,D1_01644,3.329,1.117,2.176,1.948,2.213,279.827,2.462,0.007909,living
1,D,D1,D1_01645,1.639,1.621,1.839,1.135,63.309,366.443,2.103,0.172767,living
1,D,D1,D1_01646,1.521,1.831,1.883,1.028,37.089,364.789,2.222,0.101672,living
1,D,D1,D1_01647,3.279,2.339,3.125,1.336,96.552,450.809,2.387,0.214174,living
1,D,D1,D1_01648,2.704,1.698,2.418,1.424,19.387,414.481,2.112,0.046775,living
1,D,D1,D1_01649,3.025,2.166,2.888,1.333,77.223,431.151,2.905,0.179110,living
1,D,D1,D1_01650,1.639,1.784,1.929,1.082,29.990,328.567,2.557,0.091274,living
1,D,D1,D1_01651,2.721,3.230,3.345,1.036,25.286,369.907,2.907,0.068357,living
1,D,D1,D1_01652,3.211,2.730,3.341,1.224,60.774,415.716,2.279,0.146190,living
1,D,D1,D1_01653,2.096,2.772,2.720,0.981,22.621,360.065,2.944,0.062825,living
1,D,D1,D1_01654,2.366,1.762,2.304,1.308,30.829,453.979,2.421,0.067908,living
1,D,D1,D1_01655,2.163,2.181,2.451,1.124,52.562,403.453,2.438,0.130282,living
1,D,D1,D1_01656,1.876,2.296,2.342,1.020,57.829,355.667,2.396,0.162593,living
1,D,D1,D1_01657,3.059,2.654,3.215,1.211,47.265,404.232,2.845,0.116926,living
1,D,D1,D1_01658,2.484,2.526,2.826,1.119,51.449,394.483,2.388,0.130421,living
1,D,D1,D1_01659,2.839,1.732,2.502,1.445,63.536,506.006,2.494,0.125563,living
1,D,D1,D1_01660,1.876,2.566,2.476,0.965,15.270,326.180,2.613,0.046815,living
1,D,D1,D1_01661,0.710,1.921,1.318,0.686,16.905,335.119,2.024,0.050444,living
1,D,D1,D1_01662,2.028,2.019,2.283,1.131,43.975,404.525,2.300,0.108708,living
1,D,D1,D1_01663,3.329,2.248,3.087,1.373,52.005,496.198,2.487,0.104807,living
1,D,D1,D1_01664,2.163,2.434,2.589,1.064,17.672,384.141,2.250,0.046004,living
1,D,D1,D1_01665,2.974,1.733,2.562,1.478,32.881,465.307,2.301,0.070665,living
1,D,D1,D1_01666,2.366,2.006,2.458,1.225,32.393,434.514,2.507,0.074550,living
1,D,D1,D1_01667,2.079,2.638,2.643,1.002,23.829,359.439,2.146,0.066296,living
1,D,D1,D1_01668,1.910,2.101,2.260,1.076,23.071,367.850,2.434,0.062718,living
1,D,D1,D1_01669,2.315,2.755,2.850,1.034,25.299,373.898,2.241,0.067664,living
1,D,D1,D1_01670,1.352,1.765,1.743,0.988,19.262,374.188,2.550,0.051478,living
1,D,D1,D1_01671,2.772,4.060,3.785,0.932,20.817,343.530,2.378,0.060597,living
1,D,D1,D1_01672,1.876,2.288,2.338,1.022,14.901,345.766,2.568,0.043095,living
1,D,D1,D1_01673,0.930,1.829,1.472,0.805,17.000,341.145,3.073,0.049832,living
1,D,D1,D1_01674,2.383,2.418,2.709,1.120,23.894,395.709,2.475,0.060382,living
1,D,D1,D1_01675,1.115,1.921,1.651,0.860,12.409,344.939,2.379,0.035975,living
1,D,D1,D1_01676,1.791,1.741,1.993,1.144,17.255,390.745,3.085,0.044158,living
1,D,D1,D1_01677,1.470,2.225,2.041,0.917,13.080,324.609,2.207,0.040296,living
1,D,D1,D1_01678,1.775,2.181,2.220,1.018,18.438,362.505,2.638,0.050863,living
1,D,D1,D1_01679,1.301,1.993,1.817,0.912,15.805,359.779,2.429,0.043930,living
1,D,D1,D1_01680,1.301,2.718,2.122,0.781,11.247,328.208,2.831,0.034267,living
1,D,D1,D1_01681,0.997,2.124,1.642,0.773,10.847,323.864,1.898,0.033494,living
1,D,D1,D1_01682,2.315,2.123,2.502,1.178,4.299,302.285,2.774,0.014223,living
1,D,D1,D1_01683,1.555,4.102,2.850,0.695,9.446,306.478,2.348,0.030820,living
1,D,D1,D1_01684,1.572,3.286,2.565,0.780,14.849,313.968,2.280,0.047296,living
1,D,D1,D1_01685,0.693,3.622,1.788,0.494,7.293,277.512,1.683,0.026279,living
1,D,D1,D1_01686,2.163,2.288,2.510,1.097,52.258,373.500,2.891,0.139914,living
1,D,D1,D1_01687,1.301,2.989,2.225,0.744,32.935,300.584,2.234,0.109570,living
1,D,D1,D1_01688,1.403,2.323,2.037,0.877,61.229,326.904,2.410,0.187300,living
1,D,D1,D1_01689,2.569,2.009,2.563,1.276,85.941,401.704,2.217,0.213941,living
1,D,D1,D1_01690,1.403,2.036,1.907,0.937,94.482,321.723,2.735,0.293675,living
1,D,D1,D1_01691,2.028,2.356,2.466,1.047,90.917,323.633,2.567,0.280925,living
1,D,D1,D1_01692,1.944,2.110,2.285,1.083,97.278,339.904,2.304,0.286193,living
1,D,D1,D1_01693,1.403,1.776,1.781,1.003,82.120,335.217,2.566,0.244977,living
1,D,D1,D1_01694,2.738,2.456,2.926,1.191,92.994,370.574,2.346,0.250945,living
1,D,D1,D1_01695,1.960,2.912,2.696,0.926,91.905,304.586,2.655,0.301738,living
1,D,D1,D1_01696,2.265,1.784,2.268,1.271,122.799,422.231,2.485,0.290832,living
1,D,D1,D1_01697,1.724,2.211,2.203,0.996,82.706,343.961,2.206,0.240451,living
1,D,D1,D1_01698,2.163,2.193,2.458,1.121,108.273,360.859,2.734,0.300043,living
1,D,D1,D1_01699,3.245,2.288,3.074,1.344,102.531,424.891,2.766,0.241312,living
1,D,D1,D1_01700,2.822,2.833,3.190,1.126,50.168,377.964,2.359,0.132731,living
1,D,D1,D1_01701,1.622,2.288,2.174,0.950,56.729,344.719,2.594,0.164567,living
1,D,D1,D1_01702,1.994,1.619,2.027,1.252,18.212,400.059,2.678,0.045523,living
1,D,D1,D1_01703,1.842,2.524,2.433,0.964,25.138,358.633,2.174,0.070093,living
1,D,D1,D1_01704,1.639,2.288,2.185,0.955,26.423,346.680,2.670,0.076216,living
1,D,D1,D1_01705,2.366,2.055,2.488,1.211,63.914,447.686,2.386,0.142766,living
1,D,D1,D1_01706,1.555,2.288,2.128,0.930,36.815,383.989,2.435,0.095876,living
1,D,D1,D1_01707,2.129,1.737,2.170,1.249,31.238,426.992,2.540,0.073158,living
1,D,D1,D1_01708,1.690,2.013,2.081,1.034,30.870,393.000,2.140,0.078550,living
1,D,D1,D1_01709,1.555,2.908,2.399,0.825,24.076,343.489,2.348,0.070093,living
1,D,D1,D1_01710,2.636,2.791,3.061,1.097,49.199,408.494,2.494,0.120439,living
1,D,D1,D1_01711,1.555,1.708,1.839,1.077,38.609,408.913,2.413,0.094418,living
1,D,D1,D1_01712,2.332,2.288,2.606,1.139,39.159,509.761,2.587,0.076819,living
1,D,D1,D1_01713,1.301,1.816,1.734,0.955,31.740,396.221,2.299,0.080108,living
1,D,D1,D1_01714,2.332,1.786,2.303,1.289,36.819,433.645,2.449,0.084906,living
1,D,D1,D1_01715,2.332,2.793,2.880,1.031,26.906,394.355,2.681,0.068227,living
1,D,D1,D1_01716,1.859,2.496,2.431,0.974,31.382,372.127,2.355,0.084331,living
1,D,D1,D1_01717,2.467,1.951,2.476,1.269,20.288,414.459,2.637,0.048950,living
1,D,D1,D1_01718,0.913,2.618,1.745,0.666,18.167,334.389,2.426,0.054328,living
1,D,D1,D1_01719,1.115,1.999,1.685,0.843,22.409,363.576,2.530,0.061635,living
1,D,D1,D1_01720,2.434,2.482,2.773,1.117,29.479,429.444,2.562,0.068645,living
1,D,D1,D1_01721,2.180,2.288,2.520,1.101,28.581,404.279,2.473,0.070697,living
1,D,D1,D1_01722,2.298,2.288,2.587,1.131,28.162,378.956,2.574,0.074314,living
1,D,D1,D1_01723,1.690,2.910,2.502,0.860,22.090,365.210,2.400,0.060486,living
1,D,D1,D1_01724,1.927,2.460,2.457,0.999,23.395,385.105,2.649,0.060749,living
1,D,D1,D1_01725,1.656,1.766,1.930,1.093,27.847,432.020,2.510,0.064457,living
1,D,D1,D1_01726,1.842,2.417,2.381,0.985,18.541,368.780,2.128,0.050277,living
1,D,D1,D1_01727,1.927,2.288,2.369,1.036,24.605,428.123,2.509,0.057472,living
1,D,D1,D1_01728,1.572,1.994,1.998,1.002,22.774,407.065,2.538,0.055947,living
1,D,D1,D1_01729,2.129,1.742,2.173,1.247,11.706,291.532,2.540,0.040155,living
1,D,D1,D1_01730,1.301,1.785,1.720,0.963,15.519,388.117,2.312,0.039987,living
1,D,D1,D1_01731,0.930,2.288,1.646,0.719,11.291,360.964,2.945,0.031280,living
1,D,D1,D1_01732,1.183,2.076,1.768,0.852,18.714,386.057,2.757,0.048475,living
1,D,D1,D1_01733,2.197,2.987,2.891,0.968,18.608,369.638,2.046,0.050340,living
1,D,D1,D1_01734,1.758,2.751,2.481,0.902,15.115,335.173,2.644,0.045097,living
1,D,D1,D1_01735,2.620,2.588,2.938,1.135,20.690,427.342,2.426,0.048416,living
1,D,D1,D1_01736,1.352,2.346,2.010,0.857,12.575,358.863,2.200,0.035041,living
1,D,D1,D1_01737,1.234,1.718,1.643,0.956,17.575,377.521,2.082,0.046555,living
1,D,D1,D1_01738,1.758,3.304,2.719,0.823,11.692,330.183,2.683,0.035412,living
1,D,D1,D1_01739,0.896,3.395,1.968,0.580,10.528,314.226,2.226,0.033505,living
1,D,D1,D1_01740,2.738,2.288,2.824,1.234,2.562,372.068,2.580,0.006885,living
1,D,D1,D1_01741,1.994,2.530,2.534,1.002,64.195,344.805,2.322,0.186177,living
1,D,D1,D1_01742,1.538,2.285,2.115,0.926,61.462,335.769,2.956,0.183047,living
1,D,D1,D1_01743,2.451,2.816,2.964,1.053,93.317,331.186,2.221,0.281767,living
1,D,D1,D1_01744,1.994,3.192,2.847,0.892,58.975,322.517,2.737,0.182857,living
1,D,D1,D1_01745,1.606,1.927,1.985,1.030,97.547,342.232,2.758,0.285033,living
1,D,D1,D1_01746,1.808,1.981,2.135,1.078,49.626,378.579,2.262,0.131085,living
1,D,D1,D1_01747,2.197,2.299,2.536,1.103,31.300,369.577,2.592,0.084691,living
1,D,D1,D1_01748,1.960,1.878,2.165,1.153,102.233,363.647,2.284,0.281132,living
1,D,D1,D1_01749,2.789,3.151,3.345,1.062,32.206,361.448,2.576,0.089103,living
1,D,D1,D1_01750,2.704,2.555,2.966,1.161,32.188,408.381,2.538,0.078817,living
1,D,D1,D1_01751,1.707,2.078,2.125,1.023,67.010,356.604,2.495,0.187911,living
1,D,D1,D1_01752,1.115,1.654,1.532,0.926,52.394,368.909,2.606,0.142024,living
1,D,D1,D1_01753,1.470,1.555,1.706,1.097,48.736,402.540,2.207,0.121070,living
1,D,D1,D1_01754,1.791,1.923,2.094,1.089,51.000,339.094,2.274,0.150401,living
1,D,D1,D1_01755,1.555,1.942,1.961,1.010,70.554,359.272,2.130,0.196382,living
1,D,D1,D1_01756,2.062,1.921,2.246,1.169,54.689,431.107,2.164,0.126856,living
1,D,D1,D1_01757,1.910,2.399,2.415,1.007,39.637,361.310,2.575,0.109704,living
1,D,D1,D1_01758,1.690,2.933,2.512,0.857,25.590,336.540,2.490,0.076039,living
1,D,D1,D1_01759,1.842,1.781,2.044,1.148,71.945,403.587,2.312,0.178264,living
1,D,D1,D1_01760,1.842,1.697,1.995,1.176,65.110,414.881,2.376,0.156937,living
1,D,D1,D1_01761,1.775,1.850,2.045,1.105,69.895,400.467,2.324,0.174534,living
1,D,D1,D1_01762,1.791,2.065,2.170,1.051,33.528,391.981,2.708,0.085535,living
1,D,D1,D1_01763,2.552,2.274,2.718,1.195,65.464,416.894,2.483,0.157027,living
1,D,D1,D1_01764,2.231,1.807,2.266,1.254,62.750,461.970,2.409,0.135831,living
1,D,D1,D1_01765,1.791,2.005,2.138,1.066,27.198,390.462,2.406,0.069656,living
1,D,D1,D1_01766,3.143,1.789,2.676,1.496,65.371,614.806,2.608,0.106328,living
1,D,D1,D1_01767,2.231,2.722,2.781,1.022,26.780,390.826,2.621,0.068522,living
1,D,D1,D1_01768,2.197,2.529,2.660,1.052,36.300,377.462,2.400,0.096169,living
1,D,D1,D1_01769,1.335,2.399,2.019,0.842,24.949,360.949,2.608,0.069122,living
1,D,D1,D1_01770,2.755,2.889,3.183,1.102,25.644,397.920,2.779,0.064446,living
1,D,D1,D1_01771,1.403,1.546,1.662,1.075,17.470,359.398,2.120,0.048609,living
1,D,D1,D1_01772,1.335,1.992,1.840,0.924,10.152,333.557,2.076,0.030435,living
1,D,D1,D1_01773,1.082,2.467,1.844,0.747,15.375,334.562,2.141,0.045956,living
1,D,D1,D1_01774,0.794,2.078,1.449,0.697,19.340,335.298,2.638,0.057681,living
1,D,D1,D1_01775,1.284,2.155,1.877,0.871,19.026,380.053,2.132,0.050062,living
1,D,D1,D1_01776,2.197,3.243,3.012,0.929,10.592,329.985,2.669,0.032099,living
1,D,D1,D1_01777,1.724,3.004,2.568,0.855,15.167,346.098,2.392,0.043822,living
1,D,D1,D1_01778,1.234,1.733,1.650,0.952,14.685,394.452,2.575,0.037229,living
1,D,D1,D1_01779,1.673,1.998,2.063,1.033,21.313,404.313,2.343,0.052714,living
1,D,D1,D1_01780,1.538,2.307,2.125,0.921,15.308,376.374,2.154,0.040672,living
1,D,D1,D1_01781,1.944,2.586,2.530,0.978,15.896,388.200,2.661,0.040947,living
1,D,D1,D1_01782,1.707,2.289,2.230,0.974,10.347,367.208,2.505,0.028176,living
1,D,D1,D1_01783,1.656,3.312,2.643,0.798,10.990,330.827,2.898,0.033219,living
1,D,D1,D1_01784,2.315,5.115,3.883,0.759,8.891,337.701,2.409,0.026327,living
1,D,D1,D1_01785,2.163,2.153,2.435,1.131,89.414,311.344,2.367,0.287188,living
1,D,D1,D1_01786,1.791,2.030,2.152,1.060,61.009,332.226,2.481,0.183638,living
1,D,D1,D1_01787,1.268,1.734,1.673,0.965,47.760,325.413,2.227,0.146767,living
1,D,D1,D1_01788,1.048,1.812,1.555,0.858,29.871,323.694,3.194,0.092282,living
1,D,D1,D1_01789,2.298,2.681,2.801,1.045,71.088,320.235,3.235,0.221988,living
1,D,D1,D1_01790,1.082,2.492,1.853,0.744,25.953,294.844,2.297,0.088023,living
1,D,D1,D1_01791,1.335,1.747,1.723,0.986,72.671,302.089,2.620,0.240561,living
1,D,D1,D1_01792,2.248,2.288,2.559,1.119,54.008,407.075,35.451,0.132672,dead
1,D,D1,D1_01793,2.805,1.537,2.343,1.524,51.211,313.133,2.633,0.163544,living
1,D,D1,D1_01794,1.825,2.807,2.554,0.910,60.972,311.954,1.944,0.195453,living
1,D,D1,D1_01795,1.487,1.871,1.882,1.006,45.932,326.920,2.500,0.140498,living
1,D,D1,D1_01796,2.146,2.073,2.380,1.148,22.724,373.417,2.134,0.060855,living
1,D,D1,D1_01797,2.366,2.282,2.622,1.149,85.579,352.436,2.564,0.242820,living
1,D,D1,D1_01798,1.437,1.885,1.857,0.985,46.600,343.176,1.824,0.135790,living
1,D,D1,D1_01799,1.876,1.961,2.164,1.104,35.099,381.189,2.090,0.092078,living
1,D,D1,D1_01800,1.977,2.068,2.282,1.103,94.932,371.094,2.222,0.255816,living
1,D,D1,D1_01801,1.656,2.085,2.097,1.006,50.500,347.908,2.296,0.145153,living
1,D,D1,D1_01802,2.079,2.375,2.507,1.056,64.691,338.163,2.740,0.191302,living
1,D,D1,D1_01803,2.045,1.783,2.155,1.208,44.603,384.471,2.653,0.116012,living
1,D,D1,D1_01804,1.910,2.033,2.224,1.094,78.372,381.124,2.416,0.205633,living
1,D,D1,D1_01805,2.400,1.653,2.247,1.360,32.887,421.859,2.556,0.077958,living
1,D,D1,D1_01806,2.721,3.316,3.389,1.022,22.099,349.068,2.770,0.063310,living
1,D,D1,D1_01807,2.839,2.288,2.876,1.257,81.494,475.042,2.560,0.171551,living
1,D,D1,D1_01808,1.944,2.266,2.368,1.045,43.026,362.348,2.296,0.118743,living
1,D,D1,D1_01809,2.822,2.078,2.732,1.315,49.766,397.138,2.174,0.125313,living
1,D,D1,D1_01810,2.214,1.549,2.090,1.349,70.000,471.863,2.634,0.148348,living
1,D,D1,D1_01811,2.349,1.734,2.277,1.313,67.043,462.619,2.576,0.144921,living
1,D,D1,D1_01812,1.437,3.173,2.409,0.759,15.988,300.176,2.435,0.053263,living
1,D,D1,D1_01813,2.958,2.312,2.951,1.276,44.514,462.914,2.457,0.096161,living
1,D,D1,D1_01814,2.096,1.561,2.041,1.308,26.460,434.403,2.540,0.060910,living
1,D,D1,D1_01815,2.028,2.754,2.667,0.968,25.800,358.675,2.408,0.071931,living
1,D,D1,D1_01816,2.045,1.892,2.220,1.173,22.967,424.149,2.645,0.054148,living
1,D,D1,D1_01817,0.997,2.288,1.704,0.745,26.068,351.085,61.288,0.074249,dead
1,D,D1,D1_01818,2.096,2.189,2.417,1.104,25.903,391.669,2.597,0.066135,living
1,D,D1,D1_01819,1.927,2.502,2.478,0.990,23.053,363.605,2.360,0.063400,living
1,D,D1,D1_01820,1.994,2.588,2.563,0.990,18.271,352.873,2.161,0.051778,living
1,D,D1,D1_01821,2.670,2.747,3.056,1.112,18.722,368.620,2.399,0.050788,living
1,D,D1,D1_01822,2.248,1.562,2.114,1.354,15.647,416.609,2.654,0.037557,living
1,D,D1,D1_01823,2.028,2.305,2.440,1.058,24.292,380.308,2.850,0.063874,living
1,D,D1,D1_01824,3.262,3.086,3.580,1.160,22.705,404.472,2.456,0.056134,living
1,D,D1,D1_01825,1.386,2.015,1.886,0.936,21.256,356.659,2.402,0.059598,living
1,D,D1,D1_01826,1.724,1.729,1.948,1.127,23.608,392.294,2.167,0.060179,living
1,D,D1,D1_01827,2.383,2.722,2.874,1.056,12.057,320.773,2.844,0.037587,living
1,D,D1,D1_01828,1.555,1.791,1.883,1.051,20.326,360.370,2.859,0.056403,living
1,D,D1,D1_01829,1.639,2.608,2.333,0.895,14.351,334.918,2.433,0.042848,living
1,D,D1,D1_01830,1.352,2.219,1.954,0.881,10.762,316.275,3.038,0.034029,living
1,D,D1,D1_01831,1.470,1.718,1.793,1.044,16.207,364.931,2.471,0.044411,living
1,D,D1,D1_01832,2.028,2.757,2.668,0.968,18.025,374.233,2.525,0.048165,living
1,D,D1,D1_01833,1.318,1.725,1.701,0.986,16.423,365.295,1.962,0.044958,living
1,D,D1,D1_01834,2.028,2.148,2.355,1.096,16.842,400.617,2.175,0.042039,living
1,D,D1,D1_01835,1.082,2.106,1.703,0.809,11.594,338.031,2.516,0.034298,living
1,D,D1,D1_01836,2.417,2.748,2.908,1.058,18.559,388.497,2.378,0.047772,living
1,D,D1,D1_01837,1.149,2.385,1.868,0.783,10.779,330.956,2.044,0.032571,living
1,D,D1,D1_01838,1.301,2.431,2.007,0.825,14.221,344.039,2.442,0.041335,living
1,D,D1,D1_01839,1.825,2.370,2.347,0.990,13.222,342.565,2.704,0.038598,living
1,D,D1,D1_01840,1.589,2.441,2.222,0.910,8.947,336.766,2.138,0.026567,living
1,D,D1,D1_01841,1.132,2.088,1.735,0.831,10.463,326.060,2.896,0.032088,living
1,D,D1,D1_01842,1.572,2.340,2.164,0.925,11.398,343.204,2.473,0.033210,living
1,D,D1,D1_01843,1.183,2.762,2.040,0.738,28.300,331.314,1.843,0.085417,living
1,D,D1,D1_01844,1.791,2.466,2.371,0.962,90.377,332.774,2.179,0.271588,living
1,D,D1,D1_01845,1.403,2.288,2.022,0.884,61.361,286.566,2.578,0.214127,living
1,D,D1,D1_01846,1.115,1.923,1.652,0.859,92.000,309.803,3.121,0.296963,living
1,D,D1,D1_01847,1.775,2.288,2.274,0.994,26.810,310.257,2.914,0.086411,living
1,D,D1,D1_01848,1.284,2.466,2.008,0.814,13.882,337.921,2.421,0.041079,living
1,D,D1,D1_01849,1.048,2.121,1.682,0.793,22.645,328.387,2.081,0.068959,living
1,D,D1,D1_01850,2.146,1.871,2.261,1.208,50.126,425.953,2.417,0.117680,living
1,D,D1,D1_01851,1.538,1.915,1.937,1.011,60.352,369.527,2.363,0.163321,living
1,D,D1,D1_01852,1.048,1.893,1.589,0.840,44.742,344.597,2.258,0.129839,living
1,D,D1,D1_01853,1.859,1.531,1.904,1.243,43.245,350.918,2.455,0.123235,living
1,D,D1,D1_01854,2.941,2.288,2.927,1.279,93.529,491.598,2.822,0.190255,living
1,D,D1,D1_01855,2.907,2.314,2.927,1.265,107.535,455.140,2.360,0.236268,living
1,D,D1,D1_01856,2.603,2.288,2.754,1.204,94.448,404.396,2.636,0.233553,living
1,D,D1,D1_01857,2.011,3.384,2.944,0.870,15.059,342.118,2.412,0.044017,living
1,D,D1,D1_01858,1.301,2.288,1.947,0.851,28.156,378.974,2.662,0.074295,living
1,D,D1,D1_01859,2.839,3.122,3.359,1.076,40.607,388.310,2.238,0.104574,living
1,D,D1,D1_01860,2.265,2.298,2.574,1.120,39.358,417.299,2.537,0.094317,living
1,D,D1,D1_01861,1.944,2.288,2.380,1.040,20.974,434.643,2.696,0.048255,living
1,D,D1,D1_01862,1.690,1.824,1.981,1.086,66.840,386.400,2.450,0.172981,living
1,D,D1,D1_01863,2.924,2.788,3.222,1.156,21.428,358.301,2.451,0.059804,living
1,D,D1,D1_01864,3.228,2.288,3.066,1.340,65.435,431.607,2.665,0.151607,living
1,D,D1,D1_01865,3.127,2.073,2.873,1.386,2.584,420.016,2.465,0.006152,living
1,D,D1,D1_01866,2.231,2.353,2.585,1.099,59.311,397.462,2.326,0.149223,living
1,D,D1,D1_01867,1.403,2.002,1.891,0.945,35.024,367.313,2.410,0.095352,living
1,D,D1,D1_01868,0.896,2.288,1.616,0.706,3.151,337.717,3.075,0.009330,living
1,D,D1,D1_01869,3.076,2.288,2.993,1.308,53.044,528.214,2.549,0.100421,living
1,D,D1,D1_01870,2.653,2.212,2.733,1.236,30.879,412.847,2.548,0.074795,living
1,D,D1,D1_01871,1.825,2.288,2.306,1.008,12.278,334.370,2.843,0.036719,living
1,D,D1,D1_01872,1.977,1.566,1.985,1.268,26.291,490.231,2.282,0.053629,living
1,D,D1,D1_01873,1.707,2.742,2.441,0.890,15.406,348.495,2.752,0.044207,living
1,D,D1,D1_01874,1.369,2.077,1.903,0.916,36.975,381.309,2.000,0.096970,living
1,D,D1,D1_01875,1.690,2.199,2.175,0.989,19.710,369.910,2.480,0.053283,living
1,D,D1,D1_01876,2.924,2.288,2.918,1.276,30.422,415.711,2.370,0.073181,living
1,D,D1,D1_01877,2.129,1.618,2.094,1.294,25.968,434.087,2.516,0.059823,living
1,D,D1,D1_01878,2.011,2.161,2.352,1.089,26.832,447.437,2.445,0.059968,living
1,D,D1,D1_01879,1.927,2.789,2.616,0.938,13.079,360.605,2.281,0.036269,living
1,D,D1,D1_01880,1.453,1.971,1.910,0.969,20.279,385.849,2.698,0.052557,living
1,D,D1,D1_01881,1.284,1.743,1.688,0.968,14.118,353.105,2.355,0.039984,living
1,D,D1,D1_01882,0.896,1.852,1.454,0.785,20.415,352.208,3.000,0.057963,living
1,D,D1,D1_01883,0.980,2.145,1.636,0.763,14.983,357.362,2.793,0.041926,living
1,D,D1,D1_01884,2.738,2.519,2.963,1.176,14.444,377.167,2.562,0.038297,living
1,D,D1,D1_01885,2.045,3.141,2.860,0.910,16.083,379.843,2.917,0.042340,living
1,D,D1,D1_01886,1.386,2.288,2.009,0.878,16.366,393.390,2.866,0.041602,living
1,D,D1,D1_01887,2.231,2.288,2.549,1.114,14.174,373.235,2.659,0.037977,living
1,D,D1,D1_01888,1.876,3.343,2.826,0.845,16.721,357.090,2.550,0.046825,living
1,D,D1,D1_01889,0.963,2.048,1.585,0.774,15.404,354.947,1.947,0.043397,living
1,D,D1,D1_01890,1.031,2.261,1.723,0.762,12.869,351.590,2.475,0.036602,living
1,D,D1,D1_01891,2.129,2.316,2.506,1.082,21.603,406.873,2.810,0.053096,living
1,D,D1,D1_01892,0.946,1.758,1.455,0.828,44.946,350.393,2.571,0.128274,living
1,D,D1,D1_01893,1.825,2.283,2.303,1.009,34.454,340.537,2.204,0.101175,living
1,D,D1,D1_01894,1.014,2.243,1.702,0.759,41.867,349.883,2.733,0.119659,living
1,D,D1,D1_01895,0.997,1.630,1.438,0.882,35.610,369.763,2.034,0.096305,living
1,D,D1,D1_01896,1.555,2.970,2.425,0.816,37.076,347.543,2.380,0.106680,living
1,D,D1,D1_01897,0.744,1.854,1.325,0.715,27.432,351.136,2.409,0.078123,living
1,D,D1,D1_01898,1.234,1.915,1.735,0.906,33.164,408.205,2.425,0.081244,living
1,D,D1,D1_01899,2.586,2.410,2.817,1.169,116.778,417.621,2.405,0.279626,living
1,D,D1,D1_01900,1.775,1.899,2.072,1.091,73.133,434.781,2.467,0.168207,living
1,D,D1,D1_01901,2.315,2.390,2.654,1.111,88.869,418.547,2.752,0.212326,living
1,D,D1,D1_01902,2.974,2.000,2.752,1.376,52.244,404.000,2.602,0.129318,living
1,D,D1,D1_01903,1.521,2.361,2.138,0.906,84.900,340.878,2.722,0.249063,living
1,D,D1,D1_01904,1.876,1.812,2.080,1.148,101.270,439.613,2.703,0.230363,living
1,D,D1,D1_01905,2.451,3.392,3.254,0.959,26.772,364.421,3.007,0.073466,living
1,D,D1,D1_01906,1.555,2.537,2.241,0.883,28.467,407.739,2.424,0.069818,living
1,D,D1,D1_01907,1.572,1.717,1.854,1.080,66.548,421.333,2.548,0.157947,living
1,D,D1,D1_01908,3.008,2.242,2.930,1.307,75.944,432.764,2.596,0.175486,living
1,D,D1,D1_01909,1.622,2.051,2.058,1.003,57.323,400.958,3.135,0.142965,living
1,D,D1,D1_01910,1.589,3.325,2.594,0.780,22.691,373.287,2.245,0.060788,living
1,D,D1,D1_01911,1.876,2.258,2.322,1.029,67.351,411.234,2.279,0.163779,living
1,D,D1,D1_01912,0.930,1.932,1.513,0.783,53.891,389.618,1.891,0.138317,living
1,D,D1,D1_01913,1.115,2.401,1.846,0.769,42.545,354.258,2.636,0.120098,living
1,D,D1,D1_01914,2.282,1.670,2.203,1.319,74.867,483.333,2.652,0.154897,living
1,D,D1,D1_01915,2.670,2.081,2.660,1.278,51.791,459.063,2.614,0.112819,living
1,D,D1,D1_01916,2.349,3.549,3.258,0.918,42.691,413.353,2.259,0.103279,living
1,D,D1,D1_01917,2.011,3.056,2.797,0.915,16.437,386.739,2.613,0.042501,living
1,D,D1,D1_01918,1.115,2.288,1.802,0.788,28.742,362.909,2.758,0.079200,living
1,D,D1,D1_01919,1.910,3.410,2.880,0.844,21.292,373.619,2.531,0.056989,living
1,D,D1,D1_01920,1.758,3.067,2.620,0.854,38.404,419.442,2.702,0.091559,living
1,D,D1,D1_01921,1.437,1.788,1.809,1.012,29.424,402.094,2.765,0.073176,living
1,D,D1,D1_01922,1.825,1.500,1.867,1.245,47.769,507.583,2.685,0.094110,living
1,D,D1,D1_01923,1.622,1.726,1.888,1.094,23.260,414.844,2.135,0.056070,living
1,D,D1,D1_01924,1.369,1.529,1.633,1.068,36.506,448.864,2.679,0.081330,living
1,D,D1,D1_01925,1.791,2.015,2.144,1.064,32.528,434.594,2.170,0.074848,living
1,D,D1,D1_01926,1.099,1.773,1.575,0.888,24.985,388.969,2.062,0.064233,living
1,D,D1,D1_01927,1.656,2.334,2.218,0.950,20.929,432.663,2.449,0.048372,living
1,D,D1,D1_01928,2.282,2.469,2.678,1.085,26.526,447.289,2.719,0.059304,living
1,D,D1,D1_01929,1.825,1.829,2.062,1.127,28.954,475.139,2.676,0.060937,living
1,D,D1,D1_01930,1.589,2.144,2.083,0.971,18.596,415.979,2.032,0.044704,living
1,D,D1,D1_01931,2.383,2.288,2.635,1.152,24.617,432.844,2.369,0.056873,living
1,D,D1,D1_01932,1.183,2.248,1.840,0.819,13.057,388.957,1.786,0.033570,living
1,D,D1,D1_01933,2.129,2.906,2.807,0.966,15.373,397.810,2.333,0.038644,living
1,D,D1,D1_01934,1.403,2.836,2.251,0.794,17.205,372.687,2.241,0.046164,living
1,D,D1,D1_01935,1.470,1.938,1.905,0.983,21.241,428.563,2.655,0.049564,living
1,D,D1,D1_01936,1.065,2.196,1.726,0.786,15.492,403.190,2.381,0.038424,living
1,D,D1,D1_01937,2.755,2.739,3.100,1.132,20.724,445.877,2.564,0.046479,living
1,D,D1,D1_01938,0.676,2.567,1.486,0.579,12.550,342.925,2.925,0.036597,living
1,D,D1,D1_01939,1.741,2.547,2.376,0.933,14.534,425.757,2.223,0.034137,living
1,D,D1,D1_01940,0.710,4.102,1.926,0.469,42.357,274.952,2.048,0.154053,living
1,D,D1,D1_01941,3.110,3.232,3.577,1.107,18.315,330.299,2.489,0.055450,living
1,D,D1,D1_01942,2.535,2.170,2.647,1.220,77.047,383.593,2.573,0.200855,living
1,D,D1,D1_01943,1.403,2.237,1.999,0.894,83.361,333.169,2.711,0.250208,living
1,D,D1,D1_01944,2.366,2.802,2.905,1.037,58.179,375.414,2.314,0.154972,living
1,D,D1,D1_01945,2.958,3.091,3.412,1.104,74.251,385.869,2.537,0.192427,living
1,D,D1,D1_01946,1.420,2.087,1.942,0.931,54.357,344.464,2.476,0.157802,living
1,D,D1,D1_01947,1.977,2.002,2.245,1.121,81.436,390.701,2.239,0.208435,living
1,D,D1,D1_01948,1.808,1.787,2.028,1.135,93.495,378.019,2.589,0.247330,living
1,D,D1,D1_01949,1.944,1.735,2.072,1.194,117.061,391.061,2.565,0.299342,living
1,D,D1,D1_01950,2.062,1.679,2.100,1.250,77.107,454.344,2.533,0.169710,living
1,D,D1,D1_01951,1.284,1.875,1.751,0.934,67.132,361.276,2.579,0.185818,living
1,D,D1,D1_01952,1.115,1.762,1.582,0.898,78.924,342.788,2.591,0.230242,living
1,D,D1,D1_01953,2.265,2.878,2.881,1.001,92.254,334.985,2.836,0.275397,living
1,D,D1,D1_01954,1.673,2.152,2.141,0.995,61.404,389.626,2.323,0.157597,living
1,D,D1,D1_01955,3.346,2.667,3.371,1.264,50.247,404.687,2.586,0.124164,living
1,D,D1,D1_01956,2.653,1.734,2.420,1.396,112.115,537.357,2.586,0.208641,living
1,D,D1,D1_01957,1.741,1.920,2.063,1.074,85.602,367.738,2.291,0.232780,living
1,D,D1,D1_01958,2.011,2.288,2.420,1.058,35.277,405.109,2.714,0.087081,living
1,D,D1,D1_01959,1.268,1.457,1.534,1.053,79.880,398.267,2.747,0.200569,living
1,D,D1,D1_01960,2.484,2.363,2.734,1.157,112.707,377.204,2.612,0.298797,living
1,D,D1,D1_01961,1.758,2.161,2.199,1.018,60.279,388.933,2.788,0.154985,living
1,D,D1,D1_01962,2.552,2.288,2.726,1.192,82.424,396.351,42.020,0.207957,dead
1,D,D1,D1_01963,3.228,2.287,3.066,1.341,100.194,508.325,2.503,0.197106,living
1,D,D1,D1_01964,1.656,1.878,1.990,1.060,53.939,413.367,2.255,0.130486,living
1,D,D1,D1_01965,1.572,1.736,1.864,1.074,55.935,391.409,2.054,0.142908,living
1,D,D1,D1_01966,2.822,2.579,3.044,1.180,72.269,431.473,2.377,0.167495,living
1,D,D1,D1_01967,1.825,2.559,2.438,0.953,50.204,379.944,2.713,0.132134,living
1,D,D1,D1_01968,1.200,1.736,1.629,0.938,49.521,383.676,2.620,0.129070,living
1,D,D1,D1_01969,1.910,1.882,2.139,1.137,59.363,418.876,3.124,0.141719,living
1,D,D1,D1_01970,2.248,2.835,2.849,1.005,42.233,389.331,2.233,0.108476,living
1,D,D1,D1_01971,1.842,2.799,2.562,0.915,37.018,378.092,2.128,0.097908,living
1,D,D1,D1_01972,0.862,1.926,1.454,0.755,19.216,360.824,2.588,0.053255,living
1,D,D1,D1_01973,1.301,1.963,1.803,0.919,14.688,378.130,2.649,0.038845,living
1,D,D1,D1_01974,2.958,2.288,2.935,1.283,34.189,419.349,2.737,0.081528,living
1,D,D1,D1_01975,1.690,2.120,2.136,1.007,21.210,404.370,2.070,0.052452,living
1,D,D1,D1_01976,1.977,1.879,2.175,1.157,13.256,358.496,2.051,0.036978,living
1,D,D1,D1_01977,3.110,2.361,3.058,1.295,25.647,453.973,2.391,0.056494,living
1,D,D1,D1_01978,2.248,3.637,3.226,0.887,12.850,373.805,2.669,0.034375,living
1,D,D1,D1_01979,3.245,1.513,2.500,1.653,11.125,406.948,2.385,0.027338,living
1,D,D1,D1_01980,1.521,2.380,2.147,0.902,13.922,393.589,2.267,0.035372,living
1,D,D1,D1_01981,3.312,1.983,2.892,1.458,13.959,435.480,2.510,0.032055,living
1,D,D1,D1_01982,2.231,1.824,2.276,1.248,22.811,493.045,2.235,0.046265,living
1,D,D1,D1_01983,0.693,1.964,1.316,0.670,11.756,351.488,1.634,0.033447,living
1,D,D1,D1_01984,1.656,1.862,1.981,1.064,19.010,430.888,2.673,0.044119,living
1,D,D1,D1_01985,1.656,3.349,2.657,0.793,14.306,368.745,2.643,0.038797,living
1,D,D1,D1_01986,0.777,1.856,1.355,0.730,12.826,366.130,2.326,0.035031,living
1,D,D1,D1_01987,1.284,2.643,2.079,0.786,13.895,372.513,2.697,0.037300,living
1,D,D1,D1_01988,3.228,4.130,4.120,0.998,57.382,344.398,2.408,0.166616,living
1,D,D1,D1_01989,3.110,3.203,3.561,1.112,58.674,309.408,2.364,0.189633,living
1,D,D1,D1_01990,1.335,1.693,1.696,1.002,68.241,340.165,2.823,0.200610,living
1,D,D1,D1_01991,1.741,2.141,2.179,1.018,92.728,323.369,2.583,0.286757,living
1,D,D1,D1_01992,1.048,1.997,1.632,0.817,22.790,308.226,3.290,0.073940,living
1,D,D1,D1_01993,1.301,1.805,1.729,0.958,82.870,316.909,2.039,0.261495,living
1,D,D1,D1_01994,2.383,2.258,2.617,1.159,65.504,354.908,2.326,0.184565,living
1,D,D1,D1_01995,1.910,2.733,2.578,0.943,60.283,343.982,2.124,0.175251,living
1,D,D1,D1_01996,2.789,2.197,2.793,1.271,111.812,423.661,2.545,0.263919,living
1,D,D1,D1_01997,2.383,3.103,3.068,0.989,47.411,358.496,2.270,0.132251,living
1,D,D1,D1_01998,2.248,2.055,2.425,1.180,63.391,344.632,2.564,0.183938,living
1,D,D1,D1_01999,1.470,2.386,2.113,0.886,59.092,315.276,2.080,0.187429,living
1,D,D1,D1_02000,1.910,2.029,2.221,1.095,91.867,351.363,2.460,0.261460,living
1,D,D1,D1_02001,1.775,2.927,2.572,0.879,76.924,330.619,2.057,0.232666,living
1,D,D1,D1_02002,2.636,2.288,2.771,1.211,134.154,458.212,2.673,0.292777,living
1,D,D1,D1_02003,2.332,2.216,2.565,1.158,64.783,406.449,2.399,0.159387,living
1,D,D1,D1_02004,2.636,2.128,2.672,1.256,121.667,401.276,2.372,0.303200,living
1,D,D1,D1_02005,2.282,2.302,2.586,1.123,80.044,345.985,2.104,0.231352,living
1,D,D1,D1_02006,2.298,2.288,2.587,1.131,78.574,443.647,2.824,0.177108,living
1,D,D1,D1_02007,2.789,2.180,2.782,1.276,103.800,464.933,2.461,0.223258,living
1,D,D1,D1_02008,2.670,2.578,2.960,1.148,69.152,394.259,2.304,0.175397,living
1,D,D1,D1_02009,2.062,2.288,2.451,1.071,47.361,414.877,2.574,0.114156,living
1,D,D1,D1_02010,1.470,1.770,1.820,1.028,68.506,386.598,2.598,0.177202,living
1,D,D1,D1_02011,1.284,2.288,1.934,0.845,42.500,340.461,2.711,0.124831,living
1,D,D1,D1_02012,1.944,1.894,2.165,1.143,12.687,363.191,2.957,0.034932,living
1,D,D1,D1_02013,1.014,2.249,1.704,0.758,29.867,324.383,2.117,0.092072,living
1,D,D1,D1_02014,1.960,1.871,2.161,1.155,61.284,412.276,2.474,0.148649,living
1,D,D1,D1_02015,2.839,2.361,2.921,1.237,54.500,453.893,2.542,0.120072,living
1,D,D1,D1_02016,2.332,2.402,2.671,1.112,44.848,395.746,2.478,0.113325,living
1,D,D1,D1_02017,2.028,3.836,3.147,0.820,29.117,329.850,2.242,0.088272,living
1,D,D1,D1_02018,2.839,2.288,2.876,1.257,31.256,411.226,2.875,0.076007,living
1,D,D1,D1_02019,2.586,4.003,3.630,0.907,19.131,357.170,2.405,0.053562,living
1,D,D1,D1_02020,2.197,2.428,2.606,1.073,12.700,377.192,2.600,0.033670,living
1,D,D1,D1_02021,1.724,2.288,2.241,0.980,13.578,348.078,2.971,0.039010,living
1,D,D1,D1_02022,2.383,2.844,2.938,1.033,26.695,394.809,2.504,0.067615,living
1,D,D1,D1_02023,1.386,1.924,1.843,0.958,21.207,385.183,2.512,0.055058,living
1,D,D1,D1_02024,1.741,1.649,1.912,1.159,24.466,442.408,2.796,0.055302,living
1,D,D1,D1_02025,1.589,1.810,1.914,1.057,18.723,395.468,2.000,0.047345,living
1,D,D1,D1_02026,1.115,4.428,2.507,0.566,11.424,305.879,2.409,0.037349,living
1,D,D1,D1_02027,1.352,1.934,1.825,0.943,19.125,374.725,2.425,0.051037,living
1,D,D1,D1_02028,3.312,3.239,3.696,1.141,20.694,432.429,2.286,0.047855,living
1,D,D1,D1_02029,1.115,1.985,1.679,0.846,14.636,369.621,2.333,0.039598,living
1,D,D1,D1_02030,1.099,2.080,1.706,0.820,12.277,351.108,2.169,0.034966,living
1,D,D1,D1_02031,1.994,3.109,2.809,0.904,13.958,367.407,2.212,0.037990,living
1,D,D1,D1_02032,0.845,2.102,1.504,0.715,23.160,315.880,2.400,0.073319,living
1,D,D1,D1_02033,1.758,1.856,2.038,1.098,93.317,364.288,2.510,0.256163,living
1,D,D1,D1_02034,0.980,3.198,1.998,0.625,43.121,296.759,2.552,0.145306,living
1,D,D1,D1_02035,1.420,1.953,1.879,0.962,58.131,356.202,2.512,0.163196,living
1,D,D1,D1_02036,1.825,1.837,2.066,1.125,104.861,387.657,2.824,0.270499,living
1,D,D1,D1_02037,2.400,2.421,2.720,1.123,78.535,396.317,2.732,0.198163,living
1,D,D1,D1_02038,1.639,2.175,2.130,0.980,75.423,376.196,2.443,0.200488,living
1,D,D1,D1_02039,2.552,2.059,2.587,1.256,57.629,337.868,2.384,0.170567,living
1,D,D1,D1_02040,2.011,1.763,2.125,1.205,35.647,413.790,2.067,0.086148,living
1,D,D1,D1_02041,1.217,2.115,1.810,0.856,39.319,367.347,2.250,0.107036,living
1,D,D1,D1_02042,2.383,2.251,2.613,1.161,114.248,401.043,2.574,0.284878,living
1,D,D1,D1_02043,1.775,3.293,2.728,0.828,20.410,344.086,2.619,0.059315,living
1,D,D1,D1_02044,2.079,2.156,2.389,1.108,84.268,359.504,2.813,0.234402,living
1,D,D1,D1_02045,1.369,1.865,1.803,0.967,85.827,347.593,2.988,0.246919,living
1,D,D1,D1_02046,2.096,2.081,2.357,1.132,98.226,402.726,2.347,0.243902,living
1,D,D1,D1_02047,2.552,1.766,2.395,1.356,55.020,507.980,2.205,0.108311,living
1,D,D1,D1_02048,2.653,1.992,2.594,1.302,63.217,484.522,2.510,0.130472,living
1,D,D1,D1_02049,1.791,2.310,2.295,0.994,59.519,410.708,2.613,0.144918,living
1,D,D1,D1_02050,1.521,1.931,1.934,1.001,42.544,382.322,2.733,0.111279,living
1,D,D1,D1_02051,1.960,1.840,2.143,1.165,52.698,379.638,2.250,0.138812,living
1,D,D1,D1_02052,2.129,1.983,2.318,1.169,35.071,367.738,2.294,0.095371,living
1,D,D1,D1_02053,1.014,2.253,1.706,0.757,29.283,343.317,2.167,0.085295,living
1,D,D1,D1_02054,1.183,1.878,1.682,0.896,18.814,317.629,2.786,0.059234,living
1,D,D1,D1_02055,1.910,1.991,2.200,1.105,71.832,416.221,2.389,0.172581,living
1,D,D1,D1_02056,2.366,2.629,2.814,1.070,21.129,398.743,2.993,0.052988,living
1,D,D1,D1_02057,2.687,2.395,2.862,1.195,41.101,465.566,2.239,0.088281,living
1,D,D1,D1_02058,1.453,1.738,1.793,1.032,55.395,394.977,2.919,0.140250,living
1,D,D1,D1_02059,2.451,2.575,2.835,1.101,55.014,412.455,2.841,0.133381,living
1,D,D1,D1_02060,1.960,1.996,2.232,1.118,49.336,410.905,2.483,0.120067,living
1,D,D1,D1_02061,1.420,1.803,1.805,1.001,34.786,376.417,2.631,0.092413,living
1,D,D1,D1_02062,1.724,1.810,1.993,1.101,21.559,346.667,2.010,0.062189,living
1,D,D1,D1_02063,3.194,3.442,3.741,1.087,22.429,426.090,2.280,0.052638,living
1,D,D1,D1_02064,2.113,1.639,2.100,1.281,48.984,480.160,2.480,0.102016,living
1,D,D1,D1_02065,1.538,2.351,2.146,0.913,20.033,386.560,2.154,0.051824,living
1,D,D1,D1_02066,2.873,2.307,2.905,1.259,44.194,492.094,2.594,0.089808,living
1,D,D1,D1_02067,1.707,1.459,1.781,1.221,31.752,460.475,2.624,0.068956,living
1,D,D1,D1_02068,2.197,1.782,2.233,1.253,31.615,494.915,2.715,0.063880,living
1,D,D1,D1_02069,1.538,2.288,2.117,0.925,28.308,386.824,3.516,0.073180,living
1,D,D1,D1_02070,2.315,2.244,2.572,1.146,12.832,391.920,2.139,0.032742,living
1,D,D1,D1_02071,2.180,2.343,2.550,1.088,25.581,428.984,2.411,0.059632,living
1,D,D1,D1_02072,1.825,2.511,2.416,0.962,17.537,389.898,2.528,0.044979,living
1,D,D1,D1_02073,2.400,2.011,2.479,1.233,26.056,431.599,2.711,0.060372,living
1,D,D1,D1_02074,1.606,2.032,2.038,1.003,22.674,416.874,2.505,0.054390,living
1,D,D1,D1_02075,1.893,2.316,2.363,1.020,17.473,383.107,2.714,0.045609,living
1,D,D1,D1_02076,0.946,2.113,1.595,0.755,16.304,372.982,2.482,0.043711,living
1,D,D1,D1_02077,1.589,2.687,2.332,0.868,18.032,372.755,2.457,0.048375,living
1,D,D1,D1_02078,1.335,1.905,1.799,0.945,18.354,388.734,2.392,0.047216,living
1,D,D1,D1_02079,1.555,1.919,1.949,1.016,3.630,415.098,2.380,0.008746,living
1,D,D1,D1_02080,1.251,1.961,1.767,0.901,13.770,382.770,2.176,0.035975,living
1,D,D1,D1_02081,3.025,4.477,4.153,0.928,8.073,340.140,2.475,0.023733,living
1,D,D1,D1_02082,1.893,2.698,2.550,0.945,66.482,323.964,2.464,0.205214,living
1,D,D1,D1_02083,2.096,1.707,2.134,1.250,77.250,335.565,2.379,0.230209,living
1,D,D1,D1_02084,1.758,1.708,1.955,1.145,87.519,352.875,2.404,0.248018,living
1,D,D1,D1_02085,2.265,2.228,2.535,1.138,54.396,411.425,2.627,0.132212,living
1,D,D1,D1_02086,1.876,1.951,2.159,1.106,46.180,399.216,2.369,0.115677,living
1,D,D1,D1_02087,1.977,1.560,1.982,1.270,110.350,443.479,2.769,0.248829,living
1,D,D1,D1_02088,1.538,1.639,1.792,1.093,89.703,373.407,2.231,0.240230,living
1,D,D1,D1_02089,2.991,2.085,2.818,1.351,122.514,486.158,2.282,0.252005,living
1,D,D1,D1_02090,1.758,1.844,2.032,1.102,105.288,366.231,2.538,0.287492,living
1,D,D1,D1_02091,2.011,2.339,2.447,1.046,45.118,396.630,2.244,0.113752,living
1,D,D1,D1_02092,2.197,2.224,2.494,1.122,93.223,347.615,2.685,0.268179,living
1,D,D1,D1_02093,1.504,2.688,2.269,0.844,33.921,328.787,1.955,0.103171,living
1,D,D1,D1_02094,2.873,2.264,2.878,1.271,111.182,428.118,2.782,0.259700,living
1,D,D1,D1_02095,2.045,1.852,2.196,1.186,55.851,377.636,2.273,0.147897,living
1,D,D1,D1_02096,2.907,3.026,3.347,1.106,96.041,358.831,2.552,0.267649,living
1,D,D1,D1_02097,1.589,1.856,1.938,1.044,73.202,398.404,2.074,0.183738,living
1,D,D1,D1_02098,2.011,1.960,2.240,1.143,42.050,417.647,2.235,0.100684,living
1,D,D1,D1_02099,2.028,2.403,2.491,1.037,56.692,374.408,2.392,0.151417,living
1,D,D1,D1_02100,1.656,1.989,2.048,1.030,41.602,392.173,2.082,0.106081,living
1,D,D1,D1_02101,1.724,2.976,2.556,0.859,38.402,340.784,2.608,0.112687,living
1,D,D1,D1_02102,1.453,1.767,1.808,1.023,30.860,385.791,2.977,0.079993,living
1,D,D1,D1_02103,3.025,2.239,2.937,1.312,70.022,469.916,2.408,0.149010,living
1,D,D1,D1_02104,3.177,1.937,2.799,1.445,91.351,577.085,2.617,0.158297,living
1,D,D1,D1_02105,2.805,2.479,2.975,1.200,56.331,423.470,2.608,0.133023,living
1,D,D1,D1_02106,1.183,2.075,1.768,0.852,22.000,364.757,2.400,0.060314,living
1,D,D1,D1_02107,2.096,2.288,2.471,1.080,20.968,410.266,2.855,0.051108,living
1,D,D1,D1_02108,0.980,2.090,1.615,0.773,16.241,368.069,2.500,0.044126,living
1,D,D1,D1_02109,2.298,2.667,2.793,1.047,26.765,411.757,2.471,0.065001,living
1,D,D1,D1_02110,2.248,2.539,2.696,1.062,20.301,402.293,2.391,0.050463,living
1,D,D1,D1_02111,1.656,3.665,2.780,0.758,19.704,334.429,2.816,0.058919,living
1,D,D1,D1_02112,2.214,1.956,2.348,1.200,39.267,448.786,2.573,0.087496,living
1,D,D1,D1_02113,2.163,2.609,2.681,1.027,34.609,392.484,2.078,0.088180,living
1,D,D1,D1_02114,1.132,1.707,1.569,0.919,18.537,376.134,2.060,0.049284,living
1,D,D1,D1_02115,2.180,2.108,2.419,1.147,32.264,427.597,2.845,0.075453,living
1,D,D1,D1_02116,1.639,1.986,2.036,1.025,24.557,425.948,2.577,0.057652,living
1,D,D1,D1_02117,1.775,1.669,1.942,1.164,26.667,442.010,2.419,0.060331,living
1,D,D1,D1_02118,2.265,3.598,3.221,0.895,21.448,363.866,2.746,0.058944,living
1,D,D1,D1_02119,2.163,2.920,2.836,0.971,15.117,377.438,2.469,0.040052,living
1,D,D1,D1_02120,2.197,1.495,2.045,1.368,11.154,352.538,2.885,0.031639,living
1,D,D1,D1_02121,2.890,3.681,3.680,1.000,16.421,372.392,2.327,0.044096,living
1,D,D1,D1_02122,1.284,2.325,1.950,0.839,16.079,364.158,2.908,0.044154,living
1,D,D1,D1_02123,1.555,1.776,1.875,1.056,10.163,396.250,2.478,0.025648,living
1,D,D1,D1_02124,1.589,2.150,2.086,0.970,17.309,394.255,2.830,0.043902,living
1,D,D1,D1_02125,2.180,2.306,2.530,1.097,10.806,383.031,2.597,0.028212,living
1,D,D1,D1_02126,1.386,2.067,1.910,0.924,3.915,366.220,2.415,0.010689,living
1,D,D1,D1_02127,2.569,4.014,3.623,0.903,13.586,370.691,2.605,0.036649,living
1,D,D1,D1_02128,3.194,1.466,2.442,1.666,64.138,324.693,2.370,0.197533,living
1,D,D1,D1_02129,2.805,3.263,3.414,1.046,40.398,384.801,2.241,0.104983,living
1,D,D1,D1_02130,1.707,2.178,2.176,0.999,99.228,352.149,2.416,0.281778,living
1,D,D1,D1_02131,1.707,1.784,1.969,1.104,89.446,353.455,2.515,0.253060,living
1,D,D1,D1_02132,2.636,3.489,3.422,0.981,84.782,340.724,2.244,0.248829,living
1,D,D1,D1_02133,1.589,1.718,1.864,1.085,47.734,375.968,2.457,0.126963,living
1,D,D1,D1_02134,2.620,2.847,3.082,1.082,99.000,356.761,2.490,0.277496,living
1,D,D1,D1_02135,1.690,2.198,2.175,0.989,61.930,353.470,2.510,0.175206,living
1,D,D1,D1_02136,1.335,2.450,2.041,0.833,39.810,341.646,2.759,0.116525,living
1,D,D1,D1_02137,1.048,2.433,1.802,0.741,50.000,308.097,2.435,0.162287,living
1,D,D1,D1_02138,3.093,2.077,2.860,1.377,55.863,472.749,2.251,0.118167,living
1,D,D1,D1_02139,2.332,3.951,3.425,0.867,43.058,328.754,2.464,0.130973,living
1,D,D1,D1_02140,2.738,2.692,3.063,1.138,94.901,367.846,2.414,0.257992,living
1,D,D1,D1_02141,1.944,2.085,2.272,1.090,49.417,395.565,2.435,0.124929,living
1,D,D1,D1_02142,2.772,2.471,2.953,1.195,91.817,342.518,2.409,0.268065,living
1,D,D1,D1_02143,3.008,3.096,3.443,1.112,107.719,358.640,2.725,0.300354,living
1,D,D1,D1_02144,2.924,2.134,2.819,1.321,131.191,445.665,2.763,0.294371,living
1,D,D1,D1_02145,2.755,2.520,2.973,1.180,70.454,376.558,2.497,0.187100,living
1,D,D1,D1_02146,2.180,2.445,2.605,1.065,75.341,354.829,2.690,0.212330,living
1,D,D1,D1_02147,2.822,2.650,3.086,1.164,111.725,380.533,2.695,0.293600,living
1,D,D1,D1_02148,2.856,2.119,2.776,1.310,115.272,416.124,2.367,0.277014,living
1,D,D1,D1_02149,1.758,2.570,2.398,0.933,38.894,353.798,2.394,0.109933,living
1,D,D1,D1_02150,2.636,1.773,2.439,1.376,49.712,382.891,2.821,0.129832,living
1,D,D1,D1_02151,2.332,2.337,2.634,1.127,103.768,387.370,2.072,0.267879,living
1,D,D1,D1_02152,2.417,2.512,2.780,1.107,60.175,393.622,2.413,0.152875,living
1,D,D1,D1_02153,2.146,1.908,2.283,1.197,65.126,424.386,2.244,0.153459,living
1,D,D1,D1_02154,1.775,1.764,1.997,1.132,57.914,421.390,2.333,0.137436,living
1,D,D1,D1_02155,1.910,1.811,2.099,1.159,92.699,413.097,2.575,0.224400,living
1,D,D1,D1_02156,2.332,2.288,2.606,1.139,38.833,373.601,2.783,0.103943,living
1,D,D1,D1_02157,1.301,1.811,1.732,0.956,45.701,363.234,2.468,0.125818,living
1,D,D1,D1_02158,2.028,1.944,2.240,1.152,60.533,413.592,2.242,0.146360,living
1,D,D1,D1_02159,3.380,1.407,2.461,1.749,80.460,557.960,2.335,0.144204,living
1,D,D1,D1_02160,2.248,1.979,2.380,1.203,82.045,439.188,2.391,0.186811,living
1,D,D1,D1_02161,2.822,2.279,2.862,1.256,39.383,462.347,2.365,0.085181,living
1,D,D1,D1_02162,2.805,1.940,2.632,1.357,48.500,506.325,2.596,0.095788,living
1,D,D1,D1_02163,1.487,3.327,2.510,0.754,28.932,333.477,2.795,0.086758,living
1,D,D1,D1_02164,2.670,3.837,3.612,0.941,24.108,364.430,2.348,0.066151,living
1,D,D1,D1_02165,1.960,1.673,2.043,1.221,48.440,460.440,2.474,0.105203,living
1,D,D1,D1_02166,1.960,2.104,2.291,1.089,45.241,409.388,2.690,0.110510,living
1,D,D1,D1_02167,2.636,2.221,2.730,1.229,40.974,478.487,2.340,0.085633,living
1,D,D1,D1_02168,3.177,4.199,4.121,0.982,36.830,390.702,2.431,0.094266,living
1,D,D1,D1_02169,2.214,2.288,2.540,1.110,44.847,396.519,39.824,0.113103,dead
1,D,D1,D1_02170,1.791,2.301,2.291,0.996,34.566,419.075,2.764,0.082482,living
1,D,D1,D1_02171,1.606,2.026,2.035,1.005,17.516,379.558,2.632,0.046148,living
1,D,D1,D1_02172,3.025,3.097,3.454,1.115,23.151,435.665,2.380,0.053139,living
1,D,D1,D1_02173,2.265,2.118,2.471,1.167,13.373,430.127,2.881,0.031091,living
1,D,D1,D1_02174,1.301,2.636,2.090,0.793,17.169,345.390,2.117,0.049709,living
1,D,D1,D1_02175,0.997,1.926,1.564,0.812,19.661,364.915,2.441,0.053878,living
1,D,D1,D1_02176,1.115,1.722,1.564,0.908,26.288,396.773,2.515,0.066254,living
1,D,D1,D1_02177,1.555,1.965,1.972,1.004,22.478,388.500,2.163,0.057859,living
1,D,D1,D1_02178,1.910,1.777,2.079,1.170,34.416,464.805,2.558,0.074044,living
1,D,D1,D1_02179,1.910,1.826,2.107,1.154,25.257,443.876,2.212,0.056900,living
1,D,D1,D1_02180,1.741,2.006,2.109,1.051,17.553,407.777,3.243,0.043047,living
1,D,D1,D1_02181,1.335,3.034,2.271,0.748,11.532,333.468,2.494,0.034581,living
1,D,D1,D1_02182,1.251,2.222,1.881,0.847,17.486,373.243,2.230,0.046850,living
1,D,D1,D1_02183,1.268,1.795,1.702,0.948,20.627,392.293,2.253,0.052580,living
1,D,D1,D1_02184,2.974,5.205,4.440,0.853,16.398,365.534,2.932,0.044860,living
1,D,D1,D1_02185,2.146,3.079,2.901,0.942,14.402,374.630,2.315,0.038442,living
1,D,D1,D1_02186,2.501,2.111,2.593,1.228,21.905,448.520,2.419,0.048839,living
1,D,D1,D1_02187,1.538,3.023,2.433,0.805,12.648,349.286,2.385,0.036212,living
1,D,D1,D1_02188,2.721,4.779,4.069,0.851,13.609,365.590,2.323,0.037224,living
1,D,D1,D1_02189,0.980,1.903,1.541,0.810,12.448,367.845,3.103,0.033841,living
1,D,D1,D1_02190,0.997,2.896,1.917,0.662,9.542,350.186,2.542,0.027249,living
2,C,C2,C2_00001,2.518,2.716,2.951,1.086,2.812,617.490,2.074,0.004554,living
2,C,C2,C2_00002,1.944,1.779,2.098,1.180,29.904,714.391,1.983,0.041860,living
2,C,C2,C2_00003,3.025,1.428,2.345,1.642,60.369,794.251,2.313,0.076007,living
2,C,C2,C2_00004,1.758,2.180,2.209,1.013,2.731,562.356,2.615,0.004856,living
2,C,C2,C2_00005,2.197,1.530,2.069,1.352,28.138,799.554,2.546,0.035193,living
2,C,C2,C2_00006,3.312,1.237,2.284,1.846,2.735,671.980,2.536,0.004070,living
2,C,C2,C2_00007,2.501,2.145,2.614,1.218,31.736,758.682,2.209,0.041831,living
2,C,C2,C2_00008,2.028,1.762,2.133,1.211,115.592,746.967,2.475,0.154748,living
2,C,C2,C2_00009,2.146,1.600,2.091,1.307,2.638,755.409,2.315,0.003492,living
2,C,C2,C2_00010,2.620,2.177,2.695,1.238,101.503,763.665,2.729,0.132916,living
2,C,C2,C2_00011,2.214,2.780,2.799,1.007,34.008,608.099,3.069,0.055924,living
2,C,C2,C2_00012,1.437,1.707,1.767,1.035,80.447,614.341,2.200,0.130949,living
2,C,C2,C2_00013,2.873,2.563,3.062,1.195,77.053,765.224,3.006,0.100693,living
2,C,C2,C2_00014,2.383,1.414,2.071,1.465,121.894,825.752,2.837,0.147615,living
2,C,C2,C2_00015,2.096,1.728,2.147,1.243,92.758,787.750,2.468,0.117751,living
2,C,C2,C2_00016,2.941,2.526,3.076,1.218,116.667,736.351,2.098,0.158439,living
2,C,C2,C2_00017,2.974,2.657,3.172,1.194,2.739,732.591,2.642,0.003738,living
2,C,C2,C2_00018,2.687,2.188,2.736,1.250,117.333,838.969,2.491,0.139854,living
2,C,C2,C2_00019,1.504,1.959,1.937,0.989,2.854,631.517,2.629,0.004519,living
2,C,C2,C2_00020,0.879,1.630,1.351,0.829,3.269,598.788,2.577,0.005460,living
2,C,C2,C2_00021,3.059,2.132,2.882,1.351,122.680,963.613,2.829,0.127312,living
2,C,C2,C2_00022,2.890,2.495,3.030,1.214,56.754,842.234,2.146,0.067386,living
2,C,C2,C2_00023,2.518,2.979,3.090,1.037,2.416,663.208,2.570,0.003643,living
2,C,C2,C2_00024,2.045,2.054,2.313,1.126,52.579,740.215,2.322,0.071031,living
2,C,C2,C2_00025,1.470,1.617,1.740,1.076,47.184,721.023,2.115,0.065440,living
2,C,C2,C2_00026,2.011,2.074,2.304,1.111,37.286,721.471,2.353,0.051680,living
2,C,C2,C2_00027,1.876,2.506,2.447,0.976,2.559,592.874,2.279,0.004316,living
2,C,C2,C2_00028,0.930,2.220,1.621,0.730,2.491,563.636,2.836,0.004419,living
2,C,C2,C2_00029,1.960,2.132,2.307,1.082,2.647,578.836,3.026,0.004572,living
2,C,C2,C2_00030,3.143,4.123,4.062,0.985,2.844,584.328,2.333,0.004867,living
2,C,C2,C2_00031,0.710,1.904,1.312,0.689,3.000,587.262,1.571,0.005108,living
2,C,C2,C2_00032,1.775,1.942,2.095,1.079,2.295,705.829,2.971,0.003252,living
2,C,C2,C2_00033,2.924,2.447,3.018,1.233,13.873,592.306,2.555,0.023422,living
2,C,C2,C2_00034,3.211,2.759,3.359,1.217,42.426,807.084,2.568,0.052567,living
2,C,C2,C2_00035,1.741,2.210,2.213,1.002,22.398,729.097,2.573,0.030720,living
2,C,C2,C2_00036,2.214,1.587,2.115,1.333,29.901,735.962,2.435,0.040628,living
2,C,C2,C2_00037,3.059,1.678,2.556,1.524,43.293,980.414,2.365,0.044158,living
2,C,C2,C2_00038,2.434,2.076,2.536,1.222,35.576,817.424,2.688,0.043523,living
2,C,C2,C2_00039,0.913,2.132,1.574,0.738,23.722,574.704,7.593,0.041277,dead
2,C,C2,C2_00040,1.741,2.012,2.112,1.050,23.068,720.456,1.961,0.032019,living
2,C,C2,C2_00041,2.129,1.938,2.292,1.183,34.111,749.802,2.262,0.045494,living
2,C,C2,C2_00042,1.031,4.059,2.308,0.569,13.541,738.934,2.393,0.018325,living
2,C,C2,C2_00043,1.622,1.702,1.875,1.102,18.312,746.458,2.635,0.024533,living
2,C,C2,C2_00044,1.994,2.609,2.574,0.986,22.585,650.975,2.203,0.034694,living
2,C,C2,C2_00045,0.862,2.488,1.652,0.664,2.314,548.529,2.333,0.004218,living
2,C,C2,C2_00046,1.656,1.926,2.015,1.046,20.541,718.082,2.112,0.028605,living
2,C,C2,C2_00047,2.772,2.715,3.096,1.140,19.854,724.177,2.561,0.027415,living
2,C,C2,C2_00048,1.859,1.884,2.112,1.121,12.327,658.145,2.709,0.018730,living
2,C,C2,C2_00049,2.822,1.498,2.320,1.549,19.743,629.054,2.341,0.031384,living
2,C,C2,C2_00050,1.808,1.806,2.039,1.129,2.280,642.505,2.636,0.003549,living
2,C,C2,C2_00051,1.876,3.489,2.887,0.827,2.297,532.838,2.477,0.004311,living
2,C,C2,C2_00052,1.335,2.234,1.949,0.872,46.608,673.797,2.342,0.069172,living
2,C,C2,C2_00053,1.352,1.798,1.759,0.978,88.013,709.337,2.325,0.124077,living
2,C,C2,C2_00054,2.636,2.132,2.675,1.255,63.795,766.872,2.929,0.083188,living
2,C,C2,C2_00055,1.977,1.624,2.022,1.245,110.154,738.009,2.940,0.149258,living
2,C,C2,C2_00056,1.470,1.934,1.903,0.984,98.713,737.437,2.828,0.133859,living
2,C,C2,C2_00057,2.958,1.891,2.669,1.411,107.303,846.200,2.274,0.126806,living
2,C,C2,C2_00058,2.383,1.879,2.388,1.271,137.092,825.887,2.319,0.165994,living
2,C,C2,C2_00059,2.231,3.003,2.921,0.973,53.015,742.561,2.258,0.071395,living
2,C,C2,C2_00060,1.893,1.847,2.110,1.142,45.054,817.902,2.295,0.055084,living
2,C,C2,C2_00061,1.960,2.132,2.307,1.082,78.586,885.129,2.741,0.088785,living
2,C,C2,C2_00062,2.856,2.154,2.799,1.299,2.675,621.970,2.538,0.004300,living
2,C,C2,C2_00063,2.670,2.759,3.063,1.110,2.449,694.443,2.335,0.003527,living
2,C,C2,C2_00064,2.467,2.178,2.616,1.201,118.870,805.274,2.233,0.147614,living
2,C,C2,C2_00065,1.960,2.132,2.307,1.082,65.388,594.526,52.026,0.109983,dead
2,C,C2,C2_00066,2.805,1.569,2.367,1.509,117.940,821.584,2.542,0.143552,living
2,C,C2,C2_00067,2.214,2.639,2.727,1.034,2.206,656.092,2.527,0.003362,living
2,C,C2,C2_00068,2.265,2.070,2.443,1.180,122.104,812.299,2.985,0.150320,living
2,C,C2,C2_00069,3.042,2.126,2.870,1.350,118.494,1016.189,2.600,0.116607,living
2,C,C2,C2_00070,0.980,2.132,1.631,0.765,25.310,696.397,2.138,0.036345,living
2,C,C2,C2_00071,3.194,1.172,2.183,1.863,33.132,920.503,2.762,0.035994,living
2,C,C2,C2_00072,1.555,1.707,1.838,1.077,60.054,779.924,2.674,0.077000,living
2,C,C2,C2_00073,2.569,1.757,2.397,1.364,39.243,956.954,2.553,0.041009,living
2,C,C2,C2_00074,3.093,2.131,2.897,1.359,26.798,759.503,2.541,0.035283,living
2,C,C2,C2_00075,2.467,2.305,2.691,1.167,2.226,646.575,2.356,0.003443,living
2,C,C2,C2_00076,2.197,1.442,2.008,1.393,74.862,1105.562,2.431,0.067714,living
2,C,C2,C2_00077,2.636,1.796,2.455,1.367,38.519,928.846,2.340,0.041470,living
2,C,C2,C2_00078,1.977,2.463,2.490,1.011,26.803,706.487,2.718,0.037939,living
2,C,C2,C2_00079,2.113,3.049,2.864,0.939,2.472,676.272,2.248,0.003655,living
2,C,C2,C2_00080,2.197,1.450,2.014,1.389,17.762,775.769,2.385,0.022895,living
2,C,C2,C2_00081,1.927,1.248,1.750,1.402,19.167,707.421,2.561,0.027094,living
2,C,C2,C2_00082,1.403,1.766,1.776,1.006,41.940,756.735,2.518,0.055422,living
2,C,C2,C2_00083,2.113,2.232,2.450,1.098,15.352,713.072,2.712,0.021529,living
2,C,C2,C2_00084,1.994,1.417,1.897,1.339,13.898,693.025,2.475,0.020055,living
2,C,C2,C2_00085,2.197,2.665,2.730,1.025,17.808,744.662,2.346,0.023914,living
2,C,C2,C2_00086,2.197,2.059,2.400,1.166,19.677,764.385,2.585,0.025742,living
2,C,C2,C2_00087,1.808,2.302,2.302,1.000,18.832,709.654,2.636,0.026537,living
2,C,C2,C2_00088,0.879,1.624,1.348,0.830,15.577,692.827,2.288,0.022483,living
2,C,C2,C2_00089,2.907,1.868,2.629,1.408,12.919,663.517,2.169,0.019470,living
2,C,C2,C2_00090,2.197,1.867,2.285,1.224,17.754,803.777,2.577,0.022088,living
2,C,C2,C2_00091,0.811,2.321,1.548,0.667,8.083,631.750,2.542,0.012795,living
2,C,C2,C2_00092,1.724,3.214,2.656,0.826,2.637,597.461,2.402,0.004414,living
2,C,C2,C2_00093,1.470,2.074,1.970,0.950,14.471,699.414,2.678,0.020691,living
2,C,C2,C2_00094,1.656,1.643,1.861,1.133,33.561,592.969,2.398,0.056599,living
2,C,C2,C2_00095,0.879,2.846,1.785,0.627,115.096,527.942,2.635,0.218009,living
2,C,C2,C2_00096,2.045,1.536,2.000,1.302,156.124,984.413,2.777,0.158596,living
2,C,C2,C2_00097,1.470,1.935,1.903,0.983,118.632,756.724,2.425,0.156771,living
2,C,C2,C2_00098,1.791,2.052,2.163,1.054,135.651,753.896,2.566,0.179933,living
2,C,C2,C2_00099,1.639,1.737,1.904,1.096,138.165,790.433,2.196,0.174797,living
2,C,C2,C2_00100,1.808,2.038,2.166,1.063,112.336,811.477,2.710,0.138435,living
2,C,C2,C2_00101,2.738,3.264,3.373,1.033,84.765,738.049,2.549,0.114851,living
2,C,C2,C2_00102,1.639,1.961,2.023,1.032,55.247,784.918,2.907,0.070386,living
2,C,C2,C2_00103,2.113,3.074,2.876,0.936,123.888,702.832,2.416,0.176270,living
2,C,C2,C2_00104,1.301,2.168,1.895,0.874,2.597,649.273,2.377,0.004000,living
2,C,C2,C2_00105,2.501,2.059,2.561,1.244,172.953,920.716,2.041,0.187846,living
2,C,C2,C2_00106,3.076,2.643,3.217,1.217,131.533,913.005,2.418,0.144066,living
2,C,C2,C2_00107,2.856,1.682,2.473,1.470,191.970,950.130,2.219,0.202046,living
2,C,C2,C2_00108,2.603,2.164,2.678,1.238,99.266,917.701,2.545,0.108168,living
2,C,C2,C2_00109,1.656,1.602,1.838,1.147,57.929,852.143,2.020,0.067980,living
2,C,C2,C2_00110,1.606,1.834,1.937,1.056,55.032,876.800,2.126,0.062764,living
2,C,C2,C2_00111,1.352,1.768,1.745,0.987,2.612,826.188,2.938,0.003162,living
2,C,C2,C2_00112,3.127,2.688,3.271,1.217,134.686,918.335,2.735,0.146664,living
2,C,C2,C2_00113,0.710,1.787,1.271,0.711,2.071,676.500,3.119,0.003062,living
2,C,C2,C2_00114,2.484,2.322,2.710,1.167,134.347,834.728,2.367,0.160947,living
2,C,C2,C2_00115,1.876,1.972,2.170,1.101,95.333,866.090,2.802,0.110073,living
2,C,C2,C2_00116,3.025,2.383,3.030,1.271,122.346,856.402,2.542,0.142861,living
2,C,C2,C2_00117,1.673,1.614,1.854,1.149,59.545,927.293,2.182,0.064214,living
2,C,C2,C2_00118,1.876,1.875,2.116,1.129,82.649,930.802,2.658,0.088793,living
2,C,C2,C2_00119,3.008,2.132,2.858,1.340,89.371,918.169,2.921,0.097336,living
2,C,C2,C2_00120,1.335,2.441,2.037,0.834,41.177,721.734,2.696,0.057053,living
2,C,C2,C2_00121,1.808,1.729,1.995,1.154,48.318,911.449,2.374,0.053012,living
2,C,C2,C2_00122,1.690,1.783,1.959,1.099,38.530,859.720,2.450,0.044817,living
2,C,C2,C2_00123,2.248,2.310,2.571,1.113,67.639,880.624,2.226,0.076808,living
2,C,C2,C2_00124,2.535,1.569,2.250,1.434,56.740,874.687,2.427,0.064869,living
2,C,C2,C2_00125,2.096,1.642,2.093,1.275,60.476,900.710,2.669,0.067142,living
2,C,C2,C2_00126,1.386,1.975,1.867,0.945,41.341,829.720,1.976,0.049826,living
2,C,C2,C2_00127,1.758,1.951,2.090,1.071,36.212,891.394,3.048,0.040623,living
2,C,C2,C2_00128,2.129,1.707,2.151,1.260,38.238,864.429,2.794,0.044235,living
2,C,C2,C2_00129,1.099,2.250,1.774,0.789,2.277,714.369,2.123,0.003187,living
2,C,C2,C2_00130,2.180,1.711,2.179,1.274,40.938,972.969,2.620,0.042075,living
2,C,C2,C2_00131,2.045,1.371,1.889,1.378,28.694,810.752,2.273,0.035392,living
2,C,C2,C2_00132,0.997,2.132,1.645,0.772,22.780,774.780,14.915,0.029401,dead
2,C,C2,C2_00133,0.930,2.150,1.596,0.742,18.891,755.473,2.382,0.025005,living
2,C,C2,C2_00134,1.115,1.790,1.594,0.891,28.636,803.667,2.015,0.035632,living
2,C,C2,C2_00135,2.231,1.596,2.129,1.334,17.447,773.697,2.409,0.022550,living
2,C,C2,C2_00136,1.842,2.014,2.173,1.079,16.780,883.725,2.147,0.018988,living
2,C,C2,C2_00137,1.200,1.827,1.671,0.914,16.944,802.718,2.338,0.021108,living
2,C,C2,C2_00138,1.538,2.307,2.125,0.921,21.571,796.297,2.604,0.027090,living
2,C,C2,C2_00139,0.845,2.036,1.480,0.727,7.840,745.920,2.220,0.010511,living
2,C,C2,C2_00140,1.166,1.694,1.586,0.936,22.739,671.391,2.261,0.033869,living
2,C,C2,C2_00141,1.234,1.733,1.650,0.952,63.575,678.164,2.411,0.093746,living
2,C,C2,C2_00142,2.822,2.020,2.694,1.334,64.377,740.772,2.605,0.086906,living
2,C,C2,C2_00143,1.606,1.744,1.888,1.083,109.000,723.021,2.558,0.150756,living
2,C,C2,C2_00144,2.484,1.941,2.478,1.276,25.694,631.748,2.340,0.040671,living
2,C,C2,C2_00145,0.946,2.073,1.580,0.762,2.696,671.964,2.321,0.004013,living
2,C,C2,C2_00146,2.146,1.733,2.176,1.256,140.079,869.157,2.472,0.161166,living
2,C,C2,C2_00147,2.366,1.700,2.263,1.331,142.293,906.307,2.479,0.157003,living
2,C,C2,C2_00148,2.738,2.905,3.182,1.095,66.105,766.537,2.525,0.086238,living
2,C,C2,C2_00149,3.228,1.875,2.776,1.481,111.304,995.696,2.414,0.111785,living
2,C,C2,C2_00150,1.183,1.792,1.643,0.917,2.257,621.814,2.729,0.003630,living
2,C,C2,C2_00151,2.011,2.072,2.303,1.112,63.933,790.840,2.874,0.080842,living
2,C,C2,C2_00152,2.282,1.861,2.325,1.250,59.044,936.281,2.622,0.063063,living
2,C,C2,C2_00153,2.772,2.644,3.055,1.155,97.457,696.811,2.213,0.139862,living
2,C,C2,C2_00154,2.265,1.719,2.227,1.295,55.187,914.425,2.284,0.060351,living
2,C,C2,C2_00155,2.636,2.046,2.620,1.281,2.256,829.571,2.199,0.002720,living
2,C,C2,C2_00156,1.944,1.900,2.169,1.141,52.461,814.122,2.496,0.064439,living
2,C,C2,C2_00157,2.620,1.732,2.404,1.388,2.381,665.671,2.490,0.003576,living
2,C,C2,C2_00158,1.504,3.013,2.402,0.797,2.697,692.955,2.573,0.003891,living
2,C,C2,C2_00159,2.146,1.713,2.163,1.263,79.882,904.685,3.039,0.088298,living
2,C,C2,C2_00160,2.721,1.917,2.577,1.344,9.410,774.640,2.658,0.012148,living
2,C,C2,C2_00161,1.690,1.911,2.028,1.061,2.750,715.000,2.330,0.003846,living
2,C,C2,C2_00162,2.434,2.037,2.513,1.233,40.792,795.375,2.375,0.051286,living
2,C,C2,C2_00163,1.639,1.689,1.877,1.112,40.814,818.093,2.742,0.049890,living
2,C,C2,C2_00164,2.518,2.059,2.569,1.248,44.228,904.362,2.463,0.048905,living
2,C,C2,C2_00165,2.687,1.156,1.989,1.720,44.409,899.761,2.390,0.049356,living
2,C,C2,C2_00166,2.822,2.341,2.900,1.239,70.096,905.443,2.162,0.077416,living
2,C,C2,C2_00167,1.808,1.980,2.135,1.078,53.981,767.131,2.421,0.070368,living
2,C,C2,C2_00168,2.315,2.263,2.583,1.141,46.723,758.964,2.628,0.061561,living
2,C,C2,C2_00169,1.251,1.841,1.712,0.930,26.486,702.851,2.635,0.037684,living
2,C,C2,C2_00170,2.045,2.027,2.297,1.133,43.636,809.694,2.793,0.053892,living
2,C,C2,C2_00171,1.318,2.110,1.882,0.892,16.949,692.603,2.256,0.024471,living
2,C,C2,C2_00172,1.893,2.004,2.198,1.097,2.482,725.589,2.714,0.003421,living
2,C,C2,C2_00173,1.775,2.701,2.471,0.915,15.552,708.819,2.438,0.021941,living
2,C,C2,C2_00174,1.775,2.888,2.555,0.885,15.867,632.457,2.181,0.025087,living
2,C,C2,C2_00175,1.166,1.713,1.595,0.931,10.246,748.681,2.348,0.013686,living
2,C,C2,C2_00176,1.318,1.624,1.651,1.017,14.397,760.077,2.321,0.018942,living
2,C,C2,C2_00177,0.845,2.132,1.515,0.710,10.880,565.960,14.260,0.019224,dead
2,C,C2,C2_00178,0.997,2.182,1.664,0.763,1.746,444.322,2.678,0.003929,living
2,C,C2,C2_00179,3.296,2.214,3.048,1.377,86.636,699.795,2.723,0.123802,living
2,C,C2,C2_00180,3.110,1.684,2.582,1.533,61.908,755.429,2.560,0.081950,living
2,C,C2,C2_00181,1.690,1.721,1.924,1.118,129.390,713.750,1.870,0.181282,living
2,C,C2,C2_00182,2.079,1.949,2.271,1.165,123.106,841.382,2.317,0.146314,living
2,C,C2,C2_00183,0.980,1.730,1.469,0.849,3.172,528.569,2.397,0.006002,living
2,C,C2,C2_00184,1.420,2.973,2.318,0.780,2.155,558.619,2.298,0.003857,living
2,C,C2,C2_00185,2.079,3.476,3.033,0.873,2.195,672.472,1.756,0.003264,living
2,C,C2,C2_00186,0.727,2.269,1.449,0.639,38.791,589.581,1.977,0.065794,living
2,C,C2,C2_00187,2.146,1.937,2.301,1.188,89.575,794.307,2.457,0.112771,living
2,C,C2,C2_00188,3.042,2.256,2.956,1.310,2.589,835.444,2.450,0.003099,living
2,C,C2,C2_00189,2.941,1.386,2.278,1.644,95.695,771.833,2.201,0.123985,living
2,C,C2,C2_00190,1.690,1.853,1.997,1.078,74.440,824.900,2.510,0.090241,living
2,C,C2,C2_00191,2.569,1.383,2.127,1.538,100.283,817.099,2.520,0.122730,living
2,C,C2,C2_00192,3.059,2.132,2.882,1.351,147.370,774.851,2.718,0.190192,living
2,C,C2,C2_00193,2.620,1.997,2.581,1.292,87.677,826.290,2.381,0.106110,living
2,C,C2,C2_00194,1.876,1.996,2.183,1.094,46.162,762.613,2.198,0.060532,living
2,C,C2,C2_00195,1.453,2.451,2.129,0.869,2.419,668.407,2.512,0.003618,living
2,C,C2,C2_00196,2.620,1.642,2.340,1.425,2.497,696.877,2.090,0.003583,living
2,C,C2,C2_00197,2.451,2.736,2.922,1.068,120.828,684.724,2.083,0.176462,living
2,C,C2,C2_00198,2.434,2.171,2.594,1.195,113.340,816.917,2.312,0.138742,living
2,C,C2,C2_00199,2.518,2.038,2.556,1.254,120.470,878.933,2.671,0.137064,living
2,C,C2,C2_00200,1.470,1.934,1.903,0.984,35.092,814.276,2.701,0.043096,living
2,C,C2,C2_00201,2.991,1.665,2.518,1.512,59.610,843.175,2.497,0.070697,living
2,C,C2,C2_00202,2.248,2.146,2.478,1.155,77.263,813.308,2.782,0.094999,living
2,C,C2,C2_00203,2.907,2.964,3.312,1.117,45.965,669.256,2.547,0.068681,living
2,C,C2,C2_00204,2.062,1.955,2.266,1.159,63.844,852.869,2.443,0.074858,living
2,C,C2,C2_00205,1.741,2.436,2.324,0.954,40.835,708.864,2.029,0.057606,living
2,C,C2,C2_00206,1.352,2.132,1.916,0.898,54.737,794.638,2.850,0.068884,living
2,C,C2,C2_00207,0.744,2.329,1.485,0.638,2.295,574.273,2.295,0.003997,living
2,C,C2,C2_00208,1.893,1.985,2.187,1.102,38.286,821.795,2.455,0.046588,living
2,C,C2,C2_00209,1.622,1.643,1.842,1.121,2.458,621.479,2.167,0.003956,living
2,C,C2,C2_00210,2.349,2.265,2.603,1.149,20.885,729.281,2.223,0.028638,living
2,C,C2,C2_00211,2.265,2.098,2.460,1.172,29.500,810.463,2.649,0.036399,living
2,C,C2,C2_00212,1.301,2.909,2.195,0.755,2.623,637.948,2.052,0.004112,living
2,C,C2,C2_00213,2.552,1.929,2.504,1.298,31.907,984.497,2.185,0.032410,living
2,C,C2,C2_00214,1.927,2.132,2.287,1.073,14.632,705.561,2.833,0.020737,living
2,C,C2,C2_00215,1.741,2.539,2.372,0.934,89.359,630.748,2.641,0.141672,living
2,C,C2,C2_00216,2.738,2.555,2.984,1.168,107.228,769.438,2.191,0.139359,living
2,C,C2,C2_00217,2.603,1.991,2.569,1.290,94.740,773.247,2.714,0.122523,living
2,C,C2,C2_00218,1.572,1.571,1.773,1.129,106.151,751.333,2.828,0.141283,living
2,C,C2,C2_00219,2.011,2.395,2.476,1.034,50.739,728.059,2.244,0.069691,living
2,C,C2,C2_00220,1.251,2.000,1.785,0.892,3.027,630.865,2.270,0.004798,living
2,C,C2,C2_00221,2.417,1.997,2.479,1.241,45.147,724.217,2.664,0.062339,living
2,C,C2,C2_00222,1.555,2.073,2.026,0.977,81.500,667.793,2.446,0.122044,living
2,C,C2,C2_00223,1.572,1.699,1.844,1.085,108.161,719.323,2.000,0.150365,living
2,C,C2,C2_00224,2.670,2.742,3.053,1.113,117.671,714.658,2.424,0.164653,living
2,C,C2,C2_00225,2.349,3.184,3.086,0.969,64.568,641.165,2.014,0.100705,living
2,C,C2,C2_00226,2.789,2.351,2.889,1.229,134.448,779.915,2.521,0.172389,living
2,C,C2,C2_00227,2.789,2.132,2.752,1.290,70.133,689.176,15.527,0.101764,dead
2,C,C2,C2_00228,1.470,2.987,2.364,0.792,2.368,593.862,2.126,0.003987,living
2,C,C2,C2_00229,1.808,1.617,1.929,1.193,130.963,720.860,2.430,0.181676,living
2,C,C2,C2_00230,2.636,2.140,2.680,1.252,75.045,650.199,2.442,0.115418,living
2,C,C2,C2_00231,2.670,2.400,2.856,1.190,137.791,759.930,2.259,0.181321,living
2,C,C2,C2_00232,1.318,2.085,1.871,0.897,49.731,664.154,2.833,0.074878,living
2,C,C2,C2_00233,3.380,1.984,2.922,1.473,153.945,857.115,2.740,0.179608,living
2,C,C2,C2_00234,3.211,2.152,2.966,1.378,106.484,1061.489,2.289,0.100316,living
2,C,C2,C2_00235,2.772,1.711,2.457,1.436,103.817,853.165,2.805,0.121685,living
2,C,C2,C2_00236,2.366,1.327,1.999,1.507,49.229,912.900,2.507,0.053925,living
2,C,C2,C2_00237,2.670,2.380,2.844,1.195,51.278,810.411,2.487,0.063275,living
2,C,C2,C2_00238,1.808,1.744,2.004,1.149,106.832,817.935,2.112,0.130612,living
2,C,C2,C2_00239,2.755,2.583,3.010,1.165,80.294,815.196,2.675,0.098497,living
2,C,C2,C2_00240,0.946,1.704,1.433,0.841,37.911,573.500,2.643,0.066104,living
2,C,C2,C2_00241,1.200,2.041,1.766,0.865,33.014,681.324,2.887,0.048456,living
2,C,C2,C2_00242,1.842,1.837,2.076,1.130,61.780,909.211,2.734,0.067949,living
2,C,C2,C2_00243,2.603,1.791,2.436,1.360,38.896,910.156,2.377,0.042736,living
2,C,C2,C2_00244,1.318,1.845,1.760,0.954,26.910,722.667,2.513,0.037237,living
2,C,C2,C2_00245,1.690,1.549,1.826,1.179,22.350,679.750,2.820,0.032880,living
2,C,C2,C2_00246,2.062,1.558,2.022,1.298,70.320,899.270,2.549,0.078196,living
2,C,C2,C2_00247,2.484,2.247,2.666,1.186,49.497,789.884,2.401,0.062663,living
2,C,C2,C2_00248,3.177,2.242,3.011,1.343,33.340,994.888,2.489,0.033512,living
2,C,C2,C2_00249,1.994,1.911,2.203,1.153,31.119,857.169,2.466,0.036304,living
2,C,C2,C2_00250,1.437,2.398,2.095,0.873,25.012,702.224,2.400,0.035618,living
2,C,C2,C2_00251,2.282,1.644,2.186,1.329,2.807,728.748,2.111,0.003852,living
2,C,C2,C2_00252,1.031,3.745,2.217,0.592,2.934,596.607,2.426,0.004919,living
2,C,C2,C2_00253,2.907,4.847,4.236,0.874,2.459,673.238,2.483,0.003653,living
2,C,C2,C2_00254,2.028,2.245,2.408,1.072,22.258,649.167,2.658,0.034288,living
2,C,C2,C2_00255,2.653,1.770,2.445,1.381,19.815,782.102,2.624,0.025336,living
2,C,C2,C2_00256,1.741,1.867,2.034,1.090,22.767,772.175,2.223,0.029484,living
2,C,C2,C2_00257,1.284,1.975,1.797,0.910,13.513,718.434,2.316,0.018809,living
2,C,C2,C2_00258,0.845,1.753,1.373,0.783,3.420,616.620,3.400,0.005546,living
2,C,C2,C2_00259,2.366,1.569,2.174,1.386,69.121,681.571,2.457,0.101415,living
2,C,C2,C2_00260,0.963,2.828,1.862,0.658,41.123,505.860,2.123,0.081293,living
2,C,C2,C2_00261,2.366,2.037,2.477,1.216,69.857,685.414,2.557,0.101920,living
2,C,C2,C2_00262,2.197,1.766,2.223,1.259,90.092,804.492,2.315,0.111987,living
2,C,C2,C2_00263,2.011,2.499,2.530,1.012,28.857,659.706,2.361,0.043742,living
2,C,C2,C2_00264,1.876,1.781,2.063,1.158,105.514,730.568,2.180,0.144427,living
2,C,C2,C2_00265,1.758,2.747,2.480,0.903,70.048,607.490,2.423,0.115307,living
2,C,C2,C2_00266,1.538,2.279,2.113,0.927,67.044,648.055,2.835,0.103454,living
2,C,C2,C2_00267,1.335,2.250,1.956,0.869,25.342,645.532,2.785,0.039257,living
2,C,C2,C2_00268,1.639,2.132,2.109,0.989,26.340,676.608,3.320,0.038930,living
2,C,C2,C2_00269,2.586,2.991,3.138,1.049,76.935,634.190,2.275,0.121312,living
2,C,C2,C2_00270,1.859,2.980,2.656,0.891,68.082,620.182,2.882,0.109777,living
2,C,C2,C2_00271,2.129,1.762,2.185,1.240,128.976,795.119,2.111,0.162210,living
2,C,C2,C2_00272,1.504,1.655,1.780,1.076,112.461,678.685,2.697,0.165704,living
2,C,C2,C2_00273,2.298,1.657,2.202,1.329,110.632,824.993,2.500,0.134101,living
2,C,C2,C2_00274,1.910,1.519,1.922,1.265,134.973,863.513,2.177,0.156307,living
2,C,C2,C2_00275,2.417,2.291,2.655,1.159,108.538,706.091,2.720,0.153717,living
2,C,C2,C2_00276,2.011,2.497,2.529,1.013,56.008,652.034,2.487,0.085898,living
2,C,C2,C2_00277,2.231,1.534,2.087,1.361,156.189,901.288,2.265,0.173296,living
2,C,C2,C2_00278,2.400,1.508,2.147,1.424,86.028,756.317,2.915,0.113746,living
2,C,C2,C2_00279,2.265,1.227,1.881,1.533,33.709,702.440,2.284,0.047988,living
2,C,C2,C2_00280,3.312,1.704,2.681,1.573,48.694,800.423,2.413,0.060835,living
2,C,C2,C2_00281,2.265,2.132,2.480,1.163,106.030,623.425,2.993,0.170076,living
2,C,C2,C2_00282,1.944,2.187,2.327,1.064,37.896,710.174,2.078,0.053361,living
2,C,C2,C2_00283,1.791,1.538,1.873,1.218,122.670,766.132,3.028,0.160116,living
2,C,C2,C2_00284,3.177,1.924,2.790,1.450,92.043,690.957,2.330,0.133210,living
2,C,C2,C2_00285,2.231,1.993,2.379,1.194,86.348,670.606,2.735,0.128762,living
2,C,C2,C2_00286,1.572,1.686,1.837,1.090,53.484,714.914,2.290,0.074812,living
2,C,C2,C2_00287,1.741,1.762,1.976,1.122,69.670,726.612,3.000,0.095883,living
2,C,C2,C2_00288,2.366,2.048,2.484,1.213,75.814,773.679,2.736,0.097992,living
2,C,C2,C2_00289,2.163,1.801,2.227,1.237,2.461,738.219,2.531,0.003334,living
2,C,C2,C2_00290,2.197,1.903,2.307,1.212,54.746,765.746,2.300,0.071494,living
2,C,C2,C2_00291,2.214,1.688,2.181,1.292,88.626,912.038,2.511,0.097174,living
2,C,C2,C2_00292,3.329,2.929,3.523,1.203,2.239,757.680,2.812,0.002955,living
2,C,C2,C2_00293,2.197,2.132,2.442,1.145,55.985,607.154,29.923,0.092208,dead
2,C,C2,C2_00294,2.603,3.551,3.431,0.966,2.695,670.058,2.630,0.004022,living
2,C,C2,C2_00295,2.755,1.469,2.270,1.545,10.767,886.761,2.791,0.012142,living
2,C,C2,C2_00296,2.434,1.423,2.100,1.476,21.792,679.097,2.278,0.032089,living
2,C,C2,C2_00297,2.789,1.910,2.604,1.364,30.121,826.315,2.800,0.036452,living
2,C,C2,C2_00298,3.160,2.318,3.054,1.317,47.342,990.733,1.957,0.047785,living
2,C,C2,C2_00299,2.332,1.242,1.920,1.546,5.623,666.442,2.870,0.008438,living
2,C,C2,C2_00300,0.862,3.758,2.031,0.540,13.902,524.216,1.784,0.026520,living
2,C,C2,C2_00301,1.217,2.781,2.076,0.746,17.583,594.375,2.611,0.029583,living
2,C,C2,C2_00302,1.775,1.627,1.918,1.179,5.657,658.848,2.533,0.008586,living
2,C,C2,C2_00303,1.014,2.221,1.693,0.762,27.183,671.900,2.333,0.040457,living
2,C,C2,C2_00304,1.859,3.392,2.833,0.835,51.282,711.609,2.636,0.072065,living
2,C,C2,C2_00305,1.622,2.001,2.033,1.016,45.438,638.396,2.490,0.071174,living
2,C,C2,C2_00306,1.707,2.195,2.184,0.995,122.653,732.040,2.168,0.167550,living
2,C,C2,C2_00307,2.856,3.573,3.605,1.009,73.373,767.899,2.527,0.095550,living
2,C,C2,C2_00308,1.977,3.385,2.919,0.862,48.325,642.923,2.769,0.075164,living
2,C,C2,C2_00309,1.622,2.210,2.136,0.967,63.552,797.521,2.698,0.079687,living
2,C,C2,C2_00310,1.707,1.417,1.755,1.238,83.733,642.911,2.594,0.130240,living
2,C,C2,C2_00311,2.890,1.778,2.558,1.439,137.591,977.006,2.170,0.140829,living
2,C,C2,C2_00312,3.093,2.938,3.402,1.158,127.820,809.541,2.180,0.157892,living
2,C,C2,C2_00313,2.129,2.638,2.674,1.014,82.056,832.587,2.659,0.098555,living
2,C,C2,C2_00314,2.282,1.684,2.212,1.314,139.533,1085.326,2.652,0.128564,living
2,C,C2,C2_00315,1.268,1.791,1.700,0.949,2.373,747.827,2.493,0.003174,living
2,C,C2,C2_00316,2.941,2.982,3.342,1.121,143.575,834.902,2.425,0.171966,living
2,C,C2,C2_00317,2.366,3.125,3.068,0.982,114.207,741.450,2.414,0.154032,living
2,C,C2,C2_00318,2.079,1.963,2.280,1.161,86.179,931.098,2.000,0.092556,living
2,C,C2,C2_00319,3.279,2.526,3.247,1.286,128.753,999.428,2.742,0.128826,living
2,C,C2,C2_00320,2.366,2.754,2.880,1.046,83.629,862.657,2.479,0.096943,living
2,C,C2,C2_00321,0.997,2.088,1.628,0.780,3.136,725.814,2.424,0.004320,living
2,C,C2,C2_00322,2.214,1.906,2.318,1.216,101.725,766.840,2.504,0.132655,living
2,C,C2,C2_00323,1.825,2.033,2.173,1.069,91.917,880.000,2.130,0.104451,living
2,C,C2,C2_00324,2.636,1.958,2.564,1.309,100.301,1111.167,2.301,0.090267,living
2,C,C2,C2_00325,1.690,2.111,2.131,1.010,46.860,827.040,2.250,0.056660,living
2,C,C2,C2_00326,2.332,1.933,2.396,1.239,105.645,1015.978,2.667,0.103983,living
2,C,C2,C2_00327,3.346,2.382,3.186,1.337,107.596,915.944,2.631,0.117470,living
2,C,C2,C2_00328,1.639,1.791,1.933,1.079,43.000,875.918,2.680,0.049091,living
2,C,C2,C2_00329,3.076,5.339,4.573,0.856,2.621,773.110,2.385,0.003390,living
2,C,C2,C2_00330,2.214,2.041,2.399,1.175,41.641,736.122,2.443,0.056568,living
2,C,C2,C2_00331,2.298,1.784,2.285,1.281,11.816,841.397,2.963,0.014044,living
2,C,C2,C2_00332,3.076,2.640,3.216,1.218,74.940,968.165,2.538,0.077404,living
2,C,C2,C2_00333,2.941,2.691,3.174,1.180,10.523,832.098,2.511,0.012646,living
2,C,C2,C2_00334,1.606,2.165,2.104,0.972,43.063,796.684,1.874,0.054053,living
2,C,C2,C2_00335,1.453,2.198,2.017,0.917,15.709,846.012,3.512,0.018569,living
2,C,C2,C2_00336,2.467,1.591,2.236,1.405,12.260,1037.226,2.041,0.011820,living
2,C,C2,C2_00337,1.318,2.553,2.070,0.811,12.128,731.974,2.692,0.016569,living
2,C,C2,C2_00338,1.960,2.132,2.307,1.082,17.241,889.172,11.112,0.019390,dead
2,C,C2,C2_00339,1.639,1.625,1.841,1.133,22.186,618.577,2.134,0.035865,living
2,C,C2,C2_00340,2.873,1.207,2.101,1.741,69.006,849.418,2.241,0.081239,living
2,C,C2,C2_00341,1.504,2.132,2.021,0.948,99.596,686.438,2.921,0.145090,living
2,C,C2,C2_00342,1.707,1.594,1.861,1.168,29.752,743.396,2.366,0.040022,living
2,C,C2,C2_00343,2.569,2.356,2.776,1.178,82.618,829.441,2.776,0.099607,living
2,C,C2,C2_00344,2.282,1.909,2.355,1.234,111.496,574.519,2.548,0.194069,living
2,C,C2,C2_00345,2.417,2.176,2.588,1.189,34.685,746.469,2.469,0.046466,living
2,C,C2,C2_00346,2.248,1.756,2.242,1.277,109.203,818.744,2.308,0.133379,living
2,C,C2,C2_00347,1.115,1.825,1.610,0.882,2.530,629.924,2.470,0.004017,living
2,C,C2,C2_00348,1.639,2.225,2.155,0.968,64.082,603.433,2.454,0.106197,living
2,C,C2,C2_00349,3.211,2.158,2.970,1.376,135.811,981.368,2.600,0.138389,living
2,C,C2,C2_00350,3.143,2.228,2.986,1.340,82.903,717.516,2.247,0.115542,living
2,C,C2,C2_00351,2.197,2.156,2.456,1.139,77.215,732.146,3.015,0.105464,living
2,C,C2,C2_00352,2.451,1.919,2.447,1.275,2.448,756.366,2.545,0.003237,living
2,C,C2,C2_00353,1.859,1.568,1.926,1.229,60.945,746.291,2.300,0.081664,living
2,C,C2,C2_00354,1.437,1.704,1.766,1.036,2.753,847.976,2.529,0.003246,living
2,C,C2,C2_00355,1.842,1.550,1.907,1.230,2.495,544.688,1.991,0.004581,living
2,C,C2,C2_00356,1.487,2.238,2.058,0.920,2.000,563.409,1.955,0.003550,living
2,C,C2,C2_00357,3.245,2.824,3.416,1.210,42.500,799.266,2.469,0.053174,living
2,C,C2,C2_00358,1.690,1.721,1.924,1.118,55.730,743.090,2.180,0.074998,living
2,C,C2,C2_00359,1.589,2.577,2.283,0.886,28.809,621.096,2.734,0.046383,living
2,C,C2,C2_00360,1.859,2.132,2.247,1.054,24.155,762.809,3.155,0.031665,living
2,C,C2,C2_00361,2.383,1.286,1.975,1.536,27.206,798.894,2.404,0.034054,living
2,C,C2,C2_00362,1.251,2.346,1.933,0.824,16.730,656.378,2.568,0.025488,living
2,C,C2,C2_00363,2.789,3.277,3.411,1.041,31.503,692.970,2.103,0.045461,living
2,C,C2,C2_00364,1.639,2.531,2.298,0.908,17.278,664.206,2.505,0.026014,living
2,C,C2,C2_00365,2.349,2.132,2.525,1.184,21.245,676.899,2.647,0.031385,living
2,C,C2,C2_00366,1.927,1.535,1.941,1.264,8.991,683.009,2.333,0.013164,living
2,C,C2,C2_00367,2.805,2.569,3.029,1.179,24.289,742.343,2.133,0.032720,living
2,C,C2,C2_00368,1.639,2.013,2.050,1.018,13.165,730.216,2.021,0.018029,living
2,C,C2,C2_00369,2.518,2.544,2.856,1.123,19.557,823.832,2.617,0.023739,living
2,C,C2,C2_00370,2.434,1.927,2.444,1.268,110.444,802.326,2.382,0.137655,living
2,C,C2,C2_00371,2.721,3.139,3.298,1.051,114.317,693.354,2.317,0.164875,living
2,C,C2,C2_00372,1.994,2.322,2.428,1.046,124.305,661.797,2.314,0.187830,living
2,C,C2,C2_00373,1.910,2.693,2.559,0.950,61.850,605.035,2.425,0.102225,living
2,C,C2,C2_00374,2.535,1.544,2.232,1.446,94.580,606.653,2.567,0.155905,living
2,C,C2,C2_00375,0.845,2.132,1.515,0.710,24.060,584.600,3.560,0.041156,living
2,C,C2,C2_00376,1.724,1.745,1.957,1.122,95.157,751.627,2.745,0.126601,living
2,C,C2,C2_00377,2.383,1.791,2.331,1.302,89.128,875.078,2.766,0.101851,living
2,C,C2,C2_00378,2.079,2.018,2.311,1.145,125.016,696.398,2.545,0.179518,living
2,C,C2,C2_00379,2.417,1.847,2.384,1.291,124.797,887.357,2.727,0.140639,living
2,C,C2,C2_00380,1.825,2.208,2.265,1.026,73.676,737.704,2.361,0.099872,living
2,C,C2,C2_00381,1.825,2.164,2.242,1.036,37.630,700.796,2.065,0.053696,living
2,C,C2,C2_00382,3.042,1.759,2.610,1.484,142.600,1047.867,2.544,0.136086,living
2,C,C2,C2_00383,1.960,1.897,2.176,1.147,73.888,766.741,2.500,0.096366,living
2,C,C2,C2_00384,1.927,1.551,1.951,1.258,67.860,875.526,2.044,0.077507,living
2,C,C2,C2_00385,2.146,2.132,2.414,1.132,106.803,725.055,18.228,0.147303,dead
2,C,C2,C2_00386,1.589,2.047,2.035,0.994,74.809,678.723,2.457,0.110219,living
2,C,C2,C2_00387,2.451,2.044,2.526,1.236,97.572,869.538,2.655,0.112212,living
2,C,C2,C2_00388,2.231,1.801,2.262,1.256,90.136,920.962,2.417,0.097872,living
2,C,C2,C2_00389,1.960,2.266,2.378,1.049,67.207,746.422,2.388,0.090039,living
2,C,C2,C2_00390,1.927,1.393,1.849,1.327,41.404,855.605,2.281,0.048391,living
2,C,C2,C2_00391,2.653,1.698,2.395,1.410,61.987,910.159,3.102,0.068106,living
2,C,C2,C2_00392,1.842,2.130,2.235,1.049,38.174,672.514,2.174,0.056764,living
2,C,C2,C2_00393,3.110,2.459,3.120,1.269,67.598,845.288,2.864,0.079970,living
2,C,C2,C2_00394,1.403,1.713,1.749,1.021,23.542,762.687,2.651,0.030867,living
2,C,C2,C2_00395,2.789,1.843,2.558,1.388,73.830,952.564,2.600,0.077507,living
2,C,C2,C2_00396,1.369,1.958,1.847,0.944,2.802,662.605,2.852,0.004229,living
2,C,C2,C2_00397,2.113,2.591,2.640,1.019,2.312,609.008,2.360,0.003796,living
2,C,C2,C2_00398,1.369,1.839,1.790,0.974,33.556,742.765,2.346,0.045177,living
2,C,C2,C2_00399,1.453,1.693,1.770,1.045,29.895,738.895,2.605,0.040460,living
2,C,C2,C2_00400,2.011,2.230,2.390,1.072,44.387,751.689,2.891,0.059049,living
2,C,C2,C2_00401,2.400,2.906,2.980,1.025,24.070,667.197,2.549,0.036077,living
2,C,C2,C2_00402,1.555,1.760,1.867,1.061,18.739,782.065,1.957,0.023961,living
2,C,C2,C2_00403,2.434,1.613,2.236,1.386,31.444,1013.660,2.611,0.031021,living
2,C,C2,C2_00404,1.301,2.314,1.958,0.846,20.364,661.961,1.987,0.030763,living
2,C,C2,C2_00405,1.166,2.154,1.788,0.830,11.304,659.159,2.304,0.017150,living
2,C,C2,C2_00406,2.129,2.309,2.502,1.084,18.508,766.000,2.246,0.024162,living
2,C,C2,C2_00407,0.777,3.287,1.803,0.549,7.870,524.696,2.565,0.014998,living
2,C,C2,C2_00408,2.958,2.132,2.834,1.329,30.463,543.891,2.543,0.056009,living
2,C,C2,C2_00409,2.856,2.132,2.785,1.306,82.598,716.260,2.627,0.115318,living
2,C,C2,C2_00410,1.420,2.132,1.963,0.921,102.262,687.714,2.405,0.148698,living
2,C,C2,C2_00411,1.724,2.132,2.163,1.015,98.471,755.441,2.186,0.130348,living
2,C,C2,C2_00412,2.738,2.132,2.726,1.279,74.426,840.457,2.074,0.088554,living
2,C,C2,C2_00413,2.856,2.132,2.785,1.306,50.621,830.012,2.858,0.060989,living
2,C,C2,C2_00414,1.994,2.132,2.327,1.091,57.636,779.712,2.220,0.073919,living
2,C,C2,C2_00415,1.453,2.132,1.986,0.931,39.279,713.628,2.837,0.055041,living
2,C,C2,C2_00416,2.129,2.132,2.404,1.127,88.611,747.452,2.500,0.118551,living
2,C,C2,C2_00417,1.149,2.132,1.766,0.828,30.632,690.662,2.926,0.044352,living
2,C,C2,C2_00418,1.369,2.132,1.928,0.904,31.543,710.926,2.481,0.044369,living
2,C,C2,C2_00419,1.555,2.132,2.055,0.964,46.630,797.674,2.446,0.058458,living
2,C,C2,C2_00420,2.315,2.132,2.507,1.176,48.693,777.818,2.599,0.062603,living
2,C,C2,C2_00421,1.960,2.132,2.307,1.082,39.862,823.664,2.448,0.048396,living
2,C,C2,C2_00422,2.079,2.132,2.376,1.114,39.341,778.927,2.415,0.050507,living
2,C,C2,C2_00423,2.214,2.132,2.452,1.150,29.496,642.664,2.855,0.045897,living
2,C,C2,C2_00424,0.997,2.132,1.645,0.772,33.915,739.542,2.085,0.045860,living
2,C,C2,C2_00425,1.808,2.132,2.216,1.039,33.477,776.944,2.421,0.043088,living
2,C,C2,C2_00426,1.876,2.132,2.257,1.058,1.973,619.856,2.468,0.003183,living
2,C,C2,C2_00427,2.045,2.132,2.356,1.105,14.736,719.240,2.603,0.020488,living
2,C,C2,C2_00428,2.248,2.132,2.470,1.159,30.744,819.947,2.391,0.037496,living
2,C,C2,C2_00429,1.944,2.132,2.297,1.077,12.096,688.200,2.296,0.017576,living
2,C,C2,C2_00430,0.913,2.132,1.574,0.738,11.519,670.315,2.407,0.017184,living
2,C,C2,C2_00431,1.420,2.132,1.963,0.921,18.036,718.214,2.440,0.025112,living
2,C,C2,C2_00432,2.315,2.132,2.507,1.176,27.606,906.591,2.234,0.030450,living
2,C,C2,C2_00433,2.332,2.447,2.695,1.102,17.580,788.275,2.362,0.022301,living
2,C,C2,C2_00434,1.622,1.664,1.854,1.114,33.292,706.781,2.812,0.047103,living
2,C,C2,C2_00435,1.403,1.785,1.786,1.000,97.843,736.169,2.855,0.132909,living
2,C,C2,C2_00436,2.721,1.557,2.323,1.492,32.944,736.845,2.068,0.044710,living
2,C,C2,C2_00437,2.231,2.555,2.694,1.054,112.803,708.530,2.447,0.159207,living
2,C,C2,C2_00438,1.251,2.348,1.934,0.824,52.473,646.068,2.689,0.081219,living
2,C,C2,C2_00439,3.228,2.886,3.444,1.193,2.372,721.890,2.524,0.003285,living
2,C,C2,C2_00440,2.755,2.132,2.735,1.283,14.393,714.926,2.877,0.020132,living
2,C,C2,C2_00441,1.825,2.155,2.238,1.038,42.824,713.111,2.463,0.060052,living
2,C,C2,C2_00442,3.008,1.906,2.702,1.418,83.612,1064.955,2.590,0.078513,living
2,C,C2,C2_00443,2.636,1.644,2.349,1.429,58.122,698.795,2.712,0.083174,living
2,C,C2,C2_00444,2.366,1.387,2.044,1.474,29.064,699.693,2.900,0.041539,living
2,C,C2,C2_00445,2.958,1.776,2.586,1.456,111.606,812.903,2.223,0.137293,living
2,C,C2,C2_00446,1.284,2.207,1.899,0.861,63.737,667.868,2.461,0.095433,living
2,C,C2,C2_00447,2.282,2.479,2.684,1.083,123.467,731.415,2.230,0.168805,living
2,C,C2,C2_00448,3.346,1.669,2.667,1.598,45.419,831.924,2.318,0.054595,living
2,C,C2,C2_00449,2.011,2.878,2.715,0.943,124.807,620.471,2.479,0.201148,living
2,C,C2,C2_00450,3.042,1.458,2.376,1.630,2.250,922.083,2.411,0.002440,living
2,C,C2,C2_00451,1.690,1.938,2.042,1.054,75.570,725.440,3.010,0.104171,living
2,C,C2,C2_00452,2.079,1.565,2.035,1.301,112.309,803.642,3.033,0.139750,living
2,C,C2,C2_00453,2.890,1.890,2.637,1.395,105.807,824.696,2.632,0.128298,living
2,C,C2,C2_00454,1.065,2.248,1.746,0.777,58.079,647.619,2.825,0.089681,living
2,C,C2,C2_00455,1.741,1.865,2.033,1.090,115.709,731.049,2.262,0.158278,living
2,C,C2,C2_00456,2.214,1.957,2.349,1.200,38.863,865.237,2.282,0.044916,living
2,C,C2,C2_00457,1.944,3.953,3.128,0.791,51.157,625.330,2.870,0.081807,living
2,C,C2,C2_00458,1.859,2.122,2.241,1.056,41.891,807.000,2.873,0.051909,living
2,C,C2,C2_00459,2.366,1.653,2.232,1.350,130.386,1029.957,2.779,0.126593,living
2,C,C2,C2_00460,1.741,1.790,1.992,1.113,57.146,827.146,2.350,0.069088,living
2,C,C2,C2_00461,2.062,1.711,2.119,1.239,113.713,840.525,2.525,0.135288,living
2,C,C2,C2_00462,1.859,1.785,2.055,1.152,50.582,866.609,2.491,0.058368,living
2,C,C2,C2_00463,2.704,2.972,3.199,1.076,53.594,698.337,2.525,0.076745,living
2,C,C2,C2_00464,2.028,2.028,2.288,1.128,50.750,808.292,2.408,0.062787,living
2,C,C2,C2_00465,2.552,2.132,2.632,1.234,40.967,844.338,3.033,0.048520,living
2,C,C2,C2_00466,2.079,2.132,2.376,1.114,19.650,623.927,4.146,0.031495,living
2,C,C2,C2_00467,2.248,1.670,2.186,1.309,26.850,820.023,2.602,0.032743,living
2,C,C2,C2_00468,0.946,3.149,1.948,0.618,23.232,611.982,2.429,0.037962,living
2,C,C2,C2_00469,0.710,1.773,1.266,0.714,14.143,651.429,2.262,0.021711,living
2,C,C2,C2_00470,1.927,2.018,2.225,1.103,15.061,757.404,2.430,0.019886,living
2,C,C2,C2_00471,2.332,1.800,2.312,1.284,32.696,927.348,2.391,0.035257,living
2,C,C2,C2_00472,1.420,2.567,2.154,0.839,13.107,649.262,2.417,0.020188,living
2,C,C2,C2_00473,2.383,2.459,2.731,1.111,12.411,714.794,2.085,0.017364,living
2,C,C2,C2_00474,1.453,1.316,1.560,1.186,4.535,509.372,2.767,0.008903,living
2,C,C2,C2_00475,1.741,1.586,1.875,1.182,132.184,819.777,2.223,0.161244,living
2,C,C2,C2_00476,2.603,2.236,2.722,1.217,100.461,853.662,2.545,0.117682,living
2,C,C2,C2_00477,2.721,1.517,2.293,1.511,26.205,835.981,2.714,0.031346,living
2,C,C2,C2_00478,1.893,1.690,2.018,1.194,118.714,808.670,2.500,0.146802,living
2,C,C2,C2_00479,2.332,2.132,2.516,1.180,127.920,902.297,2.486,0.141772,living
2,C,C2,C2_00480,0.997,2.132,1.645,0.772,61.119,639.000,2.831,0.095647,living
2,C,C2,C2_00481,1.014,1.861,1.550,0.833,35.033,707.567,2.383,0.049512,living
2,C,C2,C2_00482,1.099,2.132,1.727,0.810,31.862,712.031,2.815,0.044747,living
2,C,C2,C2_00483,1.149,2.417,1.880,0.778,2.456,552.324,2.382,0.004446,living
2,C,C2,C2_00484,1.741,1.951,2.080,1.066,84.689,790.505,2.689,0.107133,living
2,C,C2,C2_00485,2.805,1.906,2.609,1.369,180.554,1092.145,2.331,0.165321,living
2,C,C2,C2_00486,1.775,2.132,2.195,1.029,36.390,783.676,3.181,0.046436,living
2,C,C2,C2_00487,1.808,2.771,2.526,0.911,66.664,690.766,2.402,0.096507,living
2,C,C2,C2_00488,1.622,2.137,2.101,0.983,42.885,694.000,2.635,0.061795,living
2,C,C2,C2_00489,1.724,2.525,2.354,0.932,23.363,696.147,2.471,0.033560,living
2,C,C2,C2_00490,1.487,2.201,2.041,0.927,54.284,719.068,2.352,0.075492,living
2,C,C2,C2_00491,2.620,1.970,2.564,1.301,78.310,1006.394,2.303,0.077812,living
2,C,C2,C2_00492,2.113,1.876,2.247,1.198,53.168,895.080,2.216,0.059400,living
2,C,C2,C2_00493,2.569,2.132,2.641,1.239,54.395,809.908,2.592,0.067162,living
2,C,C2,C2_00494,2.332,1.555,2.149,1.382,58.514,864.464,2.268,0.067689,living
2,C,C2,C2_00495,2.011,1.894,2.202,1.163,65.479,872.950,2.521,0.075009,living
2,C,C2,C2_00496,1.994,2.302,2.418,1.050,46.822,815.042,2.220,0.057447,living
2,C,C2,C2_00497,2.180,1.759,2.210,1.256,61.155,1001.031,2.217,0.061092,living
2,C,C2,C2_00498,2.383,2.452,2.728,1.112,58.830,750.610,2.262,0.078376,living
2,C,C2,C2_00499,1.453,2.095,1.969,0.940,37.209,746.733,2.372,0.049829,living
2,C,C2,C2_00500,1.656,1.831,1.965,1.073,15.122,626.235,2.194,0.024148,living
2,C,C2,C2_00501,2.535,3.054,3.140,1.028,20.220,814.840,1.853,0.024815,living
2,C,C2,C2_00502,1.673,1.968,2.047,1.040,22.636,789.808,2.010,0.028661,living
2,C,C2,C2_00503,1.504,2.132,2.021,0.948,14.000,729.213,2.787,0.019199,living
2,C,C2,C2_00504,2.366,1.839,2.354,1.280,25.343,893.857,2.664,0.028352,living
2,C,C2,C2_00505,1.707,1.697,1.920,1.132,28.752,919.614,2.881,0.031266,living
2,C,C2,C2_00506,1.335,2.133,1.904,0.893,18.266,729.835,2.114,0.025027,living
2,C,C2,C2_00507,1.335,2.132,1.904,0.893,13.152,800.380,2.899,0.016432,living
2,C,C2,C2_00508,1.622,2.194,2.129,0.970,15.896,763.948,2.583,0.020807,living
2,C,C2,C2_00509,2.586,3.859,3.565,0.924,19.373,730.301,2.386,0.026527,living
2,C,C2,C2_00510,1.690,2.749,2.432,0.885,54.970,633.930,2.130,0.086713,living
2,C,C2,C2_00511,1.944,2.011,2.231,1.109,118.322,762.487,2.539,0.155179,living
2,C,C2,C2_00512,2.941,2.327,2.952,1.269,88.667,861.115,2.471,0.102967,living
2,C,C2,C2_00513,2.332,2.213,2.563,1.158,29.558,679.761,2.478,0.043483,living
2,C,C2,C2_00514,1.741,1.856,2.028,1.093,125.058,661.039,2.214,0.189184,living
2,C,C2,C2_00515,3.025,2.749,3.254,1.184,38.156,860.112,2.570,0.044362,living
2,C,C2,C2_00516,3.245,2.701,3.341,1.237,112.594,807.094,2.568,0.139505,living
2,C,C2,C2_00517,2.062,1.500,1.984,1.323,63.779,590.164,2.746,0.108069,living
2,C,C2,C2_00518,2.045,2.663,2.633,0.989,90.884,627.083,2.430,0.144932,living
2,C,C2,C2_00519,1.994,2.201,2.364,1.074,84.966,725.678,2.169,0.117085,living
2,C,C2,C2_00520,2.113,1.713,2.147,1.253,68.448,823.568,2.456,0.083112,living
2,C,C2,C2_00521,2.113,2.746,2.718,0.990,59.920,629.616,2.264,0.095169,living
2,C,C2,C2_00522,1.318,1.592,1.634,1.027,48.385,608.974,2.103,0.079453,living
2,C,C2,C2_00523,2.282,1.399,2.016,1.441,39.963,776.652,2.452,0.051455,living
2,C,C2,C2_00524,2.163,2.418,2.581,1.067,99.992,718.125,2.039,0.139241,living
2,C,C2,C2_00525,1.369,2.132,1.928,0.904,109.370,684.469,15.407,0.159789,dead
2,C,C2,C2_00526,2.721,2.679,3.047,1.137,31.621,660.702,2.286,0.047860,living
2,C,C2,C2_00527,3.329,2.650,3.351,1.265,2.086,591.782,2.457,0.003525,living
2,C,C2,C2_00528,1.099,2.275,1.784,0.784,77.769,625.585,2.538,0.124314,living
2,C,C2,C2_00529,1.572,2.027,2.014,0.994,56.774,687.376,2.699,0.082596,living
2,C,C2,C2_00530,3.262,2.376,3.141,1.322,81.435,899.736,2.756,0.090510,living
2,C,C2,C2_00531,2.349,1.912,2.391,1.251,116.705,911.396,2.583,0.128051,living
2,C,C2,C2_00532,1.200,2.132,1.805,0.846,44.676,681.845,3.803,0.065522,living
2,C,C2,C2_00533,2.265,1.879,2.328,1.239,90.649,868.776,2.590,0.104341,living
2,C,C2,C2_00534,2.146,2.171,2.436,1.122,50.071,731.646,2.559,0.068436,living
2,C,C2,C2_00535,1.758,1.798,2.006,1.116,27.385,788.269,2.096,0.034740,living
2,C,C2,C2_00536,2.856,1.468,2.310,1.574,51.373,946.651,2.521,0.054268,living
2,C,C2,C2_00537,1.977,2.501,2.509,1.003,96.855,662.684,2.744,0.146155,living
2,C,C2,C2_00538,2.011,2.735,2.646,0.968,48.924,690.294,2.176,0.070875,living
2,C,C2,C2_00539,2.603,2.975,3.140,1.055,49.519,755.299,2.208,0.065563,living
2,C,C2,C2_00540,2.079,2.196,2.411,1.098,86.520,787.797,2.455,0.109826,living
2,C,C2,C2_00541,1.470,1.761,1.815,1.031,67.483,746.954,2.184,0.090344,living
2,C,C2,C2_00542,1.927,1.813,2.109,1.163,34.518,794.070,2.500,0.043469,living
2,C,C2,C2_00543,2.873,2.509,3.030,1.207,55.106,801.794,2.535,0.068728,living
2,C,C2,C2_00544,1.741,2.136,2.176,1.019,37.427,710.951,2.272,0.052644,living
2,C,C2,C2_00545,2.231,1.894,2.320,1.225,26.250,855.591,2.492,0.030681,living
2,C,C2,C2_00546,1.234,2.132,1.830,0.858,36.110,712.753,61.945,0.050662,dead
2,C,C2,C2_00547,1.335,1.797,1.748,0.973,25.266,716.139,2.544,0.035281,living
2,C,C2,C2_00548,0.744,1.854,1.325,0.715,13.977,596.932,3.000,0.023415,living
2,C,C2,C2_00549,1.842,1.542,1.902,1.233,37.165,943.431,2.890,0.039394,living
2,C,C2,C2_00550,1.825,2.743,2.525,0.920,13.861,605.204,2.620,0.022903,living
2,C,C2,C2_00551,1.758,1.824,2.021,1.108,33.904,852.192,2.385,0.039784,living
2,C,C2,C2_00552,1.521,1.648,1.786,1.084,32.778,808.333,2.467,0.040550,living
2,C,C2,C2_00553,0.913,2.828,1.813,0.641,2.222,522.111,2.519,0.004256,living
2,C,C2,C2_00554,1.437,1.715,1.771,1.033,25.471,796.318,2.459,0.031985,living
2,C,C2,C2_00555,1.352,2.417,2.040,0.844,15.375,712.675,2.888,0.021574,living
2,C,C2,C2_00556,1.470,2.391,2.115,0.885,11.506,657.230,2.379,0.017506,living
2,C,C2,C2_00557,0.862,2.358,1.609,0.682,11.392,621.667,2.373,0.018325,living
2,C,C2,C2_00558,1.420,2.496,2.124,0.851,19.381,655.940,1.940,0.029547,living
2,C,C2,C2_00559,1.487,1.938,1.916,0.988,13.114,741.716,2.614,0.017680,living
2,C,C2,C2_00560,1.876,1.793,2.069,1.154,20.766,881.775,2.306,0.023550,living
2,C,C2,C2_00561,1.927,2.331,2.391,1.026,14.667,591.307,2.298,0.024804,living
2,C,C2,C2_00562,0.676,2.113,1.349,0.638,13.775,581.150,2.525,0.023703,living
2,C,C2,C2_00563,2.282,1.351,1.981,1.467,49.230,537.726,2.770,0.091552,living
2,C,C2,C2_00564,1.825,2.001,2.156,1.078,97.704,711.315,2.472,0.137356,living
2,C,C2,C2_00565,1.944,2.438,2.457,1.008,70.339,661.017,2.165,0.106410,living
2,C,C2,C2_00566,1.437,2.013,1.919,0.953,80.047,674.471,2.412,0.118681,living
2,C,C2,C2_00567,2.366,1.889,2.385,1.263,28.821,784.636,2.636,0.036732,living
2,C,C2,C2_00568,2.721,2.197,2.759,1.256,92.304,722.043,2.143,0.127838,living
2,C,C2,C2_00569,1.555,1.646,1.805,1.097,114.685,672.054,2.424,0.170648,living
2,C,C2,C2_00570,1.099,2.447,1.850,0.756,52.862,593.585,2.446,0.089055,living
2,C,C2,C2_00571,1.251,1.563,1.578,1.009,21.392,685.703,2.230,0.031197,living
2,C,C2,C2_00572,3.228,2.535,3.228,1.273,107.958,842.827,2.277,0.128090,living
2,C,C2,C2_00573,1.842,2.496,2.419,0.969,80.936,652.697,2.771,0.124002,living
2,C,C2,C2_00574,2.180,2.132,2.433,1.141,106.581,842.039,2.651,0.126575,living
2,C,C2,C2_00575,1.521,2.132,2.032,0.953,97.756,688.111,2.578,0.142064,living
2,C,C2,C2_00576,3.194,2.132,2.945,1.381,98.831,819.376,2.598,0.120617,living
2,C,C2,C2_00577,2.839,1.801,2.551,1.417,48.720,1057.363,2.560,0.046077,living
2,C,C2,C2_00578,2.045,1.574,2.024,1.286,138.868,866.802,2.769,0.160207,living
2,C,C2,C2_00579,1.842,2.132,2.236,1.049,55.110,563.881,2.844,0.097734,living
2,C,C2,C2_00580,3.245,2.226,3.033,1.362,137.964,814.151,2.125,0.169457,living
2,C,C2,C2_00581,1.673,1.743,1.927,1.105,43.283,753.960,2.707,0.057407,living
2,C,C2,C2_00582,2.518,2.386,2.766,1.159,101.128,665.174,2.604,0.152032,living
2,C,C2,C2_00583,1.741,1.597,1.882,1.178,65.252,755.340,2.709,0.086388,living
2,C,C2,C2_00584,2.687,2.132,2.701,1.267,55.465,830.403,2.591,0.066793,living
2,C,C2,C2_00585,2.535,1.936,2.500,1.291,97.780,889.547,2.133,0.109921,living
2,C,C2,C2_00586,3.025,2.183,2.900,1.328,86.799,977.056,2.413,0.088837,living
2,C,C2,C2_00587,3.008,1.409,2.323,1.649,127.410,902.129,2.253,0.141233,living
2,C,C2,C2_00588,1.859,1.530,1.903,1.244,46.655,768.709,2.282,0.060692,living
2,C,C2,C2_00589,2.535,1.316,2.061,1.566,117.220,813.093,2.347,0.144165,living
2,C,C2,C2_00590,1.977,3.188,2.833,0.889,73.872,637.342,2.709,0.115906,living
2,C,C2,C2_00591,2.400,1.433,2.093,1.460,41.528,821.028,2.296,0.050581,living
2,C,C2,C2_00592,1.808,1.807,2.040,1.129,63.495,835.673,2.589,0.075981,living
2,C,C2,C2_00593,0.727,2.355,1.476,0.627,2.698,621.977,2.605,0.004337,living
2,C,C2,C2_00594,3.363,2.132,3.022,1.417,52.447,894.437,2.543,0.058637,living
2,C,C2,C2_00595,2.721,2.398,2.882,1.202,38.081,859.323,2.149,0.044315,living
2,C,C2,C2_00596,1.268,1.957,1.778,0.908,29.533,704.613,2.587,0.041914,living
2,C,C2,C2_00597,0.879,1.919,1.466,0.764,2.096,484.038,2.654,0.004331,living
2,C,C2,C2_00598,1.690,2.384,2.265,0.950,2.400,563.250,2.020,0.004261,living
2,C,C2,C2_00599,0.710,2.168,1.400,0.646,18.810,634.071,2.333,0.029665,living
2,C,C2,C2_00600,1.944,2.794,2.630,0.941,24.461,691.000,2.400,0.035399,living
2,C,C2,C2_00601,0.693,1.752,1.243,0.710,2.463,563.049,2.488,0.004375,living
2,C,C2,C2_00602,1.470,2.071,1.969,0.951,20.609,731.195,2.460,0.028186,living
2,C,C2,C2_00603,2.738,2.278,2.818,1.237,2.136,592.025,2.296,0.003608,living
2,C,C2,C2_00604,1.606,2.132,2.088,0.979,25.042,639.221,3.053,0.039176,living
2,C,C2,C2_00605,0.963,1.714,1.450,0.846,22.070,749.965,3.175,0.029428,living
2,C,C2,C2_00606,1.538,1.810,1.883,1.040,23.132,793.297,2.451,0.029159,living
2,C,C2,C2_00607,0.828,2.336,1.569,0.672,10.714,606.163,2.469,0.017676,living
2,C,C2,C2_00608,2.028,2.390,2.484,1.039,92.417,729.808,1.683,0.126631,living
2,C,C2,C2_00609,1.876,2.132,2.257,1.058,42.324,729.117,2.613,0.058049,living
2,C,C2,C2_00610,2.670,2.132,2.692,1.263,115.715,708.671,2.709,0.163285,living
2,C,C2,C2_00611,1.673,1.948,2.037,1.046,101.687,775.364,2.091,0.131147,living
2,C,C2,C2_00612,1.470,2.183,2.021,0.926,110.540,702.322,2.402,0.157393,living
2,C,C2,C2_00613,1.639,1.663,1.863,1.120,134.588,804.402,2.505,0.167314,living
2,C,C2,C2_00614,1.859,2.132,2.247,1.054,70.791,707.409,2.655,0.100071,living
2,C,C2,C2_00615,1.791,2.125,2.201,1.036,38.085,765.670,2.170,0.049741,living
2,C,C2,C2_00616,2.856,1.864,2.603,1.397,145.722,966.550,2.231,0.150765,living
2,C,C2,C2_00617,1.927,1.422,1.868,1.314,20.351,647.105,2.439,0.031449,living
2,C,C2,C2_00618,1.301,2.132,1.879,0.881,89.961,735.727,2.688,0.122275,living
2,C,C2,C2_00619,1.994,2.132,2.327,1.091,141.356,838.941,2.669,0.168493,living
2,C,C2,C2_00620,3.042,2.132,2.874,1.348,47.339,1029.850,2.417,0.045967,living
2,C,C2,C2_00621,3.211,2.000,2.860,1.430,187.579,1097.295,2.316,0.170947,living
2,C,C2,C2_00622,1.876,1.989,2.180,1.096,42.973,730.099,2.045,0.058859,living
2,C,C2,C2_00623,1.487,1.878,1.886,1.004,53.557,770.955,2.523,0.069468,living
2,C,C2,C2_00624,2.349,1.185,1.883,1.589,38.108,607.820,2.612,0.062696,living
2,C,C2,C2_00625,2.045,2.251,2.421,1.076,36.025,836.074,2.736,0.043088,living
2,C,C2,C2_00626,2.282,1.853,2.320,1.252,24.067,859.444,2.519,0.028003,living
2,C,C2,C2_00627,2.180,1.940,2.321,1.196,58.434,938.558,2.698,0.062259,living
2,C,C2,C2_00628,2.383,2.132,2.544,1.193,70.518,700.312,2.723,0.100695,living
2,C,C2,C2_00629,1.944,1.929,2.185,1.133,45.757,879.339,2.530,0.052035,living
2,C,C2,C2_00630,1.876,2.100,2.240,1.067,52.117,808.135,2.550,0.064491,living
2,C,C2,C2_00631,2.366,2.132,2.535,1.189,56.857,802.400,2.800,0.070859,living
2,C,C2,C2_00632,3.127,2.712,3.286,1.212,58.903,893.141,2.681,0.065950,living
2,C,C2,C2_00633,1.724,1.586,1.866,1.176,8.431,791.696,2.451,0.010650,living
2,C,C2,C2_00634,1.944,2.994,2.722,0.909,30.139,623.443,2.365,0.048343,living
2,C,C2,C2_00635,1.673,1.730,1.920,1.110,28.616,826.929,2.040,0.034605,living
2,C,C2,C2_00636,1.656,1.672,1.878,1.123,34.867,864.378,2.276,0.040338,living
2,C,C2,C2_00637,1.842,1.218,1.690,1.388,2.257,503.229,2.239,0.004485,living
2,C,C2,C2_00638,1.690,2.787,2.449,0.879,35.620,712.530,1.970,0.049991,living
2,C,C2,C2_00639,2.011,1.546,1.990,1.287,30.790,912.630,2.571,0.033738,living
2,C,C2,C2_00640,1.335,1.813,1.755,0.968,18.658,790.835,1.886,0.023593,living
2,C,C2,C2_00641,1.589,2.132,2.077,0.974,26.915,757.489,2.543,0.035532,living
2,C,C2,C2_00642,0.693,1.752,1.243,0.710,2.463,674.780,1.732,0.003651,living
2,C,C2,C2_00643,1.115,1.912,1.648,0.862,19.758,737.500,2.561,0.026790,living
2,C,C2,C2_00644,1.758,2.948,2.569,0.871,20.529,706.087,2.192,0.029074,living
2,C,C2,C2_00645,1.842,2.132,2.236,1.049,21.569,725.064,2.661,0.029747,living
2,C,C2,C2_00646,1.656,2.080,2.094,1.007,19.673,789.867,2.378,0.024907,living
2,C,C2,C2_00647,1.470,2.606,2.209,0.847,10.770,751.920,2.609,0.014323,living
2,C,C2,C2_00648,2.535,2.656,2.928,1.102,20.213,840.607,2.547,0.024046,living
2,C,C2,C2_00649,0.930,2.132,1.589,0.745,16.527,680.382,2.836,0.024291,living
2,C,C2,C2_00650,1.572,3.413,2.614,0.766,28.247,541.978,2.183,0.052119,living
2,C,C2,C2_00651,3.312,2.817,3.447,1.224,80.796,697.036,2.306,0.115914,living
2,C,C2,C2_00652,2.400,2.457,2.740,1.115,103.930,749.331,2.493,0.138696,living
2,C,C2,C2_00653,3.160,1.900,2.765,1.455,92.353,700.727,2.449,0.131796,living
2,C,C2,C2_00654,1.741,1.762,1.976,1.122,73.845,739.388,2.262,0.099873,living
2,C,C2,C2_00655,2.146,1.838,2.241,1.219,136.906,666.142,2.118,0.205520,living
2,C,C2,C2_00656,1.977,1.780,2.117,1.189,143.701,789.872,2.479,0.181929,living
2,C,C2,C2_00657,2.366,3.797,3.382,0.891,56.336,627.864,2.186,0.089726,living
2,C,C2,C2_00658,3.110,1.434,2.383,1.662,140.321,844.005,2.978,0.166256,living
2,C,C2,C2_00659,2.011,1.816,2.156,1.187,82.471,805.580,2.210,0.102374,living
2,C,C2,C2_00660,2.366,1.684,2.252,1.337,98.993,886.086,2.314,0.111719,living
2,C,C2,C2_00661,1.521,2.465,2.185,0.886,25.711,682.267,2.278,0.037685,living
2,C,C2,C2_00662,2.231,1.868,2.304,1.233,68.674,885.280,2.295,0.077573,living
2,C,C2,C2_00663,2.028,1.632,2.053,1.258,20.592,634.183,2.833,0.032470,living
2,C,C2,C2_00664,2.163,3.109,2.926,0.941,28.375,634.250,3.000,0.044738,living
2,C,C2,C2_00665,2.045,2.003,2.284,1.140,86.000,789.107,2.521,0.108984,living
2,C,C2,C2_00666,2.653,1.971,2.580,1.309,114.701,977.096,2.745,0.117389,living
2,C,C2,C2_00667,2.467,2.810,2.971,1.057,22.678,751.137,2.685,0.030192,living
2,C,C2,C2_00668,1.927,1.998,2.214,1.108,87.754,778.912,2.518,0.112663,living
2,C,C2,C2_00669,1.470,1.905,1.888,0.991,39.494,740.425,2.690,0.053340,living
2,C,C2,C2_00670,1.521,1.675,1.801,1.075,45.644,769.889,2.511,0.059287,living
2,C,C2,C2_00671,2.298,2.035,2.440,1.199,79.000,909.765,2.110,0.086836,living
2,C,C2,C2_00672,1.132,1.653,1.544,0.934,29.433,723.164,2.567,0.040700,living
2,C,C2,C2_00673,1.589,2.147,2.084,0.971,36.266,704.691,2.819,0.051464,living
2,C,C2,C2_00674,3.262,2.394,3.153,1.317,42.368,914.409,2.285,0.046334,living
2,C,C2,C2_00675,2.636,2.242,2.743,1.224,47.827,818.423,2.372,0.058438,living
2,C,C2,C2_00676,3.076,1.647,2.540,1.542,57.137,1005.489,2.060,0.056825,living
2,C,C2,C2_00677,1.960,2.848,2.666,0.936,24.405,665.819,2.483,0.036654,living
2,C,C2,C2_00678,2.636,2.011,2.598,1.292,45.853,966.603,2.635,0.047437,living
2,C,C2,C2_00679,2.366,2.132,2.535,1.189,37.000,709.107,22.971,0.052178,dead
2,C,C2,C2_00680,2.890,2.433,2.992,1.230,37.947,928.006,2.661,0.040891,living
2,C,C2,C2_00681,1.555,1.923,1.951,1.015,22.174,770.609,2.870,0.028775,living
2,C,C2,C2_00682,1.555,1.836,1.907,1.038,23.543,835.207,2.174,0.028189,living
2,C,C2,C2_00683,1.555,3.107,2.480,0.798,17.859,676.978,2.641,0.026380,living
2,C,C2,C2_00684,1.470,3.197,2.446,0.765,12.138,626.483,2.391,0.019375,living
2,C,C2,C2_00685,1.318,3.266,2.341,0.717,11.333,635.744,2.795,0.017827,living
2,C,C2,C2_00686,1.825,1.699,1.987,1.169,2.694,544.222,2.713,0.004951,living
2,C,C2,C2_00687,2.349,2.305,2.626,1.139,77.173,744.245,2.568,0.103693,living
2,C,C2,C2_00688,2.163,2.870,2.811,0.980,64.586,698.133,2.359,0.092512,living
2,C,C2,C2_00689,1.420,1.694,1.750,1.033,73.607,785.298,2.167,0.093732,living
2,C,C2,C2_00690,2.400,1.768,2.324,1.315,106.359,686.415,2.275,0.154949,living
2,C,C2,C2_00691,1.318,2.874,2.196,0.764,36.897,664.385,2.346,0.055536,living
2,C,C2,C2_00692,1.639,2.404,2.240,0.932,105.330,691.247,2.866,0.152377,living
2,C,C2,C2_00693,2.434,3.301,3.198,0.969,115.417,662.389,2.569,0.174243,living
2,C,C2,C2_00694,2.315,2.938,2.943,1.002,118.796,695.182,2.102,0.170884,living
2,C,C2,C2_00695,2.282,2.303,2.587,1.123,155.348,897.133,2.230,0.173161,living
2,C,C2,C2_00696,1.927,2.493,2.473,0.992,86.061,714.219,2.079,0.120497,living
2,C,C2,C2_00697,2.603,1.278,2.058,1.610,58.773,719.994,2.623,0.081630,living
2,C,C2,C2_00698,2.298,2.097,2.477,1.181,40.331,880.654,2.559,0.045796,living
2,C,C2,C2_00699,2.603,2.648,2.962,1.119,66.487,765.136,2.487,0.086896,living
2,C,C2,C2_00700,2.586,1.902,2.503,1.316,168.490,816.137,2.418,0.206448,living
2,C,C2,C2_00701,1.284,1.670,1.652,0.989,47.711,808.039,2.461,0.059045,living
2,C,C2,C2_00702,2.484,1.784,2.375,1.331,2.347,664.612,2.367,0.003531,living
2,C,C2,C2_00703,3.076,1.576,2.484,1.576,107.176,925.308,2.566,0.115827,living
2,C,C2,C2_00704,2.518,1.844,2.431,1.319,85.007,1071.832,2.369,0.079310,living
2,C,C2,C2_00705,3.363,1.489,2.525,1.696,55.487,732.075,2.678,0.075795,living
2,C,C2,C2_00706,3.160,1.470,2.432,1.654,101.824,993.888,2.487,0.102450,living
2,C,C2,C2_00707,2.129,1.660,2.121,1.278,100.706,918.500,2.683,0.109642,living
2,C,C2,C2_00708,2.129,2.309,2.502,1.084,72.730,796.365,2.532,0.091328,living
2,C,C2,C2_00709,1.572,1.500,1.733,1.155,79.925,882.839,2.473,0.090532,living
2,C,C2,C2_00710,2.586,1.625,2.313,1.423,55.340,927.556,2.588,0.059662,living
2,C,C2,C2_00711,1.589,2.234,2.126,0.952,26.713,726.968,2.457,0.036745,living
2,C,C2,C2_00712,1.555,1.820,1.898,1.043,73.478,807.946,2.217,0.090945,living
2,C,C2,C2_00713,0.913,2.132,1.574,0.738,48.648,639.870,4.259,0.076028,living
2,C,C2,C2_00714,3.008,2.697,3.214,1.192,70.062,890.736,2.579,0.078656,living
2,C,C2,C2_00715,1.724,1.969,2.079,1.056,67.020,809.333,2.461,0.082808,living
2,C,C2,C2_00716,1.335,1.849,1.773,0.959,47.975,815.266,2.468,0.058845,living
2,C,C2,C2_00717,2.197,2.135,2.444,1.145,54.177,863.131,2.408,0.062768,living
2,C,C2,C2_00718,1.927,2.369,2.411,1.018,38.184,781.088,2.465,0.048886,living
2,C,C2,C2_00719,2.366,2.016,2.464,1.222,30.843,818.664,2.757,0.037675,living
2,C,C2,C2_00720,1.251,2.368,1.942,0.820,26.500,601.730,2.622,0.044040,living
2,C,C2,C2_00721,0.930,3.324,1.984,0.597,6.473,641.582,2.291,0.010089,living
2,C,C2,C2_00722,2.231,2.132,2.461,1.154,114.977,634.955,2.462,0.181080,living
2,C,C2,C2_00723,1.808,2.132,2.216,1.039,91.346,518.402,2.617,0.176207,living
2,C,C2,C2_00724,2.366,2.132,2.535,1.189,21.943,646.064,2.300,0.033964,living
2,C,C2,C2_00725,2.400,2.132,2.553,1.197,103.690,661.824,2.599,0.156673,living
2,C,C2,C2_00726,2.636,2.132,2.675,1.255,2.481,720.256,2.423,0.003444,living
2,C,C2,C2_00727,2.163,2.132,2.423,1.136,2.328,440.039,2.484,0.005291,living
2,C,C2,C2_00728,2.129,2.132,2.404,1.127,96.008,621.643,2.548,0.154442,living
2,C,C2,C2_00729,2.755,2.132,2.735,1.283,56.215,658.920,2.558,0.085313,living
2,C,C2,C2_00730,2.298,2.132,2.498,1.171,7.801,539.603,2.610,0.014458,living
2,C,C2,C2_00731,1.944,2.132,2.297,1.077,48.000,661.843,2.574,0.072525,living
2,C,C2,C2_00732,1.876,2.132,2.257,1.058,45.532,666.892,2.712,0.068274,living
2,C,C2,C2_00733,1.960,2.132,2.307,1.082,36.069,606.026,2.250,0.059517,living
2,C,C2,C2_00734,3.262,2.132,2.976,1.396,2.337,578.425,2.523,0.004040,living
2,C,C2,C2_00735,1.555,2.132,2.055,0.964,2.772,645.011,2.707,0.004297,living
2,C,C2,C2_00736,2.518,2.132,2.615,1.226,31.275,697.007,2.416,0.044871,living
2,C,C2,C2_00737,2.282,2.132,2.489,1.167,37.415,607.422,2.600,0.061596,living
2,C,C2,C2_00738,0.727,2.132,1.405,0.659,2.070,480.767,1.884,0.004305,living
2,C,C2,C2_00739,2.484,2.132,2.597,1.218,44.238,695.306,2.707,0.063624,living
2,C,C2,C2_00740,1.622,2.132,2.099,0.984,22.115,652.792,2.115,0.033877,living
2,C,C2,C2_00741,2.400,2.132,2.553,1.197,16.000,628.824,2.570,0.025444,living
2,C,C2,C2_00742,2.484,2.132,2.597,1.218,43.796,774.537,2.680,0.056545,living
2,C,C2,C2_00743,1.791,2.132,2.205,1.034,30.396,587.849,2.189,0.051708,living
2,C,C2,C2_00744,2.417,2.132,2.562,1.201,28.028,642.769,2.301,0.043605,living
2,C,C2,C2_00745,2.011,2.132,2.337,1.096,26.513,733.008,2.597,0.036170,living
2,C,C2,C2_00746,2.045,2.132,2.356,1.105,13.711,701.207,2.612,0.019553,living
2,C,C2,C2_00747,0.896,2.132,1.560,0.731,14.377,527.434,2.208,0.027259,living
2,C,C2,C2_00748,1.200,1.559,1.543,0.990,14.958,607.042,2.606,0.024640,living
2,C,C2,C2_00749,1.453,2.019,1.933,0.957,50.698,715.465,2.151,0.070860,living
2,C,C2,C2_00750,0.862,2.054,1.501,0.731,2.353,614.529,1.882,0.003829,living
2,C,C2,C2_00751,2.180,1.636,2.131,1.303,117.535,863.419,2.287,0.136127,living
2,C,C2,C2_00752,1.572,1.965,1.983,1.009,99.065,713.968,2.828,0.138752,living
2,C,C2,C2_00753,1.386,1.715,1.740,1.014,103.451,704.171,3.122,0.146912,living
2,C,C2,C2_00754,2.096,1.909,2.257,1.182,84.976,770.419,2.685,0.110298,living
2,C,C2,C2_00755,1.437,3.199,2.419,0.756,81.835,575.847,2.835,0.142113,living
2,C,C2,C2_00756,2.569,2.132,2.641,1.239,36.954,734.375,2.414,0.050320,living
2,C,C2,C2_00757,2.822,2.595,3.054,1.177,119.683,782.808,2.395,0.152889,living
2,C,C2,C2_00758,3.076,2.521,3.142,1.246,114.896,808.346,2.566,0.142137,living
2,C,C2,C2_00759,2.890,4.102,3.885,0.947,63.860,717.228,2.398,0.089037,living
2,C,C2,C2_00760,2.603,1.655,2.342,1.415,54.591,1005.435,2.234,0.054296,living
2,C,C2,C2_00761,1.825,2.029,2.171,1.070,98.519,756.093,2.787,0.130300,living
2,C,C2,C2_00762,2.484,3.581,3.365,0.940,30.034,674.544,2.122,0.044525,living
2,C,C2,C2_00763,1.369,1.757,1.750,0.996,35.630,765.062,2.716,0.046571,living
2,C,C2,C2_00764,2.856,2.127,2.781,1.308,109.213,856.361,2.651,0.127532,living
2,C,C2,C2_00765,2.552,1.793,2.414,1.346,105.828,880.848,2.523,0.120143,living
2,C,C2,C2_00766,2.805,3.007,3.277,1.090,32.464,819.554,2.422,0.039612,living
2,C,C2,C2_00767,1.555,1.842,1.910,1.037,67.707,802.120,2.554,0.084410,living
2,C,C2,C2_00768,2.163,2.132,2.423,1.136,108.297,975.219,2.836,0.111049,living
2,C,C2,C2_00769,3.143,1.613,2.541,1.575,106.882,840.780,2.468,0.127122,living
2,C,C2,C2_00770,1.724,1.649,1.903,1.154,44.745,879.520,2.069,0.050874,living
2,C,C2,C2_00771,1.775,1.869,2.055,1.100,61.562,834.571,3.019,0.073765,living
2,C,C2,C2_00772,2.552,2.267,2.714,1.197,53.649,764.974,2.457,0.070132,living
2,C,C2,C2_00773,2.670,2.190,2.729,1.246,27.924,906.962,2.139,0.030789,living
2,C,C2,C2_00774,1.268,2.347,1.947,0.829,26.493,667.973,3.307,0.039662,living
2,C,C2,C2_00775,1.555,2.761,2.338,0.847,20.772,649.370,2.641,0.031988,living
2,C,C2,C2_00776,2.028,2.045,2.298,1.124,29.967,766.400,2.242,0.039101,living
2,C,C2,C2_00777,1.572,1.741,1.867,1.072,43.591,811.247,2.430,0.053734,living
2,C,C2,C2_00778,2.349,3.171,3.080,0.971,21.338,726.029,2.194,0.029390,living
2,C,C2,C2_00779,0.794,1.782,1.342,0.753,11.319,653.511,2.000,0.017321,living
2,C,C2,C2_00780,2.721,2.474,2.928,1.183,15.795,776.472,2.429,0.020342,living
2,C,C2,C2_00781,1.842,2.577,2.458,0.954,31.615,704.321,2.514,0.044887,living
2,C,C2,C2_00782,0.693,2.132,1.372,0.643,15.683,662.780,16.171,0.023662,dead
2,C,C2,C2_00783,0.845,1.814,1.397,0.770,13.960,697.860,2.480,0.020004,living
2,C,C2,C2_00784,1.420,2.763,2.235,0.809,13.464,704.286,1.952,0.019118,living
2,C,C2,C2_00785,1.504,2.480,2.179,0.879,13.169,763.978,2.438,0.017237,living
2,C,C2,C2_00786,1.724,2.132,2.163,1.015,78.363,765.755,2.275,0.102334,living
2,C,C2,C2_00787,1.960,2.132,2.307,1.082,24.543,668.931,2.474,0.036690,living
2,C,C2,C2_00788,1.910,2.132,2.277,1.068,158.752,911.195,2.195,0.174224,living
2,C,C2,C2_00789,1.842,2.132,2.236,1.049,67.440,758.982,2.587,0.088856,living
2,C,C2,C2_00790,1.437,2.132,1.975,0.926,30.176,688.671,2.706,0.043818,living
2,C,C2,C2_00791,2.129,2.132,2.404,1.127,124.087,797.786,2.437,0.155540,living
2,C,C2,C2_00792,2.603,2.132,2.658,1.247,2.740,724.513,2.390,0.003782,living
2,C,C2,C2_00793,1.842,2.132,2.236,1.049,161.128,857.009,2.413,0.188013,living
2,C,C2,C2_00794,2.248,2.132,2.470,1.159,30.654,721.541,2.677,0.042484,living
2,C,C2,C2_00795,0.997,2.132,1.645,0.772,82.593,675.814,3.034,0.122213,living
2,C,C2,C2_00796,3.380,2.132,3.029,1.421,119.750,1102.550,2.590,0.108612,living
2,C,C2,C2_00797,1.589,2.132,2.077,0.974,112.404,895.553,2.489,0.125514,living
2,C,C2,C2_00798,2.636,2.132,2.675,1.255,82.410,886.603,2.641,0.092951,living
2,C,C2,C2_00799,2.400,2.132,2.553,1.197,22.718,875.951,2.549,0.025936,living
2,C,C2,C2_00800,2.822,2.132,2.768,1.298,97.611,1011.287,2.425,0.096521,living
2,C,C2,C2_00801,2.518,2.132,2.615,1.226,2.248,709.074,2.181,0.003171,living
2,C,C2,C2_00802,2.028,2.132,2.346,1.100,64.583,952.883,2.200,0.067777,living
2,C,C2,C2_00803,1.487,2.132,2.009,0.942,64.011,761.773,2.125,0.084029,living
2,C,C2,C2_00804,1.859,2.132,2.247,1.054,53.745,822.755,2.573,0.065324,living
2,C,C2,C2_00805,1.656,2.132,2.120,0.994,43.255,906.480,2.918,0.047718,living
2,C,C2,C2_00806,1.437,2.132,1.975,0.926,40.259,761.565,2.812,0.052863,living
2,C,C2,C2_00807,2.079,2.132,2.376,1.114,44.260,874.382,2.333,0.050619,living
2,C,C2,C2_00808,1.775,2.132,2.195,1.029,9.762,660.629,2.076,0.014777,living
2,C,C2,C2_00809,1.690,2.132,2.142,1.005,21.670,737.260,2.340,0.029393,living
2,C,C2,C2_00810,2.383,2.132,2.544,1.193,40.738,877.270,2.206,0.046437,living
2,C,C2,C2_00811,2.163,2.132,2.423,1.136,26.898,859.500,2.570,0.031295,living
2,C,C2,C2_00812,1.639,2.132,2.109,0.989,31.041,831.340,2.866,0.037339,living
2,C,C2,C2_00813,0.997,2.132,1.645,0.772,24.881,754.949,1.847,0.032958,living
2,C,C2,C2_00814,1.470,2.132,1.998,0.937,15.885,738.103,2.655,0.021521,living
2,C,C2,C2_00815,2.518,2.132,2.615,1.226,25.933,810.094,2.389,0.032012,living
2,C,C2,C2_00816,1.977,2.132,2.317,1.086,30.333,861.744,2.846,0.035200,living
2,C,C2,C2_00817,1.132,2.132,1.753,0.822,3.388,720.970,2.507,0.004699,living
2,C,C2,C2_00818,2.113,2.132,2.395,1.123,19.416,735.376,2.032,0.026403,living
2,C,C2,C2_00819,1.944,2.132,2.297,1.077,6.261,729.609,2.739,0.008581,living
2,C,C2,C2_00820,1.538,2.830,2.354,0.832,12.835,735.835,2.319,0.017443,living
2,C,C2,C2_00821,2.248,2.194,2.506,1.142,76.737,768.647,2.932,0.099834,living
2,C,C2,C2_00822,1.470,1.637,1.750,1.069,69.264,753.540,2.701,0.091919,living
2,C,C2,C2_00823,1.217,1.671,1.609,0.963,50.542,716.500,2.028,0.070540,living
2,C,C2,C2_00824,2.501,1.915,2.469,1.290,83.439,876.088,2.831,0.095241,living
2,C,C2,C2_00825,1.437,2.132,1.975,0.926,53.565,704.176,18.682,0.076067,dead
2,C,C2,C2_00826,1.048,2.301,1.752,0.762,27.903,648.839,2.435,0.043005,living
2,C,C2,C2_00827,2.349,2.224,2.579,1.160,116.050,761.532,2.259,0.152391,living
2,C,C2,C2_00828,3.329,2.587,3.311,1.280,57.411,789.497,2.360,0.072719,living
2,C,C2,C2_00829,2.467,1.901,2.444,1.285,150.699,931.411,2.534,0.161796,living
2,C,C2,C2_00830,2.028,2.039,2.295,1.125,30.458,727.567,2.625,0.041863,living
2,C,C2,C2_00831,2.180,1.773,2.218,1.251,107.062,946.473,2.388,0.113117,living
2,C,C2,C2_00832,3.363,1.916,2.864,1.495,196.839,1184.593,2.668,0.166166,living
2,C,C2,C2_00833,1.622,1.457,1.735,1.191,33.281,556.719,2.823,0.059781,living
2,C,C2,C2_00834,1.335,1.683,1.691,1.005,53.949,717.316,2.316,0.075210,living
2,C,C2,C2_00835,2.586,1.899,2.501,1.317,103.974,939.327,2.288,0.110690,living
2,C,C2,C2_00836,2.197,1.964,2.344,1.193,95.477,825.846,1.977,0.115611,living
2,C,C2,C2_00837,1.217,2.132,1.818,0.852,55.306,709.111,14.597,0.077993,dead
2,C,C2,C2_00838,1.538,2.633,2.271,0.862,31.330,634.363,2.352,0.049388,living
2,C,C2,C2_00839,1.369,1.826,1.784,0.977,113.111,739.617,2.580,0.152932,living
2,C,C2,C2_00840,2.907,2.471,3.024,1.224,129.576,826.628,2.413,0.156752,living
2,C,C2,C2_00841,2.907,3.059,3.365,1.100,89.663,743.238,2.308,0.120638,living
2,C,C2,C2_00842,1.977,1.916,2.196,1.146,93.991,876.726,1.915,0.107207,living
2,C,C2,C2_00843,3.110,1.280,2.251,1.759,80.576,661.870,2.380,0.121740,living
2,C,C2,C2_00844,2.298,1.822,2.309,1.267,91.500,882.750,2.449,0.103653,living
2,C,C2,C2_00845,2.890,1.997,2.711,1.357,108.491,868.936,2.392,0.124855,living
2,C,C2,C2_00846,2.518,2.033,2.553,1.256,103.040,936.114,2.953,0.110072,living
2,C,C2,C2_00847,1.960,1.536,1.958,1.275,60.457,933.181,2.250,0.064786,living
2,C,C2,C2_00848,2.484,2.468,2.794,1.132,84.728,783.966,2.293,0.108076,living
2,C,C2,C2_00849,2.822,3.215,3.399,1.057,64.000,751.665,2.832,0.085144,living
2,C,C2,C2_00850,2.366,2.031,2.474,1.218,94.429,902.050,2.493,0.104682,living
2,C,C2,C2_00851,2.873,2.591,3.079,1.188,62.088,831.288,2.600,0.074689,living
2,C,C2,C2_00852,1.724,1.935,2.061,1.065,61.373,796.069,2.275,0.077095,living
2,C,C2,C2_00853,2.518,2.485,2.823,1.136,67.289,825.383,1.993,0.081524,living
2,C,C2,C2_00854,0.963,1.669,1.431,0.857,33.754,643.877,2.842,0.052424,living
2,C,C2,C2_00855,2.383,2.132,2.544,1.193,50.957,791.255,12.617,0.064401,dead
2,C,C2,C2_00856,1.166,2.373,1.877,0.791,48.362,680.333,3.290,0.071086,living
2,C,C2,C2_00857,1.842,1.959,2.143,1.094,59.339,796.523,2.734,0.074498,living
2,C,C2,C2_00858,2.231,2.662,2.750,1.033,33.894,802.652,2.417,0.042227,living
2,C,C2,C2_00859,2.332,1.614,2.189,1.356,26.645,809.804,2.500,0.032903,living
2,C,C2,C2_00860,2.045,2.677,2.640,0.986,48.785,736.132,2.149,0.066272,living
2,C,C2,C2_00861,2.653,1.545,2.284,1.479,2.631,675.076,2.739,0.003897,living
2,C,C2,C2_00862,2.653,1.419,2.189,1.543,12.962,806.280,2.516,0.016076,living
2,C,C2,C2_00863,3.194,2.132,2.945,1.381,55.799,862.688,2.603,0.064680,living
2,C,C2,C2_00864,1.741,2.000,2.106,1.053,44.728,823.262,2.563,0.054330,living
2,C,C2,C2_00865,1.808,2.401,2.351,0.979,29.682,758.953,2.626,0.039109,living
2,C,C2,C2_00866,1.268,1.906,1.754,0.920,17.947,743.280,2.680,0.024145,living
2,C,C2,C2_00867,1.301,1.913,1.780,0.931,13.506,691.325,3.364,0.019537,living
2,C,C2,C2_00868,1.910,1.887,2.142,1.135,23.035,840.345,2.301,0.027412,living
2,C,C2,C2_00869,1.183,1.660,1.581,0.953,22.071,797.943,2.743,0.027660,living
2,C,C2,C2_00870,1.453,2.680,2.227,0.831,12.884,620.733,2.116,0.020756,living
2,C,C2,C2_00871,1.606,2.132,2.088,0.979,2.800,651.968,3.158,0.004295,living
2,C,C2,C2_00872,1.707,1.690,1.917,1.134,23.832,864.921,2.564,0.027554,living
2,C,C2,C2_00873,1.910,2.896,2.654,0.916,19.832,735.221,2.664,0.026974,living
2,C,C2,C2_00874,1.301,2.239,1.926,0.860,7.948,636.766,2.506,0.012482,living
2,C,C2,C2_00875,1.521,2.759,2.312,0.838,17.144,651.589,2.122,0.026312,living
2,C,C2,C2_00876,2.062,2.004,2.294,1.145,17.172,852.566,2.279,0.020142,living
2,C,C2,C2_00877,2.079,2.018,2.311,1.145,66.537,737.878,2.626,0.090173,living
2,C,C2,C2_00878,1.420,2.000,1.902,0.951,84.726,642.262,2.012,0.131918,living
2,C,C2,C2_00879,2.011,1.765,2.126,1.204,107.521,778.445,2.748,0.138123,living
2,C,C2,C2_00880,0.693,1.784,1.255,0.703,5.780,621.293,2.659,0.009304,living
2,C,C2,C2_00881,1.927,1.820,2.113,1.161,104.860,713.772,2.640,0.146909,living
2,C,C2,C2_00882,1.369,1.884,1.812,0.962,70.012,596.704,2.136,0.117332,living
2,C,C2,C2_00883,1.437,1.978,1.902,0.962,26.929,670.776,2.306,0.040147,living
2,C,C2,C2_00884,2.248,1.920,2.344,1.221,129.782,776.083,2.752,0.167227,living
2,C,C2,C2_00885,2.265,1.939,2.365,1.220,106.313,758.709,2.575,0.140124,living
2,C,C2,C2_00886,1.572,4.135,2.877,0.696,64.333,570.731,2.344,0.112721,living
2,C,C2,C2_00887,2.265,2.132,2.480,1.163,66.597,590.060,3.918,0.112865,living
2,C,C2,C2_00888,2.113,2.757,2.723,0.988,28.488,685.872,2.720,0.041535,living
2,C,C2,C2_00889,2.417,1.353,2.041,1.508,39.573,641.503,2.084,0.061689,living
2,C,C2,C2_00890,3.025,2.712,3.232,1.192,44.034,663.324,2.352,0.066383,living
2,C,C2,C2_00891,3.160,1.979,2.822,1.426,67.861,790.717,2.390,0.085822,living
2,C,C2,C2_00892,3.279,2.515,3.240,1.288,27.716,794.577,2.495,0.034882,living
2,C,C2,C2_00893,1.639,1.669,1.866,1.118,100.990,736.186,2.423,0.137180,living
2,C,C2,C2_00894,2.890,2.207,2.850,1.291,84.415,761.444,2.591,0.110862,living
2,C,C2,C2_00895,2.349,2.132,2.525,1.184,21.576,605.813,3.561,0.035614,living
2,C,C2,C2_00896,2.214,2.132,2.452,1.150,97.427,783.481,2.878,0.124352,living
2,C,C2,C2_00897,2.941,1.900,2.667,1.404,143.741,883.626,2.443,0.162672,living
2,C,C2,C2_00898,2.129,1.759,2.184,1.241,75.548,713.341,2.262,0.105907,living
2,C,C2,C2_00899,2.434,1.970,2.471,1.254,50.819,857.438,2.472,0.059269,living
2,C,C2,C2_00900,1.690,1.754,1.943,1.108,40.950,833.800,2.660,0.049112,living
2,C,C2,C2_00901,2.197,2.127,2.439,1.147,87.662,748.908,2.338,0.117053,living
2,C,C2,C2_00902,2.265,2.112,2.468,1.169,99.060,782.716,2.545,0.126559,living
2,C,C2,C2_00903,2.400,2.216,2.602,1.174,62.394,804.444,2.761,0.077562,living
2,C,C2,C2_00904,2.603,2.704,2.994,1.107,68.604,674.494,2.636,0.101712,living
2,C,C2,C2_00905,1.217,2.066,1.789,0.866,31.083,679.847,2.222,0.045721,living
2,C,C2,C2_00906,2.079,1.821,2.196,1.206,113.870,871.285,2.000,0.130692,living
2,C,C2,C2_00907,2.349,2.094,2.503,1.195,80.871,840.029,2.475,0.096271,living
2,C,C2,C2_00908,1.876,2.246,2.316,1.031,26.423,721.721,2.523,0.036612,living
2,C,C2,C2_00909,2.518,2.288,2.708,1.184,90.564,799.537,2.631,0.113270,living
2,C,C2,C2_00910,1.775,1.825,2.031,1.113,52.810,770.133,2.248,0.068572,living
2,C,C2,C2_00911,1.994,2.132,2.327,1.091,29.915,632.949,2.669,0.047263,living
2,C,C2,C2_00912,1.352,1.816,1.768,0.974,58.725,713.000,2.362,0.082363,living
2,C,C2,C2_00913,2.349,1.820,2.333,1.282,34.626,882.317,2.777,0.039244,living
2,C,C2,C2_00914,2.417,2.188,2.595,1.186,60.993,779.748,2.909,0.078221,living
2,C,C2,C2_00915,2.383,2.004,2.466,1.230,38.248,804.681,2.489,0.047532,living
2,C,C2,C2_00916,2.467,1.688,2.303,1.364,55.904,862.829,2.390,0.064792,living
2,C,C2,C2_00917,2.163,2.790,2.772,0.994,35.727,721.953,2.320,0.049486,living
2,C,C2,C2_00918,1.538,2.076,2.016,0.971,21.132,625.967,2.341,0.033759,living
2,C,C2,C2_00919,3.329,3.351,3.769,1.125,29.518,793.624,2.462,0.037194,living
2,C,C2,C2_00920,2.332,2.504,2.727,1.089,19.493,700.014,2.348,0.027846,living
2,C,C2,C2_00921,1.268,2.531,2.021,0.799,18.867,623.653,2.133,0.030252,living
2,C,C2,C2_00922,1.741,1.743,1.966,1.128,19.146,839.252,2.359,0.022813,living
2,C,C2,C2_00923,1.589,1.872,1.946,1.040,11.606,717.638,2.277,0.016173,living
2,C,C2,C2_00924,1.910,2.091,2.255,1.078,27.062,738.398,2.398,0.036650,living
2,C,C2,C2_00925,2.704,2.072,2.671,1.289,13.700,727.763,2.438,0.018825,living
2,C,C2,C2_00926,1.403,1.685,1.735,1.030,21.434,701.181,2.831,0.030568,living
2,C,C2,C2_00927,1.065,1.790,1.558,0.870,19.429,693.063,2.429,0.028033,living
2,C,C2,C2_00928,0.845,2.160,1.524,0.706,13.620,616.540,2.400,0.022091,living
2,C,C2,C2_00929,2.113,1.731,2.158,1.247,9.296,722.840,2.176,0.012860,living
2,C,C2,C2_00930,0.761,2.333,1.504,0.644,9.244,582.733,2.400,0.015864,living
2,C,C2,C2_00931,0.913,4.003,2.157,0.539,8.407,498.926,2.444,0.016851,living
2,C,C2,C2_00932,2.011,1.609,2.030,1.261,32.605,638.849,2.269,0.051037,living
2,C,C2,C2_00933,1.386,1.866,1.815,0.972,69.500,702.951,2.683,0.098869,living
2,C,C2,C2_00934,1.369,2.024,1.878,0.928,86.284,677.407,2.654,0.127374,living
2,C,C2,C2_00935,0.963,1.649,1.422,0.862,82.333,706.526,2.088,0.116533,living
2,C,C2,C2_00936,2.467,2.217,2.639,1.190,131.705,803.521,2.486,0.163911,living
2,C,C2,C2_00937,1.977,1.954,2.218,1.135,106.906,818.795,2.299,0.130565,living
2,C,C2,C2_00938,2.028,1.930,2.232,1.157,72.642,872.325,2.192,0.083274,living
2,C,C2,C2_00939,1.960,2.583,2.539,0.983,33.259,741.216,2.776,0.044870,living
2,C,C2,C2_00940,2.451,2.153,2.592,1.204,118.310,758.917,2.448,0.155894,living
2,C,C2,C2_00941,1.944,1.855,2.143,1.155,82.896,675.113,2.574,0.122788,living
2,C,C2,C2_00942,1.656,1.950,2.028,1.040,22.949,727.857,2.582,0.031530,living
2,C,C2,C2_00943,1.099,1.908,1.634,0.856,44.246,675.354,3.231,0.065516,living
2,C,C2,C2_00944,3.380,3.030,3.611,1.192,70.715,745.870,2.485,0.094809,living
2,C,C2,C2_00945,2.738,2.375,2.877,1.212,86.407,854.235,2.660,0.101152,living
2,C,C2,C2_00946,3.312,1.795,2.751,1.533,2.760,1145.995,2.546,0.002409,living
2,C,C2,C2_00947,1.183,1.827,1.659,0.908,60.800,727.300,2.329,0.083597,living
2,C,C2,C2_00948,1.673,1.936,2.031,1.049,66.859,728.818,2.677,0.091736,living
2,C,C2,C2_00949,2.721,2.132,2.718,1.275,111.472,771.348,2.733,0.144516,living
2,C,C2,C2_00950,3.262,1.550,2.537,1.637,55.767,687.358,2.596,0.081132,living
2,C,C2,C2_00951,2.383,1.838,2.362,1.285,75.163,836.752,2.645,0.089827,living
2,C,C2,C2_00952,2.062,1.658,2.086,1.258,54.951,994.434,2.287,0.055258,living
2,C,C2,C2_00953,3.296,1.605,2.595,1.617,77.810,871.082,2.487,0.089326,living
2,C,C2,C2_00954,1.166,1.953,1.703,0.872,28.188,675.565,2.710,0.041726,living
2,C,C2,C2_00955,1.825,2.128,2.224,1.045,79.093,811.722,2.852,0.097438,living
2,C,C2,C2_00956,2.045,1.492,1.971,1.321,37.347,771.231,2.289,0.048425,living
2,C,C2,C2_00957,1.301,1.574,1.615,1.026,55.974,764.481,2.442,0.073218,living
2,C,C2,C2_00958,2.265,2.454,2.660,1.084,37.299,819.754,2.769,0.045500,living
2,C,C2,C2_00959,1.876,1.871,2.114,1.130,53.468,856.270,2.441,0.062443,living
2,C,C2,C2_00960,1.352,2.439,2.049,0.840,24.125,694.638,2.650,0.034730,living
2,C,C2,C2_00961,1.352,2.425,2.043,0.843,26.262,800.962,2.150,0.032789,living
2,C,C2,C2_00962,1.082,1.682,1.522,0.905,25.906,762.641,2.297,0.033969,living
2,C,C2,C2_00963,0.693,2.884,1.595,0.553,14.927,611.512,1.707,0.024410,living
2,C,C2,C2_00964,0.676,2.319,1.413,0.609,10.775,633.900,3.250,0.016998,living
2,C,C2,C2_00965,1.318,1.617,1.647,1.019,18.308,755.756,2.013,0.024224,living
2,C,C2,C2_00966,2.349,1.865,2.362,1.266,93.475,593.784,2.374,0.157422,living
2,C,C2,C2_00967,0.946,2.710,1.807,0.667,70.036,435.107,2.339,0.160962,living
2,C,C2,C2_00968,2.146,2.071,2.379,1.149,67.803,612.157,2.512,0.110761,living
2,C,C2,C2_00969,0.946,1.721,1.440,0.837,68.661,506.500,2.411,0.135559,living
2,C,C2,C2_00970,1.775,2.378,2.318,0.975,1.962,640.257,2.067,0.003064,living
2,C,C2,C2_00971,1.842,3.105,2.699,0.869,2.431,490.028,2.514,0.004961,living
2,C,C2,C2_00972,1.031,2.313,1.742,0.753,2.705,473.590,2.918,0.005712,living
2,C,C2,C2_00973,1.707,1.685,1.914,1.136,2.762,544.000,2.297,0.005078,living
2,C,C2,C2_00974,2.873,2.011,2.712,1.349,85.641,622.918,2.200,0.137484,living
2,C,C2,C2_00975,1.099,1.767,1.572,0.890,78.477,504.846,2.492,0.155447,living
2,C,C2,C2_00976,0.896,1.657,1.375,0.830,101.019,487.679,2.868,0.207142,living
2,C,C2,C2_00977,2.028,1.751,2.126,1.214,80.775,680.033,2.633,0.118781,living
2,C,C2,C2_00978,2.231,1.457,2.034,1.396,18.106,567.871,2.553,0.031884,living
2,C,C2,C2_00979,2.467,1.390,2.090,1.503,2.219,771.329,2.863,0.002877,living
2,C,C2,C2_00980,2.417,2.005,2.484,1.239,57.587,737.615,2.727,0.078072,living
2,C,C2,C2_00981,0.828,2.193,1.521,0.693,16.959,465.878,2.959,0.036403,living
2,C,C2,C2_00982,1.301,3.216,2.308,0.718,23.468,496.130,2.688,0.047301,living
2,C,C2,C2_00983,0.676,2.186,1.372,0.627,9.700,480.450,2.900,0.020189,living
2,C,C2,C2_00984,2.670,1.620,2.347,1.449,15.215,767.842,2.266,0.019816,living
2,C,C2,C2_00985,1.944,2.132,2.297,1.077,20.391,659.774,2.443,0.030907,living
2,C,C2,C2_00986,1.268,2.863,2.150,0.751,39.333,559.947,2.173,0.070245,living
2,C,C2,C2_00987,1.639,1.992,2.039,1.024,32.392,660.268,2.351,0.049058,living
2,C,C2,C2_00988,1.859,1.845,2.090,1.133,53.800,718.164,2.455,0.074913,living
2,C,C2,C2_00989,0.930,2.201,1.614,0.733,28.109,592.018,2.200,0.047480,living
2,C,C2,C2_00990,1.572,1.647,1.816,1.102,120.645,737.011,2.237,0.163695,living
2,C,C2,C2_00991,2.315,2.158,2.522,1.169,95.460,692.139,2.533,0.137920,living
2,C,C2,C2_00992,1.301,2.132,1.879,0.881,18.494,583.117,3.247,0.031715,living
2,C,C2,C2_00993,2.974,2.811,3.263,1.161,117.972,743.909,2.784,0.158583,living
2,C,C2,C2_00994,2.484,1.763,2.361,1.339,131.932,810.469,2.252,0.162785,living
2,C,C2,C2_00995,2.653,1.915,2.543,1.328,54.994,781.331,2.287,0.070385,living
2,C,C2,C2_00996,1.589,1.483,1.732,1.168,132.809,771.149,2.234,0.172222,living
2,C,C2,C2_00997,2.569,1.569,2.265,1.444,149.559,947.914,2.572,0.157777,living
2,C,C2,C2_00998,2.096,1.377,1.917,1.392,98.524,652.306,2.782,0.151040,living
2,C,C2,C2_00999,2.282,2.269,2.568,1.132,97.904,740.807,2.333,0.132158,living
2,C,C2,C2_01000,3.008,1.277,2.212,1.732,86.270,907.899,2.455,0.095021,living
2,C,C2,C2_01001,2.653,2.529,2.923,1.156,116.911,745.401,2.408,0.156843,living
2,C,C2,C2_01002,2.974,2.098,2.819,1.343,59.267,828.773,2.545,0.071512,living
2,C,C2,C2_01003,1.386,1.561,1.660,1.063,119.451,721.207,2.341,0.165627,living
2,C,C2,C2_01004,1.775,2.031,2.142,1.055,79.886,732.476,2.743,0.109063,living
2,C,C2,C2_01005,3.177,2.539,3.205,1.262,105.500,890.809,2.447,0.118432,living
2,C,C2,C2_01006,2.282,1.878,2.336,1.244,101.126,827.296,2.867,0.122237,living
2,C,C2,C2_01007,1.842,1.945,2.136,1.098,81.550,774.789,2.752,0.105255,living
2,C,C2,C2_01008,1.859,2.196,2.280,1.038,80.309,733.455,3.036,0.109494,living
2,C,C2,C2_01009,3.059,2.152,2.895,1.345,63.906,950.834,2.657,0.067211,living
2,C,C2,C2_01010,1.639,2.132,2.109,0.989,21.773,728.660,3.134,0.029881,living
2,C,C2,C2_01011,2.653,2.336,2.809,1.203,73.121,840.204,2.471,0.087028,living
2,C,C2,C2_01012,1.099,2.045,1.692,0.827,29.108,645.723,2.554,0.045078,living
2,C,C2,C2_01013,2.569,2.168,2.663,1.228,74.816,800.947,2.783,0.093409,living
2,C,C2,C2_01014,2.434,1.500,2.156,1.437,14.201,735.597,2.750,0.019306,living
2,C,C2,C2_01015,1.775,2.123,2.190,1.032,38.133,701.629,2.533,0.054350,living
2,C,C2,C2_01016,2.113,1.640,2.101,1.281,59.032,876.800,2.568,0.067327,living
2,C,C2,C2_01017,2.856,2.132,2.785,1.306,57.811,897.716,2.864,0.064397,living
2,C,C2,C2_01018,1.437,1.997,1.911,0.957,24.153,671.082,2.518,0.035991,living
2,C,C2,C2_01019,3.093,2.296,3.007,1.310,37.546,760.590,2.486,0.049365,living
2,C,C2,C2_01020,2.265,2.034,2.422,1.191,52.082,864.836,2.201,0.060222,living
2,C,C2,C2_01021,1.403,1.553,1.666,1.073,14.904,730.735,2.386,0.020395,living
2,C,C2,C2_01022,1.741,1.642,1.908,1.162,43.786,794.262,2.583,0.055128,living
2,C,C2,C2_01023,3.177,2.132,2.937,1.377,46.872,843.090,6.229,0.055596,dead
2,C,C2,C2_01024,2.011,4.632,3.444,0.743,17.748,563.067,2.202,0.031520,living
2,C,C2,C2_01025,1.944,2.132,2.297,1.077,28.478,740.504,3.104,0.038458,living
2,C,C2,C2_01026,0.828,1.660,1.323,0.797,21.796,620.531,1.918,0.035125,living
2,C,C2,C2_01027,1.994,1.562,1.991,1.275,15.407,765.483,2.398,0.020127,living
2,C,C2,C2_01028,0.845,1.559,1.295,0.831,25.920,728.460,1.800,0.035582,living
2,C,C2,C2_01029,3.025,2.320,2.989,1.288,30.777,918.793,2.603,0.033497,living
2,C,C2,C2_01030,2.941,2.843,3.263,1.148,24.546,829.500,2.655,0.029591,living
2,C,C2,C2_01031,1.132,1.830,1.624,0.887,10.448,704.134,2.194,0.014838,living
2,C,C2,C2_01032,1.656,3.001,2.515,0.838,17.357,657.694,2.194,0.026391,living
2,C,C2,C2_01033,1.639,1.782,1.928,1.082,22.763,816.082,2.289,0.027893,living
2,C,C2,C2_01034,1.369,1.911,1.825,0.955,13.296,733.049,1.802,0.018138,living
2,C,C2,C2_01035,1.876,2.379,2.384,1.002,14.847,745.162,2.595,0.019924,living
2,C,C2,C2_01036,2.248,3.059,2.959,0.967,18.188,711.714,2.195,0.025555,living
2,C,C2,C2_01037,1.099,2.132,1.727,0.810,13.662,640.723,3.215,0.021322,living
2,C,C2,C2_01038,2.146,3.475,3.081,0.887,64.850,604.701,2.283,0.107244,living
2,C,C2,C2_01039,2.214,3.284,3.043,0.926,91.817,692.031,2.427,0.132677,living
2,C,C2,C2_01040,1.690,2.132,2.142,1.005,87.670,818.400,2.740,0.107124,living
2,C,C2,C2_01041,3.346,2.456,3.235,1.317,149.242,821.702,2.384,0.181626,living
2,C,C2,C2_01042,0.913,2.021,1.533,0.758,33.000,711.796,2.741,0.046362,living
2,C,C2,C2_01043,1.420,1.925,1.866,0.969,115.476,750.643,2.881,0.153836,living
2,C,C2,C2_01044,1.132,2.420,1.868,0.772,31.866,687.910,2.418,0.046322,living
2,C,C2,C2_01045,0.828,1.863,1.401,0.752,74.122,704.204,2.633,0.105257,living
2,C,C2,C2_01046,1.318,2.132,1.892,0.887,39.859,605.692,2.936,0.065807,living
2,C,C2,C2_01047,1.301,2.132,1.879,0.881,25.247,731.623,2.403,0.034508,living
2,C,C2,C2_01048,1.555,1.927,1.953,1.014,80.380,786.348,2.185,0.102220,living
2,C,C2,C2_01049,1.420,2.189,1.989,0.909,115.821,689.143,2.643,0.168066,living
2,C,C2,C2_01050,1.538,1.493,1.710,1.145,32.802,867.253,2.286,0.037823,living
2,C,C2,C2_01051,2.890,3.020,3.334,1.104,72.673,797.058,2.433,0.091176,living
2,C,C2,C2_01052,3.228,2.132,2.960,1.388,143.843,857.246,2.843,0.167797,living
2,C,C2,C2_01053,2.113,2.491,2.589,1.039,42.128,804.712,2.184,0.052352,living
2,C,C2,C2_01054,2.687,2.000,2.616,1.308,113.365,829.478,2.535,0.136670,living
2,C,C2,C2_01055,1.639,1.955,2.020,1.033,2.371,704.526,2.773,0.003366,living
2,C,C2,C2_01056,2.941,2.213,2.879,1.301,170.011,1026.293,2.425,0.165656,living
2,C,C2,C2_01057,1.589,1.748,1.881,1.076,68.011,838.904,2.234,0.081071,living
2,C,C2,C2_01058,2.501,2.132,2.606,1.222,65.284,741.338,2.919,0.088062,living
2,C,C2,C2_01059,2.890,2.348,2.939,1.252,52.538,784.117,2.760,0.067003,living
2,C,C2,C2_01060,1.944,1.976,2.212,1.119,28.896,884.870,2.391,0.032655,living
2,C,C2,C2_01061,1.115,1.812,1.604,0.885,25.606,821.318,2.242,0.031177,living
2,C,C2,C2_01062,1.656,1.768,1.931,1.092,74.051,896.408,2.194,0.082609,living
2,C,C2,C2_01063,2.789,2.272,2.840,1.250,37.970,999.982,2.588,0.037970,living
2,C,C2,C2_01064,2.670,2.904,3.142,1.082,46.734,830.165,2.424,0.056295,living
2,C,C2,C2_01065,2.163,1.867,2.268,1.215,60.406,920.188,2.141,0.065646,living
2,C,C2,C2_01066,2.569,1.761,2.400,1.363,36.382,928.474,2.204,0.039184,living
2,C,C2,C2_01067,1.825,1.472,1.849,1.256,56.972,1007.148,2.407,0.056568,living
2,C,C2,C2_01068,2.552,2.116,2.622,1.239,7.517,828.702,2.338,0.009070,living
2,C,C2,C2_01069,1.994,1.821,2.150,1.181,41.729,834.093,2.653,0.050029,living
2,C,C2,C2_01070,1.268,2.007,1.800,0.897,17.013,745.053,2.240,0.022835,living
2,C,C2,C2_01071,1.284,1.759,1.696,0.964,23.250,819.697,2.513,0.028364,living
2,C,C2,C2_01072,1.775,1.424,1.794,1.260,45.095,957.895,2.486,0.047077,living
2,C,C2,C2_01073,1.487,1.815,1.854,1.021,17.295,838.386,2.114,0.020629,living
2,C,C2,C2_01074,1.470,2.568,2.192,0.854,2.126,753.103,2.414,0.002824,living
2,C,C2,C2_01075,2.214,1.598,2.122,1.328,23.489,967.893,2.771,0.024268,living
2,C,C2,C2_01076,2.248,3.450,3.142,0.911,25.113,793.421,2.429,0.031651,living
2,C,C2,C2_01077,1.927,2.820,2.630,0.933,11.632,741.474,2.465,0.015687,living
2,C,C2,C2_01078,1.048,1.982,1.626,0.821,13.855,780.968,2.532,0.017741,living
2,C,C2,C2_01079,1.741,1.761,1.976,1.122,16.184,777.078,2.456,0.020827,living
2,C,C2,C2_01080,0.811,1.850,1.382,0.747,18.646,717.479,2.021,0.025988,living
2,C,C2,C2_01081,2.298,2.132,2.498,1.171,93.412,717.574,2.434,0.130177,living
2,C,C2,C2_01082,2.214,1.495,2.053,1.373,65.397,641.824,2.290,0.101892,living
2,C,C2,C2_01083,1.200,2.017,1.755,0.870,27.380,624.070,2.268,0.043874,living
2,C,C2,C2_01084,1.960,2.077,2.277,1.096,41.181,659.060,2.603,0.062484,living
2,C,C2,C2_01085,1.808,2.713,2.499,0.921,33.542,610.000,2.037,0.054987,living
2,C,C2,C2_01086,2.265,2.286,2.568,1.123,109.299,692.507,2.321,0.157830,living
2,C,C2,C2_01087,1.622,1.719,1.884,1.096,36.104,723.510,2.667,0.049901,living
2,C,C2,C2_01088,1.673,1.638,1.868,1.140,127.576,721.434,2.232,0.176836,living
2,C,C2,C2_01089,2.535,2.009,2.546,1.268,145.353,802.680,2.273,0.181085,living
2,C,C2,C2_01090,1.994,2.132,2.327,1.091,138.297,690.932,3.669,0.200159,living
2,C,C2,C2_01091,2.586,1.942,2.529,1.302,145.209,811.190,2.046,0.179008,living
2,C,C2,C2_01092,3.059,2.132,2.882,1.351,143.906,720.177,2.448,0.199820,living
2,C,C2,C2_01093,2.721,2.818,3.125,1.109,34.764,644.627,2.429,0.053929,living
2,C,C2,C2_01094,3.380,2.132,3.029,1.421,22.640,750.270,2.825,0.030176,living
2,C,C2,C2_01095,2.011,2.897,2.724,0.940,2.429,583.714,2.529,0.004161,living
2,C,C2,C2_01096,2.772,2.345,2.877,1.227,124.348,760.744,2.512,0.163455,living
2,C,C2,C2_01097,1.487,2.138,2.012,0.941,26.693,653.307,2.148,0.040859,living
2,C,C2,C2_01098,1.724,1.539,1.838,1.194,2.088,697.314,2.696,0.002995,living
2,C,C2,C2_01099,1.842,2.132,2.236,1.049,112.376,810.266,3.266,0.138690,living
2,C,C2,C2_01100,1.301,1.773,1.714,0.967,2.221,606.026,2.091,0.003664,living
2,C,C2,C2_01101,3.160,2.272,3.023,1.331,62.684,862.289,2.578,0.072695,living
2,C,C2,C2_01102,1.589,1.535,1.762,1.148,73.745,786.319,2.298,0.093785,living
2,C,C2,C2_01103,2.180,2.061,2.392,1.160,2.512,585.411,2.558,0.004290,living
2,C,C2,C2_01104,1.876,1.819,2.084,1.146,36.766,792.577,2.081,0.046388,living
2,C,C2,C2_01105,1.927,2.132,2.287,1.073,49.737,754.412,3.553,0.065928,living
2,C,C2,C2_01106,1.403,2.449,2.092,0.854,28.169,586.349,2.157,0.048041,living
2,C,C2,C2_01107,2.383,1.497,2.131,1.424,50.603,897.766,2.333,0.056365,living
2,C,C2,C2_01108,2.129,2.476,2.591,1.046,53.325,724.270,2.063,0.073626,living
2,C,C2,C2_01109,1.453,2.132,1.986,0.931,34.895,675.209,3.302,0.051681,living
2,C,C2,C2_01110,2.231,2.131,2.460,1.155,34.553,663.212,2.530,0.052100,living
2,C,C2,C2_01111,3.177,2.587,3.235,1.250,34.670,766.670,2.590,0.045222,living
2,C,C2,C2_01112,1.758,1.496,1.830,1.223,26.365,766.663,2.452,0.034390,living
2,C,C2,C2_01113,3.093,2.454,3.109,1.267,2.967,728.361,2.503,0.004074,living
2,C,C2,C2_01114,2.129,2.132,2.404,1.127,32.944,758.373,2.635,0.043441,living
2,C,C2,C2_01115,1.335,2.529,2.073,0.820,19.418,636.203,2.392,0.030521,living
2,C,C2,C2_01116,1.690,1.905,2.025,1.063,22.280,724.940,2.150,0.030734,living
2,C,C2,C2_01117,3.228,1.832,2.744,1.498,29.141,908.817,2.225,0.032065,living
2,C,C2,C2_01118,0.930,4.359,2.272,0.521,6.491,464.018,2.745,0.013988,living
2,C,C2,C2_01119,2.045,2.292,2.443,1.066,14.769,711.388,2.711,0.020760,living
2,C,C2,C2_01120,1.403,3.117,2.360,0.757,12.506,584.313,1.952,0.021403,living
2,C,C2,C2_01121,3.329,2.132,3.006,1.410,2.467,513.391,2.624,0.004805,living
2,C,C2,C2_01122,2.298,4.014,3.427,0.854,15.294,628.581,2.191,0.024331,living
2,C,C2,C2_01123,1.504,2.132,2.021,0.948,9.562,526.966,2.427,0.018145,living
2,C,C2,C2_01124,2.772,3.106,3.311,1.066,17.530,732.140,2.494,0.023944,living
2,C,C2,C2_01125,1.420,2.174,1.983,0.912,14.845,677.929,2.714,0.021898,living
2,C,C2,C2_01126,1.673,1.600,1.846,1.154,13.313,647.091,2.434,0.020574,living
2,C,C2,C2_01127,0.828,2.132,1.499,0.703,11.612,576.694,2.449,0.020136,living
2,C,C2,C2_01128,1.842,2.132,2.236,1.049,46.275,666.596,5.138,0.069420,dead
2,C,C2,C2_01129,1.420,2.207,1.998,0.905,61.000,548.929,2.821,0.111126,living
2,C,C2,C2_01130,2.552,2.384,2.783,1.167,104.093,733.841,2.318,0.141846,living
2,C,C2,C2_01131,2.062,2.217,2.413,1.088,118.852,660.992,2.402,0.179809,living
2,C,C2,C2_01132,1.470,1.618,1.740,1.076,105.264,631.563,2.460,0.166673,living
2,C,C2,C2_01133,3.228,1.314,2.324,1.769,78.267,704.550,2.309,0.111088,living
2,C,C2,C2_01134,2.315,1.777,2.289,1.288,154.007,813.803,2.350,0.189244,living
2,C,C2,C2_01135,2.400,1.815,2.355,1.298,78.852,790.028,2.049,0.099809,living
2,C,C2,C2_01136,2.569,1.619,2.301,1.421,37.066,907.158,2.816,0.040859,living
2,C,C2,C2_01137,1.825,3.097,2.683,0.866,2.898,602.935,2.657,0.004807,living
2,C,C2,C2_01138,2.146,1.554,2.061,1.326,101.142,807.370,2.559,0.125273,living
2,C,C2,C2_01139,2.924,2.335,2.948,1.263,93.405,720.399,2.659,0.129657,living
2,C,C2,C2_01140,1.724,1.871,2.027,1.083,100.127,684.882,2.235,0.146197,living
2,C,C2,C2_01141,3.110,3.091,3.499,1.132,86.897,694.560,2.658,0.125111,living
2,C,C2,C2_01142,2.907,1.927,2.671,1.386,108.384,974.547,2.436,0.111215,living
2,C,C2,C2_01143,2.096,2.070,2.350,1.135,37.790,715.089,2.161,0.052847,living
2,C,C2,C2_01144,2.197,1.425,1.997,1.401,18.654,609.738,2.538,0.030593,living
2,C,C2,C2_01145,1.521,2.284,2.103,0.921,35.744,628.522,2.678,0.056871,living
2,C,C2,C2_01146,1.673,1.867,1.994,1.068,39.081,765.121,2.071,0.051078,living
2,C,C2,C2_01147,2.417,2.933,3.004,1.024,48.797,668.168,2.371,0.073031,living
2,C,C2,C2_01148,1.656,2.116,2.112,0.998,48.847,645.827,2.520,0.075635,living
2,C,C2,C2_01149,1.656,2.383,2.242,0.941,29.878,666.622,2.796,0.044819,living
2,C,C2,C2_01150,3.143,3.168,3.561,1.124,25.032,741.887,2.645,0.033741,living
2,C,C2,C2_01151,2.096,1.562,2.042,1.307,53.952,887.484,2.500,0.060792,living
2,C,C2,C2_01152,1.639,1.962,2.023,1.031,24.557,565.124,2.629,0.043454,living
2,C,C2,C2_01153,2.501,2.808,2.990,1.065,27.845,701.351,2.189,0.039701,living
2,C,C2,C2_01154,2.298,2.132,2.498,1.171,20.176,585.713,5.132,0.034448,dead
2,C,C2,C2_01155,1.707,2.302,2.237,0.972,29.980,661.436,2.941,0.045326,living
2,C,C2,C2_01156,2.079,2.475,2.560,1.034,22.813,714.415,2.659,0.031932,living
2,C,C2,C2_01157,1.217,2.314,1.894,0.818,11.125,563.500,2.500,0.019743,living
2,C,C2,C2_01158,1.825,2.175,2.248,1.034,6.815,595.481,2.907,0.011444,living
2,C,C2,C2_01159,1.284,1.699,1.667,0.981,18.987,705.461,2.776,0.026914,living
2,C,C2,C2_01160,0.963,1.850,1.506,0.814,15.456,602.088,2.404,0.025671,living
2,C,C2,C2_01161,1.555,3.431,2.606,0.760,76.283,685.413,2.217,0.111294,living
2,C,C2,C2_01162,1.301,2.237,1.925,0.861,77.039,765.961,2.701,0.100578,living
2,C,C2,C2_01163,1.673,3.048,2.548,0.836,94.343,698.081,2.707,0.135147,living
2,C,C2,C2_01164,2.129,1.146,1.763,1.538,102.302,829.659,2.175,0.123306,living
2,C,C2,C2_01165,1.470,2.648,2.226,0.841,85.805,703.667,2.437,0.121939,living
2,C,C2,C2_01166,1.808,1.754,2.009,1.146,172.785,825.785,2.336,0.209237,living
2,C,C2,C2_01167,1.859,3.742,2.976,0.795,2.418,627.991,2.173,0.003851,living
2,C,C2,C2_01168,3.296,3.007,3.552,1.181,171.836,930.067,2.108,0.184757,living
2,C,C2,C2_01169,2.028,1.638,2.057,1.256,2.933,742.442,2.558,0.003951,living
2,C,C2,C2_01170,1.284,2.112,1.858,0.880,93.434,771.197,2.368,0.121155,living
2,C,C2,C2_01171,2.231,1.457,2.034,1.396,113.159,1018.000,2.152,0.111158,living
2,C,C2,C2_01172,3.143,1.631,2.555,1.566,95.688,815.145,2.274,0.117388,living
2,C,C2,C2_01173,2.231,1.939,2.347,1.210,151.970,912.523,2.136,0.166538,living
2,C,C2,C2_01174,1.758,1.852,2.036,1.099,106.885,882.029,2.548,0.121180,living
2,C,C2,C2_01175,1.099,1.738,1.559,0.897,74.292,807.015,2.200,0.092058,living
2,C,C2,C2_01176,1.572,1.641,1.812,1.104,100.108,871.677,2.409,0.114845,living
2,C,C2,C2_01177,2.062,1.715,2.122,1.237,176.115,981.402,2.639,0.179452,living
2,C,C2,C2_01178,2.789,1.610,2.391,1.485,51.303,904.721,2.618,0.056706,living
2,C,C2,C2_01179,2.704,1.575,2.329,1.478,151.906,1108.231,2.500,0.137071,living
2,C,C2,C2_01180,1.960,2.458,2.477,1.008,102.336,749.690,2.259,0.136505,living
2,C,C2,C2_01181,3.363,2.712,3.408,1.257,139.513,1012.432,2.286,0.137799,living
2,C,C2,C2_01182,1.352,2.160,1.928,0.893,86.400,799.025,2.425,0.108132,living
2,C,C2,C2_01183,1.944,2.281,2.376,1.042,132.061,853.887,2.504,0.154658,living
2,C,C2,C2_01184,3.363,2.032,2.950,1.452,143.653,1410.643,2.819,0.101835,living
2,C,C2,C2_01185,2.721,1.687,2.418,1.433,165.385,1261.944,2.248,0.131056,living
2,C,C2,C2_01186,2.620,1.850,2.484,1.343,48.200,1085.406,2.368,0.044407,living
2,C,C2,C2_01187,1.234,1.522,1.546,1.016,117.425,892.562,2.452,0.131559,living
2,C,C2,C2_01188,2.315,2.332,2.622,1.124,33.591,769.854,2.562,0.043633,living
2,C,C2,C2_01189,3.110,2.162,2.926,1.353,133.027,1100.728,2.603,0.120854,living
2,C,C2,C2_01190,2.383,2.010,2.470,1.229,81.028,1078.887,2.752,0.075104,living
2,C,C2,C2_01191,2.839,1.792,2.545,1.420,100.298,964.988,2.464,0.103937,living
2,C,C2,C2_01192,3.042,1.388,2.319,1.670,67.389,980.611,2.461,0.068721,living
2,C,C2,C2_01193,1.876,1.755,2.047,1.167,92.450,1053.667,2.901,0.087742,living
2,C,C2,C2_01194,2.180,2.087,2.407,1.153,78.605,984.295,2.636,0.079859,living
2,C,C2,C2_01195,1.403,1.811,1.799,0.993,52.976,857.964,2.398,0.061746,living
2,C,C2,C2_01196,1.758,2.091,2.163,1.035,25.798,812.163,2.317,0.031765,living
2,C,C2,C2_01197,1.606,1.809,1.923,1.063,23.105,691.032,2.484,0.033436,living
2,C,C2,C2_01198,0.761,2.132,1.437,0.674,10.667,730.289,11.511,0.014606,dead
2,C,C2,C2_01199,2.349,3.888,3.410,0.877,28.576,804.137,2.353,0.035536,living
2,C,C2,C2_01200,1.234,1.769,1.667,0.942,34.699,860.562,2.493,0.040321,living
2,C,C2,C2_01201,2.400,1.823,2.360,1.295,32.634,1136.218,2.162,0.028721,living
2,C,C2,C2_01202,2.248,2.797,2.829,1.012,2.789,538.353,2.165,0.005181,living
2,C,C2,C2_01203,0.794,2.839,1.694,0.597,47.489,552.149,3.319,0.086008,living
2,C,C2,C2_01204,2.180,2.068,2.396,1.159,50.853,860.752,2.264,0.059079,living
2,C,C2,C2_01205,1.622,1.609,1.823,1.133,46.823,797.417,2.385,0.058718,living
2,C,C2,C2_01206,2.197,1.665,2.158,1.296,114.792,788.308,2.415,0.145619,living
2,C,C2,C2_01207,2.045,2.132,2.356,1.105,103.727,613.149,2.661,0.169171,living
2,C,C2,C2_01208,2.569,1.571,2.267,1.443,132.961,923.737,2.224,0.143938,living
2,C,C2,C2_01209,1.284,1.883,1.755,0.932,113.618,698.776,2.158,0.162596,living
2,C,C2,C2_01210,2.501,2.132,2.606,1.222,102.581,762.878,2.818,0.134466,living
2,C,C2,C2_01211,2.552,2.107,2.617,1.242,137.550,849.828,2.490,0.161856,living
2,C,C2,C2_01212,2.231,2.132,2.461,1.154,117.818,882.818,2.750,0.133457,living
2,C,C2,C2_01213,1.352,1.639,1.680,1.025,56.812,696.250,2.300,0.081598,living
2,C,C2,C2_01214,2.789,1.854,2.566,1.384,31.182,758.933,2.515,0.041086,living
2,C,C2,C2_01215,2.721,2.201,2.761,1.255,71.696,839.516,2.410,0.085401,living
2,C,C2,C2_01216,2.434,1.926,2.443,1.268,137.097,901.132,2.431,0.152139,living
2,C,C2,C2_01217,2.620,2.395,2.827,1.180,122.084,770.897,2.639,0.158366,living
2,C,C2,C2_01218,2.501,1.747,2.359,1.350,101.865,834.845,2.257,0.122017,living
2,C,C2,C2_01219,3.329,2.529,3.274,1.295,103.437,749.041,2.812,0.138092,living
2,C,C2,C2_01220,2.332,3.121,3.044,0.975,39.558,731.210,2.174,0.054099,living
2,C,C2,C2_01221,1.724,1.639,1.897,1.157,80.784,870.216,2.725,0.092833,living
2,C,C2,C2_01222,1.656,2.132,2.120,0.994,97.867,822.153,2.714,0.119038,living
2,C,C2,C2_01223,1.115,1.525,1.471,0.965,20.909,713.500,2.364,0.029305,living
2,C,C2,C2_01224,2.163,1.846,2.255,1.221,108.344,840.352,1.984,0.128927,living
2,C,C2,C2_01225,1.927,1.727,2.058,1.192,100.149,854.991,2.649,0.117135,living
2,C,C2,C2_01226,2.231,1.981,2.372,1.197,54.652,915.924,2.697,0.059668,living
2,C,C2,C2_01227,1.166,2.132,1.779,0.834,50.464,735.449,3.478,0.068616,living
2,C,C2,C2_01228,2.011,1.795,2.144,1.194,61.706,858.252,2.672,0.071897,living
2,C,C2,C2_01229,2.265,1.745,2.243,1.286,68.425,945.716,2.545,0.072353,living
2,C,C2,C2_01230,1.758,1.815,2.016,1.111,73.740,832.567,2.788,0.088570,living
2,C,C2,C2_01231,2.062,1.647,2.079,1.263,69.107,937.721,2.459,0.073696,living
2,C,C2,C2_01232,3.312,2.727,3.391,1.244,46.092,847.954,2.622,0.054357,living
2,C,C2,C2_01233,2.789,2.205,2.798,1.269,43.200,881.509,2.400,0.049007,living
2,C,C2,C2_01234,1.639,3.024,2.512,0.831,15.990,623.464,2.361,0.025647,living
2,C,C2,C2_01235,1.606,2.108,2.076,0.985,24.958,749.232,2.147,0.033311,living
2,C,C2,C2_01236,1.301,2.132,1.879,0.881,9.325,654.195,2.584,0.014254,living
2,C,C2,C2_01237,2.653,2.132,2.684,1.259,46.446,858.344,2.892,0.054111,living
2,C,C2,C2_01238,2.636,2.020,2.604,1.289,23.949,787.192,2.378,0.030423,living
2,C,C2,C2_01239,0.862,1.696,1.364,0.804,31.549,691.137,2.000,0.045648,living
2,C,C2,C2_01240,1.149,2.058,1.735,0.843,27.338,713.397,2.382,0.038321,living
2,C,C2,C2_01241,1.437,1.517,1.666,1.098,28.471,901.765,2.471,0.031572,living
2,C,C2,C2_01242,1.758,2.016,2.124,1.054,27.817,822.096,2.663,0.033837,living
2,C,C2,C2_01243,2.417,2.022,2.495,1.234,12.308,656.692,2.329,0.018742,living
2,C,C2,C2_01244,2.231,1.502,2.066,1.375,4.121,686.917,2.591,0.006000,living
2,C,C2,C2_01245,0.963,2.289,1.675,0.732,17.386,651.105,2.526,0.026702,living
2,C,C2,C2_01246,1.301,2.575,2.065,0.802,16.935,680.935,2.169,0.024870,living
2,C,C2,C2_01247,2.298,2.910,2.918,1.003,26.875,771.243,2.294,0.034846,living
2,C,C2,C2_01248,1.352,1.773,1.747,0.985,15.650,763.175,2.763,0.020506,living
2,C,C2,C2_01249,1.437,1.617,1.720,1.064,41.824,668.153,2.494,0.062596,living
2,C,C2,C2_01250,2.197,2.821,2.809,0.996,34.700,734.423,2.269,0.047248,living
2,C,C2,C2_01251,0.777,2.590,1.601,0.618,67.435,578.217,2.522,0.116625,living
2,C,C2,C2_01252,1.741,3.034,2.593,0.855,39.816,700.893,2.767,0.056807,living
2,C,C2,C2_01253,1.808,1.941,2.114,1.089,60.907,763.224,2.374,0.079802,living
2,C,C2,C2_01254,2.789,2.114,2.740,1.296,109.012,986.242,2.406,0.110533,living
2,C,C2,C2_01255,2.265,1.899,2.340,1.232,125.978,897.881,2.955,0.140306,living
2,C,C2,C2_01256,2.180,2.123,2.427,1.143,101.016,752.310,2.512,0.134274,living
2,C,C2,C2_01257,2.434,1.724,2.311,1.341,136.160,1062.576,2.611,0.128141,living
2,C,C2,C2_01258,3.025,1.972,2.756,1.398,76.536,913.084,2.425,0.083822,living
2,C,C2,C2_01259,2.096,2.508,2.587,1.032,27.331,806.516,2.516,0.033887,living
2,C,C2,C2_01260,1.656,1.874,1.988,1.061,22.388,707.714,2.673,0.031634,living
2,C,C2,C2_01261,2.789,1.250,2.107,1.685,73.309,797.200,2.533,0.091958,living
2,C,C2,C2_01262,2.535,1.191,1.961,1.646,17.100,731.720,2.460,0.023370,living
2,C,C2,C2_01263,2.501,2.022,2.537,1.255,52.257,870.122,2.595,0.060057,living
2,C,C2,C2_01264,2.636,3.011,3.179,1.056,45.506,798.410,2.590,0.056996,living
2,C,C2,C2_01265,1.352,1.722,1.722,1.000,32.850,749.087,2.587,0.043853,living
2,C,C2,C2_01266,2.653,2.132,2.684,1.259,62.834,919.510,2.911,0.068335,living
2,C,C2,C2_01267,2.298,2.132,2.498,1.171,27.596,799.441,2.699,0.034519,living
2,C,C2,C2_01268,2.856,2.132,2.785,1.306,57.130,708.840,2.970,0.080597,living
2,C,C2,C2_01269,2.298,2.331,2.612,1.120,51.875,822.441,2.301,0.063074,living
2,C,C2,C2_01270,2.315,1.896,2.364,1.247,23.569,796.285,2.715,0.029599,living
2,C,C2,C2_01271,3.279,1.593,2.579,1.619,40.562,990.974,2.366,0.040931,living
2,C,C2,C2_01272,1.842,1.649,1.967,1.193,35.468,943.413,2.257,0.037595,living
2,C,C2,C2_01273,2.079,2.635,2.641,1.002,14.610,806.813,2.504,0.018108,living
2,C,C2,C2_01274,2.890,2.132,2.801,1.314,55.439,923.199,3.070,0.060051,living
2,C,C2,C2_01275,2.062,2.590,2.608,1.007,29.762,816.615,2.402,0.036446,living
2,C,C2,C2_01276,1.977,2.480,2.499,1.007,25.915,719.658,2.769,0.036010,living
2,C,C2,C2_01277,1.504,1.825,1.869,1.024,14.022,804.348,2.427,0.017433,living
2,C,C2,C2_01278,2.332,3.368,3.162,0.939,12.746,765.855,2.717,0.016643,living
2,C,C2,C2_01279,2.129,2.240,2.464,1.100,11.659,846.516,2.302,0.013773,living
2,C,C2,C2_01280,1.724,2.820,2.488,0.882,10.039,696.784,2.931,0.014408,living
2,C,C2,C2_01281,1.099,1.755,1.567,0.893,12.108,730.846,2.831,0.016567,living
2,C,C2,C2_01282,1.031,3.103,2.018,0.650,21.508,628.951,2.508,0.034197,living
2,C,C2,C2_01283,1.284,1.706,1.670,0.979,30.224,808.882,2.671,0.037365,living
2,C,C2,C2_01284,1.572,3.131,2.503,0.800,15.194,730.667,2.290,0.020794,living
2,C,C2,C2_01285,1.301,3.443,2.388,0.694,15.182,628.325,2.247,0.024162,living
2,C,C2,C2_01286,2.991,2.501,3.086,1.234,103.565,766.797,1.989,0.135062,living
2,C,C2,C2_01287,2.552,3.192,3.221,1.009,39.000,598.185,2.391,0.065197,living
2,C,C2,C2_01288,1.859,2.006,2.179,1.086,63.182,679.136,2.255,0.093033,living
2,C,C2,C2_01289,2.248,2.433,2.639,1.085,41.985,618.624,2.406,0.067868,living
2,C,C2,C2_01290,1.065,2.132,1.700,0.797,99.429,508.873,23.873,0.195390,dead
2,C,C2,C2_01291,2.366,2.774,2.891,1.042,31.836,589.614,2.571,0.053994,living
2,C,C2,C2_01292,1.910,1.903,2.151,1.130,27.478,604.478,2.150,0.045457,living
2,C,C2,C2_01293,1.386,3.122,2.347,0.752,32.159,546.000,2.098,0.058898,living
2,C,C2,C2_01294,2.011,1.910,2.211,1.158,82.235,682.143,2.462,0.120554,living
2,C,C2,C2_01295,2.332,2.177,2.542,1.168,76.848,751.123,2.449,0.102311,living
2,C,C2,C2_01296,1.825,2.160,2.240,1.037,55.324,659.491,2.370,0.083889,living
2,C,C2,C2_01297,1.960,1.590,1.992,1.253,121.845,770.888,2.509,0.158058,living
2,C,C2,C2_01298,1.910,3.243,2.808,0.866,20.637,603.947,2.310,0.034171,living
2,C,C2,C2_01299,1.741,1.920,2.063,1.074,79.447,701.194,2.379,0.113302,living
2,C,C2,C2_01300,2.603,1.693,2.369,1.399,178.799,943.662,2.409,0.189473,living
2,C,C2,C2_01301,2.163,2.057,2.380,1.157,94.836,740.680,2.609,0.128039,living
2,C,C2,C2_01302,1.741,2.132,2.174,1.020,113.932,665.417,19.699,0.171219,dead
2,C,C2,C2_01303,1.707,2.078,2.125,1.023,43.663,703.851,2.198,0.062035,living
2,C,C2,C2_01304,1.318,1.582,1.629,1.030,71.833,647.795,2.256,0.110889,living
2,C,C2,C2_01305,2.687,1.926,2.567,1.333,143.925,856.302,2.572,0.168077,living
2,C,C2,C2_01306,2.518,2.840,3.017,1.062,81.342,693.597,2.228,0.117276,living
2,C,C2,C2_01307,2.586,1.818,2.447,1.346,114.497,863.359,3.020,0.132618,living
2,C,C2,C2_01308,2.231,1.911,2.330,1.219,117.530,754.159,2.871,0.155843,living
2,C,C2,C2_01309,2.062,1.756,2.147,1.223,125.344,782.221,2.672,0.160241,living
2,C,C2,C2_01310,1.791,1.640,1.934,1.179,107.943,746.708,2.434,0.144559,living
2,C,C2,C2_01311,2.653,2.284,2.778,1.216,98.070,820.197,2.312,0.119569,living
2,C,C2,C2_01312,1.842,2.199,2.271,1.033,64.835,682.899,2.165,0.094941,living
2,C,C2,C2_01313,2.096,2.405,2.533,1.053,25.621,703.000,2.911,0.036445,living
2,C,C2,C2_01314,2.907,2.675,3.147,1.176,42.314,742.965,2.610,0.056953,living
2,C,C2,C2_01315,2.586,2.068,2.609,1.262,74.399,807.699,2.503,0.092112,living
2,C,C2,C2_01316,1.115,1.770,1.585,0.896,21.773,608.758,2.379,0.035766,living
2,C,C2,C2_01317,2.772,2.511,2.977,1.186,39.421,694.530,2.384,0.056759,living
2,C,C2,C2_01318,2.332,2.132,2.516,1.180,36.109,788.188,2.884,0.045812,living
2,C,C2,C2_01319,2.400,2.632,2.836,1.078,39.239,712.338,2.789,0.055085,living
2,C,C2,C2_01320,2.434,1.833,2.383,1.300,25.278,761.056,3.028,0.033214,living
2,C,C2,C2_01321,2.011,1.941,2.229,1.149,23.941,793.513,2.664,0.030171,living
2,C,C2,C2_01322,2.349,4.069,3.489,0.857,2.504,600.022,2.338,0.004173,living
2,C,C2,C2_01323,1.521,1.754,1.843,1.051,21.100,729.933,2.056,0.028907,living
2,C,C2,C2_01324,1.589,1.715,1.863,1.086,25.202,740.734,2.468,0.034023,living
2,C,C2,C2_01325,2.873,2.132,2.793,1.310,15.947,776.888,3.035,0.020527,living
2,C,C2,C2_01326,1.724,2.132,2.163,1.015,11.500,595.402,15.431,0.019315,dead
2,C,C2,C2_01327,1.251,1.861,1.722,0.925,14.527,658.311,2.392,0.022067,living
2,C,C2,C2_01328,1.994,2.315,2.424,1.047,18.364,730.966,2.771,0.025123,living
2,C,C2,C2_01329,2.636,3.029,3.188,1.053,19.897,704.756,2.660,0.028233,living
2,C,C2,C2_01330,1.960,2.921,2.700,0.924,11.310,658.552,2.362,0.017175,living
2,C,C2,C2_01331,1.470,1.525,1.689,1.108,12.667,764.575,2.529,0.016567,living
2,C,C2,C2_01332,1.149,2.178,1.785,0.820,58.544,673.868,2.588,0.086878,living
2,C,C2,C2_01333,2.062,1.840,2.198,1.195,156.418,875.959,2.770,0.178568,living
2,C,C2,C2_01334,1.960,2.132,2.307,1.082,95.216,718.474,6.379,0.132525,dead
2,C,C2,C2_01335,2.163,2.139,2.427,1.135,68.930,845.273,2.797,0.081547,living
2,C,C2,C2_01336,2.332,1.787,2.303,1.289,135.543,918.239,2.797,0.147612,living
2,C,C2,C2_01337,2.298,2.153,2.510,1.166,113.059,905.801,2.551,0.124816,living
2,C,C2,C2_01338,2.636,2.470,2.879,1.166,138.263,817.782,2.519,0.169071,living
2,C,C2,C2_01339,2.214,1.521,2.071,1.361,172.115,1101.328,2.687,0.156279,living
2,C,C2,C2_01340,2.991,1.702,2.546,1.496,136.017,925.695,2.605,0.146935,living
2,C,C2,C2_01341,2.028,2.132,2.346,1.101,41.492,808.550,2.117,0.051316,living
2,C,C2,C2_01342,2.941,1.851,2.633,1.422,213.293,1120.138,2.356,0.190417,living
2,C,C2,C2_01343,1.775,1.859,2.050,1.103,124.076,814.181,2.143,0.152394,living
2,C,C2,C2_01344,1.521,1.613,1.767,1.096,2.911,862.278,2.944,0.003376,living
2,C,C2,C2_01345,2.265,2.631,2.755,1.047,75.731,792.470,2.321,0.095564,living
2,C,C2,C2_01346,2.129,2.132,2.404,1.127,82.405,906.651,8.397,0.090889,dead
2,C,C2,C2_01347,1.606,1.580,1.797,1.138,50.379,882.400,2.474,0.057093,living
2,C,C2,C2_01348,2.586,2.554,2.900,1.135,57.399,839.993,2.595,0.068332,living
2,C,C2,C2_01349,1.420,2.379,2.074,0.872,2.393,625.810,2.548,0.003824,living
2,C,C2,C2_01350,1.859,1.782,2.054,1.152,104.273,836.964,2.891,0.124585,living
2,C,C2,C2_01351,1.065,1.530,1.440,0.941,1.889,622.857,2.190,0.003033,living
2,C,C2,C2_01352,2.180,3.336,3.043,0.912,28.922,661.814,2.357,0.043702,living
2,C,C2,C2_01353,2.315,1.964,2.406,1.225,149.124,905.190,2.263,0.164743,living
2,C,C2,C2_01354,1.014,1.637,1.454,0.888,63.400,715.883,2.300,0.088562,living
2,C,C2,C2_01355,2.028,1.997,2.271,1.137,47.158,778.292,2.508,0.060592,living
2,C,C2,C2_01356,2.552,2.028,2.567,1.266,108.305,966.219,2.921,0.112091,living
2,C,C2,C2_01357,1.741,2.394,2.304,0.962,80.563,743.631,2.786,0.108337,living
2,C,C2,C2_01358,2.011,3.019,2.780,0.921,75.084,785.941,2.714,0.095534,living
2,C,C2,C2_01359,2.265,2.303,2.577,1.119,86.254,830.022,2.933,0.103917,living
2,C,C2,C2_01360,3.312,1.747,2.714,1.554,81.393,1050.158,2.469,0.077505,living
2,C,C2,C2_01361,0.862,2.243,1.569,0.700,42.471,728.412,3.451,0.058306,living
2,C,C2,C2_01362,1.690,1.932,2.039,1.055,51.810,888.410,2.660,0.058318,living
2,C,C2,C2_01363,2.096,2.001,2.311,1.155,31.677,886.952,2.202,0.035715,living
2,C,C2,C2_01364,1.741,2.032,2.122,1.044,27.961,760.311,2.553,0.036776,living
2,C,C2,C2_01365,2.248,2.248,2.537,1.128,52.180,921.068,2.241,0.056652,living
2,C,C2,C2_01366,1.589,2.813,2.386,0.848,17.574,713.585,2.298,0.024628,living
2,C,C2,C2_01367,2.349,1.915,2.393,1.250,44.964,982.266,2.151,0.045776,living
2,C,C2,C2_01368,2.805,2.634,3.067,1.164,18.404,726.259,2.295,0.025340,living
2,C,C2,C2_01369,1.352,1.828,1.774,0.970,21.688,801.075,2.025,0.027073,living
2,C,C2,C2_01370,2.163,2.367,2.553,1.079,18.891,783.719,2.859,0.024104,living
2,C,C2,C2_01371,2.890,1.960,2.686,1.370,44.456,1006.865,2.304,0.044153,living
2,C,C2,C2_01372,0.777,1.792,1.331,0.743,11.870,705.630,3.261,0.016821,living
2,C,C2,C2_01373,1.048,3.621,2.198,0.607,16.097,632.242,1.903,0.025460,living
2,C,C2,C2_01374,1.859,2.435,2.401,0.986,29.064,799.509,2.482,0.036352,living
2,C,C2,C2_01375,1.876,2.549,2.467,0.968,13.153,754.108,2.793,0.017442,living
2,C,C2,C2_01376,1.284,1.972,1.796,0.911,20.724,784.039,2.618,0.026432,living
2,C,C2,C2_01377,2.586,1.622,2.311,1.425,16.948,729.752,2.131,0.023224,living
2,C,C2,C2_01378,1.453,2.379,2.098,0.882,21.453,772.419,2.953,0.027774,living
2,C,C2,C2_01379,2.721,2.656,3.033,1.142,67.578,736.665,2.876,0.091735,living
2,C,C2,C2_01380,2.586,1.826,2.452,1.343,53.987,735.516,2.431,0.073400,living
2,C,C2,C2_01381,1.284,1.868,1.748,0.936,142.382,667.513,2.763,0.213302,living
2,C,C2,C2_01382,3.143,2.397,3.097,1.292,116.462,899.651,2.559,0.129453,living
2,C,C2,C2_01383,0.828,1.592,1.296,0.814,28.633,679.306,2.000,0.042150,living
2,C,C2,C2_01384,1.234,2.064,1.801,0.872,32.849,692.164,2.685,0.047459,living
2,C,C2,C2_01385,1.893,1.943,2.164,1.114,39.821,833.920,2.214,0.047752,living
2,C,C2,C2_01386,2.011,2.260,2.406,1.064,75.151,764.992,2.706,0.098238,living
2,C,C2,C2_01387,1.639,1.790,1.933,1.080,2.907,712.907,2.072,0.004078,living
2,C,C2,C2_01388,1.707,1.757,1.954,1.112,115.752,836.010,2.327,0.138458,living
2,C,C2,C2_01389,2.028,1.917,2.225,1.161,51.000,752.233,2.267,0.067798,living
2,C,C2,C2_01390,1.386,1.970,1.865,0.946,32.659,720.061,2.488,0.045355,living
2,C,C2,C2_01391,1.690,1.915,2.030,1.060,90.220,792.500,2.540,0.113842,living
2,C,C2,C2_01392,2.484,1.248,1.987,1.592,41.286,809.735,2.082,0.050987,living
2,C,C2,C2_01393,1.284,1.712,1.673,0.977,35.000,775.289,2.184,0.045144,living
2,C,C2,C2_01394,2.197,2.653,2.724,1.027,79.631,774.377,2.415,0.102832,living
2,C,C2,C2_01395,2.011,1.708,2.091,1.224,16.597,698.681,2.672,0.023754,living
2,C,C2,C2_01396,1.606,1.997,2.021,1.012,25.389,791.211,2.368,0.032089,living
2,C,C2,C2_01397,2.586,3.535,3.412,0.965,108.405,720.732,2.386,0.150410,living
2,C,C2,C2_01398,2.282,1.507,2.093,1.389,140.074,1106.763,2.556,0.126562,living
2,C,C2,C2_01399,1.504,2.281,2.090,0.916,64.393,736.090,2.472,0.087480,living
2,C,C2,C2_01400,1.622,2.406,2.229,0.926,17.375,702.792,3.094,0.024723,living
2,C,C2,C2_01401,2.653,1.644,2.357,1.433,78.325,1202.497,2.261,0.065135,living
2,C,C2,C2_01402,1.521,1.601,1.761,1.100,44.900,836.567,2.767,0.053672,living
2,C,C2,C2_01403,1.217,1.723,1.634,0.948,39.819,770.153,2.111,0.051703,living
2,C,C2,C2_01404,1.876,1.608,1.960,1.219,75.838,893.261,2.360,0.084900,living
2,C,C2,C2_01405,1.775,2.734,2.486,0.909,27.505,763.867,2.514,0.036007,living
2,C,C2,C2_01406,1.420,1.944,1.875,0.964,27.143,803.940,2.095,0.033762,living
2,C,C2,C2_01407,1.808,2.880,2.575,0.894,39.393,716.112,2.720,0.055009,living
2,C,C2,C2_01408,2.603,2.911,3.106,1.067,49.195,818.214,2.377,0.060125,living
2,C,C2,C2_01409,3.177,2.491,3.174,1.274,56.154,964.032,2.479,0.058249,living
2,C,C2,C2_01410,1.775,1.844,2.041,1.107,25.105,795.819,2.905,0.031546,living
2,C,C2,C2_01411,1.099,1.731,1.556,0.899,23.200,751.585,2.246,0.030868,living
2,C,C2,C2_01412,1.977,3.575,3.000,0.839,33.607,716.419,2.709,0.046909,living
2,C,C2,C2_01413,2.366,1.807,2.333,1.291,46.129,909.886,2.457,0.050697,living
2,C,C2,C2_01414,2.079,2.077,2.345,1.129,35.000,804.081,2.423,0.043528,living
2,C,C2,C2_01415,3.279,2.860,3.455,1.208,45.835,906.222,2.330,0.050578,living
2,C,C2,C2_01416,2.873,2.515,3.033,1.206,41.418,975.482,2.659,0.042459,living
2,C,C2,C2_01417,2.958,2.188,2.871,1.312,31.274,856.817,2.383,0.036501,living
2,C,C2,C2_01418,1.065,2.051,1.668,0.813,10.365,690.222,2.952,0.015017,living
2,C,C2,C2_01419,1.065,1.620,1.482,0.915,14.508,746.762,1.603,0.019428,living
2,C,C2,C2_01420,2.265,2.308,2.580,1.118,38.918,881.157,2.455,0.044167,living
2,C,C2,C2_01421,2.603,2.132,2.658,1.247,18.844,870.883,2.740,0.021638,living
2,C,C2,C2_01422,2.062,1.768,2.154,1.219,30.869,947.270,2.000,0.032587,living
2,C,C2,C2_01423,3.025,2.076,2.828,1.362,29.760,889.503,2.464,0.033457,living
2,C,C2,C2_01424,2.011,2.132,2.337,1.096,17.908,735.076,2.916,0.024362,living
2,C,C2,C2_01425,1.031,2.033,1.634,0.804,18.902,713.672,2.246,0.026485,living
2,C,C2,C2_01426,0.761,1.854,1.340,0.723,15.044,720.378,2.933,0.020884,living
2,C,C2,C2_01427,2.755,1.871,2.562,1.369,13.601,696.663,2.442,0.019523,living
2,C,C2,C2_01428,1.960,1.549,1.966,1.269,102.603,684.922,2.664,0.149803,living
2,C,C2,C2_01429,1.403,1.693,1.739,1.027,66.554,727.434,2.446,0.091492,living
2,C,C2,C2_01430,2.332,1.892,2.370,1.253,136.783,819.928,2.384,0.166823,living
2,C,C2,C2_01431,2.383,1.787,2.329,1.303,95.057,717.021,2.617,0.132572,living
2,C,C2,C2_01432,0.710,1.922,1.318,0.686,2.548,573.024,2.071,0.004446,living
2,C,C2,C2_01433,2.535,1.717,2.354,1.371,132.980,861.313,2.593,0.154392,living
2,C,C2,C2_01434,2.636,1.819,2.471,1.358,156.378,942.551,2.615,0.165909,living
2,C,C2,C2_01435,1.622,2.144,2.104,0.981,56.198,692.312,2.260,0.081174,living
2,C,C2,C2_01436,1.555,1.605,1.783,1.111,88.641,735.011,2.489,0.120599,living
2,C,C2,C2_01437,1.487,1.721,1.805,1.049,111.841,717.716,2.557,0.155829,living
2,C,C2,C2_01438,2.738,1.938,2.599,1.341,119.123,963.019,2.599,0.123698,living
2,C,C2,C2_01439,2.163,1.646,2.129,1.294,47.562,799.211,2.664,0.059512,living
2,C,C2,C2_01440,2.839,2.032,2.710,1.334,165.381,902.970,2.488,0.183152,living
2,C,C2,C2_01441,1.842,1.633,1.957,1.198,147.908,775.128,2.771,0.190818,living
2,C,C2,C2_01442,2.079,2.345,2.491,1.062,2.504,669.203,3.024,0.003742,living
2,C,C2,C2_01443,1.927,1.895,2.156,1.138,90.754,783.325,2.228,0.115858,living
2,C,C2,C2_01444,1.960,2.132,2.307,1.082,32.716,764.543,2.853,0.042791,living
2,C,C2,C2_01445,2.332,2.002,2.438,1.218,95.478,800.761,2.435,0.119234,living
2,C,C2,C2_01446,1.572,2.280,2.136,0.937,22.667,714.140,2.366,0.031740,living
2,C,C2,C2_01447,2.484,2.132,2.597,1.218,2.850,659.075,2.639,0.004325,living
2,C,C2,C2_01448,2.805,2.656,3.080,1.160,46.729,807.133,2.759,0.057895,living
2,C,C2,C2_01449,2.873,3.118,3.377,1.083,40.806,722.371,2.471,0.056489,living
2,C,C2,C2_01450,1.572,1.956,1.979,1.012,35.753,720.387,2.624,0.049630,living
2,C,C2,C2_01451,2.265,1.656,2.185,1.320,64.060,825.612,2.709,0.077591,living
2,C,C2,C2_01452,2.974,1.995,2.749,1.378,85.364,952.665,2.324,0.089605,living
2,C,C2,C2_01453,2.011,2.151,2.347,1.091,28.849,730.605,2.739,0.039486,living
2,C,C2,C2_01454,3.211,1.682,2.622,1.559,61.947,829.242,2.216,0.074704,living
2,C,C2,C2_01455,1.791,1.899,2.081,1.096,14.594,712.358,2.358,0.020487,living
2,C,C2,C2_01456,2.400,2.882,2.968,1.030,80.944,688.458,2.662,0.117572,living
2,C,C2,C2_01457,2.805,2.132,2.760,1.294,63.693,673.693,2.922,0.094543,living
2,C,C2,C2_01458,1.234,1.681,1.625,0.967,27.260,677.603,2.699,0.040230,living
2,C,C2,C2_01459,2.400,2.236,2.614,1.169,43.915,823.190,2.380,0.053348,living
2,C,C2,C2_01460,3.110,3.476,3.710,1.067,71.174,722.234,2.424,0.098547,living
2,C,C2,C2_01461,1.893,2.488,2.449,0.984,47.330,715.116,2.062,0.066186,living
2,C,C2,C2_01462,3.025,2.199,2.910,1.323,85.374,974.246,2.508,0.087631,living
2,C,C2,C2_01463,1.538,1.702,1.826,1.073,54.670,785.637,2.253,0.069587,living
2,C,C2,C2_01464,1.639,2.531,2.298,0.908,32.124,692.866,2.464,0.046364,living
2,C,C2,C2_01465,2.484,3.247,3.205,0.987,42.884,679.347,2.177,0.063126,living
2,C,C2,C2_01466,3.110,3.134,3.523,1.124,34.875,727.777,1.946,0.047920,living
2,C,C2,C2_01467,2.163,2.179,2.450,1.124,30.039,739.008,2.289,0.040648,living
2,C,C2,C2_01468,3.346,2.593,3.324,1.282,34.354,980.949,2.828,0.035021,living
2,C,C2,C2_01469,2.738,2.401,2.893,1.205,40.401,819.000,2.636,0.049330,living
2,C,C2,C2_01470,0.744,2.919,1.663,0.570,2.773,558.818,2.705,0.004962,living
2,C,C2,C2_01471,1.859,1.884,2.112,1.121,37.473,808.509,2.600,0.046348,living
2,C,C2,C2_01472,2.636,1.509,2.250,1.491,30.603,934.205,2.397,0.032758,living
2,C,C2,C2_01473,3.025,3.631,3.740,1.030,3.737,622.274,2.760,0.006006,living
2,C,C2,C2_01474,1.859,2.822,2.584,0.916,18.100,634.382,2.736,0.028532,living
2,C,C2,C2_01475,0.946,2.870,1.859,0.648,10.304,610.125,1.911,0.016888,living
2,C,C2,C2_01476,1.673,2.010,2.069,1.029,21.556,715.707,2.131,0.030118,living
2,C,C2,C2_01477,1.775,2.132,2.195,1.029,16.133,638.638,3.352,0.025262,living
2,C,C2,C2_01478,1.014,1.542,1.411,0.915,15.317,696.983,2.467,0.021976,living
2,C,C2,C2_01479,1.791,3.425,2.795,0.816,13.764,632.302,2.500,0.021768,living
2,C,C2,C2_01480,1.673,1.953,2.040,1.044,10.172,688.303,2.495,0.014778,living
2,C,C2,C2_01481,1.234,1.899,1.727,0.910,16.507,647.370,2.466,0.025498,living
2,C,C2,C2_01482,1.791,2.225,2.253,1.012,23.028,627.217,2.311,0.036715,living
2,C,C2,C2_01483,2.096,1.457,1.972,1.353,76.669,713.758,2.016,0.107416,living
2,C,C2,C2_01484,1.893,2.404,2.407,1.001,58.571,718.518,2.696,0.081517,living
2,C,C2,C2_01485,1.284,2.230,1.909,0.856,26.092,688.553,2.763,0.037894,living
2,C,C2,C2_01486,2.129,3.274,2.979,0.910,66.429,636.849,2.516,0.104308,living
2,C,C2,C2_01487,3.160,2.243,3.004,1.339,119.150,729.813,2.583,0.163261,living
2,C,C2,C2_01488,2.079,1.805,2.186,1.211,85.650,920.659,2.350,0.093032,living
2,C,C2,C2_01489,2.096,2.784,2.726,0.979,34.516,753.613,2.621,0.045801,living
2,C,C2,C2_01490,1.994,2.132,2.327,1.091,51.458,640.873,3.000,0.080293,living
2,C,C2,C2_01491,1.910,2.014,2.213,1.099,12.956,681.805,2.195,0.019002,living
2,C,C2,C2_01492,1.927,1.715,2.051,1.196,136.719,834.781,2.518,0.163779,living
2,C,C2,C2_01493,1.724,1.837,2.008,1.093,93.402,771.314,2.863,0.121095,living
2,C,C2,C2_01494,1.673,1.828,1.973,1.079,99.758,750.111,2.576,0.132990,living
2,C,C2,C2_01495,2.332,2.047,2.465,1.204,166.645,836.949,2.065,0.199110,living
2,C,C2,C2_01496,1.791,2.050,2.162,1.055,96.434,718.481,2.915,0.134219,living
2,C,C2,C2_01497,2.805,2.708,3.110,1.148,135.253,774.313,2.578,0.174675,living
2,C,C2,C2_01498,1.470,2.103,1.984,0.943,113.609,670.092,2.287,0.169543,living
2,C,C2,C2_01499,2.062,1.716,2.123,1.237,147.811,787.459,2.074,0.187707,living
2,C,C2,C2_01500,1.842,2.085,2.211,1.061,68.394,779.596,2.358,0.087731,living
2,C,C2,C2_01501,2.349,1.648,2.220,1.347,46.878,834.705,2.849,0.056161,living
2,C,C2,C2_01502,1.842,1.815,2.063,1.137,99.550,738.899,2.615,0.134728,living
2,C,C2,C2_01503,1.606,1.773,1.904,1.074,130.084,780.958,2.621,0.166570,living
2,C,C2,C2_01504,0.777,1.656,1.280,0.773,28.891,735.435,2.609,0.039285,living
2,C,C2,C2_01505,2.789,2.083,2.720,1.306,93.394,913.855,2.376,0.102198,living
2,C,C2,C2_01506,3.008,1.567,2.450,1.563,125.090,790.624,2.382,0.158217,living
2,C,C2,C2_01507,2.298,2.319,2.605,1.123,67.588,771.059,2.662,0.087656,living
2,C,C2,C2_01508,1.589,2.060,2.042,0.991,61.543,756.032,2.809,0.081402,living
2,C,C2,C2_01509,1.284,2.759,2.124,0.770,39.882,653.263,2.697,0.061050,living
2,C,C2,C2_01510,2.298,1.641,2.191,1.335,64.382,868.132,2.471,0.074162,living
2,C,C2,C2_01511,3.143,1.582,2.516,1.590,97.591,969.183,2.484,0.100695,living
2,C,C2,C2_01512,2.045,1.996,2.280,1.142,35.868,842.860,2.777,0.042555,living
2,C,C2,C2_01513,1.166,2.132,1.779,0.834,43.290,765.217,22.435,0.056572,dead
2,C,C2,C2_01514,2.636,2.196,2.715,1.236,70.987,921.346,2.513,0.077047,living
2,C,C2,C2_01515,2.670,2.704,3.032,1.121,48.430,826.671,2.595,0.058585,living
2,C,C2,C2_01516,1.572,2.297,2.144,0.933,38.237,748.763,2.215,0.051066,living
2,C,C2,C2_01517,2.636,3.716,3.532,0.950,32.731,723.558,2.513,0.045236,living
2,C,C2,C2_01518,1.132,1.893,1.652,0.873,21.388,721.866,2.299,0.029629,living
2,C,C2,C2_01519,2.197,2.127,2.439,1.147,35.185,782.785,2.408,0.044948,living
2,C,C2,C2_01520,1.572,1.888,1.944,1.030,20.656,717.118,2.516,0.028804,living
2,C,C2,C2_01521,1.724,2.978,2.557,0.859,17.147,688.412,2.382,0.024908,living
2,C,C2,C2_01522,3.160,2.079,2.892,1.391,38.417,838.471,2.219,0.045818,living
2,C,C2,C2_01523,1.284,1.740,1.687,0.969,37.658,792.487,2.513,0.047519,living
2,C,C2,C2_01524,2.079,3.364,2.984,0.887,16.797,737.341,2.423,0.022780,living
2,C,C2,C2_01525,1.910,1.713,2.041,1.191,24.381,786.991,2.735,0.030979,living
2,C,C2,C2_01526,2.636,1.451,2.207,1.521,29.955,961.942,2.712,0.031140,living
2,C,C2,C2_01527,1.707,2.252,2.212,0.982,32.743,754.911,2.198,0.043373,living
2,C,C2,C2_01528,1.470,1.832,1.852,1.011,30.575,730.954,1.920,0.041829,living
2,C,C2,C2_01529,1.234,1.811,1.687,0.931,14.055,774.370,2.521,0.018150,living
2,C,C2,C2_01530,1.099,1.834,1.602,0.873,20.523,746.800,2.092,0.027481,living
2,C,C2,C2_01531,2.941,2.018,2.749,1.362,21.874,717.213,2.540,0.030498,living
2,C,C2,C2_01532,1.301,2.231,1.922,0.862,17.727,720.078,1.896,0.024619,living
2,C,C2,C2_01533,1.927,1.923,2.172,1.130,11.114,754.728,1.982,0.014726,living
2,C,C2,C2_01534,1.284,2.000,1.808,0.904,18.697,732.671,2.342,0.025519,living
2,C,C2,C2_01535,3.312,2.257,3.085,1.367,25.362,1078.714,2.128,0.023512,living
2,C,C2,C2_01536,2.079,1.204,1.785,1.483,16.862,797.634,2.911,0.021140,living
2,C,C2,C2_01537,0.879,3.584,2.003,0.559,52.750,621.923,2.404,0.084818,living
2,C,C2,C2_01538,1.808,1.939,2.113,1.090,113.168,805.449,2.271,0.140503,living
2,C,C2,C2_01539,3.025,3.296,3.563,1.081,76.056,805.425,2.469,0.094430,living
2,C,C2,C2_01540,2.197,2.239,2.503,1.118,46.015,836.569,2.308,0.055005,living
2,C,C2,C2_01541,2.129,1.991,2.323,1.167,2.373,829.905,2.397,0.002859,living
2,C,C2,C2_01542,2.451,1.670,2.283,1.367,2.662,834.710,2.683,0.003189,living
2,C,C2,C2_01543,0.744,1.739,1.283,0.738,2.432,528.727,1.955,0.004599,living
2,C,C2,C2_01544,2.484,2.559,2.845,1.112,101.823,831.048,2.415,0.122524,living
2,C,C2,C2_01545,1.791,1.884,2.073,1.100,116.991,812.113,2.528,0.144057,living
2,C,C2,C2_01546,1.301,2.132,1.879,0.881,35.273,671.169,2.831,0.052554,living
2,C,C2,C2_01547,1.606,1.757,1.895,1.079,112.158,812.989,2.368,0.137957,living
2,C,C2,C2_01548,3.025,2.979,3.387,1.137,59.391,763.207,2.324,0.077818,living
2,C,C2,C2_01549,2.366,2.132,2.535,1.189,134.464,785.714,2.993,0.171136,living
2,C,C2,C2_01550,1.791,1.699,1.968,1.159,100.915,792.217,2.792,0.127383,living
2,C,C2,C2_01551,2.163,2.643,2.698,1.021,102.297,806.836,2.828,0.126788,living
2,C,C2,C2_01552,1.470,1.862,1.867,1.003,136.471,775.908,2.000,0.175886,living
2,C,C2,C2_01553,1.420,1.580,1.690,1.070,116.286,796.750,2.440,0.145950,living
2,C,C2,C2_01554,1.065,1.950,1.626,0.834,2.048,784.111,2.540,0.002611,living
2,C,C2,C2_01555,2.467,2.132,2.588,1.214,119.370,814.390,2.788,0.146576,living
2,C,C2,C2_01556,1.910,1.786,2.084,1.167,75.327,945.239,2.274,0.079691,living
2,C,C2,C2_01557,3.059,2.099,2.859,1.362,129.343,1034.260,2.602,0.125058,living
2,C,C2,C2_01558,1.893,2.168,2.286,1.054,121.607,837.455,2.384,0.145210,living
2,C,C2,C2_01559,1.403,1.710,1.748,1.022,102.133,821.578,2.313,0.124313,living
2,C,C2,C2_01560,1.538,2.618,2.264,0.865,66.549,736.978,2.978,0.090300,living
2,C,C2,C2_01561,2.129,1.940,2.293,1.182,27.627,706.937,2.421,0.039080,living
2,C,C2,C2_01562,2.383,2.098,2.523,1.203,84.376,885.177,2.525,0.095321,living
2,C,C2,C2_01563,2.163,1.623,2.114,1.303,68.406,924.023,2.359,0.074031,living
2,C,C2,C2_01564,2.484,2.404,2.757,1.147,66.884,904.993,2.490,0.073906,living
2,C,C2,C2_01565,3.346,1.770,2.746,1.551,28.217,797.202,2.338,0.035395,living
2,C,C2,C2_01566,0.946,2.068,1.578,0.763,23.482,739.518,2.161,0.031753,living
2,C,C2,C2_01567,1.470,1.951,1.911,0.979,63.874,829.586,2.621,0.076994,living
2,C,C2,C2_01568,1.994,2.126,2.323,1.093,88.263,891.093,2.322,0.099050,living
2,C,C2,C2_01569,1.453,2.132,1.986,0.931,26.453,747.233,2.140,0.035402,living
2,C,C2,C2_01570,2.146,2.176,2.438,1.121,68.307,851.669,2.598,0.080204,living
2,C,C2,C2_01571,2.417,2.708,2.887,1.066,50.392,827.091,1.965,0.060926,living
2,C,C2,C2_01572,1.724,1.718,1.942,1.130,70.922,929.627,2.245,0.076290,living
2,C,C2,C2_01573,2.535,1.813,2.419,1.334,35.833,904.507,2.567,0.039616,living
2,C,C2,C2_01574,1.268,2.183,1.877,0.860,43.840,764.320,2.760,0.057358,living
2,C,C2,C2_01575,2.366,2.214,2.583,1.166,54.450,891.214,2.693,0.061096,living
2,C,C2,C2_01576,1.521,1.634,1.779,1.089,75.167,889.022,2.056,0.084550,living
2,C,C2,C2_01577,2.518,1.825,2.419,1.325,46.040,841.376,2.349,0.054720,living
2,C,C2,C2_01578,2.146,2.182,2.442,1.119,37.795,866.646,2.378,0.043611,living
2,C,C2,C2_01579,2.096,1.954,2.284,1.169,25.008,856.758,2.613,0.029189,living
2,C,C2,C2_01580,3.211,1.891,2.780,1.470,83.268,1303.253,2.795,0.063893,living
2,C,C2,C2_01581,1.504,2.132,2.021,0.948,27.618,770.607,2.831,0.035839,living
2,C,C2,C2_01582,3.211,2.819,3.395,1.204,39.516,870.742,2.600,0.045382,living
2,C,C2,C2_01583,1.234,1.836,1.698,0.925,31.685,767.096,2.658,0.041305,living
2,C,C2,C2_01584,1.369,2.158,1.939,0.899,33.099,809.827,2.222,0.040871,living
2,C,C2,C2_01585,1.758,1.987,2.109,1.061,22.125,806.721,2.135,0.027426,living
2,C,C2,C2_01586,1.437,2.059,1.941,0.943,55.753,711.635,2.071,0.078345,living
2,C,C2,C2_01587,3.262,1.826,2.754,1.508,94.456,660.207,2.223,0.143070,living
2,C,C2,C2_01588,0.845,2.250,1.556,0.691,25.540,606.420,2.840,0.042116,living
2,C,C2,C2_01589,1.910,1.768,2.074,1.173,132.584,805.407,2.159,0.164617,living
2,C,C2,C2_01590,2.028,2.912,2.742,0.942,106.250,689.075,2.475,0.154192,living
2,C,C2,C2_01591,3.110,2.132,2.906,1.363,118.924,765.125,3.212,0.155431,living
2,C,C2,C2_01592,1.504,1.427,1.653,1.158,112.180,759.978,3.112,0.147609,living
2,C,C2,C2_01593,2.704,1.119,1.963,1.754,20.406,675.400,2.513,0.030214,living
2,C,C2,C2_01594,1.014,1.792,1.521,0.849,89.850,676.417,2.567,0.132832,living
2,C,C2,C2_01595,2.839,2.515,3.015,1.199,83.042,872.560,2.512,0.095170,living
2,C,C2,C2_01596,2.146,2.014,2.346,1.165,169.126,810.480,2.236,0.208674,living
2,C,C2,C2_01597,2.958,2.194,2.875,1.310,154.086,908.560,2.686,0.169593,living
2,C,C2,C2_01598,2.789,1.851,2.564,1.385,153.624,1050.630,2.618,0.146221,living
2,C,C2,C2_01599,1.707,1.669,1.905,1.141,68.881,787.941,2.851,0.087419,living
2,C,C2,C2_01600,2.603,1.744,2.404,1.379,79.760,970.403,2.526,0.082192,living
2,C,C2,C2_01601,2.822,3.147,3.363,1.069,114.425,738.485,2.491,0.154946,living
2,C,C2,C2_01602,2.383,2.418,2.709,1.120,105.284,822.681,2.461,0.127976,living
2,C,C2,C2_01603,1.927,2.462,2.458,0.998,2.412,757.851,2.175,0.003183,living
2,C,C2,C2_01604,2.636,2.262,2.755,1.218,49.551,866.026,2.769,0.057217,living
2,C,C2,C2_01605,2.366,2.990,3.001,1.004,50.857,767.129,2.414,0.066295,living
2,C,C2,C2_01606,1.690,2.780,2.446,0.880,40.780,644.000,2.780,0.063323,living
2,C,C2,C2_01607,1.352,3.090,2.306,0.746,1.875,627.425,2.950,0.002988,living
2,C,C2,C2_01608,1.437,1.598,1.710,1.070,60.000,772.224,2.247,0.077698,living
2,C,C2,C2_01609,2.011,2.092,2.314,1.106,64.773,783.538,2.336,0.082667,living
2,C,C2,C2_01610,1.301,1.816,1.734,0.955,44.818,751.935,2.610,0.059604,living
2,C,C2,C2_01611,1.977,2.437,2.477,1.016,59.085,793.761,2.487,0.074437,living
2,C,C2,C2_01612,2.180,1.909,2.302,1.206,41.109,837.302,2.550,0.049096,living
2,C,C2,C2_01613,1.487,1.895,1.894,1.000,37.466,793.193,2.057,0.047234,living
2,C,C2,C2_01614,1.927,2.591,2.521,0.973,35.456,737.404,3.000,0.048082,living
2,C,C2,C2_01615,1.352,1.664,1.692,1.017,36.975,733.425,2.825,0.050414,living
2,C,C2,C2_01616,2.315,2.723,2.833,1.040,40.547,787.241,2.752,0.051506,living
2,C,C2,C2_01617,2.484,2.610,2.873,1.101,25.340,810.721,2.320,0.031256,living
2,C,C2,C2_01618,3.059,3.189,3.524,1.105,2.785,708.856,2.657,0.003928,living
2,C,C2,C2_01619,1.960,2.064,2.270,1.100,24.086,775.681,2.603,0.031052,living
2,C,C2,C2_01620,2.687,1.783,2.470,1.385,8.824,757.296,2.553,0.011652,living
2,C,C2,C2_01621,1.910,2.971,2.688,0.905,26.805,683.504,2.381,0.039217,living
2,C,C2,C2_01622,1.437,1.703,1.765,1.037,24.165,824.765,2.541,0.029299,living
2,C,C2,C2_01623,1.470,1.834,1.853,1.010,2.885,627.483,2.184,0.004598,living
2,C,C2,C2_01624,1.606,2.116,2.080,0.983,12.737,686.032,2.084,0.018566,living
2,C,C2,C2_01625,1.268,3.772,2.468,0.654,8.520,657.147,3.160,0.012965,living
2,C,C2,C2_01626,1.166,2.031,1.736,0.855,17.101,705.130,2.348,0.024253,living
2,C,C2,C2_01627,1.572,2.573,2.269,0.882,14.570,730.720,2.688,0.019939,living
2,C,C2,C2_01628,1.859,2.132,2.246,1.054,105.136,757.945,2.582,0.138712,living
2,C,C2,C2_01629,1.673,1.708,1.907,1.117,58.919,760.232,2.646,0.077502,living
2,C,C2,C2_01630,1.808,1.974,2.132,1.080,44.757,842.804,2.402,0.053105,living
2,C,C2,C2_01631,1.775,2.806,2.518,0.897,74.267,670.714,2.838,0.110728,living
2,C,C2,C2_01632,1.014,1.983,1.600,0.807,86.417,658.400,2.833,0.131253,living
2,C,C2,C2_01633,1.217,1.878,1.706,0.908,75.778,706.458,2.583,0.107264,living
2,C,C2,C2_01634,2.214,2.229,2.507,1.125,80.023,829.878,2.374,0.096427,living
2,C,C2,C2_01635,2.197,1.607,2.120,1.319,182.592,861.900,2.569,0.211849,living
2,C,C2,C2_01636,1.318,1.780,1.728,0.971,38.590,695.923,2.756,0.055451,living
2,C,C2,C2_01637,1.572,1.597,1.788,1.120,58.903,739.817,2.527,0.079619,living
2,C,C2,C2_01638,2.062,2.224,2.416,1.087,77.615,758.525,2.377,0.102323,living
2,C,C2,C2_01639,1.504,1.676,1.791,1.069,80.000,724.067,2.944,0.110487,living
2,C,C2,C2_01640,2.383,1.599,2.203,1.378,144.397,939.092,2.801,0.153762,living
2,C,C2,C2_01641,2.620,2.478,2.875,1.160,88.368,804.032,2.581,0.109906,living
2,C,C2,C2_01642,0.879,2.278,1.597,0.701,29.596,688.808,2.692,0.042967,living
2,C,C2,C2_01643,2.349,1.919,2.396,1.248,54.050,912.755,2.683,0.059217,living
2,C,C2,C2_01644,1.859,2.132,2.247,1.054,77.855,777.927,2.582,0.100079,living
2,C,C2,C2_01645,1.284,1.954,1.787,0.915,36.921,714.816,2.263,0.051651,living
2,C,C2,C2_01646,2.518,2.489,2.825,1.135,68.262,814.899,2.537,0.083767,living
2,C,C2,C2_01647,1.893,1.910,2.146,1.123,27.482,788.848,2.982,0.034838,living
2,C,C2,C2_01648,2.248,1.956,2.366,1.210,63.902,845.586,2.323,0.075572,living
2,C,C2,C2_01649,2.163,1.665,2.141,1.286,54.055,829.617,3.031,0.065156,living
2,C,C2,C2_01650,1.639,1.492,1.765,1.183,63.402,943.031,2.825,0.067232,living
2,C,C2,C2_01651,0.862,2.318,1.595,0.688,31.961,649.569,2.451,0.049203,living
2,C,C2,C2_01652,1.470,1.623,1.743,1.074,24.920,718.218,2.138,0.034696,living
2,C,C2,C2_01653,1.876,2.583,2.484,0.962,22.901,740.387,2.667,0.030931,living
2,C,C2,C2_01654,2.028,1.705,2.098,1.231,28.300,854.875,2.083,0.033104,living
2,C,C2,C2_01655,1.487,1.669,1.778,1.065,21.568,759.273,2.420,0.028406,living
2,C,C2,C2_01656,1.825,2.104,2.211,1.051,17.000,699.259,2.148,0.024311,living
2,C,C2,C2_01657,0.930,2.088,1.572,0.753,17.855,676.273,2.691,0.026401,living
2,C,C2,C2_01658,2.924,4.452,4.071,0.914,16.827,680.861,2.538,0.024714,living
2,C,C2,C2_01659,1.065,1.600,1.473,0.921,9.524,723.651,1.794,0.013161,living
2,C,C2,C2_01660,3.262,2.366,3.135,1.325,19.104,791.544,2.767,0.024135,living
2,C,C2,C2_01661,1.470,2.242,2.048,0.914,9.368,662.034,2.207,0.014150,living
2,C,C2,C2_01662,1.031,4.059,2.308,0.569,13.541,609.672,2.607,0.022210,living
2,C,C2,C2_01663,2.907,1.704,2.511,1.474,114.000,1205.680,2.360,0.094552,living
2,C,C2,C2_01664,2.214,2.293,2.542,1.109,59.649,779.229,2.573,0.076549,living
2,C,C2,C2_01665,2.315,2.206,2.550,1.156,113.044,839.474,2.161,0.134660,living
2,C,C2,C2_01666,3.312,1.957,2.873,1.468,31.214,809.148,2.265,0.038577,living
2,C,C2,C2_01667,2.924,2.132,2.818,1.321,149.410,709.607,3.121,0.210554,living
2,C,C2,C2_01668,1.656,2.121,2.115,0.997,36.663,766.980,2.551,0.047802,living
2,C,C2,C2_01669,1.622,2.047,2.056,1.004,93.656,730.177,2.708,0.128265,living
2,C,C2,C2_01670,2.180,2.197,2.469,1.124,72.698,719.628,2.147,0.101021,living
2,C,C2,C2_01671,1.606,1.766,1.900,1.076,77.758,816.232,2.221,0.095265,living
2,C,C2,C2_01672,2.822,1.299,2.160,1.663,47.701,872.281,2.599,0.054685,living
2,C,C2,C2_01673,3.127,1.811,2.685,1.483,188.286,1013.741,2.459,0.185734,living
2,C,C2,C2_01674,2.772,3.446,3.487,1.012,2.634,753.104,2.384,0.003498,living
2,C,C2,C2_01675,1.724,1.401,1.754,1.252,80.304,671.725,2.804,0.119549,living
2,C,C2,C2_01676,2.755,2.637,3.041,1.153,153.215,780.663,2.417,0.196262,living
2,C,C2,C2_01677,2.197,2.072,2.407,1.162,85.285,817.454,2.046,0.104330,living
2,C,C2,C2_01678,3.329,2.310,3.129,1.355,130.223,884.695,2.442,0.147196,living
2,C,C2,C2_01679,2.755,2.056,2.686,1.306,56.227,961.853,2.877,0.058457,living
2,C,C2,C2_01680,1.132,1.637,1.536,0.938,96.284,768.910,2.418,0.125221,living
2,C,C2,C2_01681,2.417,2.317,2.670,1.152,71.734,859.951,2.294,0.083417,living
2,C,C2,C2_01682,3.194,1.949,2.815,1.444,56.772,1167.619,2.751,0.048622,living
2,C,C2,C2_01683,1.910,2.400,2.416,1.007,71.363,780.646,2.752,0.091415,living
2,C,C2,C2_01684,2.484,1.809,2.392,1.322,58.497,841.803,2.878,0.069490,living
2,C,C2,C2_01685,1.420,1.345,1.559,1.159,2.167,618.869,2.560,0.003501,living
2,C,C2,C2_01686,2.518,2.303,2.717,1.180,59.094,821.322,2.362,0.071950,living
2,C,C2,C2_01687,2.958,1.782,2.591,1.454,2.366,736.531,2.680,0.003212,living
2,C,C2,C2_01688,1.437,1.704,1.766,1.036,2.753,748.235,2.929,0.003679,living
2,C,C2,C2_01689,1.487,3.720,2.654,0.713,22.489,668.250,2.727,0.033653,living
2,C,C2,C2_01690,1.420,2.132,1.963,0.921,24.929,745.452,3.071,0.033441,living
2,C,C2,C2_01691,1.707,2.259,2.216,0.981,13.099,665.386,2.178,0.019686,living
2,C,C2,C2_01692,1.639,1.644,1.852,1.127,26.371,879.103,2.278,0.029998,living
2,C,C2,C2_01693,1.927,1.666,2.022,1.214,37.456,870.570,2.518,0.043025,living
2,C,C2,C2_01694,1.538,2.720,2.308,0.848,15.648,645.363,2.505,0.024247,living
2,C,C2,C2_01695,1.166,2.483,1.920,0.773,2.986,651.739,2.333,0.004581,living
2,C,C2,C2_01696,1.504,2.068,1.990,0.962,17.730,740.584,2.449,0.023941,living
2,C,C2,C2_01697,0.913,1.803,1.448,0.803,20.500,751.870,2.315,0.027265,living
2,C,C2,C2_01698,1.453,2.546,2.170,0.852,17.070,717.523,2.430,0.023790,living
2,C,C2,C2_01699,1.132,1.956,1.679,0.858,16.537,684.194,2.672,0.024171,living
2,C,C2,C2_01700,0.727,2.099,1.394,0.664,16.698,684.372,2.279,0.024399,living
2,C,C2,C2_01701,0.676,2.598,1.495,0.576,3.125,722.000,2.375,0.004328,living
2,C,C2,C2_01702,1.386,1.790,1.777,0.993,11.354,821.768,1.915,0.013816,living
2,C,C2,C2_01703,1.487,2.686,2.255,0.840,50.795,677.977,1.898,0.074922,living
2,C,C2,C2_01704,1.758,1.456,1.805,1.240,174.750,871.346,2.404,0.200552,living
2,C,C2,C2_01705,2.028,2.132,2.346,1.100,79.017,769.442,12.242,0.102694,dead
2,C,C2,C2_01706,2.636,2.400,2.838,1.183,51.923,836.167,2.660,0.062097,living
2,C,C2,C2_01707,2.400,1.696,2.277,1.342,127.162,772.134,2.324,0.164689,living
2,C,C2,C2_01708,2.265,2.277,2.563,1.125,113.127,851.321,2.918,0.132884,living
2,C,C2,C2_01709,2.332,2.631,2.795,1.062,110.181,773.188,2.181,0.142502,living
2,C,C2,C2_01710,1.268,1.886,1.745,0.925,36.440,713.800,2.533,0.051051,living
2,C,C2,C2_01711,1.910,2.446,2.439,0.997,88.788,763.168,2.611,0.116341,living
2,C,C2,C2_01712,1.284,1.681,1.658,0.986,125.434,730.566,2.671,0.171695,living
2,C,C2,C2_01713,2.400,2.316,2.660,1.149,2.880,777.831,1.951,0.003703,living
2,C,C2,C2_01714,2.417,2.411,2.724,1.130,147.503,823.182,2.406,0.179187,living
2,C,C2,C2_01715,2.163,2.181,2.451,1.124,130.664,771.258,2.453,0.169417,living
2,C,C2,C2_01716,2.890,2.207,2.850,1.291,84.415,834.813,2.789,0.101119,living
2,C,C2,C2_01717,1.284,1.726,1.680,0.973,117.408,767.500,2.368,0.152974,living
2,C,C2,C2_01718,1.200,1.774,1.646,0.928,39.451,759.394,2.070,0.051950,living
2,C,C2,C2_01719,2.383,2.547,2.780,1.091,99.823,848.227,2.426,0.117684,living
2,C,C2,C2_01720,2.332,1.507,2.115,1.404,95.964,928.978,2.862,0.103300,living
2,C,C2,C2_01721,1.673,2.132,2.131,0.999,90.394,866.364,3.253,0.104337,living
2,C,C2,C2_01722,1.504,2.132,2.021,0.948,26.978,781.404,2.764,0.034524,living
2,C,C2,C2_01723,1.893,1.867,2.121,1.136,76.714,853.696,2.768,0.089861,living
2,C,C2,C2_01724,1.825,3.148,2.705,0.859,21.519,736.981,2.222,0.029198,living
2,C,C2,C2_01725,2.383,1.849,2.369,1.281,2.454,563.525,2.716,0.004355,living
2,C,C2,C2_01726,2.518,2.041,2.558,1.253,62.101,871.174,2.631,0.071284,living
2,C,C2,C2_01727,3.008,2.132,2.858,1.340,38.281,791.640,47.034,0.048356,dead
2,C,C2,C2_01728,2.129,2.027,2.344,1.156,33.341,930.651,2.770,0.035826,living
2,C,C2,C2_01729,1.622,2.396,2.224,0.928,54.052,763.229,2.219,0.070820,living
2,C,C2,C2_01730,1.386,2.794,2.220,0.795,34.939,731.195,2.841,0.047783,living
2,C,C2,C2_01731,2.265,2.401,2.631,1.096,40.575,803.045,2.366,0.050526,living
2,C,C2,C2_01732,1.386,2.500,2.100,0.840,26.756,727.805,2.390,0.036763,living
2,C,C2,C2_01733,1.707,4.019,2.955,0.735,33.109,701.713,3.089,0.047183,living
2,C,C2,C2_01734,1.453,2.105,1.973,0.937,14.593,819.779,2.488,0.017801,living
2,C,C2,C2_01735,1.318,1.857,1.765,0.951,23.333,762.423,2.282,0.030604,living
2,C,C2,C2_01736,1.200,1.715,1.619,0.944,24.225,793.211,2.746,0.030541,living
2,C,C2,C2_01737,0.811,2.141,1.487,0.694,17.354,694.271,2.417,0.024996,living
2,C,C2,C2_01738,1.065,2.238,1.742,0.778,19.175,749.556,2.095,0.025581,living
2,C,C2,C2_01739,1.977,2.012,2.250,1.119,67.701,807.487,2.709,0.083841,living
2,C,C2,C2_01740,1.944,1.744,2.078,1.191,90.365,869.270,2.165,0.103955,living
2,C,C2,C2_01741,1.437,2.299,2.051,0.892,15.106,786.694,2.435,0.019202,living
2,C,C2,C2_01742,1.758,1.627,1.908,1.173,91.760,845.337,2.308,0.108548,living
2,C,C2,C2_01743,1.386,3.643,2.536,0.696,38.268,698.024,2.378,0.054824,living
2,C,C2,C2_01744,2.383,3.818,3.404,0.891,37.298,766.475,2.603,0.048662,living
2,C,C2,C2_01745,1.910,1.700,2.033,1.196,159.664,879.000,2.327,0.181642,living
2,C,C2,C2_01746,1.099,1.735,1.558,0.898,88.431,781.323,2.185,0.113181,living
2,C,C2,C2_01747,1.048,2.665,1.886,0.708,13.129,688.032,2.532,0.019082,living
2,C,C2,C2_01748,1.944,2.966,2.709,0.914,48.878,744.826,2.339,0.065624,living
2,C,C2,C2_01749,2.265,1.573,2.130,1.354,177.739,981.246,2.470,0.181136,living
2,C,C2,C2_01750,2.231,2.198,2.499,1.137,137.477,888.356,2.735,0.154755,living
2,C,C2,C2_01751,1.724,1.899,2.042,1.075,165.245,911.176,2.353,0.181354,living
2,C,C2,C2_01752,3.380,2.223,3.093,1.391,217.130,1289.775,2.645,0.168347,living
2,C,C2,C2_01753,2.501,1.660,2.299,1.385,171.243,890.878,2.791,0.192218,living
2,C,C2,C2_01754,1.639,1.957,2.021,1.033,109.289,838.546,2.536,0.130331,living
2,C,C2,C2_01755,2.569,2.691,2.967,1.103,73.855,848.329,2.737,0.087060,living
2,C,C2,C2_01756,2.315,2.308,2.608,1.130,112.606,883.964,2.328,0.127387,living
2,C,C2,C2_01757,1.217,1.605,1.577,0.983,30.639,858.014,2.153,0.035709,living
2,C,C2,C2_01758,1.690,3.136,2.598,0.828,2.000,712.870,2.290,0.002806,living
2,C,C2,C2_01759,2.062,2.791,2.707,0.970,77.672,805.254,2.402,0.096457,living
2,C,C2,C2_01760,1.960,1.935,2.197,1.136,72.052,1002.483,2.362,0.071873,living
2,C,C2,C2_01761,1.724,2.311,2.252,0.975,72.167,885.137,2.931,0.081532,living
2,C,C2,C2_01762,2.214,1.924,2.329,1.210,79.427,1168.939,2.023,0.067948,living
2,C,C2,C2_01763,1.707,1.868,2.015,1.079,76.040,922.802,2.644,0.082401,living
2,C,C2,C2_01764,1.656,2.594,2.339,0.902,40.898,840.735,2.184,0.048645,living
2,C,C2,C2_01765,1.217,1.459,1.504,1.031,51.333,936.806,2.778,0.054796,living
2,C,C2,C2_01766,1.775,2.132,2.195,1.029,46.619,949.333,73.686,0.049107,dead
2,C,C2,C2_01767,1.842,1.630,1.955,1.200,35.367,757.431,2.477,0.046693,living
2,C,C2,C2_01768,1.031,3.223,2.057,0.638,17.311,722.328,2.246,0.023966,living
2,C,C2,C2_01769,2.620,2.312,2.777,1.201,34.626,960.045,3.065,0.036067,living
2,C,C2,C2_01770,1.082,3.505,2.197,0.627,12.719,686.391,2.781,0.018530,living
2,C,C2,C2_01771,1.386,2.167,1.956,0.902,39.171,865.561,2.598,0.045255,living
2,C,C2,C2_01772,1.893,2.741,2.570,0.938,33.018,785.473,2.741,0.042036,living
2,C,C2,C2_01773,2.991,2.163,2.870,1.327,38.621,1014.746,2.678,0.038060,living
2,C,C2,C2_01774,0.845,2.983,1.791,0.601,1.920,727.600,2.040,0.002639,living
2,C,C2,C2_01775,1.200,2.535,1.968,0.776,1.972,565.324,2.479,0.003488,living
2,C,C2,C2_01776,1.960,2.968,2.722,0.917,25.931,818.853,2.172,0.031667,living
2,C,C2,C2_01777,0.862,2.132,1.530,0.717,11.020,741.255,4.098,0.014866,living
2,C,C2,C2_01778,2.214,2.132,2.452,1.150,58.679,611.786,1.931,0.095915,living
2,C,C2,C2_01779,1.437,2.132,1.975,0.926,35.082,727.424,1.894,0.048228,living
2,C,C2,C2_01780,1.994,2.132,2.327,1.091,119.856,674.737,2.500,0.177633,living
2,C,C2,C2_01781,2.180,2.132,2.433,1.141,126.085,710.721,2.550,0.177405,living
2,C,C2,C2_01782,2.687,2.132,2.701,1.267,58.717,772.654,3.094,0.075994,living
2,C,C2,C2_01783,2.349,2.132,2.525,1.184,96.460,622.993,2.331,0.154834,living
2,C,C2,C2_01784,1.724,2.132,2.163,1.015,65.686,623.294,2.284,0.105386,living
2,C,C2,C2_01785,3.262,2.132,2.976,1.396,43.264,664.078,2.637,0.065149,living
2,C,C2,C2_01786,1.944,2.132,2.297,1.077,50.557,745.757,2.496,0.067792,living
2,C,C2,C2_01787,2.214,2.132,2.452,1.150,96.344,738.748,2.336,0.130415,living
2,C,C2,C2_01788,1.420,2.132,1.963,0.921,2.976,860.881,1.917,0.003457,living
2,C,C2,C2_01789,2.755,2.132,2.735,1.283,74.417,801.883,2.663,0.092803,living
2,C,C2,C2_01790,2.113,2.132,2.395,1.123,47.728,652.544,2.800,0.073141,living
2,C,C2,C2_01791,2.451,2.132,2.580,1.210,41.959,784.124,2.683,0.053510,living
2,C,C2,C2_01792,2.231,2.132,2.461,1.154,47.939,929.030,2.258,0.051602,living
2,C,C2,C2_01793,1.639,2.132,2.109,0.989,35.536,779.454,2.093,0.045591,living
2,C,C2,C2_01794,1.960,2.132,2.307,1.082,29.741,727.457,2.828,0.040884,living
2,C,C2,C2_01795,1.893,2.132,2.267,1.063,28.071,662.062,2.330,0.042400,living
2,C,C2,C2_01796,2.586,2.132,2.650,1.243,25.464,706.712,2.797,0.036032,living
2,C,C2,C2_01797,1.234,2.132,1.830,0.858,20.384,714.315,2.205,0.028536,living
2,C,C2,C2_01798,1.403,2.132,1.952,0.915,15.398,672.880,2.759,0.022883,living
2,C,C2,C2_01799,1.656,2.132,2.120,0.994,24.796,699.898,2.551,0.035428,living
2,C,C2,C2_01800,0.963,2.132,1.617,0.758,13.789,575.474,3.246,0.023962,living
2,C,C2,C2_01801,1.437,2.132,1.975,0.926,11.435,698.553,2.294,0.016370,living
2,C,C2,C2_01802,2.366,2.132,2.535,1.189,2.614,594.671,2.750,0.004396,living
2,C,C2,C2_01803,1.504,2.548,2.209,0.867,12.483,663.719,2.225,0.018808,living
2,C,C2,C2_01804,2.298,2.132,2.498,1.171,62.537,782.125,2.537,0.079958,living
2,C,C2,C2_01805,2.146,2.132,2.414,1.132,43.772,583.701,2.528,0.074990,living
2,C,C2,C2_01806,1.099,2.132,1.727,0.810,93.646,623.369,2.462,0.150226,living
2,C,C2,C2_01807,2.079,2.132,2.376,1.114,31.366,739.228,2.252,0.042431,living
2,C,C2,C2_01808,1.910,2.132,2.277,1.068,24.540,708.044,2.478,0.034659,living
2,C,C2,C2_01809,2.248,2.132,2.470,1.159,115.782,759.917,2.782,0.152361,living
2,C,C2,C2_01810,2.552,2.132,2.632,1.234,30.457,635.172,2.219,0.047951,living
2,C,C2,C2_01811,1.994,2.132,2.327,1.091,134.492,736.407,2.551,0.182632,living
2,C,C2,C2_01812,2.451,2.132,2.580,1.210,124.703,739.545,2.724,0.168622,living
2,C,C2,C2_01813,1.859,2.132,2.247,1.054,134.309,620.855,2.609,0.216329,living
2,C,C2,C2_01814,2.349,2.132,2.525,1.184,9.475,667.468,2.158,0.014195,living
2,C,C2,C2_01815,2.163,2.132,2.423,1.136,115.914,779.094,2.430,0.148781,living
2,C,C2,C2_01816,3.194,2.132,2.945,1.381,119.825,1021.429,2.534,0.117312,living
2,C,C2,C2_01817,0.997,2.132,1.645,0.772,2.322,580.576,2.542,0.004000,living
2,C,C2,C2_01818,1.132,2.132,1.753,0.822,2.552,610.358,2.522,0.004182,living
2,C,C2,C2_01819,1.420,2.132,1.963,0.921,3.131,640.524,2.012,0.004888,living
2,C,C2,C2_01820,1.386,2.132,1.940,0.910,82.537,748.354,2.085,0.110291,living
2,C,C2,C2_01821,1.166,2.132,1.779,0.834,2.855,584.696,2.290,0.004883,living
2,C,C2,C2_01822,1.048,2.132,1.687,0.791,2.452,671.710,2.210,0.003650,living
2,C,C2,C2_01823,3.160,2.132,2.929,1.374,2.321,692.123,2.561,0.003353,living
2,C,C2,C2_01824,2.501,2.132,2.606,1.222,107.655,696.385,2.345,0.154592,living
2,C,C2,C2_01825,0.896,2.132,1.560,0.731,2.528,662.094,2.340,0.003819,living
2,C,C2,C2_01826,2.501,2.132,2.606,1.222,50.095,734.966,2.655,0.068159,living
2,C,C2,C2_01827,1.470,2.132,1.998,0.937,58.851,748.575,2.069,0.078617,living
2,C,C2,C2_01828,1.808,2.132,2.216,1.039,30.355,726.065,2.561,0.041808,living
2,C,C2,C2_01829,3.329,2.132,3.006,1.410,52.508,724.792,2.655,0.072445,living
2,C,C2,C2_01830,2.400,2.132,2.553,1.197,41.183,752.761,2.732,0.054709,living
2,C,C2,C2_01831,2.907,2.132,2.809,1.317,83.767,932.430,2.901,0.089838,living
2,C,C2,C2_01832,2.146,2.132,2.414,1.132,27.244,745.504,2.528,0.036545,living
2,C,C2,C2_01833,2.011,2.132,2.337,1.096,21.345,717.622,3.017,0.029743,living
2,C,C2,C2_01834,1.893,2.132,2.267,1.063,43.679,817.652,2.205,0.053420,living
2,C,C2,C2_01835,0.761,2.132,1.437,0.674,15.289,604.133,3.800,0.025307,living
2,C,C2,C2_01836,3.279,2.132,2.984,1.399,28.046,1008.402,2.629,0.027813,living
2,C,C2,C2_01837,2.603,2.132,2.658,1.247,24.474,788.688,2.344,0.031031,living
2,C,C2,C2_01838,2.214,2.132,2.452,1.150,16.305,617.878,2.351,0.026389,living
2,C,C2,C2_01839,1.859,2.132,2.247,1.054,18.118,874.491,2.255,0.020719,living
2,C,C2,C2_01840,1.403,2.132,1.952,0.915,15.687,710.494,2.458,0.022079,living
2,C,C2,C2_01841,1.301,2.820,2.161,0.766,16.299,609.325,2.740,0.026749,living
2,C,C2,C2_01842,1.673,1.817,1.967,1.083,90.515,667.172,2.677,0.135670,living
2,C,C2,C2_01843,1.944,2.964,2.709,0.914,21.548,536.991,2.348,0.040127,living
2,C,C2,C2_01844,1.741,2.392,2.303,0.963,23.563,623.680,2.621,0.037781,living
2,C,C2,C2_01845,3.143,1.267,2.252,1.777,2.253,913.500,2.435,0.002466,living
2,C,C2,C2_01846,2.349,1.976,2.431,1.230,35.468,746.568,2.482,0.047508,living
2,C,C2,C2_01847,3.143,3.729,3.863,1.036,79.172,664.457,2.220,0.119153,living
2,C,C2,C2_01848,2.434,2.394,2.724,1.138,41.153,768.812,2.076,0.053528,living
2,C,C2,C2_01849,2.096,2.120,2.379,1.122,48.089,744.202,2.371,0.064618,living
2,C,C2,C2_01850,2.113,3.870,3.227,0.834,28.712,658.016,2.152,0.043634,living
2,C,C2,C2_01851,2.079,2.262,2.447,1.082,64.927,714.122,2.683,0.090918,living
2,C,C2,C2_01852,1.606,1.768,1.901,1.075,94.632,673.368,2.758,0.140535,living
2,C,C2,C2_01853,2.349,1.981,2.434,1.229,149.245,797.137,2.849,0.187226,living
2,C,C2,C2_01854,2.501,2.058,2.560,1.244,52.581,727.750,2.236,0.072252,living
2,C,C2,C2_01855,1.707,1.603,1.867,1.164,121.693,716.406,2.594,0.169866,living
2,C,C2,C2_01856,1.031,1.982,1.613,0.814,2.738,606.344,2.902,0.004515,living
2,C,C2,C2_01857,2.265,2.353,2.605,1.107,109.179,710.828,2.560,0.153594,living
2,C,C2,C2_01858,1.521,1.411,1.653,1.172,3.244,681.833,2.322,0.004758,living
2,C,C2,C2_01859,3.143,2.925,3.421,1.170,130.091,733.645,2.581,0.177322,living
2,C,C2,C2_01860,2.636,2.154,2.689,1.248,140.545,804.000,2.622,0.174807,living
2,C,C2,C2_01861,2.586,2.379,2.799,1.176,83.621,772.915,2.301,0.108189,living
2,C,C2,C2_01862,1.791,2.086,2.181,1.046,73.840,724.896,2.745,0.101862,living
2,C,C2,C2_01863,2.366,2.275,2.618,1.151,49.336,752.707,2.350,0.065544,living
2,C,C2,C2_01864,2.298,2.037,2.441,1.198,91.875,752.779,2.897,0.122048,living
2,C,C2,C2_01865,1.758,1.541,1.857,1.205,98.500,803.183,2.423,0.122637,living
2,C,C2,C2_01866,2.636,1.670,2.367,1.418,47.256,861.583,2.391,0.054848,living
2,C,C2,C2_01867,2.569,2.618,2.926,1.118,49.763,703.020,2.704,0.070785,living
2,C,C2,C2_01868,1.690,1.874,2.008,1.072,42.100,687.850,2.680,0.061205,living
2,C,C2,C2_01869,1.960,1.587,1.990,1.254,38.060,825.922,2.552,0.046082,living
2,C,C2,C2_01870,1.893,1.741,2.048,1.177,55.312,852.545,2.134,0.064879,living
2,C,C2,C2_01871,2.231,1.489,2.057,1.381,41.250,784.462,2.485,0.052584,living
2,C,C2,C2_01872,2.146,1.774,2.202,1.241,42.000,825.906,2.181,0.050853,living
2,C,C2,C2_01873,3.363,1.955,2.893,1.480,26.864,832.724,2.332,0.032261,living
2,C,C2,C2_01874,1.960,1.581,1.986,1.256,28.879,733.707,2.466,0.039361,living
2,C,C2,C2_01875,1.234,2.132,1.830,0.858,23.945,673.082,54.041,0.035575,dead
2,C,C2,C2_01876,1.369,2.790,2.205,0.790,18.815,632.321,2.284,0.029755,living
2,C,C2,C2_01877,2.704,3.961,3.693,0.932,2.544,572.212,2.750,0.004445,living
2,C,C2,C2_01878,2.163,2.785,2.769,0.994,25.836,706.547,2.445,0.036566,living
2,C,C2,C2_01879,1.487,2.008,1.950,0.971,18.932,683.170,2.148,0.027712,living
2,C,C2,C2_01880,1.741,2.975,2.568,0.863,18.670,635.010,2.379,0.029401,living
2,C,C2,C2_01881,3.194,2.034,2.876,1.414,29.661,1003.381,2.074,0.029561,living
2,C,C2,C2_01882,1.115,1.665,1.537,0.923,14.333,680.455,2.106,0.021064,living
2,C,C2,C2_01883,0.794,2.326,1.533,0.659,10.213,588.234,2.851,0.017362,living
2,C,C2,C2_01884,0.980,2.018,1.587,0.786,18.914,661.931,2.759,0.028574,living
2,C,C2,C2_01885,2.197,1.861,2.282,1.226,15.262,721.954,2.854,0.021139,living
2,C,C2,C2_01886,2.383,2.132,2.544,1.193,17.787,724.319,27.582,0.024557,dead
2,C,C2,C2_01887,1.453,3.840,2.665,0.694,10.767,593.674,2.837,0.018137,living
2,C,C2,C2_01888,1.504,1.732,1.821,1.051,66.393,729.910,2.685,0.090961,living
2,C,C2,C2_01889,2.822,1.727,2.491,1.442,105.521,902.281,2.401,0.116949,living
2,C,C2,C2_01890,1.251,2.039,1.802,0.884,2.595,563.986,2.743,0.004600,living
2,C,C2,C2_01891,1.572,2.263,2.128,0.940,116.753,709.839,2.677,0.164478,living
2,C,C2,C2_01892,1.775,1.820,2.028,1.114,109.057,784.848,2.686,0.138953,living
2,C,C2,C2_01893,2.839,2.000,2.689,1.344,9.595,941.268,2.137,0.010194,living
2,C,C2,C2_01894,2.113,2.358,2.519,1.068,107.072,779.112,2.376,0.137428,living
2,C,C2,C2_01895,1.741,1.584,1.874,1.183,120.932,894.019,2.097,0.135268,living
2,C,C2,C2_01896,2.265,2.366,2.612,1.104,104.522,803.478,2.687,0.130087,living
2,C,C2,C2_01897,2.501,1.779,2.380,1.338,62.128,996.014,2.196,0.062377,living
2,C,C2,C2_01898,2.772,1.358,2.189,1.612,150.378,860.280,2.427,0.174801,living
2,C,C2,C2_01899,2.096,1.797,2.190,1.219,100.573,949.298,2.315,0.105944,living
2,C,C2,C2_01900,3.346,2.391,3.192,1.335,164.338,876.616,2.273,0.187469,living
2,C,C2,C2_01901,2.721,2.243,2.788,1.243,74.261,880.882,2.578,0.084303,living
2,C,C2,C2_01902,1.268,2.018,1.805,0.894,30.013,728.293,2.320,0.041211,living
2,C,C2,C2_01903,0.980,1.546,1.389,0.898,68.259,763.483,1.983,0.089404,living
2,C,C2,C2_01904,0.913,1.392,1.272,0.914,1.944,788.352,2.352,0.002466,living
2,C,C2,C2_01905,2.146,2.332,2.524,1.082,99.236,807.291,2.630,0.122925,living
2,C,C2,C2_01906,2.096,2.778,2.723,0.980,76.831,785.218,2.984,0.097846,living
2,C,C2,C2_01907,1.707,2.237,2.205,0.986,66.079,804.564,2.158,0.082130,living
2,C,C2,C2_01908,2.400,2.229,2.610,1.171,84.606,962.655,2.444,0.087888,living
2,C,C2,C2_01909,1.639,1.908,1.995,1.046,82.062,840.320,2.711,0.097656,living
2,C,C2,C2_01910,3.143,2.678,3.274,1.222,66.387,953.129,2.274,0.069652,living
2,C,C2,C2_01911,0.744,1.855,1.326,0.715,20.750,694.795,2.068,0.029865,living
2,C,C2,C2_01912,2.045,1.820,2.177,1.196,70.488,947.727,2.661,0.074375,living
2,C,C2,C2_01913,1.724,2.132,2.163,1.015,32.137,872.539,16.059,0.036832,dead
2,C,C2,C2_01914,2.383,3.433,3.227,0.940,24.000,770.603,2.695,0.031144,living
2,C,C2,C2_01915,1.504,2.059,1.986,0.964,28.674,812.292,2.483,0.035300,living
2,C,C2,C2_01916,2.096,3.350,2.990,0.893,5.976,668.145,2.565,0.008944,living
2,C,C2,C2_01917,1.791,1.724,1.983,1.150,28.509,899.057,2.509,0.031710,living
2,C,C2,C2_01918,1.251,1.705,1.648,0.967,23.635,873.257,2.108,0.027066,living
2,C,C2,C2_01919,1.487,2.639,2.235,0.847,15.330,696.114,2.261,0.022022,living
2,C,C2,C2_01920,2.248,2.605,2.731,1.048,30.391,854.729,2.376,0.035556,living
2,C,C2,C2_01921,1.842,1.592,1.932,1.214,21.385,843.376,2.505,0.025357,living
2,C,C2,C2_01922,1.065,1.956,1.629,0.833,20.762,747.254,3.111,0.027784,living
2,C,C2,C2_01923,1.977,1.514,1.952,1.289,20.744,769.274,2.402,0.026965,living
2,C,C2,C2_01924,1.555,2.455,2.205,0.898,21.315,789.228,2.533,0.027008,living
2,C,C2,C2_01925,1.842,3.877,3.015,0.778,70.670,529.165,2.147,0.133549,living
2,C,C2,C2_01926,2.096,1.508,2.006,1.330,73.250,759.911,2.621,0.096393,living
2,C,C2,C2_01927,2.011,1.714,2.095,1.222,116.429,759.185,2.782,0.153360,living
2,C,C2,C2_01928,2.231,2.554,2.693,1.055,29.750,654.167,2.250,0.045478,living
2,C,C2,C2_01929,1.758,1.940,2.084,1.074,2.625,656.625,2.394,0.003998,living
2,C,C2,C2_01930,1.555,2.993,2.434,0.813,2.217,632.457,2.554,0.003506,living
2,C,C2,C2_01931,1.606,1.747,1.890,1.082,107.989,699.937,2.263,0.154285,living
2,C,C2,C2_01932,3.380,2.556,3.317,1.298,59.100,709.495,2.560,0.083299,living
2,C,C2,C2_01933,2.738,2.132,2.726,1.279,86.012,582.543,2.809,0.147650,living
2,C,C2,C2_01934,2.332,1.645,2.210,1.343,119.174,798.362,2.630,0.149273,living
2,C,C2,C2_01935,2.265,2.068,2.442,1.181,125.396,700.836,2.343,0.178923,living
2,C,C2,C2_01936,2.484,1.887,2.443,1.295,90.401,797.939,2.184,0.113294,living
2,C,C2,C2_01937,2.941,3.325,3.529,1.061,115.069,632.810,2.276,0.181838,living
2,C,C2,C2_01938,2.822,2.665,3.094,1.161,2.976,664.802,2.216,0.004477,living
2,C,C2,C2_01939,1.352,1.559,1.638,1.051,2.712,617.562,2.237,0.004392,living
2,C,C2,C2_01940,3.110,2.242,2.980,1.329,145.755,820.598,2.321,0.177621,living
2,C,C2,C2_01941,2.332,2.092,2.492,1.191,109.978,718.674,2.812,0.153029,living
2,C,C2,C2_01942,2.282,1.673,2.205,1.318,116.422,777.578,2.785,0.149724,living
2,C,C2,C2_01943,2.501,1.970,2.505,1.271,93.520,829.514,2.264,0.112741,living
2,C,C2,C2_01944,3.279,1.609,2.592,1.611,95.598,722.598,2.314,0.132298,living
2,C,C2,C2_01945,2.451,1.728,2.322,1.344,83.400,921.041,2.917,0.090550,living
2,C,C2,C2_01946,1.217,1.749,1.646,0.941,49.833,622.319,2.625,0.080077,living
2,C,C2,C2_01947,2.484,2.064,2.555,1.238,35.660,767.796,2.612,0.046444,living
2,C,C2,C2_01948,2.670,2.132,2.692,1.263,95.747,806.886,13.595,0.118662,dead
2,C,C2,C2_01949,1.639,1.710,1.889,1.105,86.052,745.670,2.082,0.115402,living
2,C,C2,C2_01950,1.622,2.385,2.219,0.931,43.146,633.594,2.583,0.068097,living
2,C,C2,C2_01951,2.383,1.945,2.429,1.249,2.255,670.823,2.780,0.003362,living
2,C,C2,C2_01952,2.400,2.143,2.559,1.194,62.880,780.324,2.577,0.080582,living
2,C,C2,C2_01953,2.653,2.407,2.851,1.185,2.497,706.554,2.917,0.003534,living
2,C,C2,C2_01954,0.980,1.827,1.510,0.826,47.259,646.190,2.310,0.073134,living
2,C,C2,C2_01955,2.484,2.020,2.528,1.251,71.544,796.116,2.320,0.089867,living
2,C,C2,C2_01956,1.268,1.647,1.631,0.990,45.067,679.400,2.480,0.066333,living
2,C,C2,C2_01957,2.366,2.464,2.724,1.106,58.821,744.814,2.414,0.078975,living
2,C,C2,C2_01958,2.146,2.242,2.475,1.104,21.945,613.079,2.992,0.035795,living
2,C,C2,C2_01959,2.045,2.662,2.633,0.989,35.612,630.595,2.479,0.056473,living
2,C,C2,C2_01960,3.127,2.132,2.914,1.366,38.189,860.832,2.611,0.044363,living
2,C,C2,C2_01961,2.974,3.022,3.383,1.119,46.165,745.801,2.352,0.061900,living
2,C,C2,C2_01962,2.214,2.184,2.481,1.136,40.328,746.565,2.366,0.054018,living
2,C,C2,C2_01963,1.470,2.405,2.122,0.882,23.931,652.391,2.540,0.036682,living
2,C,C2,C2_01964,1.927,2.632,2.541,0.966,17.105,661.588,2.728,0.025855,living
2,C,C2,C2_01965,2.062,2.783,2.703,0.971,14.705,627.893,2.377,0.023419,living
2,C,C2,C2_01966,1.369,1.939,1.838,0.948,22.951,687.963,2.617,0.033360,living
2,C,C2,C2_01967,2.045,2.045,2.308,1.128,21.950,712.628,2.521,0.030802,living
2,C,C2,C2_01968,1.453,1.447,1.636,1.131,20.163,609.384,2.686,0.033087,living
2,C,C2,C2_01969,2.805,1.528,2.336,1.529,14.639,642.078,2.277,0.022799,living
2,C,C2,C2_01970,1.284,1.634,1.634,1.000,22.368,732.500,2.868,0.030537,living
2,C,C2,C2_01971,1.420,1.782,1.795,1.007,21.595,697.631,2.726,0.030955,living
2,C,C2,C2_01972,3.245,1.312,2.328,1.775,9.990,605.974,3.000,0.016485,living
2,C,C2,C2_01973,2.451,1.254,1.978,1.578,10.952,536.883,3.055,0.020399,living
2,C,C2,C2_01974,1.673,3.287,2.646,0.805,12.818,600.051,2.384,0.021362,living
2,C,C2,C2_01975,1.453,1.929,1.889,0.979,18.302,716.523,2.430,0.025543,living
2,C,C2,C2_01976,2.383,3.053,3.044,0.997,89.270,670.291,2.057,0.133180,living
2,C,C2,C2_01977,1.437,1.447,1.627,1.124,98.000,735.494,3.329,0.133244,living
2,C,C2,C2_01978,1.622,2.039,2.052,1.006,51.938,705.583,2.354,0.073609,living
2,C,C2,C2_01979,1.758,2.049,2.142,1.045,90.837,679.500,2.683,0.133681,living
2,C,C2,C2_01980,1.082,2.099,1.700,0.810,58.000,594.953,2.750,0.097487,living
2,C,C2,C2_01981,2.349,2.273,2.607,1.147,114.259,715.353,2.547,0.159724,living
2,C,C2,C2_01982,2.096,2.013,2.318,1.151,112.613,767.468,2.274,0.146733,living
2,C,C2,C2_01983,1.487,1.763,1.827,1.036,67.841,663.943,1.955,0.102179,living
2,C,C2,C2_01984,2.231,1.819,2.273,1.250,132.970,807.462,2.212,0.164676,living
2,C,C2,C2_01985,1.944,2.610,2.542,0.974,27.122,658.026,2.887,0.041217,living
2,C,C2,C2_01986,3.059,2.366,3.036,1.283,61.011,744.199,2.519,0.081982,living
2,C,C2,C2_01987,1.065,2.132,1.700,0.797,64.159,633.968,32.921,0.101202,dead
2,C,C2,C2_01988,1.386,2.266,2.000,0.882,65.866,647.110,2.012,0.101785,living
2,C,C2,C2_01989,1.369,1.774,1.758,0.991,113.914,682.198,2.679,0.166980,living
2,C,C2,C2_01990,2.113,2.140,2.399,1.121,82.016,745.240,2.304,0.110053,living
2,C,C2,C2_01991,1.927,1.625,1.997,1.229,148.974,787.991,2.816,0.189055,living
2,C,C2,C2_01992,2.535,2.438,2.805,1.151,66.820,728.613,2.367,0.091708,living
2,C,C2,C2_01993,2.636,1.573,2.298,1.461,150.538,1027.115,2.494,0.146564,living
2,C,C2,C2_01994,1.639,1.630,1.844,1.131,57.093,794.093,2.454,0.071897,living
2,C,C2,C2_01995,2.045,1.601,2.042,1.275,97.000,816.157,2.686,0.118850,living
2,C,C2,C2_01996,1.690,1.887,2.015,1.068,66.360,725.840,2.470,0.091425,living
2,C,C2,C2_01997,1.960,1.916,2.187,1.141,120.310,745.578,2.991,0.161365,living
2,C,C2,C2_01998,1.284,2.091,1.849,0.884,25.092,660.961,2.566,0.037963,living
2,C,C2,C2_01999,2.856,2.226,2.845,1.278,91.402,794.089,2.746,0.115103,living
2,C,C2,C2_02000,1.031,1.844,1.556,0.844,22.180,681.607,2.934,0.032541,living
2,C,C2,C2_02001,2.738,2.826,3.139,1.111,86.438,734.901,2.488,0.117619,living
2,C,C2,C2_02002,1.707,1.662,1.901,1.144,91.475,761.653,2.525,0.120101,living
2,C,C2,C2_02003,2.028,2.390,2.484,1.039,25.125,752.558,2.375,0.033386,living
2,C,C2,C2_02004,2.231,2.079,2.430,1.169,64.841,813.955,2.371,0.079662,living
2,C,C2,C2_02005,2.501,2.091,2.580,1.234,85.622,861.905,2.486,0.099340,living
2,C,C2,C2_02006,1.606,1.807,1.922,1.064,77.189,751.442,3.168,0.102722,living
2,C,C2,C2_02007,2.958,1.898,2.674,1.409,67.349,804.297,2.366,0.083736,living
2,C,C2,C2_02008,1.420,1.843,1.825,0.990,36.643,746.155,2.500,0.049109,living
2,C,C2,C2_02009,2.079,2.899,2.770,0.956,20.480,716.407,2.374,0.028587,living
2,C,C2,C2_02010,1.183,2.350,1.881,0.801,2.786,611.186,2.129,0.004558,living
2,C,C2,C2_02011,2.045,1.653,2.075,1.255,87.091,920.438,2.843,0.094619,living
2,C,C2,C2_02012,3.380,1.455,2.502,1.720,76.650,1060.195,2.820,0.072298,living
2,C,C2,C2_02013,2.620,2.013,2.591,1.287,46.406,952.342,2.381,0.048729,living
2,C,C2,C2_02014,1.944,2.092,2.276,1.088,39.843,763.452,2.496,0.052189,living
2,C,C2,C2_02015,2.805,2.277,2.852,1.252,64.542,946.102,2.452,0.068219,living
2,C,C2,C2_02016,1.910,2.084,2.251,1.080,53.619,819.425,2.664,0.065435,living
2,C,C2,C2_02017,1.251,1.906,1.742,0.914,36.378,724.770,2.392,0.050193,living
2,C,C2,C2_02018,2.569,1.163,1.950,1.677,44.428,797.414,2.211,0.055715,living
2,C,C2,C2_02019,2.349,2.777,2.882,1.038,40.554,755.835,2.468,0.053655,living
2,C,C2,C2_02020,3.076,2.441,3.092,1.267,47.511,915.121,2.923,0.051918,living
2,C,C2,C2_02021,1.099,1.797,1.586,0.882,17.938,645.169,2.200,0.027804,living
2,C,C2,C2_02022,1.437,1.686,1.756,1.042,2.600,672.165,2.259,0.003868,living
2,C,C2,C2_02023,1.994,1.919,2.207,1.150,45.915,849.559,2.492,0.054046,living
2,C,C2,C2_02024,1.589,1.760,1.887,1.072,29.596,713.670,2.202,0.041470,living
2,C,C2,C2_02025,1.572,1.735,1.864,1.074,34.968,779.731,2.204,0.044846,living
2,C,C2,C2_02026,1.099,2.271,1.783,0.785,9.508,523.923,2.415,0.018147,living
2,C,C2,C2_02027,2.755,1.543,2.326,1.508,30.049,1048.491,2.632,0.028659,living
2,C,C2,C2_02028,1.048,2.132,1.687,0.791,12.129,640.806,3.242,0.018928,living
2,C,C2,C2_02029,3.228,2.949,3.481,1.181,15.932,713.827,2.503,0.022319,living
2,C,C2,C2_02030,1.014,2.102,1.647,0.784,19.383,668.933,2.117,0.028976,living
2,C,C2,C2_02031,1.369,1.835,1.788,0.975,12.951,760.765,2.296,0.017023,living
2,C,C2,C2_02032,1.301,3.402,2.374,0.698,11.208,624.558,2.636,0.017945,living
2,C,C2,C2_02033,0.946,1.997,1.551,0.777,10.214,661.839,2.661,0.015433,living
2,C,C2,C2_02034,1.538,2.497,2.211,0.886,11.714,666.231,1.890,0.017583,living
2,D,D2,D2_00001,2.113,2.181,2.422,1.111,76.712,651.368,2.480,0.117771,living
2,D,D2,D2_00002,1.420,2.181,1.986,0.910,2.560,581.262,2.512,0.004403,living
2,D,D2,D2_00003,1.335,2.181,1.925,0.883,91.494,542.557,3.291,0.168634,living
2,D,D2,D2_00004,3.059,2.181,2.915,1.336,121.890,701.359,2.558,0.173790,living
2,D,D2,D2_00005,2.974,2.181,2.874,1.318,53.398,677.307,2.369,0.078838,living
2,D,D2,D2_00006,0.828,2.181,1.516,0.695,2.735,510.571,2.102,0.005356,living
2,D,D2,D2_00007,3.025,2.181,2.898,1.329,2.676,615.056,2.894,0.004351,living
2,D,D2,D2_00008,1.639,2.181,2.133,0.978,31.423,642.474,2.351,0.048909,living
2,D,D2,D2_00009,2.755,2.181,2.766,1.268,17.387,716.933,2.718,0.024251,living
2,D,D2,D2_00010,1.893,2.181,2.293,1.051,17.625,604.509,2.259,0.029156,living
2,D,D2,D2_00011,2.941,2.181,2.858,1.310,2.937,654.770,2.098,0.004485,living
2,D,D2,D2_00012,1.741,2.181,2.199,1.008,2.350,555.398,2.641,0.004230,living
2,D,D2,D2_00013,1.690,2.501,2.320,0.928,6.390,549.990,2.800,0.011618,living
2,D,D2,D2_00014,0.963,2.181,1.635,0.750,67.947,609.175,50.737,0.111540,dead
2,D,D2,D2_00015,2.586,1.588,2.287,1.440,2.477,698.373,2.333,0.003547,living
2,D,D2,D2_00016,1.538,2.289,2.117,0.925,51.495,736.703,2.659,0.069899,living
2,D,D2,D2_00017,1.927,2.165,2.305,1.065,2.930,618.763,2.307,0.004735,living
2,D,D2,D2_00018,2.924,1.508,2.369,1.571,83.081,883.503,2.717,0.094036,living
2,D,D2,D2_00019,2.417,1.798,2.352,1.308,96.930,1002.084,2.706,0.096728,living
2,D,D2,D2_00020,1.656,2.159,2.134,0.988,30.184,724.582,2.276,0.041657,living
2,D,D2,D2_00021,1.707,2.645,2.398,0.906,36.624,739.673,2.238,0.049513,living
2,D,D2,D2_00022,2.163,2.243,2.485,1.108,60.953,878.984,2.312,0.069345,living
2,D,D2,D2_00023,1.893,2.181,2.293,1.051,2.768,659.643,2.911,0.004196,living
2,D,D2,D2_00024,3.194,2.181,2.978,1.365,2.698,661.233,2.259,0.004081,living
2,D,D2,D2_00025,1.217,2.181,1.838,0.843,2.236,634.181,2.222,0.003526,living
2,D,D2,D2_00026,0.946,2.181,1.621,0.743,2.929,563.321,2.286,0.005199,living
2,D,D2,D2_00027,2.755,2.181,2.766,1.268,94.515,802.043,2.773,0.117843,living
2,D,D2,D2_00028,2.434,2.181,2.600,1.192,19.903,775.667,2.486,0.025659,living
2,D,D2,D2_00029,3.008,2.181,2.890,1.325,37.101,754.404,2.337,0.049179,living
2,D,D2,D2_00030,1.910,2.181,2.303,1.056,38.575,729.159,2.354,0.052904,living
2,D,D2,D2_00031,2.552,1.512,2.217,1.466,33.146,715.060,2.589,0.046354,living
2,D,D2,D2_00032,2.146,2.998,2.862,0.955,2.685,573.441,2.362,0.004682,living
2,D,D2,D2_00033,2.451,1.732,2.325,1.342,2.786,707.766,2.283,0.003937,living
2,D,D2,D2_00034,1.724,2.181,2.188,1.003,44.618,541.284,120.412,0.082429,dead
2,D,D2,D2_00035,2.180,1.862,2.273,1.221,39.814,645.597,2.380,0.061670,living
2,D,D2,D2_00036,2.653,1.936,2.557,1.321,78.376,673.783,2.567,0.116322,living
2,D,D2,D2_00037,2.400,2.734,2.890,1.057,62.704,658.732,2.655,0.095189,living
2,D,D2,D2_00038,2.620,1.483,2.224,1.500,2.871,815.245,2.632,0.003522,living
2,D,D2,D2_00039,1.065,1.966,1.633,0.830,2.730,544.333,1.762,0.005016,living
2,D,D2,D2_00040,1.251,1.992,1.781,0.894,2.838,561.135,2.203,0.005057,living
2,D,D2,D2_00041,2.586,2.221,2.704,1.218,54.242,701.118,2.575,0.077365,living
2,D,D2,D2_00042,2.620,1.675,2.364,1.411,15.161,637.071,2.574,0.023798,living
2,D,D2,D2_00043,1.622,2.863,2.432,0.849,2.146,538.927,2.646,0.003982,living
2,D,D2,D2_00044,2.653,2.037,2.623,1.288,2.561,661.815,2.573,0.003869,living
2,D,D2,D2_00045,2.958,3.300,3.525,1.068,2.577,592.994,2.366,0.004346,living
2,D,D2,D2_00046,2.805,2.656,3.080,1.160,15.916,683.048,2.464,0.023301,living
2,D,D2,D2_00047,1.268,2.181,1.877,0.860,52.773,670.467,2.627,0.078711,living
2,D,D2,D2_00048,2.620,2.181,2.697,1.237,66.045,848.026,2.445,0.077881,living
2,D,D2,D2_00049,2.163,2.181,2.451,1.124,61.422,663.234,2.594,0.092610,living
2,D,D2,D2_00050,1.335,2.181,1.925,0.883,2.418,660.342,2.430,0.003661,living
2,D,D2,D2_00051,2.704,2.181,2.740,1.256,103.175,874.269,2.781,0.118013,living
2,D,D2,D2_00052,2.518,2.181,2.644,1.212,124.785,880.886,2.638,0.141659,living
2,D,D2,D2_00053,1.622,2.181,2.122,0.973,2.500,837.531,2.802,0.002985,living
2,D,D2,D2_00054,2.958,2.181,2.866,1.314,91.400,793.223,2.206,0.115226,living
2,D,D2,D2_00055,1.521,2.181,2.055,0.942,2.767,660.744,2.333,0.004187,living
2,D,D2,D2_00056,1.065,2.181,1.720,0.788,59.429,646.603,2.349,0.091909,living
2,D,D2,D2_00057,1.656,2.181,2.145,0.983,2.347,732.796,2.551,0.003203,living
2,D,D2,D2_00058,2.974,1.634,2.487,1.522,7.261,691.443,2.460,0.010502,living
2,D,D2,D2_00059,2.501,1.768,2.373,1.342,75.257,686.331,2.223,0.109651,living
2,D,D2,D2_00060,2.282,1.906,2.353,1.235,87.267,590.511,2.733,0.147782,living
2,D,D2,D2_00061,2.129,1.513,2.025,1.339,2.183,662.095,2.317,0.003296,living
2,D,D2,D2_00062,1.775,2.181,2.220,1.018,66.876,591.800,3.200,0.113005,living
2,D,D2,D2_00063,2.755,2.181,2.766,1.268,30.509,676.043,2.791,0.045129,living
2,D,D2,D2_00064,2.552,1.972,2.531,1.284,115.940,759.583,2.477,0.152637,living
2,D,D2,D2_00065,2.620,2.764,3.037,1.099,38.710,574.387,2.813,0.067393,living
2,D,D2,D2_00066,2.163,1.915,2.297,1.199,45.805,681.688,2.641,0.067193,living
2,D,D2,D2_00067,2.603,1.844,2.472,1.341,2.656,470.682,2.409,0.005643,living
2,D,D2,D2_00068,2.011,1.660,2.062,1.242,22.723,665.151,2.529,0.034162,living
2,D,D2,D2_00069,1.808,2.110,2.204,1.045,20.178,665.935,2.850,0.030300,living
2,D,D2,D2_00070,1.572,2.181,2.089,0.958,19.355,591.452,3.516,0.032724,living
2,D,D2,D2_00071,1.521,1.821,1.878,1.031,54.933,551.467,2.733,0.099613,living
2,D,D2,D2_00072,2.096,1.471,1.981,1.347,122.500,719.548,2.669,0.170246,living
2,D,D2,D2_00073,2.062,2.157,2.380,1.103,128.697,611.844,2.525,0.210342,living
2,D,D2,D2_00074,2.924,2.181,2.850,1.306,82.497,694.272,2.578,0.118825,living
2,D,D2,D2_00075,1.622,2.058,2.062,1.002,95.896,658.740,2.260,0.145575,living
2,D,D2,D2_00076,2.974,2.218,2.898,1.307,25.773,703.250,2.472,0.036648,living
2,D,D2,D2_00077,2.772,2.181,2.775,1.272,2.793,572.104,2.512,0.004881,living
2,D,D2,D2_00078,2.417,3.160,3.118,0.987,2.524,645.965,2.448,0.003908,living
2,D,D2,D2_00079,2.096,2.031,2.328,1.146,19.250,694.177,2.411,0.027731,living
2,D,D2,D2_00080,3.194,2.237,3.016,1.348,107.862,804.370,2.513,0.134095,living
2,D,D2,D2_00081,0.761,1.570,1.233,0.786,2.689,545.711,2.756,0.004927,living
2,D,D2,D2_00082,2.941,1.637,2.476,1.512,151.845,955.879,2.402,0.158854,living
2,D,D2,D2_00083,1.977,2.087,2.292,1.098,31.957,735.145,2.436,0.043471,living
2,D,D2,D2_00084,2.366,1.936,2.415,1.247,2.721,668.857,2.679,0.004069,living
2,D,D2,D2_00085,2.721,2.317,2.833,1.223,30.677,745.143,2.745,0.041169,living
2,D,D2,D2_00086,2.417,2.181,2.591,1.188,48.497,789.566,2.587,0.061422,living
2,D,D2,D2_00087,1.944,2.891,2.675,0.925,18.704,567.583,2.191,0.032954,living
2,D,D2,D2_00088,2.417,1.993,2.477,1.243,2.531,797.105,2.629,0.003176,living
2,D,D2,D2_00089,1.622,1.911,1.987,1.040,55.573,642.740,2.552,0.086463,living
2,D,D2,D2_00090,1.200,1.927,1.716,0.890,2.225,493.338,2.479,0.004511,living
2,D,D2,D2_00091,3.346,1.929,2.867,1.486,2.328,596.268,2.217,0.003905,living
2,D,D2,D2_00092,1.251,1.956,1.765,0.902,2.703,489.622,2.649,0.005520,living
2,D,D2,D2_00093,2.248,1.977,2.379,1.203,109.000,732.850,2.744,0.148734,living
2,D,D2,D2_00094,2.636,2.181,2.706,1.240,76.071,644.712,2.763,0.117992,living
2,D,D2,D2_00095,2.924,2.181,2.850,1.306,25.994,651.110,2.977,0.039923,living
2,D,D2,D2_00096,1.487,1.520,1.696,1.116,2.318,544.364,2.636,0.004259,living
2,D,D2,D2_00097,2.282,1.984,2.401,1.210,20.711,657.889,2.533,0.031481,living
2,D,D2,D2_00098,1.724,1.600,1.874,1.171,23.265,728.863,2.510,0.031919,living
2,D,D2,D2_00099,2.586,2.172,2.674,1.231,99.118,748.294,2.712,0.132458,living
2,D,D2,D2_00100,2.028,1.534,1.990,1.297,120.883,780.958,2.408,0.154788,living
2,D,D2,D2_00101,3.279,1.140,2.182,1.914,13.423,717.897,2.402,0.018697,living
2,D,D2,D2_00102,2.789,2.377,2.905,1.222,46.491,769.509,2.491,0.060416,living
2,D,D2,D2_00103,1.504,2.073,1.992,0.961,2.697,593.382,2.921,0.004545,living
2,D,D2,D2_00104,2.603,2.178,2.687,1.234,2.221,637.416,2.552,0.003484,living
2,D,D2,D2_00105,2.028,2.181,2.373,1.088,23.067,504.208,27.967,0.045748,dead
2,D,D2,D2_00106,2.704,1.788,2.481,1.388,33.888,760.962,2.544,0.044532,living
2,D,D2,D2_00107,1.656,2.290,2.197,0.960,2.357,456.459,3.041,0.005164,living
2,D,D2,D2_00108,1.944,2.181,2.324,1.065,30.052,694.191,3.078,0.043291,living
2,D,D2,D2_00109,2.687,1.330,2.133,1.604,15.333,649.132,2.616,0.023621,living
2,D,D2,D2_00110,2.704,2.198,2.751,1.252,23.269,735.325,2.431,0.031644,living
2,D,D2,D2_00111,2.636,2.006,2.595,1.293,27.571,813.962,2.744,0.033872,living
2,D,D2,D2_00112,2.231,1.888,2.316,1.227,11.947,650.402,2.386,0.018369,living
2,D,D2,D2_00113,2.501,2.208,2.652,1.201,17.169,590.608,2.020,0.029070,living
2,D,D2,D2_00114,2.704,3.282,3.361,1.024,11.544,487.700,2.706,0.023670,living
2,D,D2,D2_00115,2.687,2.121,2.694,1.270,97.050,778.836,2.849,0.124609,living
2,D,D2,D2_00116,1.927,2.181,2.313,1.061,64.333,520.404,5.263,0.123622,dead
2,D,D2,D2_00117,2.315,2.800,2.873,1.026,2.350,642.467,2.226,0.003658,living
2,D,D2,D2_00118,1.352,2.350,2.011,0.856,2.612,647.612,2.737,0.004034,living
2,D,D2,D2_00119,2.839,1.530,2.352,1.537,67.524,947.107,2.452,0.071295,living
2,D,D2,D2_00120,3.329,1.249,2.301,1.842,42.228,822.736,2.411,0.051327,living
2,D,D2,D2_00121,1.791,1.591,1.905,1.197,42.028,741.679,2.594,0.056666,living
2,D,D2,D2_00122,2.180,1.680,2.159,1.285,27.690,864.372,2.659,0.032035,living
2,D,D2,D2_00123,3.296,2.181,3.025,1.387,2.703,538.708,2.415,0.005017,living
2,D,D2,D2_00124,3.093,2.181,2.931,1.344,2.563,605.672,2.322,0.004231,living
2,D,D2,D2_00125,2.163,2.181,2.451,1.124,34.508,612.078,2.531,0.056378,living
2,D,D2,D2_00126,2.180,2.181,2.461,1.128,32.426,602.023,2.589,0.053862,living
2,D,D2,D2_00127,2.873,2.181,2.825,1.295,59.329,668.400,2.718,0.088763,living
2,D,D2,D2_00128,2.366,2.181,2.563,1.175,71.893,565.071,2.014,0.127228,living
2,D,D2,D2_00129,2.856,2.181,2.816,1.291,66.314,638.361,2.710,0.103881,living
2,D,D2,D2_00130,0.811,2.181,1.501,0.688,2.833,492.208,2.396,0.005756,living
2,D,D2,D2_00131,1.639,2.181,2.133,0.978,2.381,554.433,2.330,0.004295,living
2,D,D2,D2_00132,2.332,2.181,2.545,1.167,2.855,580.500,2.558,0.004918,living
2,D,D2,D2_00133,2.958,2.181,2.866,1.314,3.771,633.377,2.371,0.005954,living
2,D,D2,D2_00134,2.535,2.181,2.653,1.216,23.013,690.767,2.393,0.033316,living
2,D,D2,D2_00135,2.282,2.181,2.517,1.154,10.963,581.881,2.363,0.018841,living
2,D,D2,D2_00136,0.879,2.181,1.562,0.716,2.558,429.654,2.327,0.005953,living
2,D,D2,D2_00137,2.282,1.407,2.022,1.437,2.674,404.681,2.763,0.006608,living
2,D,D2,D2_00138,1.825,2.273,2.298,1.011,21.759,605.333,2.352,0.035946,living
2,D,D2,D2_00139,2.079,1.653,2.092,1.265,2.715,527.024,2.813,0.005152,living
2,D,D2,D2_00140,2.636,1.676,2.372,1.415,2.628,927.590,2.365,0.002833,living
2,D,D2,D2_00141,2.924,2.181,2.850,1.306,61.069,575.428,38.821,0.106129,dead
2,D,D2,D2_00142,2.315,1.892,2.362,1.248,43.533,761.350,2.657,0.057178,living
2,D,D2,D2_00143,2.180,2.054,2.388,1.162,2.372,560.907,2.783,0.004229,living
2,D,D2,D2_00144,1.284,1.730,1.682,0.972,2.658,535.289,2.408,0.004965,living
2,D,D2,D2_00145,2.873,3.313,3.481,1.051,18.688,634.382,2.224,0.029459,living
2,D,D2,D2_00146,1.606,1.709,1.869,1.094,2.495,530.453,2.716,0.004703,living
2,D,D2,D2_00147,2.941,2.181,2.858,1.310,86.402,679.529,2.310,0.127150,living
2,D,D2,D2_00148,2.282,2.181,2.517,1.154,60.407,561.252,1.933,0.107630,living
2,D,D2,D2_00149,2.535,2.181,2.653,1.216,104.613,775.847,2.807,0.134838,living
2,D,D2,D2_00150,2.113,2.181,2.422,1.111,37.208,702.768,2.816,0.052945,living
2,D,D2,D2_00151,1.842,2.181,2.262,1.037,2.651,571.817,2.431,0.004637,living
2,D,D2,D2_00152,2.907,2.181,2.841,1.303,2.849,575.366,2.576,0.004951,living
2,D,D2,D2_00153,1.639,1.740,1.906,1.095,2.515,518.557,2.577,0.004851,living
2,D,D2,D2_00154,1.910,2.181,2.303,1.056,2.735,635.566,9.478,0.004302,dead
2,D,D2,D2_00155,2.349,2.175,2.551,1.173,109.489,755.468,2.338,0.144929,living
2,D,D2,D2_00156,3.042,1.435,2.358,1.643,2.878,741.233,2.939,0.003882,living
2,D,D2,D2_00157,2.180,1.643,2.136,1.300,72.527,699.155,2.581,0.103735,living
2,D,D2,D2_00158,2.755,2.146,2.744,1.279,82.387,943.313,2.264,0.087337,living
2,D,D2,D2_00159,2.045,1.840,2.189,1.190,95.868,792.744,2.785,0.120932,living
2,D,D2,D2_00160,3.346,2.877,3.501,1.217,39.758,810.131,2.439,0.049075,living
2,D,D2,D2_00161,1.893,2.039,2.217,1.087,21.607,777.804,1.982,0.027780,living
2,D,D2,D2_00162,2.755,2.046,2.679,1.309,21.663,657.540,2.718,0.032945,living
2,D,D2,D2_00163,1.690,1.659,1.889,1.139,8.450,595.440,2.680,0.014191,living
2,D,D2,D2_00164,0.794,3.133,1.780,0.568,2.745,500.681,3.021,0.005482,living
2,D,D2,D2_00165,1.825,2.303,2.313,1.004,67.963,686.306,2.435,0.099027,living
2,D,D2,D2_00166,1.251,1.494,1.543,1.033,126.514,751.324,2.797,0.168387,living
2,D,D2,D2_00167,2.180,3.240,2.999,0.926,104.775,614.132,2.690,0.170607,living
2,D,D2,D2_00168,1.487,2.181,2.032,0.932,62.148,778.477,2.932,0.079832,living
2,D,D2,D2_00169,2.146,1.607,2.095,1.304,39.102,765.008,2.882,0.051114,living
2,D,D2,D2_00170,1.775,1.818,2.027,1.115,72.990,731.029,2.210,0.099846,living
2,D,D2,D2_00171,2.400,2.631,2.835,1.078,87.331,706.599,2.437,0.123593,living
2,D,D2,D2_00172,2.045,1.373,1.891,1.377,2.893,790.116,2.901,0.003661,living
2,D,D2,D2_00173,1.555,1.891,1.935,1.023,42.326,832.457,3.011,0.050845,living
2,D,D2,D2_00174,2.586,1.266,2.042,1.613,2.562,585.941,2.804,0.004373,living
2,D,D2,D2_00175,1.251,2.083,1.821,0.874,14.284,617.622,2.338,0.023127,living
2,D,D2,D2_00176,1.639,1.688,1.877,1.112,29.433,550.835,2.794,0.053433,living
2,D,D2,D2_00177,1.606,1.870,1.955,1.046,58.463,559.726,2.000,0.104450,living
2,D,D2,D2_00178,1.403,2.240,2.000,0.893,18.916,499.096,2.506,0.037900,living
2,D,D2,D2_00179,1.690,1.532,1.816,1.185,16.330,519.520,2.070,0.031433,living
2,D,D2,D2_00180,2.197,2.181,2.470,1.132,28.608,606.192,2.777,0.047192,living
2,D,D2,D2_00181,2.417,2.088,2.535,1.214,50.490,609.448,2.364,0.082845,living
2,D,D2,D2_00182,1.386,2.181,1.962,0.899,22.488,542.476,4.134,0.041454,living
2,D,D2,D2_00183,3.380,1.825,2.802,1.536,101.980,814.025,2.390,0.125279,living
2,D,D2,D2_00184,1.758,1.741,1.974,1.134,2.779,591.779,2.269,0.004696,living
2,D,D2,D2_00185,2.129,1.490,2.010,1.349,2.675,487.595,2.381,0.005485,living
2,D,D2,D2_00186,2.603,1.584,2.291,1.446,2.455,544.117,2.390,0.004511,living
2,D,D2,D2_00187,3.025,2.148,2.876,1.339,18.771,637.642,2.726,0.029438,living
2,D,D2,D2_00188,2.907,2.110,2.795,1.324,31.715,642.878,2.465,0.049333,living
2,D,D2,D2_00189,2.991,3.369,3.582,1.063,25.763,535.469,2.904,0.048112,living
2,D,D2,D2_00190,1.572,2.181,2.089,0.958,17.903,507.957,20.871,0.035246,dead
2,D,D2,D2_00191,1.082,1.866,1.603,0.859,9.297,529.531,2.453,0.017557,living
2,D,D2,D2_00192,2.484,1.253,1.991,1.589,2.415,539.435,2.252,0.004477,living
2,D,D2,D2_00193,1.842,2.695,2.514,0.933,24.239,538.752,2.578,0.044990,living
2,D,D2,D2_00194,3.279,2.075,2.943,1.418,13.593,641.557,2.448,0.021187,living
2,D,D2,D2_00195,1.842,1.426,1.829,1.282,2.505,522.670,2.450,0.004792,living
2,D,D2,D2_00196,0.946,2.353,1.683,0.715,4.536,460.018,2.875,0.009860,living
2,D,D2,D2_00197,0.930,2.800,1.821,0.650,4.127,441.564,2.109,0.009347,living
2,D,D2,D2_00198,2.451,2.181,2.609,1.196,24.890,558.317,2.166,0.044580,living
2,D,D2,D2_00199,1.758,2.181,2.210,1.013,37.385,488.875,2.817,0.076471,living
2,D,D2,D2_00200,3.093,2.181,2.931,1.344,25.923,576.923,2.607,0.044934,living
2,D,D2,D2_00201,2.011,2.181,2.363,1.083,106.244,627.824,2.143,0.169225,living
2,D,D2,D2_00202,2.603,2.181,2.689,1.233,105.981,626.338,2.448,0.169207,living
2,D,D2,D2_00203,2.451,2.181,2.609,1.196,18.352,482.917,2.497,0.038002,living
2,D,D2,D2_00204,2.670,2.181,2.723,1.248,2.949,702.614,2.652,0.004198,living
2,D,D2,D2_00205,1.910,2.181,2.303,1.056,2.363,541.398,2.416,0.004364,living
2,D,D2,D2_00206,1.859,2.181,2.272,1.042,2.600,512.609,2.936,0.005072,living
2,D,D2,D2_00207,2.721,2.181,2.749,1.260,24.416,541.491,2.727,0.045091,living
2,D,D2,D2_00208,2.231,2.181,2.489,1.141,63.765,666.455,2.280,0.095678,living
2,D,D2,D2_00209,1.994,2.181,2.353,1.079,19.339,588.949,2.576,0.032836,living
2,D,D2,D2_00210,1.234,2.181,1.851,0.849,14.329,545.082,2.795,0.026287,living
2,D,D2,D2_00211,1.031,1.924,1.589,0.826,16.295,552.180,1.607,0.029510,living
2,D,D2,D2_00212,2.501,2.181,2.635,1.208,94.730,642.459,2.534,0.147449,living
2,D,D2,D2_00213,1.555,1.837,1.907,1.038,87.424,566.620,2.424,0.154290,living
2,D,D2,D2_00214,2.248,1.752,2.239,1.278,2.684,715.203,2.474,0.003753,living
2,D,D2,D2_00215,2.315,2.181,2.536,1.162,2.307,695.314,2.277,0.003317,living
2,D,D2,D2_00216,2.484,2.181,2.626,1.204,38.286,659.959,2.395,0.058012,living
2,D,D2,D2_00217,2.315,2.333,2.622,1.124,15.066,630.912,2.708,0.023879,living
2,D,D2,D2_00218,0.761,1.970,1.382,0.701,2.378,539.244,2.333,0.004409,living
2,D,D2,D2_00219,0.744,1.974,1.367,0.693,38.727,533.568,2.727,0.072582,living
2,D,D2,D2_00220,2.096,3.307,2.971,0.898,22.008,584.774,2.589,0.037635,living
2,D,D2,D2_00221,1.572,1.651,1.818,1.101,23.957,638.505,2.656,0.037520,living
2,D,D2,D2_00222,1.656,1.878,1.990,1.060,23.398,642.224,2.520,0.036433,living
2,D,D2,D2_00223,2.214,1.487,2.047,1.377,64.298,692.267,2.534,0.092880,living
2,D,D2,D2_00224,2.924,3.468,3.593,1.036,2.549,540.347,2.254,0.004718,living
2,D,D2,D2_00225,2.011,2.485,2.522,1.015,51.261,553.597,2.370,0.092595,living
2,D,D2,D2_00226,2.789,2.279,2.845,1.248,86.158,769.103,2.848,0.112023,living
2,D,D2,D2_00227,2.366,1.263,1.951,1.544,8.350,664.786,2.693,0.012560,living
2,D,D2,D2_00228,1.707,2.083,2.128,1.021,2.525,576.119,2.505,0.004382,living
2,D,D2,D2_00229,1.099,2.181,1.747,0.801,77.077,479.262,152.738,0.160824,dead
2,D,D2,D2_00230,1.960,1.706,2.063,1.209,54.681,793.733,2.724,0.068891,living
2,D,D2,D2_00231,1.876,3.180,2.756,0.867,20.432,554.730,2.595,0.036833,living
2,D,D2,D2_00232,0.946,2.181,1.621,0.743,2.554,576.161,2.696,0.004432,living
2,D,D2,D2_00233,3.127,2.497,3.153,1.263,2.627,602.616,2.724,0.004359,living
2,D,D2,D2_00234,1.521,2.181,2.055,0.942,20.900,670.089,3.644,0.031190,living
2,D,D2,D2_00235,2.298,1.663,2.206,1.326,16.544,802.015,2.581,0.020628,living
2,D,D2,D2_00236,2.400,1.878,2.396,1.276,9.423,606.627,2.796,0.015533,living
2,D,D2,D2_00237,2.113,3.000,2.841,0.947,6.800,512.720,2.728,0.013263,living
2,D,D2,D2_00238,2.146,2.857,2.794,0.978,9.929,635.165,2.205,0.015632,living
2,D,D2,D2_00239,0.811,2.002,1.438,0.718,3.062,371.521,2.562,0.008243,living
2,D,D2,D2_00240,0.930,2.067,1.564,0.757,2.745,389.255,1.818,0.007053,living
2,D,D2,D2_00241,3.245,2.950,3.491,1.183,2.203,412.526,2.396,0.005341,living
2,D,D2,D2_00242,0.963,1.462,1.339,0.916,2.860,480.596,2.386,0.005950,living
2,D,D2,D2_00243,1.301,1.802,1.728,0.959,17.169,465.844,2.688,0.036855,living
2,D,D2,D2_00244,2.636,2.151,2.687,1.249,2.673,478.436,2.596,0.005587,living
2,D,D2,D2_00245,2.924,2.005,2.732,1.363,2.844,407.324,2.462,0.006982,living
2,D,D2,D2_00246,1.606,1.545,1.777,1.150,2.274,581.137,2.505,0.003912,living
2,D,D2,D2_00247,1.977,2.140,2.321,1.085,75.863,475.521,2.496,0.159537,living
2,D,D2,D2_00248,2.552,2.501,2.851,1.140,20.371,503.583,2.649,0.040452,living
2,D,D2,D2_00249,0.727,1.946,1.342,0.690,2.302,434.070,2.233,0.005304,living
2,D,D2,D2_00250,2.805,1.957,2.644,1.351,2.892,501.795,2.319,0.005762,living
2,D,D2,D2_00251,1.521,1.723,1.827,1.060,2.411,572.122,1.967,0.004214,living
2,D,D2,D2_00252,1.741,2.233,2.225,0.996,2.204,475.417,2.563,0.004636,living
2,D,D2,D2_00253,3.143,4.412,4.202,0.952,2.441,508.113,2.973,0.004804,living
2,D,D2,D2_00254,1.724,2.812,2.484,0.884,2.539,452.088,2.431,0.005617,living
2,D,D2,D2_00255,3.025,1.536,2.432,1.584,46.514,743.184,2.631,0.062587,living
2,D,D2,D2_00256,1.707,3.016,2.560,0.849,2.416,444.139,2.297,0.005439,living
2,D,D2,D2_00257,1.876,2.634,2.508,0.952,2.414,455.486,2.216,0.005301,living
2,D,D2,D2_00258,1.944,1.595,1.987,1.246,2.687,531.409,2.313,0.005056,living
2,D,D2,D2_00259,1.200,1.667,1.596,0.957,2.761,383.817,2.324,0.007192,living
2,D,D2,D2_00260,1.521,2.181,2.055,0.942,2.644,375.233,3.422,0.007047,living
2,D,D2,D2_00261,0.710,2.396,1.472,0.614,2.333,402.857,2.476,0.005792,living
2,D,D2,D2_00262,1.470,1.774,1.822,1.027,2.471,499.069,2.770,0.004952,living
2,D,D2,D2_00263,3.312,2.210,3.053,1.381,2.536,498.750,2.092,0.005084,living
2,D,D2,D2_00264,2.298,3.440,3.173,0.922,2.228,445.765,2.721,0.004998,living
2,D,D2,D2_00265,2.265,2.181,2.508,1.150,2.485,480.425,2.410,0.005173,living
2,D,D2,D2_00266,3.110,2.181,2.939,1.347,39.978,505.897,2.533,0.079025,living
2,D,D2,D2_00267,2.839,2.181,2.808,1.287,56.762,632.065,2.196,0.089804,living
2,D,D2,D2_00268,1.099,2.181,1.747,0.801,3.108,494.354,2.323,0.006286,living
2,D,D2,D2_00269,0.862,2.181,1.547,0.709,3.725,439.941,2.510,0.008468,living
2,D,D2,D2_00270,2.856,2.181,2.816,1.291,46.574,621.828,2.834,0.074898,living
2,D,D2,D2_00271,2.670,2.181,2.723,1.248,2.703,436.259,2.633,0.006195,living
2,D,D2,D2_00272,1.724,2.181,2.188,1.003,2.422,466.441,2.324,0.005192,living
2,D,D2,D2_00273,2.636,2.181,2.706,1.240,19.147,539.135,2.423,0.035515,living
2,D,D2,D2_00274,1.217,2.181,1.838,0.843,2.361,361.931,2.694,0.006524,living
2,D,D2,D2_00275,1.335,2.181,1.925,0.883,8.329,491.797,2.291,0.016936,living
2,D,D2,D2_00276,1.099,2.181,1.747,0.801,2.692,456.769,2.754,0.005894,living
2,D,D2,D2_00277,2.924,2.612,3.118,1.194,2.723,595.561,2.353,0.004571,living
2,D,D2,D2_00278,1.301,2.181,1.901,0.871,2.182,397.805,2.351,0.005485,living
2,D,D2,D2_00279,2.620,2.181,2.697,1.237,2.316,750.955,2.671,0.003084,living
2,D,D2,D2_00280,3.110,1.901,2.744,1.443,2.565,807.473,2.560,0.003177,living
2,D,D2,D2_00281,1.453,2.574,2.182,0.848,2.605,518.000,3.081,0.005028,living
2,D,D2,D2_00282,1.521,1.516,1.713,1.130,2.311,545.700,2.600,0.004235,living
2,D,D2,D2_00283,1.487,1.764,1.828,1.036,2.352,493.636,3.000,0.004765,living
2,D,D2,D2_00284,3.194,1.876,2.762,1.472,66.794,922.582,2.370,0.072399,living
2,D,D2,D2_00285,2.298,1.887,2.350,1.245,113.735,667.000,2.390,0.170518,living
2,D,D2,D2_00286,2.231,1.820,2.274,1.249,107.947,676.371,2.591,0.159597,living
2,D,D2,D2_00287,1.420,2.242,2.013,0.898,2.714,548.274,1.917,0.004951,living
2,D,D2,D2_00288,3.042,2.046,2.815,1.376,3.339,742.733,2.417,0.004495,living
2,D,D2,D2_00289,1.318,2.717,2.135,0.786,2.795,545.538,3.103,0.005123,living
2,D,D2,D2_00290,3.194,2.128,2.942,1.382,2.656,585.614,2.519,0.004536,living
2,D,D2,D2_00291,3.279,1.494,2.497,1.672,84.263,735.144,2.108,0.114621,living
2,D,D2,D2_00292,2.248,2.181,2.499,1.146,94.910,572.248,6.120,0.165854,dead
2,D,D2,D2_00293,2.129,1.552,2.051,1.322,78.516,750.159,2.230,0.104666,living
2,D,D2,D2_00294,1.910,1.647,2.001,1.215,78.965,727.088,2.257,0.108604,living
2,D,D2,D2_00295,1.724,1.806,1.991,1.102,2.529,642.745,2.569,0.003935,living
2,D,D2,D2_00296,2.484,2.107,2.581,1.225,106.395,698.864,2.456,0.152239,living
2,D,D2,D2_00297,3.346,1.901,2.846,1.497,49.404,715.111,2.556,0.069086,living
2,D,D2,D2_00298,3.025,4.469,4.149,0.928,2.905,562.603,2.503,0.005164,living
2,D,D2,D2_00299,1.741,1.794,1.994,1.112,44.748,675.262,2.505,0.066267,living
2,D,D2,D2_00300,2.586,1.524,2.240,1.470,74.209,893.196,2.771,0.083083,living
2,D,D2,D2_00301,1.724,2.485,2.336,0.940,20.206,621.029,2.706,0.032536,living
2,D,D2,D2_00302,1.284,1.370,1.497,1.092,42.947,690.316,2.868,0.062214,living
2,D,D2,D2_00303,1.994,2.303,2.418,1.050,40.593,622.653,2.661,0.065194,living
2,D,D2,D2_00304,3.194,1.925,2.798,1.453,59.407,898.450,2.164,0.066122,living
2,D,D2,D2_00305,2.366,2.441,2.712,1.111,24.757,661.264,2.521,0.037439,living
2,D,D2,D2_00306,1.656,2.133,2.121,0.994,17.071,609.276,2.765,0.028019,living
2,D,D2,D2_00307,1.859,2.365,2.366,1.000,18.191,615.755,2.618,0.029542,living
2,D,D2,D2_00308,1.318,1.895,1.783,0.941,16.910,561.487,2.526,0.030117,living
2,D,D2,D2_00309,3.025,2.914,3.350,1.150,41.145,677.944,2.838,0.060691,living
2,D,D2,D2_00310,1.690,1.808,1.972,1.091,31.230,723.200,2.150,0.043183,living
2,D,D2,D2_00311,0.794,1.632,1.284,0.787,3.213,515.106,2.511,0.006237,living
2,D,D2,D2_00312,1.893,2.756,2.577,0.935,16.107,595.661,3.062,0.027041,living
2,D,D2,D2_00313,2.298,1.977,2.405,1.217,9.669,736.029,2.294,0.013137,living
2,D,D2,D2_00314,1.166,2.143,1.784,0.832,2.493,526.130,2.609,0.004738,living
2,D,D2,D2_00315,2.248,1.422,2.017,1.419,18.376,694.331,2.481,0.026466,living
2,D,D2,D2_00316,1.470,2.137,2.000,0.936,26.540,609.425,2.046,0.043550,living
2,D,D2,D2_00317,2.839,2.056,2.726,1.326,37.833,835.435,2.589,0.045286,living
2,D,D2,D2_00318,1.944,1.700,2.051,1.207,25.548,664.730,2.617,0.038433,living
2,D,D2,D2_00319,2.856,2.181,2.816,1.291,41.071,807.219,50.160,0.050880,dead
2,D,D2,D2_00320,1.622,1.752,1.902,1.086,27.344,672.302,2.948,0.040672,living
2,D,D2,D2_00321,1.031,1.892,1.576,0.833,14.164,591.148,1.852,0.023960,living
2,D,D2,D2_00322,2.822,3.003,3.285,1.094,15.928,685.707,2.533,0.023229,living
2,D,D2,D2_00323,1.234,1.694,1.631,0.963,13.096,589.685,2.562,0.022208,living
2,D,D2,D2_00324,1.521,3.755,2.697,0.718,9.400,552.967,2.611,0.016999,living
2,D,D2,D2_00325,2.366,2.040,2.479,1.215,2.143,543.157,2.614,0.003945,living
2,D,D2,D2_00326,0.828,2.028,1.462,0.721,12.898,546.122,2.653,0.023617,living
2,D,D2,D2_00327,1.166,1.796,1.633,0.909,11.696,607.928,1.957,0.019239,living
2,D,D2,D2_00328,1.115,1.797,1.597,0.889,19.894,599.439,2.439,0.033188,living
2,D,D2,D2_00329,0.845,3.161,1.844,0.583,9.160,484.260,2.260,0.018915,living
2,D,D2,D2_00330,0.761,1.952,1.375,0.705,11.000,513.356,1.844,0.021428,living
2,D,D2,D2_00331,2.907,1.292,2.187,1.693,2.360,608.355,2.326,0.003880,living
2,D,D2,D2_00332,1.842,2.262,2.303,1.018,2.624,580.560,2.119,0.004520,living
2,D,D2,D2_00333,1.690,2.160,2.156,0.998,76.360,540.820,2.470,0.141193,living
2,D,D2,D2_00334,3.262,2.181,3.010,1.380,87.503,714.041,2.591,0.122546,living
2,D,D2,D2_00335,2.636,2.072,2.637,1.273,91.071,670.917,2.385,0.135740,living
2,D,D2,D2_00336,2.298,1.807,2.299,1.272,107.493,663.375,2.787,0.162039,living
2,D,D2,D2_00337,1.386,2.181,1.962,0.899,50.659,486.049,5.341,0.104225,dead
2,D,D2,D2_00338,1.960,3.287,2.864,0.871,2.845,516.560,2.621,0.005507,living
2,D,D2,D2_00339,2.349,2.066,2.486,1.203,98.863,699.245,2.655,0.141386,living
2,D,D2,D2_00340,2.417,2.836,2.954,1.042,2.706,586.084,2.559,0.004618,living
2,D,D2,D2_00341,1.301,2.181,1.901,0.871,2.325,518.818,2.974,0.004481,living
2,D,D2,D2_00342,2.822,2.364,2.914,1.233,78.509,674.180,2.521,0.116451,living
2,D,D2,D2_00343,2.248,2.154,2.483,1.153,82.211,620.226,2.639,0.132549,living
2,D,D2,D2_00344,1.944,2.148,2.306,1.073,45.157,606.922,2.504,0.074403,living
2,D,D2,D2_00345,3.008,3.193,3.497,1.095,35.309,564.545,2.640,0.062544,living
2,D,D2,D2_00346,3.228,2.897,3.451,1.191,36.455,616.366,2.524,0.059146,living
2,D,D2,D2_00347,2.636,2.955,3.149,1.066,2.154,574.942,2.474,0.003746,living
2,D,D2,D2_00348,2.873,2.065,2.748,1.331,51.906,630.947,2.547,0.082267,living
2,D,D2,D2_00349,1.859,1.689,1.999,1.184,28.364,717.936,2.600,0.039507,living
2,D,D2,D2_00350,2.096,1.815,2.201,1.213,44.065,727.097,2.371,0.060603,living
2,D,D2,D2_00351,1.808,2.181,2.241,1.027,14.355,546.411,2.710,0.026272,living
2,D,D2,D2_00352,3.211,1.329,2.331,1.754,2.395,673.416,2.226,0.003556,living
2,D,D2,D2_00353,2.518,2.181,2.644,1.212,46.161,738.040,2.839,0.062545,living
2,D,D2,D2_00354,1.876,1.962,2.165,1.103,44.856,625.892,2.432,0.071667,living
2,D,D2,D2_00355,1.927,2.688,2.568,0.955,17.921,573.439,2.377,0.031252,living
2,D,D2,D2_00356,3.312,3.838,4.023,1.048,17.112,611.046,2.372,0.028005,living
2,D,D2,D2_00357,2.586,2.361,2.788,1.181,23.961,734.379,2.863,0.032627,living
2,D,D2,D2_00358,1.504,1.840,1.877,1.020,21.528,622.899,3.000,0.034561,living
2,D,D2,D2_00359,1.504,1.834,1.874,1.022,27.674,612.944,2.191,0.045150,living
2,D,D2,D2_00360,2.180,2.096,2.412,1.151,24.388,664.070,2.341,0.036724,living
2,D,D2,D2_00361,1.707,1.898,2.031,1.070,14.446,661.535,3.020,0.021836,living
2,D,D2,D2_00362,1.453,1.617,1.730,1.070,22.477,654.000,2.395,0.034368,living
2,D,D2,D2_00363,1.301,1.818,1.735,0.955,20.948,601.766,2.143,0.034811,living
2,D,D2,D2_00364,2.011,2.744,2.651,0.966,21.025,603.664,2.286,0.034829,living
2,D,D2,D2_00365,1.977,2.238,2.373,1.061,27.684,634.915,3.017,0.043602,living
2,D,D2,D2_00366,1.572,1.798,1.897,1.055,17.774,621.441,2.538,0.028602,living
2,D,D2,D2_00367,2.180,2.095,2.411,1.151,11.814,613.163,2.566,0.019267,living
2,D,D2,D2_00368,1.859,2.155,2.258,1.048,20.127,652.818,2.345,0.030831,living
2,D,D2,D2_00369,1.910,2.939,2.673,0.910,14.212,565.310,2.416,0.025141,living
2,D,D2,D2_00370,1.808,2.658,2.474,0.931,16.710,584.103,2.346,0.028608,living
2,D,D2,D2_00371,3.262,2.660,3.324,1.250,2.311,565.140,1.938,0.004089,living
2,D,D2,D2_00372,1.437,1.748,1.788,1.023,16.918,626.565,2.706,0.027001,living
2,D,D2,D2_00373,1.217,2.636,2.021,0.767,10.000,549.542,2.069,0.018197,living
2,D,D2,D2_00374,1.268,2.144,1.860,0.868,15.013,565.293,2.387,0.026558,living
2,D,D2,D2_00375,1.268,1.927,1.764,0.915,11.640,588.893,2.533,0.019766,living
2,D,D2,D2_00376,1.403,2.181,1.974,0.905,14.072,608.639,2.494,0.023121,living
2,D,D2,D2_00377,2.129,1.890,2.263,1.198,83.667,690.873,2.548,0.121103,living
2,D,D2,D2_00378,2.011,3.514,3.000,0.854,2.378,575.378,2.496,0.004133,living
2,D,D2,D2_00379,2.214,2.273,2.531,1.114,68.145,707.244,2.496,0.096353,living
2,D,D2,D2_00380,1.842,2.181,2.262,1.037,63.963,629.936,2.917,0.101539,living
2,D,D2,D2_00381,1.927,2.181,2.313,1.061,72.254,712.596,3.105,0.101396,living
2,D,D2,D2_00382,2.873,2.472,3.007,1.216,137.665,733.947,2.388,0.187568,living
2,D,D2,D2_00383,1.183,1.899,1.691,0.891,2.700,593.586,2.029,0.004549,living
2,D,D2,D2_00384,2.197,2.181,2.470,1.132,2.246,720.969,3.008,0.003115,living
2,D,D2,D2_00385,2.028,2.181,2.373,1.088,65.217,705.008,2.550,0.092505,living
2,D,D2,D2_00386,1.825,2.181,2.251,1.032,56.620,644.333,2.426,0.087874,living
2,D,D2,D2_00387,3.127,1.482,2.429,1.639,14.930,789.573,2.378,0.018909,living
2,D,D2,D2_00388,1.808,2.335,2.318,0.993,24.187,698.701,2.598,0.034617,living
2,D,D2,D2_00389,1.639,1.962,2.023,1.031,30.454,754.670,2.711,0.040354,living
2,D,D2,D2_00390,1.470,2.181,2.021,0.926,55.299,686.034,2.655,0.080607,living
2,D,D2,D2_00391,1.741,2.589,2.396,0.925,7.670,675.835,2.767,0.011349,living
2,D,D2,D2_00392,1.369,1.673,1.708,1.021,20.667,739.765,2.765,0.027937,living
2,D,D2,D2_00393,3.228,2.811,3.399,1.209,26.220,785.576,2.110,0.033377,living
2,D,D2,D2_00394,2.028,2.043,2.297,1.124,36.442,752.858,2.483,0.048404,living
2,D,D2,D2_00395,2.958,3.244,3.495,1.077,35.091,674.943,2.011,0.051992,living
2,D,D2,D2_00396,1.369,2.048,1.889,0.923,48.506,632.247,2.272,0.076720,living
2,D,D2,D2_00397,0.845,2.102,1.504,0.715,14.920,613.980,2.140,0.024300,living
2,D,D2,D2_00398,0.828,2.181,1.516,0.695,30.918,564.776,3.041,0.054745,living
2,D,D2,D2_00399,1.268,2.329,1.939,0.833,32.267,622.827,2.160,0.051807,living
2,D,D2,D2_00400,1.166,1.569,1.526,0.973,28.159,696.928,2.116,0.040405,living
2,D,D2,D2_00401,1.504,1.629,1.766,1.084,21.011,714.652,2.506,0.029401,living
2,D,D2,D2_00402,3.262,2.181,3.010,1.380,24.902,682.959,2.539,0.036461,living
2,D,D2,D2_00403,2.197,2.229,2.497,1.120,41.854,801.269,2.631,0.052234,living
2,D,D2,D2_00404,1.538,1.945,1.952,1.003,27.022,679.275,2.297,0.039781,living
2,D,D2,D2_00405,1.301,2.062,1.848,0.896,16.740,665.909,2.506,0.025139,living
2,D,D2,D2_00406,2.180,3.060,2.914,0.952,7.527,630.884,2.845,0.011931,living
2,D,D2,D2_00407,1.690,1.617,1.865,1.154,20.810,693.900,2.320,0.029990,living
2,D,D2,D2_00408,1.960,2.096,2.287,1.091,32.784,736.259,2.595,0.044528,living
2,D,D2,D2_00409,0.845,2.902,1.767,0.609,11.220,537.860,2.580,0.020860,living
2,D,D2,D2_00410,2.231,2.603,2.719,1.045,12.568,603.500,2.417,0.020825,living
2,D,D2,D2_00411,0.676,2.065,1.333,0.646,2.325,549.825,2.200,0.004229,living
2,D,D2,D2_00412,0.997,1.888,1.548,0.820,12.695,653.593,2.407,0.019423,living
2,D,D2,D2_00413,1.166,1.918,1.687,0.880,15.667,660.812,3.087,0.023708,living
2,D,D2,D2_00414,1.589,2.206,2.113,0.958,24.532,454.862,2.426,0.053933,living
2,D,D2,D2_00415,3.127,2.181,2.947,1.351,32.800,579.746,3.038,0.056577,living
2,D,D2,D2_00416,2.062,1.702,2.114,1.242,99.525,636.066,2.590,0.156469,living
2,D,D2,D2_00417,2.873,2.181,2.825,1.295,61.988,624.965,2.924,0.099187,living
2,D,D2,D2_00418,2.772,2.181,2.775,1.272,2.561,557.774,2.933,0.004591,living
2,D,D2,D2_00419,1.622,2.166,2.115,0.976,2.708,562.021,2.281,0.004819,living
2,D,D2,D2_00420,1.927,2.144,2.294,1.070,30.114,602.184,2.632,0.050008,living
2,D,D2,D2_00421,2.653,2.470,2.888,1.169,79.357,521.146,2.427,0.152273,living
2,D,D2,D2_00422,2.991,1.906,2.694,1.414,97.362,647.220,2.198,0.150430,living
2,D,D2,D2_00423,2.603,1.795,2.439,1.359,113.500,692.370,2.558,0.163930,living
2,D,D2,D2_00424,2.890,1.497,2.347,1.568,88.181,783.561,2.596,0.112539,living
2,D,D2,D2_00425,1.944,2.192,2.329,1.063,75.670,576.148,3.209,0.131337,living
2,D,D2,D2_00426,3.042,2.097,2.850,1.359,8.272,726.117,2.728,0.011392,living
2,D,D2,D2_00427,1.808,2.032,2.163,1.064,38.131,570.860,2.729,0.066795,living
2,D,D2,D2_00428,1.589,1.653,1.829,1.106,51.340,573.096,2.543,0.089584,living
2,D,D2,D2_00429,2.214,1.867,2.294,1.229,54.847,630.840,2.405,0.086943,living
2,D,D2,D2_00430,0.794,2.277,1.517,0.666,19.064,456.681,2.426,0.041744,living
2,D,D2,D2_00431,2.265,2.021,2.414,1.195,12.410,589.851,2.903,0.021040,living
2,D,D2,D2_00432,2.163,2.152,2.434,1.131,26.875,661.234,2.469,0.040644,living
2,D,D2,D2_00433,1.707,2.454,2.309,0.941,27.901,512.832,2.495,0.054406,living
2,D,D2,D2_00434,3.245,2.518,3.225,1.281,47.948,694.677,2.630,0.069022,living
2,D,D2,D2_00435,1.673,2.868,2.472,0.862,28.838,491.475,2.677,0.058677,living
2,D,D2,D2_00436,0.879,1.707,1.382,0.810,25.673,498.808,2.615,0.051469,living
2,D,D2,D2_00437,3.262,2.920,3.482,1.193,27.140,601.041,2.601,0.045155,living
2,D,D2,D2_00438,3.042,2.291,2.979,1.300,19.972,664.544,2.644,0.030054,living
2,D,D2,D2_00439,2.214,1.794,2.249,1.254,8.214,491.908,2.366,0.016698,living
2,D,D2,D2_00440,1.149,1.799,1.622,0.902,20.088,542.000,2.338,0.037063,living
2,D,D2,D2_00441,2.062,1.759,2.149,1.222,26.607,643.590,2.197,0.041341,living
2,D,D2,D2_00442,1.014,2.151,1.666,0.775,13.083,519.400,2.500,0.025189,living
2,D,D2,D2_00443,1.031,3.344,2.095,0.627,9.148,424.328,2.459,0.021558,living
2,D,D2,D2_00444,1.504,1.753,1.832,1.045,12.303,528.865,2.506,0.023264,living
2,D,D2,D2_00445,2.738,1.954,2.610,1.336,14.599,636.765,2.889,0.022926,living
2,D,D2,D2_00446,0.963,2.182,1.636,0.750,10.702,512.807,2.351,0.020869,living
2,D,D2,D2_00447,2.890,1.900,2.644,1.392,2.877,560.187,2.304,0.005136,living
2,D,D2,D2_00448,1.437,1.882,1.856,0.986,12.282,581.694,2.776,0.021115,living
2,D,D2,D2_00449,1.115,1.819,1.607,0.883,18.197,522.333,2.197,0.034838,living
2,D,D2,D2_00450,2.045,1.824,2.179,1.195,2.364,647.504,2.231,0.003650,living
2,D,D2,D2_00451,2.839,2.393,2.941,1.229,106.018,720.744,2.494,0.147095,living
2,D,D2,D2_00452,3.194,2.181,2.978,1.365,7.259,549.042,2.772,0.013222,living
2,D,D2,D2_00453,2.197,2.819,2.808,0.996,85.462,547.831,2.838,0.156000,living
2,D,D2,D2_00454,2.518,3.147,3.176,1.009,2.336,580.785,2.852,0.004021,living
2,D,D2,D2_00455,3.093,1.926,2.754,1.430,117.093,741.678,2.541,0.157876,living
2,D,D2,D2_00456,3.127,2.203,2.962,1.344,112.832,747.173,2.546,0.151012,living
2,D,D2,D2_00457,3.194,2.327,3.076,1.322,4.878,631.751,2.751,0.007722,living
2,D,D2,D2_00458,2.501,2.000,2.524,1.262,100.034,708.034,2.703,0.141284,living
2,D,D2,D2_00459,3.296,2.122,2.984,1.406,102.656,774.990,2.559,0.132462,living
2,D,D2,D2_00460,1.673,1.817,1.967,1.083,33.071,623.697,2.586,0.053024,living
2,D,D2,D2_00461,0.879,1.803,1.421,0.788,61.981,499.000,2.769,0.124210,living
2,D,D2,D2_00462,0.828,2.112,1.492,0.707,12.102,502.633,2.245,0.024077,living
2,D,D2,D2_00463,1.555,1.602,1.781,1.112,70.837,637.783,3.098,0.111068,living
2,D,D2,D2_00464,1.521,2.181,2.055,0.942,32.178,632.667,3.233,0.050861,living
2,D,D2,D2_00465,2.484,2.875,3.015,1.049,38.707,562.238,2.619,0.068845,living
2,D,D2,D2_00466,3.296,2.207,3.043,1.379,100.985,749.826,2.595,0.134677,living
2,D,D2,D2_00467,2.332,1.795,2.309,1.286,82.261,726.391,2.739,0.113246,living
2,D,D2,D2_00468,2.129,1.942,2.294,1.181,62.492,657.238,2.587,0.095083,living
2,D,D2,D2_00469,1.977,1.855,2.161,1.165,65.154,694.974,2.658,0.093750,living
2,D,D2,D2_00470,2.670,2.676,3.016,1.127,58.696,660.380,2.462,0.088882,living
2,D,D2,D2_00471,2.146,2.186,2.444,1.118,33.268,664.693,2.472,0.050050,living
2,D,D2,D2_00472,2.501,2.166,2.626,1.213,44.872,743.426,2.608,0.060358,living
2,D,D2,D2_00473,1.775,2.195,2.227,1.015,44.067,616.390,2.848,0.071491,living
2,D,D2,D2_00474,1.166,2.358,1.871,0.793,2.638,519.348,2.043,0.005079,living
2,D,D2,D2_00475,1.944,1.558,1.964,1.260,3.174,638.078,2.365,0.004974,living
2,D,D2,D2_00476,3.245,1.720,2.666,1.550,14.083,768.479,2.573,0.018326,living
2,D,D2,D2_00477,1.470,1.637,1.750,1.069,2.701,496.747,2.701,0.005438,living
2,D,D2,D2_00478,1.656,1.856,1.978,1.066,2.622,562.316,2.847,0.004664,living
2,D,D2,D2_00479,1.538,1.616,1.779,1.101,30.396,669.791,2.308,0.045381,living
2,D,D2,D2_00480,1.251,1.869,1.725,0.923,13.230,576.892,2.797,0.022933,living
2,D,D2,D2_00481,1.386,2.092,1.921,0.918,5.146,494.024,2.390,0.010417,living
2,D,D2,D2_00482,1.115,2.181,1.760,0.807,14.955,537.470,38.909,0.027824,dead
2,D,D2,D2_00483,2.197,2.509,2.649,1.056,12.600,606.077,2.408,0.020789,living
2,D,D2,D2_00484,1.031,2.022,1.629,0.806,10.459,554.820,3.213,0.018851,living
2,D,D2,D2_00485,1.690,2.506,2.322,0.927,15.250,586.760,2.510,0.025990,living
2,D,D2,D2_00486,0.930,2.148,1.595,0.742,2.927,553.145,2.491,0.005292,living
2,D,D2,D2_00487,1.437,2.304,2.053,0.891,13.012,596.518,2.365,0.021813,living
2,D,D2,D2_00488,1.927,1.663,2.020,1.215,12.746,624.009,2.482,0.020425,living
2,D,D2,D2_00489,0.963,2.248,1.660,0.739,10.719,504.789,2.649,0.021235,living
2,D,D2,D2_00490,1.555,2.024,2.002,0.989,14.848,626.457,2.087,0.023701,living
2,D,D2,D2_00491,2.518,2.661,2.921,1.098,48.309,590.128,2.497,0.081862,living
2,D,D2,D2_00492,2.569,2.239,2.706,1.209,29.842,723.112,2.507,0.041269,living
2,D,D2,D2_00493,1.910,2.154,2.289,1.063,52.504,564.956,2.611,0.092935,living
2,D,D2,D2_00494,2.738,2.336,2.854,1.222,101.710,660.407,2.154,0.154011,living
2,D,D2,D2_00495,1.217,2.657,2.029,0.764,2.194,544.417,2.708,0.004031,living
2,D,D2,D2_00496,2.079,2.678,2.662,0.994,67.033,580.106,2.561,0.115552,living
2,D,D2,D2_00497,1.200,2.829,2.079,0.735,1.845,529.817,2.465,0.003482,living
2,D,D2,D2_00498,1.437,2.412,2.101,0.871,58.953,543.000,2.341,0.108569,living
2,D,D2,D2_00499,1.791,2.055,2.165,1.053,1.858,656.557,2.547,0.002831,living
2,D,D2,D2_00500,1.487,2.212,2.046,0.925,3.080,593.932,2.466,0.005185,living
2,D,D2,D2_00501,0.845,2.249,1.556,0.692,3.060,455.060,2.620,0.006724,living
2,D,D2,D2_00502,1.065,1.716,1.525,0.889,2.587,575.873,2.730,0.004493,living
2,D,D2,D2_00503,2.991,2.181,2.882,1.321,103.395,808.164,2.808,0.127939,living
2,D,D2,D2_00504,2.434,2.440,2.750,1.127,64.319,627.076,2.861,0.102570,living
2,D,D2,D2_00505,2.062,2.360,2.489,1.055,62.525,637.770,2.959,0.098036,living
2,D,D2,D2_00506,2.028,1.845,2.183,1.183,25.458,771.575,2.500,0.032995,living
2,D,D2,D2_00507,1.420,1.937,1.871,0.966,2.524,586.238,2.452,0.004305,living
2,D,D2,D2_00508,2.434,1.813,2.370,1.307,62.792,742.938,2.500,0.084518,living
2,D,D2,D2_00509,1.741,1.494,1.820,1.218,2.563,466.049,2.000,0.005500,living
2,D,D2,D2_00510,2.417,1.990,2.475,1.244,77.119,831.413,2.615,0.092756,living
2,D,D2,D2_00511,0.811,2.181,1.501,0.688,34.521,534.438,182.438,0.064593,dead
2,D,D2,D2_00512,1.859,2.259,2.312,1.024,31.482,618.745,2.700,0.050880,living
2,D,D2,D2_00513,1.673,2.360,2.242,0.950,2.202,421.636,2.202,0.005223,living
2,D,D2,D2_00514,2.383,2.774,2.901,1.046,2.610,682.057,2.482,0.003827,living
2,D,D2,D2_00515,1.791,2.385,2.332,0.978,29.425,633.868,2.189,0.046421,living
2,D,D2,D2_00516,1.284,2.791,2.136,0.765,3.237,402.579,2.605,0.008040,living
2,D,D2,D2_00517,2.129,2.181,2.432,1.115,27.595,639.627,2.833,0.043143,living
2,D,D2,D2_00518,1.724,1.960,2.074,1.058,23.127,634.441,2.471,0.036453,living
2,D,D2,D2_00519,2.298,2.069,2.460,1.189,45.816,812.088,2.154,0.056418,living
2,D,D2,D2_00520,2.011,2.529,2.545,1.006,2.815,621.739,2.916,0.004528,living
2,D,D2,D2_00521,1.538,2.042,2.000,0.979,2.703,527.604,2.593,0.005124,living
2,D,D2,D2_00522,1.048,2.139,1.689,0.790,2.919,502.048,2.290,0.005815,living
2,D,D2,D2_00523,2.146,2.607,2.669,1.024,2.126,510.488,2.890,0.004165,living
2,D,D2,D2_00524,2.890,2.181,2.833,1.299,2.345,658.667,2.439,0.003560,living
2,D,D2,D2_00525,2.586,2.021,2.580,1.276,38.379,829.863,2.242,0.046248,living
2,D,D2,D2_00526,2.349,1.788,2.312,1.293,32.835,703.079,2.417,0.046701,living
2,D,D2,D2_00527,1.420,2.308,2.043,0.885,2.786,467.845,2.107,0.005954,living
2,D,D2,D2_00528,1.149,1.986,1.705,0.858,3.397,572.309,1.618,0.005936,living
2,D,D2,D2_00529,0.811,2.132,1.484,0.696,6.896,597.896,2.229,0.011534,living
2,D,D2,D2_00530,1.859,3.436,2.852,0.830,9.882,517.091,2.282,0.019110,living
2,D,D2,D2_00531,3.076,1.366,2.313,1.693,7.253,529.495,2.538,0.013697,living
2,D,D2,D2_00532,1.251,1.283,1.430,1.114,9.649,539.622,2.257,0.017880,living
2,D,D2,D2_00533,1.707,2.500,2.331,0.932,15.851,600.059,2.455,0.026417,living
2,D,D2,D2_00534,2.298,2.181,2.526,1.158,14.199,590.154,2.956,0.024059,living
2,D,D2,D2_00535,1.555,4.100,2.849,0.695,8.239,523.533,2.457,0.015738,living
2,D,D2,D2_00536,1.284,1.606,1.620,1.009,13.250,609.066,2.342,0.021755,living
2,D,D2,D2_00537,1.065,2.095,1.685,0.805,15.444,558.444,2.111,0.027656,living
2,D,D2,D2_00538,1.673,1.966,2.046,1.041,11.000,569.394,2.222,0.019319,living
2,D,D2,D2_00539,3.177,1.423,2.399,1.686,2.872,637.638,2.213,0.004505,living
2,D,D2,D2_00540,3.177,2.228,3.002,1.347,32.739,670.021,2.388,0.048863,living
2,D,D2,D2_00541,2.653,2.012,2.607,1.296,98.325,603.083,2.382,0.163037,living
2,D,D2,D2_00542,2.738,3.453,3.470,1.005,70.117,565.741,2.543,0.123939,living
2,D,D2,D2_00543,1.132,1.678,1.555,0.927,2.313,515.910,2.522,0.004484,living
2,D,D2,D2_00544,2.924,2.612,3.118,1.194,2.723,675.699,2.358,0.004029,living
2,D,D2,D2_00545,1.301,2.181,1.901,0.871,95.714,525.688,76.857,0.182074,dead
2,D,D2,D2_00546,0.727,1.987,1.356,0.683,2.233,507.442,2.163,0.004400,living
2,D,D2,D2_00547,2.501,2.883,3.030,1.051,29.764,537.291,2.453,0.055396,living
2,D,D2,D2_00548,1.606,2.874,2.424,0.843,30.758,533.495,2.768,0.057654,living
2,D,D2,D2_00549,3.143,2.181,2.954,1.355,71.774,889.312,3.710,0.080708,living
2,D,D2,D2_00550,3.296,2.139,2.996,1.401,57.728,958.169,2.451,0.060248,living
2,D,D2,D2_00551,1.893,3.212,2.782,0.866,32.946,567.384,2.705,0.058067,living
2,D,D2,D2_00552,2.569,2.489,2.853,1.146,2.770,636.243,2.691,0.004353,living
2,D,D2,D2_00553,2.890,2.894,3.263,1.128,45.643,672.497,2.246,0.067871,living
2,D,D2,D2_00554,3.093,2.907,3.384,1.164,36.350,673.246,2.235,0.053992,living
2,D,D2,D2_00555,3.008,1.872,2.678,1.430,44.399,827.601,3.090,0.053648,living
2,D,D2,D2_00556,0.811,3.825,1.987,0.520,17.188,445.625,1.917,0.038569,living
2,D,D2,D2_00557,1.453,1.674,1.760,1.051,26.709,670.349,2.326,0.039844,living
2,D,D2,D2_00558,1.352,1.745,1.733,0.993,15.450,582.200,2.550,0.026537,living
2,D,D2,D2_00559,2.890,2.399,2.971,1.238,41.550,767.602,2.497,0.054129,living
2,D,D2,D2_00560,2.214,2.246,2.516,1.120,19.656,667.954,2.863,0.029428,living
2,D,D2,D2_00561,1.369,2.024,1.878,0.928,10.012,586.914,2.148,0.017059,living
2,D,D2,D2_00562,1.369,2.226,1.970,0.885,20.481,577.914,2.210,0.035440,living
2,D,D2,D2_00563,2.434,2.136,2.573,1.205,32.201,714.347,2.590,0.045078,living
2,D,D2,D2_00564,1.335,1.888,1.791,0.949,13.291,619.734,2.228,0.021447,living
2,D,D2,D2_00565,1.842,1.659,1.973,1.189,28.367,740.055,2.541,0.038331,living
2,D,D2,D2_00566,0.727,2.804,1.611,0.575,2.256,474.581,3.000,0.004753,living
2,D,D2,D2_00567,2.569,4.069,3.648,0.897,13.092,573.954,2.520,0.022810,living
2,D,D2,D2_00568,0.913,1.807,1.449,0.802,11.352,568.889,2.370,0.019954,living
2,D,D2,D2_00569,2.231,1.839,2.286,1.243,14.424,726.258,2.364,0.019861,living
2,D,D2,D2_00570,0.896,4.407,2.242,0.509,5.830,455.302,2.830,0.012805,living
2,D,D2,D2_00571,2.822,2.060,2.721,1.321,18.246,762.425,2.683,0.023931,living
2,D,D2,D2_00572,1.960,2.343,2.418,1.032,16.681,619.284,2.483,0.026936,living
2,D,D2,D2_00573,2.738,2.493,2.948,1.183,2.772,476.025,2.401,0.005822,living
2,D,D2,D2_00574,1.251,1.605,1.599,0.996,14.905,675.324,2.514,0.022071,living
2,D,D2,D2_00575,1.758,2.175,2.206,1.014,8.808,670.019,2.010,0.013145,living
2,D,D2,D2_00576,2.315,3.866,3.376,0.873,12.701,573.949,2.372,0.022129,living
2,D,D2,D2_00577,1.352,2.298,1.989,0.866,7.875,584.138,1.975,0.013481,living
2,D,D2,D2_00578,1.335,3.150,2.314,0.735,9.051,565.772,1.924,0.015997,living
2,D,D2,D2_00579,1.741,1.830,2.014,1.101,11.563,593.223,2.544,0.019492,living
2,D,D2,D2_00580,1.369,2.569,2.116,0.824,8.148,564.691,2.642,0.014429,living
2,D,D2,D2_00581,1.352,2.432,2.046,0.841,29.875,602.087,2.837,0.049619,living
2,D,D2,D2_00582,1.572,2.296,2.144,0.934,84.172,653.344,1.925,0.128833,living
2,D,D2,D2_00583,1.065,1.767,1.548,0.876,79.714,618.683,2.841,0.128845,living
2,D,D2,D2_00584,1.876,1.979,2.174,1.099,29.802,773.216,2.784,0.038543,living
2,D,D2,D2_00585,1.589,2.332,2.172,0.931,45.436,633.840,2.213,0.071684,living
2,D,D2,D2_00586,1.521,2.972,2.399,0.807,36.967,622.311,2.556,0.059402,living
2,D,D2,D2_00587,2.991,2.231,2.915,1.307,121.853,807.023,2.209,0.150991,living
2,D,D2,D2_00588,1.606,1.732,1.882,1.087,82.474,722.632,2.474,0.114130,living
2,D,D2,D2_00589,1.673,1.682,1.893,1.125,57.545,685.000,2.343,0.084008,living
2,D,D2,D2_00590,2.146,2.181,2.441,1.119,78.843,761.283,3.118,0.103565,living
2,D,D2,D2_00591,2.366,2.465,2.725,1.105,126.671,678.629,2.521,0.186658,living
2,D,D2,D2_00592,2.332,2.045,2.464,1.205,115.543,704.928,2.406,0.163908,living
2,D,D2,D2_00593,1.960,1.958,2.210,1.129,50.138,783.621,2.129,0.063982,living
2,D,D2,D2_00594,2.231,2.299,2.555,1.112,36.144,752.280,2.394,0.048046,living
2,D,D2,D2_00595,2.282,2.102,2.471,1.176,84.822,752.637,2.244,0.112700,living
2,D,D2,D2_00596,2.180,2.244,2.496,1.112,147.605,726.326,2.899,0.203221,living
2,D,D2,D2_00597,2.518,1.998,2.531,1.267,84.960,894.087,2.691,0.095024,living
2,D,D2,D2_00598,2.636,2.181,2.706,1.240,161.801,810.615,3.045,0.199603,living
2,D,D2,D2_00599,2.417,2.181,2.591,1.188,82.671,693.867,2.657,0.119146,living
2,D,D2,D2_00600,2.467,1.865,2.420,1.298,116.493,920.610,2.247,0.126539,living
2,D,D2,D2_00601,2.603,1.780,2.429,1.365,111.519,743.851,2.526,0.149922,living
2,D,D2,D2_00602,1.825,2.057,2.186,1.063,124.481,696.417,2.435,0.178746,living
2,D,D2,D2_00603,2.974,2.248,2.918,1.298,73.545,949.358,2.318,0.077469,living
2,D,D2,D2_00604,2.636,2.274,2.763,1.215,129.141,802.756,2.276,0.160872,living
2,D,D2,D2_00605,2.974,2.953,3.344,1.132,132.881,720.273,2.608,0.184487,living
2,D,D2,D2_00606,2.028,1.860,2.192,1.178,130.167,799.400,2.383,0.162830,living
2,D,D2,D2_00607,2.248,2.540,2.696,1.062,111.647,718.534,2.669,0.155381,living
2,D,D2,D2_00608,2.045,1.779,2.152,1.210,73.182,825.562,2.810,0.088645,living
2,D,D2,D2_00609,2.096,2.182,2.413,1.106,99.710,737.831,2.355,0.135139,living
2,D,D2,D2_00610,1.555,2.175,2.075,0.954,45.783,727.598,2.076,0.062923,living
2,D,D2,D2_00611,1.251,1.766,1.677,0.950,69.041,728.851,3.108,0.094725,living
2,D,D2,D2_00612,2.958,2.675,3.174,1.187,111.366,812.971,2.651,0.136986,living
2,D,D2,D2_00613,2.231,2.188,2.493,1.139,115.008,785.485,2.977,0.146416,living
2,D,D2,D2_00614,2.366,2.107,2.519,1.196,102.914,784.471,2.200,0.131189,living
2,D,D2,D2_00615,1.437,1.546,1.682,1.088,81.800,793.624,2.612,0.103072,living
2,D,D2,D2_00616,1.859,1.720,2.018,1.173,46.400,863.845,2.364,0.053713,living
2,D,D2,D2_00617,2.045,2.120,2.349,1.108,99.074,774.694,2.777,0.127888,living
2,D,D2,D2_00618,1.082,1.839,1.592,0.866,20.156,657.531,2.438,0.030654,living
2,D,D2,D2_00619,1.656,1.902,2.003,1.053,63.255,724.520,2.061,0.087306,living
2,D,D2,D2_00620,2.366,2.041,2.480,1.215,94.114,820.793,2.700,0.114663,living
2,D,D2,D2_00621,2.856,1.402,2.258,1.610,54.888,872.148,2.414,0.062934,living
2,D,D2,D2_00622,2.670,2.799,3.085,1.102,32.000,803.842,2.930,0.039809,living
2,D,D2,D2_00623,2.755,2.395,2.898,1.210,53.920,795.018,3.117,0.067823,living
2,D,D2,D2_00624,1.521,2.181,2.055,0.942,25.778,663.322,3.089,0.038862,living
2,D,D2,D2_00625,1.453,2.247,2.039,0.907,7.081,711.814,2.826,0.009948,living
2,D,D2,D2_00626,1.251,1.907,1.743,0.914,26.459,707.514,2.541,0.037398,living
2,D,D2,D2_00627,1.639,2.102,2.094,0.996,42.794,747.649,2.021,0.057238,living
2,D,D2,D2_00628,2.129,2.084,2.377,1.140,54.500,838.857,2.397,0.064969,living
2,D,D2,D2_00629,1.284,2.077,1.843,0.887,47.250,680.118,2.776,0.069473,living
2,D,D2,D2_00630,1.284,1.857,1.742,0.938,47.592,724.013,3.105,0.065734,living
2,D,D2,D2_00631,1.234,1.894,1.725,0.911,23.658,699.466,2.616,0.033822,living
2,D,D2,D2_00632,1.487,2.238,2.058,0.920,23.920,737.057,2.489,0.032454,living
2,D,D2,D2_00633,0.930,1.922,1.509,0.785,16.745,660.600,2.764,0.025349,living
2,D,D2,D2_00634,1.842,2.590,2.465,0.952,30.018,699.716,2.862,0.042901,living
2,D,D2,D2_00635,1.707,2.233,2.203,0.987,21.228,712.564,1.911,0.029791,living
2,D,D2,D2_00636,1.555,2.916,2.403,0.824,28.543,653.717,2.630,0.043663,living
2,D,D2,D2_00637,2.028,2.547,2.565,1.007,21.275,772.558,2.583,0.027538,living
2,D,D2,D2_00638,2.332,2.717,2.840,1.045,33.145,768.442,2.812,0.043133,living
2,D,D2,D2_00639,1.437,2.042,1.933,0.947,6.835,658.894,2.353,0.010374,living
2,D,D2,D2_00640,2.079,2.248,2.439,1.085,24.626,762.829,2.748,0.032282,living
2,D,D2,D2_00641,1.690,3.190,2.620,0.821,18.510,646.790,2.520,0.028618,living
2,D,D2,D2_00642,1.335,1.576,1.637,1.039,21.519,783.013,2.051,0.027482,living
2,D,D2,D2_00643,1.234,2.103,1.818,0.864,8.301,702.685,2.356,0.011814,living
2,D,D2,D2_00644,1.403,1.800,1.793,0.996,22.108,741.434,2.976,0.029818,living
2,D,D2,D2_00645,2.535,1.679,2.328,1.386,13.913,705.567,2.367,0.019719,living
2,D,D2,D2_00646,0.845,2.056,1.487,0.723,15.500,645.040,2.700,0.024030,living
2,D,D2,D2_00647,1.301,2.077,1.855,0.893,16.909,700.649,2.091,0.024133,living
2,D,D2,D2_00648,2.146,2.775,2.754,0.992,17.717,702.378,2.220,0.025224,living
2,D,D2,D2_00649,0.997,2.013,1.599,0.794,13.186,604.492,2.085,0.021814,living
2,D,D2,D2_00650,1.876,2.794,2.583,0.925,11.631,705.847,1.991,0.016478,living
2,D,D2,D2_00651,0.879,1.914,1.464,0.765,9.865,602.154,3.058,0.016383,living
2,D,D2,D2_00652,2.958,2.042,2.773,1.358,2.966,545.549,2.377,0.005436,living
2,D,D2,D2_00653,1.369,1.716,1.729,1.008,46.605,660.395,1.852,0.070571,living
2,D,D2,D2_00654,1.927,2.081,2.260,1.086,100.482,661.096,2.237,0.151994,living
2,D,D2,D2_00655,1.656,2.017,2.062,1.022,24.837,682.224,2.531,0.036406,living
2,D,D2,D2_00656,1.470,1.865,1.868,1.002,95.874,639.115,1.931,0.150010,living
2,D,D2,D2_00657,1.910,1.976,2.192,1.109,58.796,670.071,2.310,0.087747,living
2,D,D2,D2_00658,2.755,2.001,2.649,1.324,104.172,815.687,2.252,0.127710,living
2,D,D2,D2_00659,1.977,2.277,2.394,1.051,2.846,622.342,2.214,0.004573,living
2,D,D2,D2_00660,1.944,1.689,2.045,1.211,113.009,796.878,2.626,0.141814,living
2,D,D2,D2_00661,0.879,1.840,1.435,0.780,58.096,585.827,2.962,0.099169,living
2,D,D2,D2_00662,1.538,2.513,2.218,0.883,3.165,652.319,2.297,0.004852,living
2,D,D2,D2_00663,1.504,2.313,2.105,0.910,72.416,631.202,2.124,0.114727,living
2,D,D2,D2_00664,2.974,2.598,3.136,1.207,34.875,602.915,2.278,0.057844,living
2,D,D2,D2_00665,2.451,2.111,2.567,1.216,84.207,868.159,2.697,0.096995,living
2,D,D2,D2_00666,1.876,2.997,2.676,0.893,55.694,635.045,2.405,0.087700,living
2,D,D2,D2_00667,2.248,1.757,2.243,1.276,46.098,696.940,2.511,0.066143,living
2,D,D2,D2_00668,2.062,1.690,2.106,1.246,131.541,837.311,2.566,0.157099,living
2,D,D2,D2_00669,2.045,1.796,2.162,1.204,136.785,778.760,2.140,0.175645,living
2,D,D2,D2_00670,1.910,1.820,2.104,1.156,149.549,710.487,2.407,0.210488,living
2,D,D2,D2_00671,2.197,1.962,2.343,1.194,150.738,802.085,2.485,0.187933,living
2,D,D2,D2_00672,2.298,1.598,2.162,1.353,73.051,931.610,2.794,0.078414,living
2,D,D2,D2_00673,1.825,1.982,2.146,1.083,100.861,781.111,2.861,0.129125,living
2,D,D2,D2_00674,1.504,1.963,1.939,0.988,50.787,748.663,2.719,0.067836,living
2,D,D2,D2_00675,2.789,2.927,3.224,1.101,79.818,745.212,2.576,0.107108,living
2,D,D2,D2_00676,3.279,2.181,3.018,1.384,98.825,677.433,32.990,0.145881,dead
2,D,D2,D2_00677,1.622,2.194,2.129,0.970,37.385,712.396,1.948,0.052478,living
2,D,D2,D2_00678,1.538,2.206,2.078,0.942,9.912,637.670,2.549,0.015544,living
2,D,D2,D2_00679,2.265,2.278,2.563,1.125,89.276,776.963,2.560,0.114904,living
2,D,D2,D2_00680,2.248,2.211,2.516,1.138,44.361,805.429,2.617,0.055077,living
2,D,D2,D2_00681,1.994,3.099,2.805,0.905,30.864,696.864,2.653,0.044290,living
2,D,D2,D2_00682,2.146,2.032,2.356,1.160,72.717,805.213,2.638,0.090307,living
2,D,D2,D2_00683,1.707,2.181,2.177,0.998,41.842,629.614,28.970,0.066456,dead
2,D,D2,D2_00684,1.893,2.685,2.544,0.947,27.223,698.018,2.527,0.039001,living
2,D,D2,D2_00685,2.552,1.997,2.547,1.276,39.397,936.815,2.424,0.042055,living
2,D,D2,D2_00686,2.738,1.900,2.574,1.355,54.901,1048.926,2.512,0.052340,living
2,D,D2,D2_00687,2.062,2.559,2.592,1.013,35.230,755.533,2.541,0.046629,living
2,D,D2,D2_00688,1.352,1.868,1.793,0.960,16.587,716.100,2.938,0.023164,living
2,D,D2,D2_00689,2.586,2.098,2.628,1.253,19.974,794.876,2.706,0.025128,living
2,D,D2,D2_00690,2.687,2.747,3.066,1.116,26.358,787.509,2.528,0.033471,living
2,D,D2,D2_00691,0.676,2.181,1.370,0.628,16.600,588.750,45.900,0.028195,dead
2,D,D2,D2_00692,1.521,1.691,1.810,1.070,71.600,672.189,2.767,0.106518,living
2,D,D2,D2_00693,1.944,2.447,2.461,1.006,84.722,634.583,2.452,0.133508,living
2,D,D2,D2_00694,2.298,2.474,2.690,1.088,62.007,605.500,2.272,0.102407,living
2,D,D2,D2_00695,1.656,1.558,1.812,1.163,134.378,743.214,2.163,0.180806,living
2,D,D2,D2_00696,1.115,1.602,1.508,0.941,54.697,690.227,2.636,0.079245,living
2,D,D2,D2_00697,1.420,2.389,2.078,0.870,34.952,653.964,2.143,0.053447,living
2,D,D2,D2_00698,1.606,1.936,1.990,1.028,112.221,687.074,2.474,0.163332,living
2,D,D2,D2_00699,2.789,2.279,2.845,1.248,120.721,782.491,2.315,0.154278,living
2,D,D2,D2_00700,1.200,1.717,1.620,0.943,103.648,639.831,2.268,0.161993,living
2,D,D2,D2_00701,2.670,2.923,3.152,1.078,100.696,643.310,2.006,0.156528,living
2,D,D2,D2_00702,2.434,2.162,2.588,1.197,52.562,795.278,2.632,0.066093,living
2,D,D2,D2_00703,1.842,2.226,2.285,1.026,50.275,650.826,2.826,0.077248,living
2,D,D2,D2_00704,1.132,1.802,1.612,0.894,83.522,605.507,2.761,0.137938,living
2,D,D2,D2_00705,2.603,3.342,3.328,0.996,27.481,622.351,2.545,0.044156,living
2,D,D2,D2_00706,1.234,1.705,1.637,0.960,75.904,640.068,2.685,0.118587,living
2,D,D2,D2_00707,1.200,2.212,1.838,0.831,59.225,624.986,3.197,0.094763,living
2,D,D2,D2_00708,2.180,2.238,2.492,1.114,109.977,689.612,2.721,0.159476,living
2,D,D2,D2_00709,1.842,1.843,2.079,1.128,108.780,738.899,2.147,0.147219,living
2,D,D2,D2_00710,3.025,3.226,3.525,1.093,122.453,676.760,2.665,0.180939,living
2,D,D2,D2_00711,2.991,1.996,2.757,1.381,145.910,922.932,2.480,0.158094,living
2,D,D2,D2_00712,2.738,1.046,1.910,1.826,78.401,698.765,2.556,0.112200,living
2,D,D2,D2_00713,2.113,2.560,2.624,1.025,88.584,664.144,2.776,0.133381,living
2,D,D2,D2_00714,2.721,2.751,3.087,1.122,125.000,701.981,2.161,0.178067,living
2,D,D2,D2_00715,2.231,2.241,2.523,1.126,35.402,781.333,2.583,0.045309,living
2,D,D2,D2_00716,3.262,1.985,2.871,1.446,9.544,875.290,2.720,0.010904,living
2,D,D2,D2_00717,2.062,2.275,2.444,1.074,69.303,725.828,2.500,0.095482,living
2,D,D2,D2_00718,2.670,1.378,2.164,1.571,11.361,827.392,2.494,0.013731,living
2,D,D2,D2_00719,2.265,2.181,2.508,1.150,11.366,778.224,2.634,0.014605,living
2,D,D2,D2_00720,2.282,1.863,2.327,1.249,118.763,673.111,2.356,0.176439,living
2,D,D2,D2_00721,2.248,1.477,2.056,1.392,57.368,818.932,2.444,0.070053,living
2,D,D2,D2_00722,1.960,2.127,2.304,1.083,124.776,684.302,2.483,0.182340,living
2,D,D2,D2_00723,2.332,2.147,2.525,1.176,100.268,730.957,2.609,0.137174,living
2,D,D2,D2_00724,2.822,3.800,3.695,0.972,36.096,695.647,2.737,0.051888,living
2,D,D2,D2_00725,1.859,2.400,2.383,0.993,87.636,638.718,2.464,0.137207,living
2,D,D2,D2_00726,0.794,1.770,1.338,0.756,40.085,475.064,2.702,0.084378,living
2,D,D2,D2_00727,1.217,2.034,1.775,0.873,75.014,612.903,2.833,0.122391,living
2,D,D2,D2_00728,2.129,1.447,1.981,1.369,31.817,675.579,2.754,0.047097,living
2,D,D2,D2_00729,1.893,2.181,2.293,1.051,50.741,672.134,15.232,0.075493,dead
2,D,D2,D2_00730,2.129,2.060,2.363,1.147,73.103,814.397,2.524,0.089764,living
2,D,D2,D2_00731,1.673,2.181,2.156,0.988,110.020,756.556,3.293,0.145423,living
2,D,D2,D2_00732,1.859,1.708,2.011,1.177,3.109,749.718,2.400,0.004147,living
2,D,D2,D2_00733,0.946,2.181,1.621,0.743,67.911,535.036,106.964,0.126927,dead
2,D,D2,D2_00734,1.065,2.181,1.720,0.788,48.238,558.143,51.794,0.086426,dead
2,D,D2,D2_00735,2.822,2.745,3.141,1.144,59.695,789.048,2.743,0.075654,living
2,D,D2,D2_00736,3.177,2.326,3.067,1.319,65.484,917.043,2.649,0.071408,living
2,D,D2,D2_00737,3.329,2.319,3.135,1.352,41.472,712.447,2.365,0.058211,living
2,D,D2,D2_00738,1.622,1.594,1.814,1.138,75.875,788.031,2.333,0.096284,living
2,D,D2,D2_00739,1.318,1.925,1.797,0.934,44.974,659.910,2.385,0.068152,living
2,D,D2,D2_00740,2.163,1.852,2.258,1.219,81.523,822.500,2.609,0.099117,living
2,D,D2,D2_00741,2.113,1.764,2.178,1.235,39.200,821.544,2.512,0.047715,living
2,D,D2,D2_00742,2.113,2.818,2.753,0.977,38.400,682.632,2.616,0.056253,living
2,D,D2,D2_00743,1.115,1.567,1.492,0.952,50.909,679.394,2.379,0.074933,living
2,D,D2,D2_00744,1.859,2.231,2.298,1.030,33.073,733.536,2.618,0.045087,living
2,D,D2,D2_00745,0.913,3.575,2.039,0.570,19.500,548.778,2.556,0.035534,living
2,D,D2,D2_00746,2.129,2.392,2.546,1.065,40.690,754.048,2.524,0.053963,living
2,D,D2,D2_00747,1.487,1.862,1.878,1.008,7.091,741.693,2.864,0.009560,living
2,D,D2,D2_00748,1.842,2.285,2.315,1.013,27.064,656.404,3.028,0.041231,living
2,D,D2,D2_00749,2.467,2.205,2.632,1.194,30.829,777.014,2.329,0.039676,living
2,D,D2,D2_00750,1.724,2.445,2.317,0.948,17.098,730.902,2.078,0.023393,living
2,D,D2,D2_00751,1.707,2.958,2.536,0.857,14.228,648.168,2.861,0.021951,living
2,D,D2,D2_00752,1.115,2.245,1.785,0.795,6.788,652.742,2.197,0.010399,living
2,D,D2,D2_00753,1.724,3.759,2.872,0.764,14.882,621.127,2.206,0.023960,living
2,D,D2,D2_00754,1.994,1.544,1.980,1.282,11.169,698.364,2.932,0.015994,living
2,D,D2,D2_00755,1.977,1.788,2.121,1.187,90.248,700.350,2.530,0.128861,living
2,D,D2,D2_00756,2.011,2.524,2.542,1.007,55.218,593.588,3.218,0.093025,living
2,D,D2,D2_00757,2.467,2.318,2.698,1.164,79.110,639.959,2.363,0.123617,living
2,D,D2,D2_00758,1.690,2.918,2.506,0.859,67.930,512.010,2.520,0.132673,living
2,D,D2,D2_00759,1.656,2.181,2.145,0.983,87.031,589.061,2.959,0.147745,living
2,D,D2,D2_00760,1.555,1.871,1.925,1.029,79.478,546.076,1.848,0.145544,living
2,D,D2,D2_00761,1.656,1.965,2.035,1.036,75.337,595.551,2.480,0.126499,living
2,D,D2,D2_00762,1.606,2.181,2.112,0.968,103.305,574.400,2.958,0.179849,living
2,D,D2,D2_00763,1.690,3.480,2.736,0.786,2.620,585.050,1.940,0.004478,living
2,D,D2,D2_00764,1.960,2.369,2.431,1.026,104.164,568.543,2.414,0.183212,living
2,D,D2,D2_00765,0.811,1.743,1.342,0.770,23.896,523.188,2.917,0.045674,living
2,D,D2,D2_00766,1.470,1.733,1.801,1.039,6.218,624.241,2.943,0.009962,living
2,D,D2,D2_00767,0.980,1.713,1.462,0.853,51.897,525.672,2.155,0.098724,living
2,D,D2,D2_00768,2.789,1.925,2.615,1.358,102.315,804.733,2.085,0.127142,living
2,D,D2,D2_00769,2.400,1.988,2.465,1.240,104.761,672.162,2.092,0.155856,living
2,D,D2,D2_00770,1.335,2.190,1.929,0.881,22.734,595.127,3.063,0.038201,living
2,D,D2,D2_00771,2.231,1.679,2.184,1.301,85.235,770.295,2.508,0.110652,living
2,D,D2,D2_00772,2.417,1.943,2.445,1.259,140.329,709.853,2.510,0.197687,living
2,D,D2,D2_00773,2.636,2.268,2.759,1.216,90.923,658.737,3.032,0.138026,living
2,D,D2,D2_00774,1.555,2.049,2.014,0.983,2.891,600.957,1.967,0.004811,living
2,D,D2,D2_00775,2.366,3.007,3.010,1.001,40.086,594.636,2.450,0.067412,living
2,D,D2,D2_00776,1.893,2.108,2.254,1.069,67.500,632.536,2.688,0.106713,living
2,D,D2,D2_00777,1.268,2.181,1.877,0.860,65.920,525.600,66.053,0.125419,dead
2,D,D2,D2_00778,2.062,1.840,2.198,1.195,108.279,649.131,2.533,0.166806,living
2,D,D2,D2_00779,1.589,1.432,1.702,1.189,3.053,463.011,2.000,0.006594,living
2,D,D2,D2_00780,2.028,1.903,2.217,1.165,130.025,662.533,2.142,0.196254,living
2,D,D2,D2_00781,1.842,1.938,2.132,1.100,26.817,683.450,2.394,0.039237,living
2,D,D2,D2_00782,1.437,2.010,1.918,0.954,25.294,602.388,2.471,0.041990,living
2,D,D2,D2_00783,3.329,2.853,3.477,1.219,78.873,673.706,3.020,0.117074,living
2,D,D2,D2_00784,1.521,2.189,2.059,0.941,28.600,589.911,2.467,0.048482,living
2,D,D2,D2_00785,1.825,1.668,1.969,1.180,29.019,742.907,2.537,0.039061,living
2,D,D2,D2_00786,1.944,1.642,2.016,1.228,66.548,720.426,3.061,0.092373,living
2,D,D2,D2_00787,1.437,1.705,1.766,1.036,57.847,663.294,2.812,0.087212,living
2,D,D2,D2_00788,1.690,1.843,1.991,1.081,88.830,645.320,3.110,0.137653,living
2,D,D2,D2_00789,3.228,2.577,3.254,1.263,79.508,736.283,2.613,0.107985,living
2,D,D2,D2_00790,2.298,2.181,2.526,1.158,106.912,751.772,2.868,0.142213,living
2,D,D2,D2_00791,2.417,1.678,2.272,1.354,125.168,881.979,2.322,0.141917,living
2,D,D2,D2_00792,1.217,1.769,1.656,0.936,50.292,623.597,3.097,0.080648,living
2,D,D2,D2_00793,2.028,2.142,2.352,1.098,74.358,673.733,2.550,0.110368,living
2,D,D2,D2_00794,1.572,1.924,1.962,1.020,28.946,640.323,2.462,0.045206,living
2,D,D2,D2_00795,1.994,1.728,2.095,1.212,76.695,688.085,2.492,0.111461,living
2,D,D2,D2_00796,2.822,3.205,3.393,1.059,45.575,639.269,2.850,0.071292,living
2,D,D2,D2_00797,2.011,1.908,2.210,1.158,85.950,641.378,2.050,0.134008,living
2,D,D2,D2_00798,2.248,1.937,2.355,1.216,14.850,697.173,2.609,0.021300,living
2,D,D2,D2_00799,2.873,2.193,2.832,1.292,79.318,790.206,2.500,0.100376,living
2,D,D2,D2_00800,2.805,2.811,3.168,1.127,72.723,673.018,2.392,0.108055,living
2,D,D2,D2_00801,1.808,2.211,2.256,1.020,74.271,617.159,2.738,0.120343,living
2,D,D2,D2_00802,1.859,2.048,2.202,1.075,63.645,665.236,2.173,0.095673,living
2,D,D2,D2_00803,2.789,1.693,2.452,1.448,3.600,673.103,2.824,0.005348,living
2,D,D2,D2_00804,2.349,2.162,2.543,1.176,43.410,755.842,2.683,0.057433,living
2,D,D2,D2_00805,2.501,2.123,2.600,1.225,71.000,714.446,2.338,0.099378,living
2,D,D2,D2_00806,3.346,2.868,3.495,1.219,64.005,738.712,2.566,0.086644,living
2,D,D2,D2_00807,1.014,3.043,1.982,0.651,31.767,496.850,3.450,0.063936,living
2,D,D2,D2_00808,2.738,2.525,2.967,1.175,50.883,688.481,2.623,0.073906,living
2,D,D2,D2_00809,2.113,2.842,2.765,0.973,2.480,477.552,1.984,0.005193,living
2,D,D2,D2_00810,1.453,2.332,2.077,0.891,24.605,580.105,2.081,0.042414,living
2,D,D2,D2_00811,2.417,2.349,2.689,1.145,34.860,544.846,2.615,0.063982,living
2,D,D2,D2_00812,2.822,2.257,2.848,1.262,55.778,790.731,2.754,0.070540,living
2,D,D2,D2_00813,2.214,2.344,2.571,1.097,49.809,689.580,2.565,0.072231,living
2,D,D2,D2_00814,2.045,2.485,2.544,1.024,32.769,622.124,2.413,0.052672,living
2,D,D2,D2_00815,2.062,1.789,2.167,1.211,45.533,779.443,2.475,0.058417,living
2,D,D2,D2_00816,2.332,1.865,2.353,1.262,28.101,703.464,2.529,0.039947,living
2,D,D2,D2_00817,1.504,1.619,1.761,1.088,31.045,686.966,2.618,0.045191,living
2,D,D2,D2_00818,2.704,2.181,2.740,1.256,30.438,783.587,3.031,0.038844,living
2,D,D2,D2_00819,1.555,1.777,1.876,1.056,25.033,659.663,2.022,0.037948,living
2,D,D2,D2_00820,1.639,2.385,2.231,0.935,16.433,615.515,2.938,0.026698,living
2,D,D2,D2_00821,1.606,2.340,2.187,0.935,18.179,620.147,2.484,0.029314,living
2,D,D2,D2_00822,1.944,1.734,2.072,1.195,19.087,751.009,2.583,0.025415,living
2,D,D2,D2_00823,1.791,2.272,2.276,1.002,13.151,594.764,2.283,0.022111,living
2,D,D2,D2_00824,1.572,2.935,2.424,0.826,9.688,524.806,2.548,0.018460,living
2,D,D2,D2_00825,1.622,1.560,1.795,1.151,18.677,676.885,2.573,0.027593,living
2,D,D2,D2_00826,1.639,1.867,1.974,1.057,77.454,670.814,2.258,0.115462,living
2,D,D2,D2_00827,2.231,3.986,3.365,0.844,45.636,579.523,2.341,0.078748,living
2,D,D2,D2_00828,2.282,1.931,2.369,1.227,75.519,712.763,2.185,0.105952,living
2,D,D2,D2_00829,1.690,1.739,1.934,1.112,95.270,650.370,2.580,0.146486,living
2,D,D2,D2_00830,2.738,2.258,2.806,1.243,83.593,855.136,2.512,0.097754,living
2,D,D2,D2_00831,2.653,2.356,2.821,1.197,65.338,715.115,2.363,0.091367,living
2,D,D2,D2_00832,2.197,2.328,2.552,1.096,85.131,699.523,2.092,0.121698,living
2,D,D2,D2_00833,2.332,2.048,2.466,1.204,114.428,730.804,2.674,0.156578,living
2,D,D2,D2_00834,1.808,2.979,2.619,0.879,74.841,576.234,2.131,0.129880,living
2,D,D2,D2_00835,3.329,2.865,3.485,1.216,38.482,836.609,2.360,0.045998,living
2,D,D2,D2_00836,2.822,2.384,2.927,1.228,116.287,682.449,2.293,0.170397,living
2,D,D2,D2_00837,1.994,1.999,2.253,1.127,75.873,724.136,2.839,0.104777,living
2,D,D2,D2_00838,2.484,2.690,2.917,1.084,41.680,600.048,2.293,0.069462,living
2,D,D2,D2_00839,2.197,2.979,2.887,0.969,2.992,613.669,2.392,0.004876,living
2,D,D2,D2_00840,3.329,2.497,3.253,1.303,117.533,857.888,2.386,0.137003,living
2,D,D2,D2_00841,2.282,2.220,2.540,1.144,82.133,723.437,2.548,0.113532,living
2,D,D2,D2_00842,1.859,2.099,2.229,1.062,107.518,659.964,2.200,0.162915,living
2,D,D2,D2_00843,2.214,2.441,2.623,1.075,71.687,679.672,2.374,0.105473,living
2,D,D2,D2_00844,1.876,1.883,2.121,1.126,102.477,709.369,2.532,0.144463,living
2,D,D2,D2_00845,1.555,1.841,1.909,1.037,126.587,650.174,2.533,0.194697,living
2,D,D2,D2_00846,2.484,1.670,2.298,1.376,159.918,891.333,2.347,0.179415,living
2,D,D2,D2_00847,2.721,2.143,2.725,1.271,145.559,778.230,2.665,0.187039,living
2,D,D2,D2_00848,3.059,2.635,3.204,1.216,2.470,763.215,2.403,0.003236,living
2,D,D2,D2_00849,1.842,1.663,1.975,1.188,139.064,697.505,2.101,0.199374,living
2,D,D2,D2_00850,1.910,2.181,2.303,1.056,90.416,727.805,3.389,0.124231,living
2,D,D2,D2_00851,1.555,2.235,2.104,0.941,29.967,651.859,2.891,0.045972,living
2,D,D2,D2_00852,2.265,2.349,2.603,1.108,105.239,655.881,2.530,0.160454,living
2,D,D2,D2_00853,1.606,1.683,1.855,1.102,47.958,780.853,1.800,0.061417,living
2,D,D2,D2_00854,2.113,1.973,2.304,1.168,85.432,750.760,2.712,0.113794,living
2,D,D2,D2_00855,2.687,2.425,2.880,1.188,123.340,737.465,2.396,0.167248,living
2,D,D2,D2_00856,1.977,2.291,2.401,1.048,76.026,681.171,2.846,0.111610,living
2,D,D2,D2_00857,3.008,2.942,3.357,1.141,56.478,751.500,2.433,0.075153,living
2,D,D2,D2_00858,2.569,2.168,2.663,1.228,119.730,762.737,2.500,0.156975,living
2,D,D2,D2_00859,1.842,1.988,2.159,1.086,109.963,667.147,2.532,0.164826,living
2,D,D2,D2_00860,1.944,1.919,2.179,1.136,103.243,731.704,2.835,0.141100,living
2,D,D2,D2_00861,1.707,2.479,2.321,0.936,4.861,634.990,2.426,0.007656,living
2,D,D2,D2_00862,2.805,1.997,2.671,1.337,109.530,849.572,2.711,0.128924,living
2,D,D2,D2_00863,0.913,1.713,1.411,0.824,63.167,628.796,2.722,0.100456,living
2,D,D2,D2_00864,1.910,1.760,2.069,1.175,104.867,729.575,2.743,0.143737,living
2,D,D2,D2_00865,1.639,2.906,2.463,0.847,53.309,573.814,2.804,0.092903,living
2,D,D2,D2_00866,2.501,2.676,2.919,1.091,95.365,659.311,2.635,0.144643,living
2,D,D2,D2_00867,2.789,2.432,2.939,1.208,54.861,772.618,2.703,0.071006,living
2,D,D2,D2_00868,1.673,1.614,1.854,1.149,59.323,729.293,2.495,0.081343,living
2,D,D2,D2_00869,3.008,2.533,3.115,1.230,71.725,792.208,2.635,0.090538,living
2,D,D2,D2_00870,1.335,1.849,1.773,0.959,64.025,649.608,2.266,0.098560,living
2,D,D2,D2_00871,2.366,2.700,2.852,1.056,34.736,686.093,2.436,0.050628,living
2,D,D2,D2_00872,1.690,1.980,2.064,1.042,51.790,705.260,2.660,0.073434,living
2,D,D2,D2_00873,2.349,1.822,2.334,1.281,51.187,890.978,2.460,0.057450,living
2,D,D2,D2_00874,1.437,3.164,2.406,0.760,40.765,574.247,2.718,0.070988,living
2,D,D2,D2_00875,0.997,1.813,1.517,0.837,41.305,651.102,2.661,0.063439,living
2,D,D2,D2_00876,1.386,2.167,1.956,0.902,33.683,623.134,2.476,0.054054,living
2,D,D2,D2_00877,1.758,2.550,2.389,0.937,25.721,634.510,2.567,0.040537,living
2,D,D2,D2_00878,2.417,2.181,2.591,1.188,48.510,768.783,2.692,0.063100,living
2,D,D2,D2_00879,1.775,1.634,1.922,1.176,31.533,779.448,2.667,0.040456,living
2,D,D2,D2_00880,1.470,1.601,1.731,1.081,53.149,772.943,2.322,0.068762,living
2,D,D2,D2_00881,1.589,1.843,1.931,1.048,41.415,743.819,2.894,0.055679,living
2,D,D2,D2_00882,1.065,2.414,1.809,0.749,24.381,589.460,1.889,0.041361,living
2,D,D2,D2_00883,2.974,3.108,3.431,1.104,23.028,706.426,2.676,0.032598,living
2,D,D2,D2_00884,2.569,1.971,2.539,1.288,47.461,895.309,2.493,0.053010,living
2,D,D2,D2_00885,3.008,3.432,3.625,1.056,34.270,699.258,2.522,0.049009,living
2,D,D2,D2_00886,1.927,2.202,2.324,1.056,43.895,699.105,2.965,0.062787,living
2,D,D2,D2_00887,0.896,2.336,1.632,0.699,22.038,605.377,2.623,0.036403,living
2,D,D2,D2_00888,1.842,1.687,1.989,1.179,53.266,819.560,2.872,0.064994,living
2,D,D2,D2_00889,1.487,1.915,1.904,0.994,2.023,682.148,2.477,0.002965,living
2,D,D2,D2_00890,1.893,1.888,2.133,1.130,25.500,815.277,2.438,0.031278,living
2,D,D2,D2_00891,3.025,2.620,3.177,1.212,16.547,682.307,2.682,0.024252,living
2,D,D2,D2_00892,2.856,2.215,2.838,1.281,56.941,882.509,2.775,0.064522,living
2,D,D2,D2_00893,1.014,1.623,1.448,0.892,2.433,521.350,1.917,0.004667,living
2,D,D2,D2_00894,1.927,3.185,2.795,0.878,25.579,626.368,2.421,0.040837,living
2,D,D2,D2_00895,1.470,2.480,2.154,0.869,24.184,630.425,1.920,0.038361,living
2,D,D2,D2_00896,1.994,1.582,2.004,1.267,2.602,520.568,2.407,0.004998,living
2,D,D2,D2_00897,1.893,3.646,2.964,0.813,2.723,536.196,2.982,0.005079,living
2,D,D2,D2_00898,2.298,2.718,2.820,1.038,32.301,708.669,2.265,0.045580,living
2,D,D2,D2_00899,3.245,2.181,3.002,1.376,38.531,820.755,2.682,0.046946,living
2,D,D2,D2_00900,2.552,2.040,2.575,1.262,34.272,935.252,2.530,0.036644,living
2,D,D2,D2_00901,1.927,2.703,2.575,0.953,20.509,665.404,2.447,0.030822,living
2,D,D2,D2_00902,3.312,1.828,2.776,1.519,20.893,692.949,2.597,0.030151,living
2,D,D2,D2_00903,1.268,2.021,1.806,0.894,9.440,625.587,2.053,0.015090,living
2,D,D2,D2_00904,1.217,1.957,1.741,0.890,15.069,654.542,2.778,0.023023,living
2,D,D2,D2_00905,1.149,2.381,1.866,0.784,12.618,632.618,2.441,0.019945,living
2,D,D2,D2_00906,1.893,2.103,2.251,1.071,19.241,666.821,2.625,0.028855,living
2,D,D2,D2_00907,1.453,2.057,1.951,0.948,16.884,674.233,1.965,0.025041,living
2,D,D2,D2_00908,1.758,2.339,2.288,0.978,20.048,658.788,2.442,0.030432,living
2,D,D2,D2_00909,2.011,2.344,2.450,1.045,21.370,696.639,2.697,0.030676,living
2,D,D2,D2_00910,1.082,2.106,1.703,0.809,10.938,634.391,2.406,0.017241,living
2,D,D2,D2_00911,1.453,2.712,2.240,0.826,2.256,477.802,2.430,0.004721,living
2,D,D2,D2_00912,0.828,2.235,1.535,0.687,2.408,511.878,2.327,0.004705,living
2,D,D2,D2_00913,0.811,2.698,1.669,0.619,2.521,515.667,2.146,0.004888,living
2,D,D2,D2_00914,1.555,1.863,1.921,1.031,76.141,695.087,2.707,0.109542,living
2,D,D2,D2_00915,1.656,1.999,2.053,1.027,101.847,682.776,2.786,0.149166,living
2,D,D2,D2_00916,1.758,2.146,2.192,1.021,83.317,673.452,2.442,0.123717,living
2,D,D2,D2_00917,1.453,2.009,1.928,0.960,88.128,652.791,2.733,0.135002,living
2,D,D2,D2_00918,1.656,1.813,1.955,1.078,113.418,723.500,2.510,0.156763,living
2,D,D2,D2_00919,3.110,2.689,3.263,1.214,108.946,727.418,2.630,0.149770,living
2,D,D2,D2_00920,2.332,2.553,2.753,1.078,76.812,715.254,2.522,0.107391,living
2,D,D2,D2_00921,1.335,2.052,1.868,0.910,91.873,614.582,2.519,0.149489,living
2,D,D2,D2_00922,1.284,1.865,1.746,0.936,50.474,673.092,2.868,0.074988,living
2,D,D2,D2_00923,3.296,2.009,2.904,1.445,42.754,882.344,2.559,0.048455,living
2,D,D2,D2_00924,1.639,3.413,2.669,0.782,58.536,577.144,2.474,0.101424,living
2,D,D2,D2_00925,1.487,2.296,2.085,0.908,96.318,601.045,2.170,0.160251,living
2,D,D2,D2_00926,1.994,1.855,2.170,1.170,85.246,790.169,2.686,0.107883,living
2,D,D2,D2_00927,1.622,2.006,2.035,1.015,119.490,688.073,2.469,0.173658,living
2,D,D2,D2_00928,1.825,2.182,2.252,1.032,31.611,718.380,2.528,0.044003,living
2,D,D2,D2_00929,3.346,2.634,3.350,1.272,134.081,879.273,2.364,0.152491,living
2,D,D2,D2_00930,0.693,1.997,1.327,0.665,21.585,610.537,2.244,0.035355,living
2,D,D2,D2_00931,2.265,1.833,2.299,1.254,35.179,752.284,2.478,0.046763,living
2,D,D2,D2_00932,1.386,2.611,2.147,0.822,62.146,573.829,2.305,0.108301,living
2,D,D2,D2_00933,2.958,2.522,3.082,1.222,115.817,715.686,2.663,0.161827,living
2,D,D2,D2_00934,2.079,2.517,2.581,1.026,105.813,641.309,2.496,0.164995,living
2,D,D2,D2_00935,2.282,1.481,2.074,1.401,146.830,827.104,2.467,0.177523,living
2,D,D2,D2_00936,1.808,2.129,2.214,1.040,73.850,720.449,2.374,0.102506,living
2,D,D2,D2_00937,1.335,1.797,1.748,0.973,119.582,640.582,2.405,0.186677,living
2,D,D2,D2_00938,1.521,3.248,2.508,0.772,32.689,636.167,2.722,0.051384,living
2,D,D2,D2_00939,1.927,1.762,2.079,1.180,82.088,774.649,2.509,0.105968,living
2,D,D2,D2_00940,2.113,2.373,2.527,1.065,85.216,706.808,2.600,0.120565,living
2,D,D2,D2_00941,2.231,1.976,2.369,1.199,64.538,834.765,2.235,0.077313,living
2,D,D2,D2_00942,2.653,1.960,2.573,1.313,109.599,824.815,2.745,0.132877,living
2,D,D2,D2_00943,1.572,1.578,1.777,1.126,37.140,733.742,2.247,0.050617,living
2,D,D2,D2_00944,2.248,2.023,2.406,1.189,150.248,790.105,1.970,0.190162,living
2,D,D2,D2_00945,1.707,2.181,2.177,0.998,84.139,726.149,21.574,0.115870,dead
2,D,D2,D2_00946,2.129,1.930,2.287,1.185,112.421,829.619,2.381,0.135509,living
2,D,D2,D2_00947,2.231,1.476,2.048,1.387,2.106,812.061,2.174,0.002593,living
2,D,D2,D2_00948,2.890,2.673,3.136,1.173,124.608,688.462,2.596,0.180995,living
2,D,D2,D2_00949,2.569,2.491,2.854,1.146,59.493,807.816,2.664,0.073647,living
2,D,D2,D2_00950,2.062,2.306,2.461,1.067,53.574,760.320,2.795,0.070462,living
2,D,D2,D2_00951,2.822,2.403,2.938,1.223,129.066,807.958,2.479,0.159743,living
2,D,D2,D2_00952,1.335,1.681,1.690,1.006,66.709,722.570,2.608,0.092322,living
2,D,D2,D2_00953,1.521,1.528,1.720,1.126,83.189,739.089,2.778,0.112556,living
2,D,D2,D2_00954,2.298,2.218,2.547,1.149,50.316,733.515,2.515,0.068596,living
2,D,D2,D2_00955,3.093,2.593,3.196,1.232,67.027,761.421,2.115,0.088029,living
2,D,D2,D2_00956,2.113,1.862,2.238,1.202,111.168,806.288,2.528,0.137876,living
2,D,D2,D2_00957,2.231,2.007,2.388,1.190,111.682,792.462,2.000,0.140930,living
2,D,D2,D2_00958,2.451,2.172,2.603,1.199,111.745,763.097,2.200,0.146436,living
2,D,D2,D2_00959,1.031,1.343,1.328,0.989,3.115,458.607,2.574,0.006792,living
2,D,D2,D2_00960,2.941,2.225,2.886,1.297,57.925,857.017,2.443,0.067589,living
2,D,D2,D2_00961,2.045,1.830,2.183,1.193,113.099,799.372,2.455,0.141485,living
2,D,D2,D2_00962,2.603,4.041,3.660,0.906,30.675,636.870,2.253,0.048166,living
2,D,D2,D2_00963,2.484,3.143,3.153,1.003,43.034,705.932,2.571,0.060961,living
2,D,D2,D2_00964,2.417,2.347,2.688,1.145,110.741,757.643,2.608,0.146165,living
2,D,D2,D2_00965,2.079,1.941,2.267,1.168,110.130,809.000,2.187,0.136131,living
2,D,D2,D2_00966,2.484,2.552,2.841,1.113,11.531,812.347,2.748,0.014194,living
2,D,D2,D2_00967,1.741,2.181,2.199,1.008,34.825,683.641,2.573,0.050941,living
2,D,D2,D2_00968,2.501,2.899,3.038,1.048,42.155,689.716,2.432,0.061120,living
2,D,D2,D2_00969,1.352,2.181,1.938,0.888,45.900,638.575,54.212,0.071879,dead
2,D,D2,D2_00970,1.555,2.228,2.100,0.943,78.163,683.337,2.272,0.114384,living
2,D,D2,D2_00971,1.859,1.805,2.067,1.145,101.791,768.491,2.418,0.132456,living
2,D,D2,D2_00972,2.096,1.961,2.288,1.167,92.903,815.556,2.669,0.113914,living
2,D,D2,D2_00973,1.775,2.173,2.216,1.020,64.571,733.533,1.895,0.088028,living
2,D,D2,D2_00974,1.606,1.304,1.633,1.252,110.821,885.347,2.389,0.125172,living
2,D,D2,D2_00975,2.366,2.125,2.530,1.191,81.579,812.293,2.379,0.100430,living
2,D,D2,D2_00976,0.997,1.786,1.506,0.843,54.864,622.356,2.051,0.088156,living
2,D,D2,D2_00977,0.811,1.641,1.302,0.793,22.125,692.812,3.229,0.031935,living
2,D,D2,D2_00978,1.910,1.925,2.164,1.124,72.619,805.496,2.717,0.090155,living
2,D,D2,D2_00979,1.842,2.065,2.201,1.066,72.963,765.193,2.514,0.095353,living
2,D,D2,D2_00980,1.420,1.566,1.683,1.074,70.310,817.750,2.560,0.085979,living
2,D,D2,D2_00981,2.113,2.011,2.326,1.157,70.280,804.328,2.512,0.087377,living
2,D,D2,D2_00982,2.822,3.221,3.402,1.056,54.886,723.766,2.383,0.075834,living
2,D,D2,D2_00983,2.197,2.405,2.594,1.078,71.854,753.562,2.715,0.095352,living
2,D,D2,D2_00984,3.042,2.647,3.202,1.210,49.844,826.628,2.756,0.060299,living
2,D,D2,D2_00985,1.758,2.578,2.402,0.932,54.010,663.644,2.856,0.081383,living
2,D,D2,D2_00986,2.011,2.986,2.765,0.926,46.815,684.185,2.336,0.068425,living
2,D,D2,D2_00987,1.453,1.856,1.853,0.998,27.128,742.233,2.279,0.036549,living
2,D,D2,D2_00988,2.113,2.495,2.591,1.038,54.224,761.128,2.336,0.071242,living
2,D,D2,D2_00989,1.420,1.705,1.756,1.030,62.702,760.571,1.702,0.082441,living
2,D,D2,D2_00990,1.268,1.658,1.636,0.987,48.080,734.427,3.080,0.065466,living
2,D,D2,D2_00991,3.025,1.870,2.684,1.435,59.687,1019.112,2.503,0.058568,living
2,D,D2,D2_00992,1.099,2.050,1.694,0.826,25.508,662.062,2.000,0.038528,living
2,D,D2,D2_00993,1.115,2.282,1.800,0.789,32.030,666.985,2.576,0.048023,living
2,D,D2,D2_00994,2.282,2.782,2.843,1.022,53.919,736.111,2.511,0.073248,living
2,D,D2,D2_00995,0.930,2.050,1.558,0.760,29.709,653.745,2.527,0.045444,living
2,D,D2,D2_00996,2.789,2.714,3.104,1.144,69.103,819.982,2.576,0.084274,living
2,D,D2,D2_00997,1.403,2.403,2.072,0.862,27.566,689.976,2.398,0.039953,living
2,D,D2,D2_00998,2.028,2.725,2.653,0.973,30.583,727.483,2.592,0.042040,living
2,D,D2,D2_00999,2.839,3.295,3.451,1.047,28.935,732.131,2.262,0.039521,living
2,D,D2,D2_01000,1.369,2.031,1.882,0.926,41.284,741.370,2.877,0.055686,living
2,D,D2,D2_01001,1.977,3.225,2.849,0.883,34.803,657.222,2.769,0.052955,living
2,D,D2,D2_01002,2.197,1.613,2.124,1.317,7.608,712.415,2.608,0.010679,living
2,D,D2,D2_01003,1.673,1.671,1.887,1.129,36.576,797.960,2.515,0.045837,living
2,D,D2,D2_01004,1.504,2.183,2.045,0.937,18.584,661.831,2.157,0.028080,living
2,D,D2,D2_01005,2.146,1.415,1.966,1.390,11.803,637.709,3.000,0.018509,living
2,D,D2,D2_01006,1.082,2.181,1.733,0.795,15.344,580.484,4.516,0.026433,living
2,D,D2,D2_01007,1.944,2.524,2.499,0.990,27.287,679.409,2.557,0.040163,living
2,D,D2,D2_01008,1.318,2.126,1.889,0.888,12.987,665.846,2.526,0.019505,living
2,D,D2,D2_01009,2.180,2.585,2.679,1.036,21.481,742.434,2.736,0.028933,living
2,D,D2,D2_01010,1.386,2.337,2.031,0.869,26.073,680.378,2.500,0.038322,living
2,D,D2,D2_01011,1.910,2.219,2.323,1.047,24.814,761.558,2.531,0.032583,living
2,D,D2,D2_01012,1.994,2.269,2.400,1.058,25.322,755.644,2.907,0.033511,living
2,D,D2,D2_01013,2.248,2.295,2.563,1.117,28.218,833.105,2.526,0.033871,living
2,D,D2,D2_01014,2.755,1.924,2.598,1.350,2.626,667.908,2.957,0.003931,living
2,D,D2,D2_01015,1.200,2.035,1.763,0.866,17.901,684.254,2.648,0.026162,living
2,D,D2,D2_01016,1.335,1.926,1.809,0.939,18.038,761.063,2.532,0.023701,living
2,D,D2,D2_01017,3.042,3.286,3.568,1.086,11.661,632.633,2.572,0.018433,living
2,D,D2,D2_01018,1.487,2.392,2.128,0.890,18.705,703.443,2.534,0.026590,living
2,D,D2,D2_01019,1.707,1.848,2.004,1.084,72.822,677.802,2.030,0.107438,living
2,D,D2,D2_01020,1.453,1.977,1.912,0.967,79.000,671.547,2.023,0.117639,living
2,D,D2,D2_01021,1.420,2.573,2.157,0.838,48.476,604.929,2.655,0.080135,living
2,D,D2,D2_01022,2.231,2.256,2.531,1.122,67.833,741.394,2.780,0.091494,living
2,D,D2,D2_01023,2.603,2.581,2.925,1.133,94.799,632.591,2.740,0.149858,living
2,D,D2,D2_01024,1.825,2.181,2.251,1.032,91.852,681.278,2.769,0.134823,living
2,D,D2,D2_01025,1.420,1.927,1.867,0.969,49.214,652.214,2.500,0.075457,living
2,D,D2,D2_01026,2.197,2.367,2.573,1.087,97.192,681.054,2.377,0.142709,living
2,D,D2,D2_01027,1.859,1.971,2.160,1.096,120.427,727.136,2.673,0.165619,living
2,D,D2,D2_01028,1.977,1.725,2.084,1.208,2.573,827.726,2.573,0.003108,living
2,D,D2,D2_01029,1.234,1.761,1.663,0.945,56.219,693.342,2.658,0.081084,living
2,D,D2,D2_01030,2.941,2.156,2.841,1.318,103.287,710.299,2.511,0.145414,living
2,D,D2,D2_01031,2.400,4.103,3.541,0.863,79.289,606.507,2.352,0.130730,living
2,D,D2,D2_01032,2.501,2.223,2.661,1.197,103.466,768.182,2.486,0.134690,living
2,D,D2,D2_01033,1.977,1.989,2.238,1.125,64.120,748.735,1.915,0.085637,living
2,D,D2,D2_01034,0.879,2.357,1.624,0.689,23.250,592.192,2.731,0.039261,living
2,D,D2,D2_01035,2.349,1.883,2.373,1.260,79.964,723.532,2.216,0.110519,living
2,D,D2,D2_01036,2.991,2.045,2.791,1.365,73.802,802.910,2.667,0.091919,living
2,D,D2,D2_01037,2.197,2.471,2.629,1.064,90.608,666.100,2.900,0.136027,living
2,D,D2,D2_01038,1.470,2.244,2.049,0.913,42.287,638.402,2.632,0.066239,living
2,D,D2,D2_01039,2.366,1.764,2.305,1.307,155.514,851.471,2.786,0.182642,living
2,D,D2,D2_01040,1.808,1.785,2.027,1.136,99.738,780.336,2.477,0.127815,living
2,D,D2,D2_01041,1.234,2.652,2.041,0.770,64.507,553.438,2.342,0.116557,living
2,D,D2,D2_01042,3.008,1.916,2.709,1.414,138.315,818.674,2.539,0.168950,living
2,D,D2,D2_01043,1.977,3.393,2.922,0.861,27.889,616.239,2.607,0.045257,living
2,D,D2,D2_01044,1.166,1.702,1.590,0.934,28.420,675.232,2.159,0.042090,living
2,D,D2,D2_01045,2.096,2.559,2.613,1.021,70.742,676.379,2.815,0.104589,living
2,D,D2,D2_01046,2.197,1.659,2.154,1.299,148.615,781.131,3.100,0.190257,living
2,D,D2,D2_01047,2.197,2.721,2.759,1.014,84.238,650.285,2.723,0.129541,living
2,D,D2,D2_01048,1.960,1.544,1.963,1.271,139.483,791.103,2.241,0.176314,living
2,D,D2,D2_01049,2.282,2.137,2.492,1.166,131.726,716.074,2.230,0.183956,living
2,D,D2,D2_01050,2.231,1.892,2.318,1.225,112.280,786.500,3.045,0.142759,living
2,D,D2,D2_01051,1.318,1.658,1.668,1.006,68.321,687.628,2.603,0.099357,living
2,D,D2,D2_01052,1.606,1.912,1.977,1.034,90.463,697.884,2.411,0.129625,living
2,D,D2,D2_01053,2.552,1.596,2.277,1.427,130.722,891.781,2.642,0.146585,living
2,D,D2,D2_01054,2.467,1.468,2.147,1.463,6.103,765.240,2.185,0.007975,living
2,D,D2,D2_01055,2.417,2.928,3.002,1.025,53.350,671.895,2.259,0.079402,living
2,D,D2,D2_01056,1.352,2.443,2.051,0.839,58.237,604.400,2.650,0.096356,living
2,D,D2,D2_01057,1.910,2.389,2.410,1.009,85.195,663.743,2.619,0.128355,living
2,D,D2,D2_01058,1.893,1.732,2.043,1.180,120.089,752.286,2.277,0.159633,living
2,D,D2,D2_01059,2.518,1.999,2.532,1.266,102.450,807.973,2.497,0.126798,living
2,D,D2,D2_01060,1.622,1.665,1.854,1.114,107.844,732.719,2.323,0.147183,living
2,D,D2,D2_01061,2.789,2.204,2.798,1.269,89.564,858.315,2.224,0.104348,living
2,D,D2,D2_01062,1.453,2.181,2.009,0.921,21.291,639.419,3.128,0.033297,living
2,D,D2,D2_01063,1.437,1.932,1.880,0.973,50.894,695.200,2.529,0.073208,living
2,D,D2,D2_01064,1.944,1.724,2.066,1.198,24.400,718.122,2.652,0.033978,living
2,D,D2,D2_01065,1.335,1.547,1.622,1.048,60.443,746.810,2.582,0.080935,living
2,D,D2,D2_01066,2.349,2.788,2.888,1.036,49.331,656.511,2.554,0.075141,living
2,D,D2,D2_01067,3.296,2.117,2.981,1.408,106.815,1062.097,2.697,0.100570,living
2,D,D2,D2_01068,1.876,2.012,2.192,1.090,40.928,746.099,2.081,0.054856,living
2,D,D2,D2_01069,1.521,1.835,1.885,1.027,27.000,743.122,2.200,0.036333,living
2,D,D2,D2_01070,2.282,2.181,2.517,1.154,69.830,694.689,61.719,0.100519,dead
2,D,D2,D2_01071,2.383,1.692,2.266,1.339,66.035,895.773,2.539,0.073719,living
2,D,D2,D2_01072,1.859,1.727,2.022,1.171,16.427,826.136,2.227,0.019884,living
2,D,D2,D2_01073,1.606,2.382,2.207,0.927,21.168,670.411,2.242,0.031575,living
2,D,D2,D2_01074,1.437,2.017,1.921,0.952,22.847,704.871,2.518,0.032413,living
2,D,D2,D2_01075,2.163,2.817,2.785,0.989,40.539,679.641,3.258,0.059648,living
2,D,D2,D2_01076,2.366,2.422,2.701,1.115,60.921,751.286,2.350,0.081090,living
2,D,D2,D2_01077,2.265,1.815,2.288,1.261,68.313,743.858,2.440,0.091837,living
2,D,D2,D2_01078,2.738,3.146,3.312,1.053,62.932,678.778,2.488,0.092714,living
2,D,D2,D2_01079,2.282,2.675,2.788,1.042,33.644,616.504,2.222,0.054573,living
2,D,D2,D2_01080,2.552,2.181,2.662,1.221,68.106,946.179,3.126,0.071980,living
2,D,D2,D2_01081,0.997,2.039,1.609,0.789,22.678,637.373,2.492,0.035580,living
2,D,D2,D2_01082,1.690,2.330,2.239,0.961,26.990,667.070,2.260,0.040461,living
2,D,D2,D2_01083,1.639,1.907,1.995,1.046,23.237,732.031,2.897,0.031743,living
2,D,D2,D2_01084,2.062,1.925,2.248,1.168,43.033,784.254,2.738,0.054871,living
2,D,D2,D2_01085,2.417,2.126,2.558,1.203,59.399,833.336,2.476,0.071278,living
2,D,D2,D2_01086,1.944,2.211,2.339,1.058,53.791,699.713,2.835,0.076876,living
2,D,D2,D2_01087,2.518,2.604,2.889,1.110,52.060,744.604,2.584,0.069917,living
2,D,D2,D2_01088,1.656,1.692,1.889,1.116,25.480,758.898,2.041,0.033574,living
2,D,D2,D2_01089,1.318,1.586,1.631,1.029,45.859,730.308,2.590,0.062794,living
2,D,D2,D2_01090,1.014,1.794,1.522,0.848,31.650,638.783,1.667,0.049547,living
2,D,D2,D2_01091,1.825,2.181,2.251,1.032,39.148,771.241,3.278,0.050760,living
2,D,D2,D2_01092,2.755,1.882,2.569,1.365,28.975,921.748,2.429,0.031435,living
2,D,D2,D2_01093,1.690,1.705,1.915,1.123,14.870,721.610,2.430,0.020607,living
2,D,D2,D2_01094,2.535,2.204,2.667,1.210,29.367,711.947,2.473,0.041248,living
2,D,D2,D2_01095,1.200,1.896,1.702,0.898,36.648,670.408,2.732,0.054665,living
2,D,D2,D2_01096,1.200,1.880,1.695,0.902,32.141,677.577,2.732,0.047435,living
2,D,D2,D2_01097,1.149,2.288,1.830,0.800,28.926,629.868,2.441,0.045925,living
2,D,D2,D2_01098,1.268,1.800,1.705,0.947,21.320,612.467,2.480,0.034810,living
2,D,D2,D2_01099,1.386,1.812,1.788,0.987,34.610,706.305,2.524,0.049001,living
2,D,D2,D2_01100,1.876,2.165,2.274,1.050,26.000,738.982,2.279,0.035184,living
2,D,D2,D2_01101,2.113,2.779,2.734,0.984,24.840,688.320,2.800,0.036088,living
2,D,D2,D2_01102,1.673,2.077,2.103,1.013,15.141,692.333,2.232,0.021870,living
2,D,D2,D2_01103,1.639,2.652,2.353,0.887,19.485,704.680,2.866,0.027650,living
2,D,D2,D2_01104,1.859,1.748,2.034,1.164,29.436,805.709,3.145,0.036535,living
2,D,D2,D2_01105,1.487,1.757,1.824,1.038,23.216,757.182,2.580,0.030661,living
2,D,D2,D2_01106,2.518,2.369,2.756,1.163,31.376,873.591,2.846,0.035916,living
2,D,D2,D2_01107,1.910,2.562,2.496,0.974,8.823,668.265,2.496,0.013203,living
2,D,D2,D2_01108,1.082,2.778,1.956,0.704,10.547,609.578,2.141,0.017302,living
2,D,D2,D2_01109,1.927,3.186,2.796,0.878,19.149,653.737,2.632,0.029292,living
2,D,D2,D2_01110,2.079,1.897,2.241,1.181,28.220,775.610,2.780,0.036384,living
2,D,D2,D2_01111,1.217,2.229,1.858,0.834,11.875,662.347,2.889,0.017929,living
2,D,D2,D2_01112,1.200,2.137,1.807,0.846,21.437,650.746,2.606,0.032942,living
2,D,D2,D2_01113,2.146,2.232,2.470,1.106,16.740,760.134,2.496,0.022023,living
2,D,D2,D2_01114,1.284,2.152,1.876,0.872,22.395,661.408,2.289,0.033859,living
2,D,D2,D2_01115,1.791,2.181,2.230,1.022,22.028,834.594,3.274,0.026394,living
2,D,D2,D2_01116,1.200,1.844,1.679,0.910,17.915,652.592,2.563,0.027453,living
2,D,D2,D2_01117,1.994,2.181,2.353,1.079,22.415,715.856,2.907,0.031313,living
2,D,D2,D2_01118,0.828,2.433,1.602,0.658,9.633,609.878,2.633,0.015794,living
2,D,D2,D2_01119,0.794,1.915,1.391,0.727,6.319,651.064,2.064,0.009706,living
2,D,D2,D2_01120,0.828,1.945,1.432,0.736,4.245,547.592,2.816,0.007752,living
2,D,D2,D2_01121,0.930,1.907,1.503,0.788,25.582,595.418,2.382,0.042964,living
2,D,D2,D2_01122,1.622,2.509,2.276,0.907,79.344,589.552,2.302,0.134583,living
2,D,D2,D2_01123,2.028,2.419,2.499,1.033,90.700,645.700,2.033,0.140468,living
2,D,D2,D2_01124,1.555,2.633,2.283,0.867,48.598,559.522,2.370,0.086856,living
2,D,D2,D2_01125,2.163,2.494,2.621,1.051,104.789,642.281,2.500,0.163151,living
2,D,D2,D2_01126,1.791,1.644,1.936,1.178,56.377,775.962,2.481,0.072655,living
2,D,D2,D2_01127,2.079,2.428,2.535,1.044,97.675,639.301,2.057,0.152784,living
2,D,D2,D2_01128,2.535,2.973,3.098,1.042,103.587,632.747,2.400,0.163710,living
2,D,D2,D2_01129,1.437,1.657,1.741,1.051,67.024,668.447,2.518,0.100268,living
2,D,D2,D2_01130,1.352,1.495,1.604,1.073,2.500,570.737,2.800,0.004380,living
2,D,D2,D2_01131,2.062,2.736,2.680,0.980,101.836,663.156,2.984,0.153563,living
2,D,D2,D2_01132,1.927,1.544,1.946,1.261,76.500,746.044,2.561,0.102541,living
2,D,D2,D2_01133,1.606,2.130,2.087,0.980,77.368,680.905,2.653,0.113626,living
2,D,D2,D2_01134,1.132,1.627,1.531,0.941,64.045,591.299,2.358,0.108312,living
2,D,D2,D2_01135,2.636,2.181,2.706,1.240,42.410,790.833,3.026,0.053627,living
2,D,D2,D2_01136,2.248,1.869,2.313,1.238,93.865,855.835,2.466,0.109676,living
2,D,D2,D2_01137,3.143,2.181,2.954,1.355,108.704,672.575,33.102,0.161624,dead
2,D,D2,D2_01138,2.738,3.179,3.329,1.047,112.883,630.833,2.562,0.178942,living
2,D,D2,D2_01139,2.349,2.509,2.739,1.092,126.957,695.417,2.374,0.182562,living
2,D,D2,D2_01140,2.366,2.176,2.560,1.177,87.593,674.671,2.650,0.129830,living
2,D,D2,D2_01141,1.758,2.735,2.474,0.905,47.231,649.808,2.808,0.072684,living
2,D,D2,D2_01142,2.636,1.516,2.256,1.488,65.378,674.718,2.301,0.096897,living
2,D,D2,D2_01143,1.977,2.181,2.343,1.074,125.487,691.111,2.222,0.181573,living
2,D,D2,D2_01144,1.606,2.182,2.112,0.968,126.063,649.126,3.221,0.194204,living
2,D,D2,D2_01145,2.332,1.764,2.289,1.297,28.616,770.543,2.652,0.037137,living
2,D,D2,D2_01146,1.994,2.227,2.378,1.068,130.966,695.559,2.271,0.188289,living
2,D,D2,D2_01147,3.312,1.774,2.735,1.542,79.276,1069.270,2.296,0.074140,living
2,D,D2,D2_01148,3.211,2.094,2.926,1.397,83.816,719.716,2.642,0.116457,living
2,D,D2,D2_01149,1.910,1.732,2.052,1.185,106.513,762.080,2.221,0.139767,living
2,D,D2,D2_01150,2.383,1.495,2.130,1.425,89.312,816.823,2.518,0.109341,living
2,D,D2,D2_01151,3.042,2.138,2.878,1.346,156.167,908.289,2.367,0.171935,living
2,D,D2,D2_01152,2.231,2.077,2.429,1.169,140.947,761.735,2.591,0.185034,living
2,D,D2,D2_01153,2.653,2.468,2.887,1.170,35.459,769.357,2.803,0.046089,living
2,D,D2,D2_01154,1.589,1.526,1.757,1.151,55.479,773.574,2.660,0.071717,living
2,D,D2,D2_01155,2.113,1.770,2.182,1.233,3.216,496.128,2.528,0.006482,living
2,D,D2,D2_01156,2.315,2.130,2.506,1.176,60.832,798.701,2.942,0.076164,living
2,D,D2,D2_01157,1.538,1.959,1.959,1.000,55.022,714.890,2.516,0.076966,living
2,D,D2,D2_01158,0.946,1.771,1.461,0.825,28.446,664.304,2.393,0.042821,living
2,D,D2,D2_01159,1.572,1.753,1.873,1.069,39.043,727.000,2.258,0.053704,living
2,D,D2,D2_01160,2.924,1.555,2.406,1.547,91.017,761.208,2.277,0.119570,living
2,D,D2,D2_01161,2.062,1.833,2.194,1.197,43.680,876.713,2.500,0.049823,living
2,D,D2,D2_01162,1.876,2.206,2.295,1.041,59.811,762.495,2.252,0.078441,living
2,D,D2,D2_01163,1.724,2.632,2.404,0.913,74.392,650.333,2.686,0.114391,living
2,D,D2,D2_01164,1.318,1.699,1.689,0.994,44.179,727.231,2.564,0.060750,living
2,D,D2,D2_01165,1.893,1.969,2.178,1.106,73.205,783.054,2.438,0.093487,living
2,D,D2,D2_01166,1.352,1.694,1.708,1.008,52.212,742.237,2.100,0.070345,living
2,D,D2,D2_01167,2.349,2.181,2.554,1.171,85.108,851.453,2.849,0.099956,living
2,D,D2,D2_01168,2.653,3.262,3.319,1.018,69.318,704.408,2.580,0.098407,living
2,D,D2,D2_01169,1.437,1.705,1.766,1.036,73.635,750.082,2.094,0.098170,living
2,D,D2,D2_01170,1.808,2.067,2.181,1.055,26.234,721.804,2.131,0.036345,living
2,D,D2,D2_01171,0.811,2.005,1.439,0.718,30.458,631.542,2.042,0.048229,living
2,D,D2,D2_01172,1.690,3.264,2.650,0.812,39.070,608.610,2.530,0.064195,living
2,D,D2,D2_01173,2.636,3.131,3.242,1.035,34.212,761.500,2.763,0.044927,living
2,D,D2,D2_01174,1.268,2.484,2.003,0.806,30.947,619.213,2.240,0.049977,living
2,D,D2,D2_01175,0.710,1.558,1.187,0.762,27.524,608.190,2.571,0.045255,living
2,D,D2,D2_01176,1.656,1.878,1.990,1.060,64.531,763.224,2.316,0.084550,living
2,D,D2,D2_01177,0.930,1.815,1.466,0.808,27.873,606.455,2.655,0.045960,living
2,D,D2,D2_01178,2.484,1.718,2.331,1.357,38.347,803.245,2.517,0.047740,living
2,D,D2,D2_01179,1.707,1.643,1.890,1.150,10.109,777.030,2.960,0.013010,living
2,D,D2,D2_01180,1.673,1.890,2.006,1.062,38.848,742.970,2.586,0.052288,living
2,D,D2,D2_01181,1.910,2.214,2.320,1.048,61.115,765.611,2.832,0.079825,living
2,D,D2,D2_01182,1.910,2.183,2.304,1.055,60.327,755.301,2.434,0.079872,living
2,D,D2,D2_01183,2.282,2.651,2.775,1.047,40.615,737.993,2.444,0.055034,living
2,D,D2,D2_01184,1.217,2.181,1.838,0.843,20.431,642.528,3.389,0.031797,living
2,D,D2,D2_01185,1.808,1.794,2.032,1.133,53.364,838.607,2.430,0.063635,living
2,D,D2,D2_01186,1.741,2.319,2.267,0.978,44.718,708.320,2.583,0.063133,living
2,D,D2,D2_01187,1.791,1.811,2.032,1.122,30.443,769.349,2.377,0.039570,living
2,D,D2,D2_01188,2.501,1.714,2.336,1.363,2.595,550.851,2.858,0.004710,living
2,D,D2,D2_01189,1.690,2.057,2.104,1.023,28.020,753.790,2.400,0.037172,living
2,D,D2,D2_01190,2.298,2.102,2.480,1.180,39.574,875.184,2.949,0.045217,living
2,D,D2,D2_01191,2.113,2.582,2.636,1.021,27.136,695.200,2.824,0.039033,living
2,D,D2,D2_01192,1.791,2.264,2.272,1.004,33.274,738.481,2.321,0.045057,living
2,D,D2,D2_01193,2.011,2.078,2.307,1.110,31.782,819.345,2.420,0.038789,living
2,D,D2,D2_01194,1.048,2.204,1.715,0.778,11.258,650.613,2.919,0.017304,living
2,D,D2,D2_01195,1.268,2.255,1.908,0.846,18.040,699.053,2.040,0.025806,living
2,D,D2,D2_01196,1.301,1.742,1.699,0.975,6.299,684.584,2.104,0.009201,living
2,D,D2,D2_01197,1.099,2.391,1.829,0.765,17.785,661.308,2.323,0.026893,living
2,D,D2,D2_01198,2.282,2.686,2.794,1.040,23.704,739.341,2.363,0.032061,living
2,D,D2,D2_01199,1.825,2.474,2.398,0.969,20.435,737.231,2.343,0.027719,living
2,D,D2,D2_01200,1.031,2.191,1.696,0.774,14.508,666.984,2.098,0.021752,living
2,D,D2,D2_01201,2.129,3.226,2.957,0.917,19.659,686.976,2.619,0.028616,living
2,D,D2,D2_01202,1.386,3.607,2.523,0.699,16.024,612.183,2.488,0.026176,living
2,D,D2,D2_01203,1.521,1.689,1.809,1.071,15.433,794.700,2.544,0.019420,living
2,D,D2,D2_01204,1.115,2.027,1.696,0.837,19.379,701.045,2.742,0.027643,living
2,D,D2,D2_01205,1.504,2.166,2.037,0.940,14.292,716.854,2.528,0.019937,living
2,D,D2,D2_01206,1.268,2.197,1.883,0.857,19.773,676.613,2.227,0.029224,living
2,D,D2,D2_01207,1.944,1.642,2.016,1.228,2.487,544.530,2.887,0.004567,living
2,D,D2,D2_01208,1.115,4.380,2.494,0.569,12.000,573.212,2.561,0.020935,living
2,D,D2,D2_01209,1.453,1.975,1.911,0.968,59.419,604.919,2.186,0.098226,living
2,D,D2,D2_01210,1.741,2.192,2.204,1.006,56.524,581.524,2.175,0.097200,living
2,D,D2,D2_01211,2.721,3.116,3.286,1.054,71.932,575.516,2.522,0.124987,living
2,D,D2,D2_01212,2.332,2.095,2.494,1.190,99.659,700.580,3.080,0.142253,living
2,D,D2,D2_01213,1.758,1.528,1.849,1.210,14.279,665.856,2.375,0.021444,living
2,D,D2,D2_01214,1.437,2.174,1.994,0.917,26.906,598.918,2.282,0.044924,living
2,D,D2,D2_01215,3.228,2.863,3.430,1.198,72.492,645.958,2.639,0.112224,living
2,D,D2,D2_01216,1.149,1.964,1.695,0.863,80.471,568.059,2.397,0.141659,living
2,D,D2,D2_01217,2.467,2.353,2.719,1.155,26.075,661.068,2.637,0.039444,living
2,D,D2,D2_01218,2.941,2.434,3.019,1.240,111.178,665.207,2.471,0.167133,living
2,D,D2,D2_01219,2.738,2.815,3.133,1.113,86.198,647.778,2.475,0.133067,living
2,D,D2,D2_01220,1.859,1.958,2.153,1.099,42.545,679.855,2.691,0.062580,living
2,D,D2,D2_01221,2.653,2.390,2.841,1.189,121.567,689.115,2.433,0.176410,living
2,D,D2,D2_01222,3.228,2.181,2.994,1.373,54.534,671.953,2.880,0.081158,living
2,D,D2,D2_01223,2.721,1.966,2.610,1.327,62.335,779.118,2.994,0.080008,living
2,D,D2,D2_01224,1.589,1.779,1.897,1.066,85.000,637.340,2.830,0.133367,living
2,D,D2,D2_01225,2.028,1.648,2.063,1.252,111.325,687.617,2.567,0.161900,living
2,D,D2,D2_01226,2.231,1.775,2.245,1.265,95.508,826.008,2.758,0.115626,living
2,D,D2,D2_01227,2.653,1.730,2.417,1.397,177.981,823.968,2.554,0.216005,living
2,D,D2,D2_01228,3.177,1.637,2.573,1.572,67.511,648.016,2.612,0.104181,living
2,D,D2,D2_01229,3.346,1.613,2.621,1.625,93.116,757.227,3.005,0.122970,living
2,D,D2,D2_01230,1.994,2.085,2.301,1.103,30.305,692.890,2.720,0.043737,living
2,D,D2,D2_01231,2.620,1.685,2.371,1.407,125.561,868.090,2.716,0.144641,living
2,D,D2,D2_01232,1.876,1.856,2.106,1.134,109.694,691.712,2.865,0.158583,living
2,D,D2,D2_01233,1.420,2.221,2.004,0.902,43.929,555.905,2.083,0.079022,living
2,D,D2,D2_01234,1.487,1.705,1.797,1.054,26.784,626.909,3.261,0.042724,living
2,D,D2,D2_01235,1.994,2.204,2.366,1.073,38.364,647.669,2.856,0.059235,living
2,D,D2,D2_01236,1.927,2.002,2.216,1.107,2.623,687.693,2.149,0.003814,living
2,D,D2,D2_01237,2.687,2.582,2.972,1.151,98.327,678.189,2.591,0.144985,living
2,D,D2,D2_01238,2.180,1.710,2.179,1.274,75.504,710.256,2.302,0.106305,living
2,D,D2,D2_01239,1.910,2.183,2.304,1.055,97.469,641.858,2.372,0.151854,living
2,D,D2,D2_01240,2.873,1.911,2.644,1.384,15.412,738.076,2.806,0.020881,living
2,D,D2,D2_01241,2.670,3.008,3.198,1.063,85.032,651.475,2.304,0.130522,living
2,D,D2,D2_01242,2.045,2.671,2.637,0.987,33.017,651.165,2.430,0.050704,living
2,D,D2,D2_01243,1.825,2.181,2.251,1.032,42.213,775.046,3.389,0.054465,living
2,D,D2,D2_01244,2.096,1.933,2.271,1.175,65.895,761.831,2.710,0.086496,living
2,D,D2,D2_01245,1.707,1.501,1.806,1.203,77.990,752.663,2.713,0.103619,living
2,D,D2,D2_01246,2.096,1.656,2.102,1.269,56.976,766.403,2.669,0.074342,living
2,D,D2,D2_01247,2.096,2.161,2.401,1.111,63.347,657.048,2.613,0.096411,living
2,D,D2,D2_01248,1.504,1.924,1.919,0.998,25.708,649.831,2.281,0.039561,living
2,D,D2,D2_01249,2.721,3.086,3.270,1.060,43.081,625.814,2.373,0.068840,living
2,D,D2,D2_01250,1.944,2.162,2.313,1.070,33.165,673.191,2.339,0.049266,living
2,D,D2,D2_01251,2.079,2.831,2.737,0.967,43.439,610.780,2.577,0.071121,living
2,D,D2,D2_01252,2.298,2.706,2.814,1.040,28.926,696.022,2.022,0.041560,living
2,D,D2,D2_01253,1.910,2.194,2.310,1.053,24.894,687.150,2.478,0.036228,living
2,D,D2,D2_01254,1.504,2.250,2.076,0.923,42.303,630.225,2.348,0.067124,living
2,D,D2,D2_01255,1.927,1.580,1.969,1.246,69.088,865.096,2.640,0.079861,living
2,D,D2,D2_01256,1.031,2.181,1.692,0.776,29.361,504.656,92.098,0.058180,dead
2,D,D2,D2_01257,1.960,1.966,2.215,1.127,50.483,710.578,2.603,0.071045,living
2,D,D2,D2_01258,1.791,1.825,2.040,1.118,26.094,703.000,2.500,0.037119,living
2,D,D2,D2_01259,2.315,1.372,2.011,1.466,19.197,700.453,2.161,0.027407,living
2,D,D2,D2_01260,1.893,2.011,2.202,1.095,27.652,649.062,2.661,0.042603,living
2,D,D2,D2_01261,2.755,2.142,2.741,1.280,51.497,839.847,2.098,0.061317,living
2,D,D2,D2_01262,1.234,1.645,1.608,0.977,30.274,616.932,2.575,0.049072,living
2,D,D2,D2_01263,1.606,1.887,1.964,1.041,18.874,633.021,2.579,0.029815,living
2,D,D2,D2_01264,2.400,2.019,2.484,1.230,30.697,780.190,2.239,0.039346,living
2,D,D2,D2_01265,2.738,3.190,3.335,1.045,10.228,562.623,2.500,0.018180,living
2,D,D2,D2_01266,2.467,2.181,2.617,1.200,37.432,696.377,2.808,0.053752,living
2,D,D2,D2_01267,1.876,2.250,2.318,1.030,18.432,646.333,2.631,0.028518,living
2,D,D2,D2_01268,2.907,3.119,3.398,1.089,21.895,698.035,2.198,0.031367,living
2,D,D2,D2_01269,2.146,1.800,2.218,1.232,29.323,769.118,2.669,0.038125,living
2,D,D2,D2_01270,1.910,2.021,2.217,1.097,27.239,693.850,1.956,0.039258,living
2,D,D2,D2_01271,1.622,2.181,2.122,0.973,11.562,614.844,3.417,0.018806,living
2,D,D2,D2_01272,0.896,1.756,1.415,0.806,2.547,585.245,2.377,0.004352,living
2,D,D2,D2_01273,2.146,2.690,2.711,1.008,14.992,669.449,2.394,0.022395,living
2,D,D2,D2_01274,1.927,2.425,2.439,1.006,19.535,677.754,2.325,0.028823,living
2,D,D2,D2_01275,1.521,3.403,2.567,0.754,11.189,579.733,2.300,0.019300,living
2,D,D2,D2_01276,0.693,5.520,2.207,0.400,11.780,434.293,1.829,0.027126,living
2,D,D2,D2_01277,1.808,1.825,2.050,1.123,11.131,597.626,2.542,0.018625,living
2,D,D2,D2_01278,0.761,1.966,1.380,0.702,10.222,556.111,3.067,0.018382,living
2,D,D2,D2_01279,0.980,2.815,1.874,0.666,6.034,422.810,2.517,0.014272,living
2,D,D2,D2_01280,2.248,2.147,2.479,1.155,45.812,682.662,2.669,0.067108,living
2,D,D2,D2_01281,2.146,2.666,2.699,1.012,86.307,571.622,2.669,0.150986,living
2,D,D2,D2_01282,1.453,2.435,2.122,0.872,46.581,568.686,2.372,0.081911,living
2,D,D2,D2_01283,2.789,3.220,3.381,1.050,38.648,476.333,2.691,0.081137,living
2,D,D2,D2_01284,1.791,1.707,1.973,1.156,16.821,693.302,2.038,0.024262,living
2,D,D2,D2_01285,1.859,1.663,1.984,1.193,64.764,574.845,2.373,0.112663,living
2,D,D2,D2_01286,3.127,1.565,2.496,1.595,93.481,735.778,2.508,0.127051,living
2,D,D2,D2_01287,2.653,1.751,2.432,1.389,55.070,647.847,2.656,0.085005,living
2,D,D2,D2_01288,2.974,1.634,2.487,1.522,45.375,580.347,2.744,0.078186,living
2,D,D2,D2_01289,2.180,2.628,2.701,1.028,23.287,595.264,3.023,0.039120,living
2,D,D2,D2_01290,2.924,1.840,2.617,1.422,135.416,772.335,2.532,0.175333,living
2,D,D2,D2_01291,1.639,2.226,2.155,0.968,67.742,600.577,2.351,0.112795,living
2,D,D2,D2_01292,3.296,1.695,2.667,1.573,128.949,676.169,2.272,0.190705,living
2,D,D2,D2_01293,2.535,2.112,2.611,1.236,100.747,733.020,2.400,0.137441,living
2,D,D2,D2_01294,3.262,2.504,3.225,1.288,156.394,753.389,2.482,0.207587,living
2,D,D2,D2_01295,1.927,1.418,1.865,1.315,67.939,654.868,2.439,0.103744,living
2,D,D2,D2_01296,2.062,2.314,2.465,1.065,33.115,676.631,2.672,0.048941,living
2,D,D2,D2_01297,2.636,2.218,2.728,1.230,54.712,703.872,2.378,0.077729,living
2,D,D2,D2_01298,2.383,3.043,3.039,0.999,27.993,663.681,2.390,0.042178,living
2,D,D2,D2_01299,2.467,1.404,2.100,1.496,18.685,548.226,2.479,0.034083,living
2,D,D2,D2_01300,1.639,1.723,1.896,1.101,107.041,665.454,2.485,0.160855,living
2,D,D2,D2_01301,2.738,2.534,2.972,1.173,2.759,622.228,2.500,0.004434,living
2,D,D2,D2_01302,2.620,2.009,2.589,1.289,31.594,648.845,2.452,0.048692,living
2,D,D2,D2_01303,2.670,1.748,2.438,1.395,82.209,681.734,2.139,0.120588,living
2,D,D2,D2_01304,2.552,1.998,2.548,1.275,96.311,713.252,2.371,0.135031,living
2,D,D2,D2_01305,2.231,1.945,2.351,1.208,80.250,652.667,2.598,0.122957,living
2,D,D2,D2_01306,1.707,1.896,2.030,1.071,18.307,595.109,1.941,0.030762,living
2,D,D2,D2_01307,1.487,1.639,1.762,1.075,81.080,632.011,2.693,0.128288,living
2,D,D2,D2_01308,2.045,1.702,2.105,1.237,97.273,779.702,2.628,0.124756,living
2,D,D2,D2_01309,1.589,1.752,1.883,1.075,32.106,616.287,2.447,0.052096,living
2,D,D2,D2_01310,1.690,2.787,2.449,0.879,50.770,558.200,2.500,0.090953,living
2,D,D2,D2_01311,2.180,1.789,2.228,1.246,32.853,750.628,2.543,0.043767,living
2,D,D2,D2_01312,2.603,2.501,2.879,1.151,62.039,726.487,2.558,0.085396,living
2,D,D2,D2_01313,2.434,1.944,2.455,1.263,2.486,650.972,2.792,0.003819,living
2,D,D2,D2_01314,2.974,2.181,2.874,1.318,51.460,723.216,3.108,0.071155,living
2,D,D2,D2_01315,2.451,1.897,2.433,1.283,12.359,518.214,2.103,0.023848,living
2,D,D2,D2_01316,2.873,3.580,3.619,1.011,9.065,613.824,2.529,0.014768,living
2,D,D2,D2_01317,2.383,2.273,2.626,1.155,39.071,697.312,2.475,0.056031,living
2,D,D2,D2_01318,2.687,3.383,3.402,1.006,39.377,622.635,2.434,0.063243,living
2,D,D2,D2_01319,2.586,1.535,2.248,1.465,2.621,650.026,2.523,0.004032,living
2,D,D2,D2_01320,2.772,3.033,3.272,1.079,21.640,644.244,2.457,0.033590,living
2,D,D2,D2_01321,2.298,2.084,2.469,1.185,30.184,717.588,2.669,0.042063,living
2,D,D2,D2_01322,2.011,1.970,2.246,1.140,17.798,692.496,2.647,0.025702,living
2,D,D2,D2_01323,2.704,2.205,2.755,1.250,25.919,800.300,2.250,0.032386,living
2,D,D2,D2_01324,2.400,2.420,2.719,1.124,17.056,639.803,2.824,0.026659,living
2,D,D2,D2_01325,2.417,2.702,2.884,1.067,25.664,658.231,2.671,0.038990,living
2,D,D2,D2_01326,1.775,3.024,2.614,0.864,17.276,622.105,2.476,0.027771,living
2,D,D2,D2_01327,1.606,3.437,2.651,0.771,7.379,558.158,2.800,0.013220,living
2,D,D2,D2_01328,0.828,2.531,1.633,0.645,9.224,487.408,2.531,0.018926,living
2,D,D2,D2_01329,2.974,2.921,3.326,1.139,3.335,662.182,2.625,0.005037,living
2,D,D2,D2_01330,1.555,2.161,2.068,0.957,9.315,653.533,2.728,0.014254,living
2,D,D2,D2_01331,1.927,2.552,2.502,0.981,50.342,677.333,2.553,0.074324,living
2,D,D2,D2_01332,0.963,2.181,1.635,0.750,48.982,515.158,3.211,0.095082,living
2,D,D2,D2_01333,2.282,1.952,2.382,1.220,90.904,824.170,2.578,0.110297,living
2,D,D2,D2_01334,2.586,2.420,2.823,1.166,86.131,812.745,2.431,0.105975,living
2,D,D2,D2_01335,0.879,4.227,2.175,0.515,3.058,546.865,2.788,0.005591,living
2,D,D2,D2_01336,1.758,2.290,2.264,0.989,67.558,735.740,2.702,0.091823,living
2,D,D2,D2_01337,2.670,1.746,2.436,1.395,76.684,774.829,2.842,0.098968,living
2,D,D2,D2_01338,1.724,2.127,2.161,1.016,91.745,691.029,2.676,0.132766,living
2,D,D2,D2_01339,2.011,1.826,2.162,1.184,72.916,637.244,2.420,0.114424,living
2,D,D2,D2_01340,1.453,1.734,1.791,1.033,133.593,747.651,2.942,0.178684,living
2,D,D2,D2_01341,2.332,2.397,2.668,1.113,111.152,708.043,2.362,0.156985,living
2,D,D2,D2_01342,2.028,2.345,2.461,1.049,109.750,703.275,2.317,0.156056,living
2,D,D2,D2_01343,1.876,1.851,2.103,1.136,92.595,755.261,2.541,0.122599,living
2,D,D2,D2_01344,3.194,2.067,2.899,1.403,65.778,769.884,2.550,0.085439,living
2,D,D2,D2_01345,2.484,1.904,2.454,1.289,126.694,873.558,2.313,0.145032,living
2,D,D2,D2_01346,2.129,1.794,2.205,1.229,82.230,850.643,2.524,0.096668,living
2,D,D2,D2_01347,1.504,1.683,1.795,1.067,74.865,803.910,2.798,0.093126,living
2,D,D2,D2_01348,2.451,2.432,2.755,1.133,90.545,774.393,2.414,0.116924,living
2,D,D2,D2_01349,2.467,3.085,3.113,1.009,68.048,720.363,2.753,0.094463,living
2,D,D2,D2_01350,2.045,2.150,2.366,1.100,73.992,800.496,2.364,0.092432,living
2,D,D2,D2_01351,1.606,1.804,1.921,1.065,46.474,803.042,2.474,0.057872,living
2,D,D2,D2_01352,0.946,1.987,1.547,0.779,18.786,663.071,1.696,0.028331,living
2,D,D2,D2_01353,1.268,2.347,1.947,0.829,29.347,660.987,2.320,0.044398,living
2,D,D2,D2_01354,2.113,2.694,2.692,0.999,2.464,604.352,2.104,0.004077,living
2,D,D2,D2_01355,1.944,2.181,2.324,1.065,76.696,651.635,2.209,0.117697,living
2,D,D2,D2_01356,1.842,2.181,2.262,1.037,55.459,600.211,2.862,0.092399,living
2,D,D2,D2_01357,2.501,2.460,2.799,1.138,126.791,737.243,2.466,0.171979,living
2,D,D2,D2_01358,1.994,2.181,2.353,1.079,67.576,515.814,2.636,0.131009,living
2,D,D2,D2_01359,2.586,2.181,2.680,1.229,30.706,687.771,2.654,0.044645,living
2,D,D2,D2_01360,1.487,2.181,2.032,0.932,27.000,523.636,2.068,0.051563,living
2,D,D2,D2_01361,1.808,1.720,1.990,1.157,21.626,626.673,2.430,0.034509,living
2,D,D2,D2_01362,1.859,2.205,2.285,1.036,34.545,625.900,2.127,0.055193,living
2,D,D2,D2_01363,1.369,2.010,1.872,0.931,34.519,662.679,2.407,0.052089,living
2,D,D2,D2_01364,0.963,2.181,1.635,0.750,19.140,589.579,3.368,0.032464,living
2,D,D2,D2_01365,1.572,1.618,1.800,1.112,118.215,745.516,2.968,0.158568,living
2,D,D2,D2_01366,1.859,1.766,2.045,1.158,112.827,744.345,2.573,0.151579,living
2,D,D2,D2_01367,0.997,2.181,1.664,0.763,96.627,546.288,55.271,0.176879,dead
2,D,D2,D2_01368,1.521,1.890,1.913,1.012,29.711,714.267,2.278,0.041597,living
2,D,D2,D2_01369,3.228,1.717,2.656,1.547,86.461,718.796,2.335,0.120286,living
2,D,D2,D2_01370,2.197,1.829,2.262,1.237,35.592,814.731,2.585,0.043686,living
2,D,D2,D2_01371,2.467,2.181,2.617,1.200,139.884,793.432,2.726,0.176302,living
2,D,D2,D2_01372,1.234,1.579,1.575,0.998,94.247,653.616,2.644,0.144192,living
2,D,D2,D2_01373,2.113,1.617,2.086,1.290,150.952,732.224,2.640,0.206155,living
2,D,D2,D2_01374,3.143,3.017,3.475,1.152,24.199,712.484,2.360,0.033964,living
2,D,D2,D2_01375,1.690,1.770,1.952,1.103,121.590,707.300,2.590,0.171907,living
2,D,D2,D2_01376,2.789,2.672,3.080,1.153,116.788,710.533,2.327,0.164367,living
2,D,D2,D2_01377,2.974,1.567,2.436,1.555,76.989,718.892,2.131,0.107093,living
2,D,D2,D2_01378,3.076,2.242,2.963,1.322,23.681,588.692,2.429,0.040227,living
2,D,D2,D2_01379,1.437,1.655,1.740,1.051,105.412,697.400,2.718,0.151150,living
2,D,D2,D2_01380,1.825,1.908,2.106,1.104,90.352,740.815,3.019,0.121963,living
2,D,D2,D2_01381,1.994,2.046,2.279,1.114,8.915,771.695,2.525,0.011553,living
2,D,D2,D2_01382,1.572,2.039,2.020,0.991,55.989,692.742,2.172,0.080823,living
2,D,D2,D2_01383,2.518,2.541,2.854,1.123,92.262,729.946,2.711,0.126395,living
2,D,D2,D2_01384,1.707,1.824,1.991,1.092,89.475,706.238,2.584,0.126693,living
2,D,D2,D2_01385,1.420,1.911,1.859,0.973,44.024,673.952,2.357,0.065322,living
2,D,D2,D2_01386,1.859,1.891,2.116,1.119,38.373,775.909,2.400,0.049455,living
2,D,D2,D2_01387,1.572,2.171,2.085,0.960,14.570,673.473,2.634,0.021634,living
2,D,D2,D2_01388,1.876,1.863,2.109,1.132,41.090,783.081,2.279,0.052472,living
2,D,D2,D2_01389,2.332,2.346,2.639,1.125,78.000,817.551,2.275,0.095407,living
2,D,D2,D2_01390,1.589,2.489,2.244,0.902,23.872,645.702,2.340,0.036971,living
2,D,D2,D2_01391,3.296,2.971,3.531,1.188,71.046,793.462,2.313,0.089540,living
2,D,D2,D2_01392,2.180,1.451,2.007,1.383,12.853,756.791,2.674,0.016983,living
2,D,D2,D2_01393,2.248,1.975,2.378,1.204,15.586,762.173,2.346,0.020450,living
2,D,D2,D2_01394,2.755,3.606,3.557,0.986,28.393,690.595,2.847,0.041113,living
2,D,D2,D2_01395,2.180,3.411,3.077,0.902,35.194,652.628,2.504,0.053926,living
2,D,D2,D2_01396,1.386,3.096,2.337,0.755,12.695,638.866,2.573,0.019871,living
2,D,D2,D2_01397,1.403,3.210,2.395,0.746,9.783,636.373,2.024,0.015373,living
2,D,D2,D2_01398,2.535,2.181,2.653,1.216,52.480,495.987,2.713,0.105809,living
2,D,D2,D2_01399,1.791,2.434,2.356,0.968,47.075,603.151,2.340,0.078049,living
2,D,D2,D2_01400,2.231,3.483,3.145,0.903,59.765,588.083,2.394,0.101627,living
2,D,D2,D2_01401,1.639,3.209,2.588,0.806,20.856,549.268,2.454,0.037970,living
2,D,D2,D2_01402,1.825,1.559,1.903,1.221,42.435,705.435,2.222,0.060155,living
2,D,D2,D2_01403,1.166,1.983,1.716,0.865,32.029,594.275,2.406,0.053896,living
2,D,D2,D2_01404,1.707,2.230,2.202,0.987,66.257,653.574,2.713,0.101377,living
2,D,D2,D2_01405,2.603,1.677,2.358,1.406,37.890,606.701,2.987,0.062452,living
2,D,D2,D2_01406,1.791,3.894,2.980,0.765,66.594,543.792,2.491,0.122463,living
2,D,D2,D2_01407,1.707,2.181,2.177,0.998,19.713,569.911,2.911,0.034589,living
2,D,D2,D2_01408,1.606,2.293,2.165,0.944,26.842,589.211,2.505,0.045556,living
2,D,D2,D2_01409,1.944,1.615,1.999,1.238,92.070,654.835,2.461,0.140600,living
2,D,D2,D2_01410,3.245,1.177,2.205,1.874,94.635,711.083,2.568,0.133086,living
2,D,D2,D2_01411,2.653,2.181,2.714,1.244,57.885,608.089,2.675,0.095192,living
2,D,D2,D2_01412,1.251,1.971,1.772,0.899,26.095,553.351,2.473,0.047157,living
2,D,D2,D2_01413,1.690,2.184,2.168,0.993,90.610,601.750,2.810,0.150577,living
2,D,D2,D2_01414,2.467,2.181,2.617,1.200,114.582,695.315,2.301,0.164792,living
2,D,D2,D2_01415,2.315,1.645,2.202,1.339,108.956,802.650,2.438,0.135746,living
2,D,D2,D2_01416,2.400,2.240,2.616,1.168,125.063,667.324,2.627,0.187410,living
2,D,D2,D2_01417,2.822,2.181,2.799,1.283,89.186,635.814,2.683,0.140270,living
2,D,D2,D2_01418,2.518,2.381,2.763,1.160,134.530,713.584,2.242,0.188528,living
2,D,D2,D2_01419,3.380,1.751,2.745,1.568,52.375,826.155,2.455,0.063396,living
2,D,D2,D2_01420,2.873,2.228,2.855,1.281,127.571,745.618,2.329,0.171094,living
2,D,D2,D2_01421,1.589,2.045,2.034,0.995,83.202,632.617,2.404,0.131521,living
2,D,D2,D2_01422,2.400,2.181,2.582,1.184,61.338,636.296,2.704,0.096399,living
2,D,D2,D2_01423,1.487,1.707,1.798,1.053,77.966,682.261,2.659,0.114276,living
2,D,D2,D2_01424,1.842,1.809,2.060,1.139,30.358,575.817,2.257,0.052721,living
2,D,D2,D2_01425,2.011,2.181,2.363,1.083,68.966,674.319,2.857,0.102276,living
2,D,D2,D2_01426,1.386,2.181,1.962,0.899,34.415,569.110,2.963,0.060471,living
2,D,D2,D2_01427,2.467,2.302,2.689,1.168,53.329,747.904,2.356,0.071304,living
2,D,D2,D2_01428,1.741,2.407,2.310,0.960,10.981,658.689,2.641,0.016670,living
2,D,D2,D2_01429,2.265,2.063,2.439,1.182,42.254,782.448,2.425,0.054002,living
2,D,D2,D2_01430,1.639,2.181,2.133,0.978,24.330,575.897,2.753,0.042247,living
2,D,D2,D2_01431,1.403,1.909,1.847,0.967,32.012,657.410,2.578,0.048694,living
2,D,D2,D2_01432,1.538,2.181,2.067,0.948,32.505,691.956,2.725,0.046976,living
2,D,D2,D2_01433,2.569,2.858,3.058,1.070,32.382,689.993,2.592,0.046930,living
2,D,D2,D2_01434,1.572,2.838,2.383,0.840,15.065,611.968,2.032,0.024617,living
2,D,D2,D2_01435,1.859,2.181,2.272,1.042,2.182,648.609,2.645,0.003364,living
2,D,D2,D2_01436,0.811,2.326,1.550,0.666,13.479,580.104,2.729,0.023236,living
2,D,D2,D2_01437,2.535,1.718,2.355,1.371,81.447,705.560,2.633,0.115435,living
2,D,D2,D2_01438,0.811,1.799,1.363,0.758,49.208,557.104,3.312,0.088329,living
2,D,D2,D2_01439,2.248,3.084,2.971,0.963,78.835,555.917,2.429,0.141810,living
2,D,D2,D2_01440,2.974,2.407,3.019,1.254,60.375,709.460,2.767,0.085100,living
2,D,D2,D2_01441,1.927,1.624,1.996,1.229,8.246,648.096,2.316,0.012723,living
2,D,D2,D2_01442,2.045,2.897,2.746,0.948,2.372,517.744,2.438,0.004581,living
2,D,D2,D2_01443,2.687,2.181,2.732,1.252,43.906,669.987,2.723,0.065532,living
2,D,D2,D2_01444,3.008,1.936,2.723,1.407,99.983,943.455,2.376,0.105976,living
2,D,D2,D2_01445,2.011,2.788,2.672,0.958,60.807,535.613,2.084,0.113527,living
2,D,D2,D2_01446,2.890,2.039,2.739,1.343,95.409,697.193,2.480,0.136848,living
2,D,D2,D2_01447,1.775,1.818,2.027,1.115,64.752,719.952,2.210,0.089940,living
2,D,D2,D2_01448,1.538,1.630,1.787,1.096,60.264,654.319,2.330,0.092102,living
2,D,D2,D2_01449,1.707,2.089,2.131,1.020,91.238,605.426,2.733,0.150700,living
2,D,D2,D2_01450,2.011,2.195,2.371,1.080,77.403,659.084,2.689,0.117441,living
2,D,D2,D2_01451,1.994,1.654,2.049,1.239,28.076,766.017,2.398,0.036652,living
2,D,D2,D2_01452,1.893,2.141,2.272,1.061,118.955,614.705,2.527,0.193516,living
2,D,D2,D2_01453,3.194,2.204,2.994,1.358,127.672,907.153,2.519,0.140739,living
2,D,D2,D2_01454,2.434,1.559,2.198,1.410,91.125,741.250,2.319,0.122934,living
2,D,D2,D2_01455,3.025,2.194,2.907,1.325,80.816,852.508,2.469,0.094797,living
2,D,D2,D2_01456,2.096,1.761,2.168,1.231,97.806,680.081,2.395,0.143816,living
2,D,D2,D2_01457,1.707,1.593,1.861,1.168,121.475,766.822,2.604,0.158414,living
2,D,D2,D2_01458,1.589,1.982,2.002,1.010,45.564,503.287,2.691,0.090532,living
2,D,D2,D2_01459,2.890,2.691,3.147,1.169,36.526,650.392,2.292,0.056160,living
2,D,D2,D2_01460,2.974,2.143,2.849,1.329,116.750,724.619,2.438,0.161119,living
2,D,D2,D2_01461,3.279,2.151,2.997,1.393,147.464,902.314,2.459,0.163429,living
2,D,D2,D2_01462,1.994,2.007,2.257,1.125,69.500,709.780,2.653,0.097918,living
2,D,D2,D2_01463,2.231,1.932,2.343,1.213,74.288,754.439,2.197,0.098468,living
2,D,D2,D2_01464,1.758,1.630,1.910,1.172,71.404,766.529,2.096,0.093152,living
2,D,D2,D2_01465,2.248,2.027,2.409,1.188,41.188,810.000,2.805,0.050849,living
2,D,D2,D2_01466,2.028,1.884,2.206,1.171,93.658,743.592,2.400,0.125954,living
2,D,D2,D2_01467,2.163,1.259,1.862,1.479,55.672,717.883,2.305,0.077550,living
2,D,D2,D2_01468,1.910,1.846,2.119,1.148,80.009,773.044,2.336,0.103498,living
2,D,D2,D2_01469,2.298,1.151,1.835,1.594,26.654,596.279,2.779,0.044701,living
2,D,D2,D2_01470,2.349,1.988,2.438,1.227,30.345,706.209,2.698,0.042969,living
2,D,D2,D2_01471,1.893,2.311,2.360,1.021,35.491,667.616,2.196,0.053161,living
2,D,D2,D2_01472,1.825,1.929,2.117,1.098,11.806,720.148,2.667,0.016393,living
2,D,D2,D2_01473,1.775,2.494,2.374,0.952,32.952,665.400,2.105,0.049523,living
2,D,D2,D2_01474,1.859,1.993,2.172,1.090,41.000,739.936,2.636,0.055410,living
2,D,D2,D2_01475,2.890,2.672,3.136,1.174,24.480,702.556,2.398,0.034844,living
2,D,D2,D2_01476,1.825,1.752,2.018,1.152,20.954,710.546,2.380,0.029490,living
2,D,D2,D2_01477,1.200,2.194,1.831,0.835,5.099,631.239,2.254,0.008077,living
2,D,D2,D2_01478,1.673,2.325,2.225,0.957,21.667,666.293,2.808,0.032518,living
2,D,D2,D2_01479,1.775,3.532,2.825,0.800,19.171,595.886,2.390,0.032173,living
2,D,D2,D2_01480,2.451,2.418,2.747,1.136,8.890,607.352,2.483,0.014637,living
2,D,D2,D2_01481,1.960,2.583,2.539,0.983,19.034,669.948,2.379,0.028412,living
2,D,D2,D2_01482,1.115,3.345,2.179,0.651,3.076,527.742,2.788,0.005828,living
2,D,D2,D2_01483,1.065,2.273,1.756,0.772,12.095,583.825,1.889,0.020717,living
2,D,D2,D2_01484,1.403,4.010,2.676,0.667,24.361,562.771,2.651,0.043288,living
2,D,D2,D2_01485,1.403,2.267,2.012,0.888,43.952,562.265,2.398,0.078169,living
2,D,D2,D2_01486,1.639,2.104,2.095,0.996,96.608,647.825,2.546,0.149127,living
2,D,D2,D2_01487,1.403,1.961,1.872,0.954,71.590,643.675,2.373,0.111221,living
2,D,D2,D2_01488,1.470,2.627,2.217,0.844,51.897,631.299,2.322,0.082206,living
2,D,D2,D2_01489,1.268,2.442,1.986,0.813,15.573,579.267,2.520,0.026885,living
2,D,D2,D2_01490,2.113,2.729,2.710,0.993,97.560,652.440,2.176,0.149531,living
2,D,D2,D2_01491,1.825,1.792,2.041,1.139,97.222,715.491,2.398,0.135882,living
2,D,D2,D2_01492,1.622,2.317,2.187,0.944,88.312,626.729,2.396,0.140910,living
2,D,D2,D2_01493,1.775,2.178,2.219,1.019,50.895,608.800,2.333,0.083599,living
2,D,D2,D2_01494,1.555,2.792,2.351,0.842,62.837,595.902,2.728,0.105448,living
2,D,D2,D2_01495,1.268,2.077,1.831,0.882,96.547,636.480,2.293,0.151688,living
2,D,D2,D2_01496,1.470,1.693,1.780,1.051,35.483,623.207,2.356,0.056936,living
2,D,D2,D2_01497,1.268,1.938,1.769,0.913,2.387,556.293,2.147,0.004290,living
2,D,D2,D2_01498,0.761,2.253,1.478,0.656,50.756,595.156,3.089,0.085281,living
2,D,D2,D2_01499,1.437,1.816,1.823,1.004,90.471,696.271,2.471,0.129936,living
2,D,D2,D2_01500,1.065,1.664,1.502,0.903,38.063,714.159,2.302,0.053298,living
2,D,D2,D2_01501,1.115,1.600,1.507,0.942,106.288,651.742,2.424,0.163083,living
2,D,D2,D2_01502,2.045,1.727,2.121,1.228,141.157,819.215,2.488,0.172308,living
2,D,D2,D2_01503,2.636,2.726,3.025,1.110,115.904,682.782,2.481,0.169752,living
2,D,D2,D2_01504,1.589,1.629,1.815,1.114,103.234,789.032,2.638,0.130836,living
2,D,D2,D2_01505,2.028,2.167,2.365,1.092,84.608,755.217,2.142,0.112032,living
2,D,D2,D2_01506,1.859,1.842,2.088,1.134,120.373,742.700,2.164,0.162074,living
2,D,D2,D2_01507,1.149,2.786,2.019,0.725,10.412,556.118,2.456,0.018722,living
2,D,D2,D2_01508,1.606,1.805,1.921,1.064,119.337,669.295,2.495,0.178302,living
2,D,D2,D2_01509,1.808,2.196,2.248,1.024,84.019,714.075,2.075,0.117661,living
2,D,D2,D2_01510,3.228,2.080,2.924,1.406,167.120,953.832,2.581,0.175209,living
2,D,D2,D2_01511,1.200,1.661,1.593,0.959,81.296,680.042,2.324,0.119545,living
2,D,D2,D2_01512,1.876,1.793,2.069,1.154,145.450,731.252,3.027,0.198906,living
2,D,D2,D2_01513,2.805,2.181,2.791,1.280,176.295,1000.193,2.861,0.176261,living
2,D,D2,D2_01514,1.842,1.834,2.074,1.131,89.743,806.670,2.532,0.111251,living
2,D,D2,D2_01515,1.504,1.705,1.807,1.060,85.539,691.045,2.315,0.123783,living
2,D,D2,D2_01516,2.079,2.314,2.475,1.070,112.878,698.732,2.545,0.161547,living
2,D,D2,D2_01517,1.335,1.705,1.702,0.998,117.734,691.468,2.582,0.170267,living
2,D,D2,D2_01518,2.704,2.953,3.189,1.080,132.219,701.469,2.494,0.188488,living
2,D,D2,D2_01519,2.146,2.106,2.399,1.139,137.157,744.882,2.346,0.184133,living
2,D,D2,D2_01520,1.403,3.536,2.513,0.711,61.458,574.807,2.843,0.106919,living
2,D,D2,D2_01521,1.504,1.955,1.935,0.990,78.607,646.865,2.281,0.121520,living
2,D,D2,D2_01522,2.163,2.395,2.568,1.072,87.414,731.836,2.203,0.119445,living
2,D,D2,D2_01523,1.893,2.195,2.300,1.048,85.411,766.446,2.339,0.111437,living
2,D,D2,D2_01524,2.028,2.475,2.528,1.021,119.983,677.683,2.667,0.177049,living
2,D,D2,D2_01525,1.420,1.857,1.832,0.987,96.202,652.929,2.202,0.147340,living
2,D,D2,D2_01526,2.535,3.225,3.226,1.000,8.227,607.420,2.420,0.013544,living
2,D,D2,D2_01527,1.115,1.857,1.624,0.874,41.955,640.106,2.121,0.065543,living
2,D,D2,D2_01528,1.775,2.082,2.169,1.042,77.181,748.657,2.676,0.103093,living
2,D,D2,D2_01529,2.231,1.704,2.200,1.291,136.045,928.705,2.689,0.146489,living
2,D,D2,D2_01530,3.194,3.449,3.745,1.086,114.852,694.381,2.698,0.165402,living
2,D,D2,D2_01531,3.245,1.599,2.570,1.607,45.036,750.578,2.427,0.060002,living
2,D,D2,D2_01532,2.214,2.387,2.594,1.087,123.924,705.802,2.405,0.175579,living
2,D,D2,D2_01533,2.721,2.181,2.749,1.260,98.509,1040.963,2.615,0.094633,living
2,D,D2,D2_01534,2.011,1.561,1.999,1.281,2.714,629.916,2.336,0.004309,living
2,D,D2,D2_01535,3.025,1.092,2.051,1.878,84.760,880.436,2.497,0.096270,living
2,D,D2,D2_01536,2.079,2.508,2.577,1.027,30.593,753.195,2.764,0.040618,living
2,D,D2,D2_01537,2.349,1.830,2.339,1.278,89.331,922.388,2.324,0.096847,living
2,D,D2,D2_01538,1.369,2.179,1.949,0.894,25.235,678.247,2.494,0.037206,living
2,D,D2,D2_01539,1.673,1.899,2.011,1.059,89.788,743.869,2.232,0.120704,living
2,D,D2,D2_01540,0.744,2.181,1.437,0.659,49.977,579.477,55.477,0.086245,dead
2,D,D2,D2_01541,2.451,2.051,2.530,1.234,94.069,897.517,2.517,0.104810,living
2,D,D2,D2_01542,3.059,2.953,3.391,1.148,73.928,795.751,2.354,0.092904,living
2,D,D2,D2_01543,2.028,2.194,2.380,1.085,70.167,717.600,2.542,0.097780,living
2,D,D2,D2_01544,1.791,1.847,2.052,1.111,68.019,769.198,2.925,0.088428,living
2,D,D2,D2_01545,2.467,3.441,3.288,0.955,68.822,632.062,2.541,0.108885,living
2,D,D2,D2_01546,1.606,2.572,2.293,0.892,21.653,636.084,2.337,0.034041,living
2,D,D2,D2_01547,2.603,1.993,2.570,1.290,44.006,758.649,2.662,0.058006,living
2,D,D2,D2_01548,1.859,2.499,2.432,0.973,25.436,692.964,2.300,0.036707,living
2,D,D2,D2_01549,1.639,2.267,2.175,0.959,44.526,694.237,2.278,0.064136,living
2,D,D2,D2_01550,1.606,1.754,1.894,1.080,65.505,778.126,2.674,0.084183,living
2,D,D2,D2_01551,2.552,2.474,2.835,1.146,78.821,745.358,2.258,0.105749,living
2,D,D2,D2_01552,1.301,1.982,1.812,0.914,32.636,596.948,2.104,0.054672,living
2,D,D2,D2_01553,0.980,1.730,1.469,0.849,61.879,666.103,2.293,0.092897,living
2,D,D2,D2_01554,2.636,2.266,2.758,1.217,72.936,841.359,2.712,0.086688,living
2,D,D2,D2_01555,1.048,1.665,1.491,0.895,49.419,712.000,2.242,0.069409,living
2,D,D2,D2_01556,3.160,2.301,3.043,1.322,55.321,953.604,2.513,0.058012,living
2,D,D2,D2_01557,2.974,1.903,2.684,1.411,26.597,662.727,2.443,0.040132,living
2,D,D2,D2_01558,1.775,2.181,2.220,1.018,46.600,739.943,3.248,0.062978,living
2,D,D2,D2_01559,1.115,2.181,1.760,0.807,2.667,658.152,3.015,0.004052,living
2,D,D2,D2_01560,0.997,2.179,1.663,0.763,2.186,556.661,2.695,0.003928,living
2,D,D2,D2_01561,2.129,2.713,2.712,1.000,30.897,722.190,2.778,0.042782,living
2,D,D2,D2_01562,3.346,2.247,3.094,1.377,72.874,1065.278,2.424,0.068408,living
2,D,D2,D2_01563,1.977,2.181,2.343,1.074,10.897,607.000,2.581,0.017953,living
2,D,D2,D2_01564,1.082,1.512,1.443,0.955,17.734,706.016,2.406,0.025119,living
2,D,D2,D2_01565,1.234,2.933,2.147,0.732,26.425,628.247,2.507,0.042061,living
2,D,D2,D2_01566,1.589,2.070,2.046,0.989,18.628,723.787,2.436,0.025736,living
2,D,D2,D2_01567,1.538,1.667,1.807,1.084,30.505,789.000,2.396,0.038663,living
2,D,D2,D2_01568,3.093,1.806,2.667,1.477,24.109,684.678,2.831,0.035213,living
2,D,D2,D2_01569,2.451,2.786,2.949,1.058,26.497,746.221,2.234,0.035508,living
2,D,D2,D2_01570,2.890,2.947,3.293,1.117,25.819,789.807,2.322,0.032690,living
2,D,D2,D2_01571,3.042,3.409,3.634,1.066,24.772,746.967,2.467,0.033164,living
2,D,D2,D2_01572,1.504,3.303,2.515,0.761,20.472,638.876,1.831,0.032044,living
2,D,D2,D2_01573,3.177,2.904,3.427,1.180,34.367,853.702,2.383,0.040256,living
2,D,D2,D2_01574,1.724,2.510,2.347,0.935,18.775,696.765,2.363,0.026945,living
2,D,D2,D2_01575,2.197,1.800,2.244,1.247,3.562,625.769,2.385,0.005691,living
2,D,D2,D2_01576,1.284,2.579,2.053,0.796,18.039,661.237,2.447,0.027281,living
2,D,D2,D2_01577,1.538,2.824,2.352,0.833,8.209,684.352,2.978,0.011995,living
2,D,D2,D2_01578,0.727,1.932,1.337,0.692,14.814,598.930,2.326,0.024734,living
2,D,D2,D2_01579,1.910,2.743,2.583,0.942,19.540,730.522,2.646,0.026748,living
2,D,D2,D2_01580,1.775,1.893,2.068,1.093,13.771,777.590,3.086,0.017710,living
3,C,C3,C3_00001,1.183,2.212,1.825,0.825,38.229,474.729,2.329,0.080527,living
3,C,C3,C3_00002,0.845,2.160,1.524,0.706,46.000,538.140,2.820,0.085480,living
3,C,C3,C3_00003,2.400,1.855,2.381,1.283,146.162,713.528,2.310,0.204844,living
3,C,C3,C3_00004,0.744,1.995,1.375,0.689,50.727,417.273,19.023,0.121569,dead
3,C,C3,C3_00005,1.132,2.171,1.769,0.815,132.030,451.910,2.119,0.292159,living
3,C,C3,C3_00006,2.282,2.596,2.746,1.058,117.252,563.178,2.259,0.208197,living
3,C,C3,C3_00007,1.859,2.063,2.210,1.071,132.282,575.755,2.282,0.229754,living
3,C,C3,C3_00008,3.211,1.995,2.856,1.431,165.200,720.316,2.658,0.229344,living
3,C,C3,C3_00009,1.470,2.087,1.976,0.947,62.195,567.483,2.851,0.109599,living
3,C,C3,C3_00010,2.113,1.836,2.222,1.211,93.400,683.856,2.256,0.136578,living
3,C,C3,C3_00011,2.501,1.913,2.468,1.290,69.926,818.993,2.642,0.085380,living
3,C,C3,C3_00012,2.096,1.752,2.162,1.234,58.879,734.016,2.605,0.080215,living
3,C,C3,C3_00013,2.231,1.928,2.340,1.214,71.076,726.894,2.273,0.097780,living
3,C,C3,C3_00014,2.366,1.955,2.427,1.241,65.757,725.771,3.014,0.090603,living
3,C,C3,C3_00015,0.761,2.242,1.474,0.657,25.378,497.422,2.578,0.051019,living
3,C,C3,C3_00016,2.045,2.504,2.553,1.020,48.017,649.620,2.653,0.073915,living
3,C,C3,C3_00017,1.132,1.715,1.572,0.917,25.776,605.642,2.687,0.042560,living
3,C,C3,C3_00018,0.879,1.564,1.323,0.846,14.288,473.692,2.558,0.030164,living
3,C,C3,C3_00019,0.744,1.886,1.337,0.709,17.318,528.864,2.136,0.032746,living
3,C,C3,C3_00020,2.907,1.411,2.285,1.620,3.198,570.238,2.087,0.005608,living
3,C,C3,C3_00021,1.606,2.050,2.047,0.999,23.284,637.316,2.179,0.036535,living
3,C,C3,C3_00022,1.825,2.499,2.410,0.964,17.157,600.944,2.269,0.028551,living
3,C,C3,C3_00023,2.129,2.287,2.490,1.089,122.603,560.214,2.460,0.218850,living
3,C,C3,C3_00024,1.538,1.961,1.960,0.999,125.516,539.747,2.637,0.232547,living
3,C,C3,C3_00025,1.775,2.218,2.239,1.009,82.571,578.619,2.238,0.142704,living
3,C,C3,C3_00026,1.859,1.847,2.091,1.132,54.191,667.273,2.382,0.081213,living
3,C,C3,C3_00027,1.352,1.816,1.768,0.974,68.237,599.712,2.462,0.113784,living
3,C,C3,C3_00028,1.487,1.805,1.849,1.024,57.955,602.989,2.500,0.096112,living
3,C,C3,C3_00029,1.622,2.161,2.113,0.978,114.125,537.115,2.771,0.212478,living
3,C,C3,C3_00030,1.622,1.995,2.030,1.017,140.458,632.792,3.156,0.221966,living
3,C,C3,C3_00031,2.484,1.927,2.469,1.281,172.946,737.354,2.327,0.234549,living
3,C,C3,C3_00032,2.569,1.995,2.555,1.280,130.309,800.941,2.770,0.162695,living
3,C,C3,C3_00033,1.622,1.995,2.030,1.017,70.552,635.094,2.760,0.111089,living
3,C,C3,C3_00034,1.639,1.960,2.022,1.032,96.814,596.021,2.320,0.162435,living
3,C,C3,C3_00035,0.761,1.967,1.381,0.702,29.511,526.289,2.756,0.056074,living
3,C,C3,C3_00036,1.301,1.995,1.818,0.911,31.831,568.390,2.922,0.056002,living
3,C,C3,C3_00037,1.707,2.537,2.348,0.926,54.851,557.673,2.861,0.098358,living
3,C,C3,C3_00038,2.163,2.167,2.443,1.127,73.164,644.297,3.148,0.113556,living
3,C,C3,C3_00039,1.927,1.995,2.213,1.109,44.491,489.868,3.377,0.090823,living
3,C,C3,C3_00040,1.589,1.829,1.924,1.052,29.234,657.968,2.745,0.044431,living
3,C,C3,C3_00041,1.808,1.797,2.034,1.132,49.168,698.308,2.738,0.070410,living
3,C,C3,C3_00042,1.251,1.663,1.628,0.979,36.216,610.027,2.811,0.059368,living
3,C,C3,C3_00043,1.183,1.594,1.550,0.972,24.814,608.371,2.471,0.040788,living
3,C,C3,C3_00044,0.777,2.153,1.459,0.678,18.630,529.761,2.304,0.035168,living
3,C,C3,C3_00045,1.301,2.317,1.959,0.846,17.117,547.234,2.584,0.031279,living
3,C,C3,C3_00046,1.589,2.851,2.402,0.842,13.894,541.085,2.138,0.025677,living
3,C,C3,C3_00047,0.963,1.972,1.555,0.789,10.719,513.544,2.140,0.020873,living
3,C,C3,C3_00048,1.707,1.681,1.911,1.137,78.554,522.505,2.505,0.150342,living
3,C,C3,C3_00049,2.282,2.062,2.448,1.187,108.711,562.837,2.119,0.193148,living
3,C,C3,C3_00050,2.772,1.672,2.429,1.453,55.872,601.159,2.823,0.092940,living
3,C,C3,C3_00051,2.079,1.995,2.298,1.152,54.797,527.520,10.797,0.103876,dead
3,C,C3,C3_00052,2.484,1.564,2.224,1.422,61.898,620.333,2.558,0.099782,living
3,C,C3,C3_00053,2.789,1.987,2.656,1.337,85.085,687.479,2.352,0.123764,living
3,C,C3,C3_00054,1.893,1.663,2.002,1.204,57.875,542.509,2.830,0.106680,living
3,C,C3,C3_00055,1.369,2.126,1.925,0.905,25.457,503.198,2.642,0.050590,living
3,C,C3,C3_00056,2.146,2.003,2.339,1.168,53.008,615.772,2.283,0.086084,living
3,C,C3,C3_00057,1.876,1.995,2.183,1.094,19.622,500.009,11.802,0.039243,dead
3,C,C3,C3_00058,2.265,1.785,2.269,1.271,50.843,669.343,2.493,0.075960,living
3,C,C3,C3_00059,2.298,2.218,2.547,1.149,13.272,460.831,2.904,0.028800,living
3,C,C3,C3_00060,2.197,2.848,2.823,0.991,29.962,511.869,2.692,0.058534,living
3,C,C3,C3_00061,1.284,2.221,1.906,0.858,14.671,464.013,2.579,0.031618,living
3,C,C3,C3_00062,1.200,1.995,1.746,0.875,4.676,327.606,6.972,0.014273,dead
3,C,C3,C3_00063,1.386,1.890,1.826,0.966,20.366,516.573,2.146,0.039425,living
3,C,C3,C3_00064,2.129,3.195,2.943,0.921,28.310,527.770,2.484,0.053640,living
3,C,C3,C3_00065,1.470,2.183,2.021,0.926,16.897,497.161,2.402,0.033986,living
3,C,C3,C3_00066,1.318,2.135,1.893,0.887,13.718,494.859,3.103,0.027721,living
3,C,C3,C3_00067,1.842,2.816,2.570,0.913,16.835,465.945,2.101,0.036131,living
3,C,C3,C3_00068,0.676,2.174,1.368,0.629,15.725,397.000,2.075,0.039610,living
3,C,C3,C3_00069,1.014,2.032,1.620,0.797,13.817,475.850,2.350,0.029036,living
3,C,C3,C3_00070,1.724,1.705,1.935,1.135,6.529,482.363,2.157,0.013536,living
3,C,C3,C3_00071,1.656,2.098,2.103,1.002,18.929,537.316,2.531,0.035228,living
3,C,C3,C3_00072,1.318,2.324,1.975,0.850,107.949,472.462,2.949,0.228481,living
3,C,C3,C3_00073,2.434,2.141,2.576,1.203,156.243,622.604,2.458,0.250951,living
3,C,C3,C3_00074,0.828,2.297,1.556,0.677,48.163,459.796,1.776,0.104749,living
3,C,C3,C3_00075,2.518,2.380,2.762,1.161,129.101,606.940,2.007,0.212708,living
3,C,C3,C3_00076,1.707,1.730,1.939,1.121,113.277,584.208,2.535,0.193899,living
3,C,C3,C3_00077,2.670,1.976,2.592,1.312,152.570,713.203,2.386,0.213922,living
3,C,C3,C3_00078,1.842,1.794,2.051,1.143,141.853,592.174,3.037,0.239546,living
3,C,C3,C3_00079,2.315,2.127,2.504,1.177,140.803,632.584,2.131,0.222584,living
3,C,C3,C3_00080,2.501,1.705,2.330,1.367,162.345,767.851,2.115,0.211427,living
3,C,C3,C3_00081,2.096,2.122,2.380,1.121,107.065,569.855,2.484,0.187880,living
3,C,C3,C3_00082,2.163,1.774,2.210,1.246,105.977,711.328,2.750,0.148984,living
3,C,C3,C3_00083,1.639,1.995,2.041,1.023,106.856,592.959,3.485,0.180208,living
3,C,C3,C3_00084,1.437,1.667,1.746,1.048,89.776,608.035,2.647,0.147650,living
3,C,C3,C3_00085,1.487,2.291,2.083,0.909,39.409,547.432,2.909,0.071989,living
3,C,C3,C3_00086,1.622,1.938,2.001,1.032,49.062,619.906,2.365,0.079145,living
3,C,C3,C3_00087,1.555,1.730,1.851,1.070,75.239,623.391,2.946,0.120693,living
3,C,C3,C3_00088,1.622,1.875,1.968,1.049,42.552,595.729,2.854,0.071429,living
3,C,C3,C3_00089,2.366,2.323,2.645,1.139,58.943,669.943,2.700,0.087982,living
3,C,C3,C3_00090,1.994,1.995,2.251,1.128,58.814,756.729,2.644,0.077721,living
3,C,C3,C3_00091,2.839,1.217,2.097,1.723,28.976,776.750,2.625,0.037304,living
3,C,C3,C3_00092,1.284,1.628,1.631,1.002,34.513,622.447,2.592,0.055448,living
3,C,C3,C3_00093,0.727,1.971,1.351,0.685,17.419,528.465,1.837,0.032961,living
3,C,C3,C3_00094,0.997,2.302,1.709,0.743,14.458,497.983,2.305,0.029032,living
3,C,C3,C3_00095,1.183,1.899,1.691,0.891,25.671,572.114,2.400,0.044871,living
3,C,C3,C3_00096,2.991,2.584,3.137,1.214,21.565,633.655,2.571,0.034033,living
3,C,C3,C3_00097,2.569,1.995,2.555,1.280,135.592,594.605,9.112,0.228037,dead
3,C,C3,C3_00098,1.386,1.795,1.780,0.992,58.988,543.695,2.768,0.108494,living
3,C,C3,C3_00099,2.129,2.029,2.345,1.156,128.905,502.540,2.571,0.256507,living
3,C,C3,C3_00100,2.366,2.228,2.591,1.163,99.179,572.200,2.393,0.173329,living
3,C,C3,C3_00101,1.775,1.759,1.994,1.133,139.590,572.990,2.486,0.243617,living
3,C,C3,C3_00102,1.741,1.567,1.864,1.189,141.019,557.592,2.233,0.252908,living
3,C,C3,C3_00103,1.808,1.704,1.981,1.162,83.850,586.467,2.869,0.142976,living
3,C,C3,C3_00104,1.572,1.742,1.867,1.072,94.828,557.301,2.645,0.170156,living
3,C,C3,C3_00105,1.014,1.995,1.605,0.804,54.033,429.700,30.033,0.125747,dead
3,C,C3,C3_00106,2.096,1.866,2.232,1.196,40.266,609.331,2.823,0.066083,living
3,C,C3,C3_00107,2.822,1.247,2.117,1.697,45.305,589.784,2.527,0.076817,living
3,C,C3,C3_00108,3.329,2.442,3.217,1.317,91.284,705.132,2.518,0.129457,living
3,C,C3,C3_00109,1.268,1.995,1.795,0.900,33.053,428.533,22.227,0.077131,dead
3,C,C3,C3_00110,2.011,2.118,2.329,1.100,26.437,604.681,2.210,0.043721,living
3,C,C3,C3_00111,2.501,1.995,2.521,1.263,45.676,642.426,2.872,0.071099,living
3,C,C3,C3_00112,1.606,1.363,1.669,1.225,23.242,462.232,3.063,0.050282,living
3,C,C3,C3_00113,2.704,2.750,3.077,1.119,26.444,611.125,2.756,0.043271,living
3,C,C3,C3_00114,2.721,1.995,2.629,1.318,24.329,514.683,7.174,0.047270,dead
3,C,C3,C3_00115,2.265,1.819,2.290,1.259,27.209,679.843,1.970,0.040022,living
3,C,C3,C3_00116,1.335,1.668,1.684,1.009,22.443,592.975,2.203,0.037848,living
3,C,C3,C3_00117,1.335,1.901,1.798,0.946,18.797,547.519,2.215,0.034332,living
3,C,C3,C3_00118,1.318,1.895,1.783,0.941,14.705,557.103,2.333,0.026396,living
3,C,C3,C3_00119,0.980,2.805,1.871,0.667,32.914,436.517,2.310,0.075401,living
3,C,C3,C3_00120,2.062,1.759,2.149,1.222,158.492,565.598,2.484,0.280220,living
3,C,C3,C3_00121,1.910,1.842,2.116,1.149,148.611,503.283,2.832,0.295282,living
3,C,C3,C3_00122,2.755,1.702,2.443,1.436,85.061,633.785,2.331,0.134212,living
3,C,C3,C3_00123,2.400,2.048,2.502,1.222,100.585,584.852,2.641,0.171983,living
3,C,C3,C3_00124,2.417,1.751,2.321,1.326,32.168,541.804,2.615,0.059372,living
3,C,C3,C3_00125,1.960,2.010,2.240,1.114,59.198,581.552,2.621,0.101794,living
3,C,C3,C3_00126,2.535,2.115,2.613,1.235,57.520,663.367,2.427,0.086709,living
3,C,C3,C3_00127,2.163,1.539,2.059,1.338,49.258,712.297,2.523,0.069153,living
3,C,C3,C3_00128,2.569,3.130,3.200,1.022,25.711,549.500,2.526,0.046789,living
3,C,C3,C3_00129,1.859,2.399,2.383,0.993,25.964,560.745,2.455,0.046302,living
3,C,C3,C3_00130,1.572,2.430,2.205,0.908,21.753,533.763,2.538,0.040753,living
3,C,C3,C3_00131,2.146,2.586,2.658,1.028,22.134,541.780,2.402,0.040854,living
3,C,C3,C3_00132,2.789,2.161,2.770,1.282,11.794,583.182,2.558,0.020223,living
3,C,C3,C3_00133,1.960,1.887,2.170,1.150,18.241,610.664,2.474,0.029871,living
3,C,C3,C3_00134,0.963,1.995,1.564,0.784,16.772,458.298,7.316,0.036596,dead
3,C,C3,C3_00135,2.113,1.995,2.317,1.161,88.120,467.936,2.208,0.188316,living
3,C,C3,C3_00136,1.724,1.995,2.093,1.049,104.265,498.588,2.696,0.209120,living
3,C,C3,C3_00137,2.079,1.995,2.298,1.152,144.244,530.317,2.350,0.271996,living
3,C,C3,C3_00138,2.890,1.995,2.710,1.358,91.994,502.006,2.152,0.183253,living
3,C,C3,C3_00139,2.096,1.995,2.308,1.156,122.597,425.669,2.323,0.288009,living
3,C,C3,C3_00140,2.332,1.995,2.434,1.220,63.688,483.580,2.507,0.131702,living
3,C,C3,C3_00141,2.383,1.995,2.461,1.233,96.539,551.397,2.468,0.175081,living
3,C,C3,C3_00142,2.298,1.995,2.416,1.211,110.581,480.765,2.235,0.230010,living
3,C,C3,C3_00143,1.504,1.995,1.955,0.980,131.820,448.820,2.225,0.293704,living
3,C,C3,C3_00144,1.927,1.995,2.213,1.109,114.702,495.465,2.167,0.231503,living
3,C,C3,C3_00145,1.808,1.995,2.143,1.074,105.140,545.692,2.243,0.192673,living
3,C,C3,C3_00146,2.349,1.995,2.443,1.224,86.144,502.324,2.446,0.171491,living
3,C,C3,C3_00147,2.079,1.995,2.298,1.152,95.073,486.789,2.837,0.195307,living
3,C,C3,C3_00148,1.859,1.995,2.173,1.089,42.273,508.391,2.391,0.083150,living
3,C,C3,C3_00149,0.980,1.995,1.578,0.791,36.241,443.845,2.466,0.081653,living
3,C,C3,C3_00150,3.042,1.995,2.780,1.393,32.844,545.017,2.239,0.060263,living
3,C,C3,C3_00151,1.183,1.995,1.734,0.869,27.814,458.329,2.671,0.060686,living
3,C,C3,C3_00152,1.893,1.995,2.193,1.099,64.062,589.491,2.179,0.108674,living
3,C,C3,C3_00153,0.845,1.995,1.465,0.734,18.620,403.820,2.960,0.046110,living
3,C,C3,C3_00154,2.045,1.995,2.279,1.142,41.256,559.909,2.545,0.073684,living
3,C,C3,C3_00155,1.284,1.995,1.806,0.905,27.961,507.539,2.763,0.055090,living
3,C,C3,C3_00156,1.775,1.995,2.124,1.064,27.419,574.562,2.610,0.047722,living
3,C,C3,C3_00157,2.028,1.995,2.270,1.138,13.283,481.058,2.758,0.027613,living
3,C,C3,C3_00158,1.386,1.995,1.877,0.940,26.707,500.329,2.537,0.053379,living
3,C,C3,C3_00159,1.369,1.995,1.865,0.935,28.346,494.457,2.383,0.057327,living
3,C,C3,C3_00160,1.707,1.995,2.082,1.044,9.327,471.297,2.317,0.019790,living
3,C,C3,C3_00161,0.676,1.995,1.311,0.657,13.125,395.300,2.125,0.033203,living
3,C,C3,C3_00162,1.690,1.932,2.039,1.055,13.130,502.830,2.650,0.026112,living
3,C,C3,C3_00163,2.535,2.247,2.693,1.199,124.467,393.613,2.567,0.316216,living
3,C,C3,C3_00164,0.896,2.345,1.636,0.697,27.208,359.283,2.264,0.075727,living
3,C,C3,C3_00165,1.538,1.821,1.888,1.037,43.813,419.231,1.681,0.104509,living
3,C,C3,C3_00166,1.538,1.753,1.853,1.057,43.769,419.055,2.703,0.104447,living
3,C,C3,C3_00167,1.842,1.570,1.919,1.222,119.431,439.440,2.202,0.271780,living
3,C,C3,C3_00168,2.839,1.995,2.686,1.346,51.268,485.304,2.821,0.105641,living
3,C,C3,C3_00169,1.825,1.665,1.967,1.181,78.000,474.806,2.528,0.164278,living
3,C,C3,C3_00170,1.555,1.706,1.838,1.077,32.543,389.793,2.413,0.083489,living
3,C,C3,C3_00171,1.284,1.653,1.644,0.994,49.171,392.882,2.118,0.125155,living
3,C,C3,C3_00172,2.180,1.995,2.353,1.179,35.659,429.853,2.791,0.082956,living
3,C,C3,C3_00173,1.318,1.666,1.672,1.004,34.500,434.821,2.744,0.079343,living
3,C,C3,C3_00174,1.673,1.995,2.062,1.033,72.525,390.293,3.222,0.185823,living
3,C,C3,C3_00175,0.828,1.826,1.387,0.760,28.939,364.816,2.490,0.079324,living
3,C,C3,C3_00176,1.099,1.825,1.598,0.876,30.000,397.954,2.031,0.075386,living
3,C,C3,C3_00177,1.352,1.995,1.853,0.929,29.312,359.262,3.150,0.081591,living
3,C,C3,C3_00178,1.234,1.995,1.771,0.887,21.096,408.151,3.068,0.051687,living
3,C,C3,C3_00179,1.927,1.830,2.119,1.158,48.368,423.544,2.526,0.114199,living
3,C,C3,C3_00180,2.011,1.995,2.260,1.133,89.160,303.487,13.723,0.293784,dead
3,C,C3,C3_00181,1.707,1.995,2.082,1.044,66.426,421.822,2.812,0.157473,living
3,C,C3,C3_00182,1.369,1.995,1.865,0.935,67.049,337.716,23.716,0.198538,dead
3,C,C3,C3_00183,1.453,1.995,1.921,0.963,58.988,377.023,3.198,0.156458,living
3,C,C3,C3_00184,1.470,1.995,1.933,0.969,57.874,328.655,16.276,0.176092,dead
3,C,C3,C3_00185,1.251,1.717,1.654,0.963,42.311,407.689,2.230,0.103782,living
3,C,C3,C3_00186,2.417,1.539,2.176,1.414,120.986,508.720,2.476,0.237824,living
3,C,C3,C3_00187,1.842,2.143,2.242,1.046,108.358,376.505,2.679,0.287799,living
3,C,C3,C3_00188,1.977,1.883,2.177,1.156,63.590,468.103,2.573,0.135846,living
3,C,C3,C3_00189,1.639,1.995,2.041,1.023,113.371,378.082,4.629,0.299858,living
3,C,C3,C3_00190,2.180,1.800,2.235,1.242,112.155,467.845,2.760,0.239727,living
3,C,C3,C3_00191,2.298,1.749,2.262,1.293,84.390,487.169,1.919,0.173225,living
3,C,C3,C3_00192,1.960,1.691,2.054,1.215,109.198,469.922,2.267,0.232375,living
3,C,C3,C3_00193,1.470,1.678,1.772,1.056,56.667,469.713,1.885,0.120641,living
3,C,C3,C3_00194,1.555,1.798,1.887,1.049,59.272,430.533,2.750,0.137671,living
3,C,C3,C3_00195,1.335,2.385,2.013,0.844,38.278,377.481,1.949,0.101405,living
3,C,C3,C3_00196,1.284,2.577,2.053,0.796,17.763,381.487,2.539,0.046563,living
3,C,C3,C3_00197,1.825,2.449,2.386,0.974,29.787,365.787,2.444,0.081433,living
3,C,C3,C3_00198,2.670,2.605,2.976,1.142,45.025,488.171,2.462,0.092233,living
3,C,C3,C3_00199,1.386,1.514,1.635,1.080,31.756,468.244,2.476,0.067820,living
3,C,C3,C3_00200,2.315,2.363,2.639,1.117,41.898,469.847,2.905,0.089173,living
3,C,C3,C3_00201,0.727,1.978,1.353,0.684,25.698,362.814,2.419,0.070829,living
3,C,C3,C3_00202,1.487,1.887,1.890,1.002,25.182,459.148,2.693,0.054845,living
3,C,C3,C3_00203,1.420,1.994,1.899,0.952,39.595,425.310,3.190,0.093097,living
3,C,C3,C3_00204,2.958,1.992,2.739,1.375,29.474,400.611,2.840,0.073573,living
3,C,C3,C3_00205,1.893,2.013,2.203,1.094,32.455,484.732,2.116,0.066955,living
3,C,C3,C3_00206,2.535,1.903,2.478,1.302,28.813,549.300,2.347,0.052455,living
3,C,C3,C3_00207,1.538,1.995,1.977,0.991,24.132,479.231,2.692,0.050355,living
3,C,C3,C3_00208,1.386,1.903,1.833,0.963,13.646,420.366,2.659,0.032463,living
3,C,C3,C3_00209,1.386,1.738,1.751,1.008,88.939,478.573,2.146,0.185842,living
3,C,C3,C3_00210,1.673,1.920,2.022,1.053,132.818,471.192,3.081,0.281877,living
3,C,C3,C3_00211,1.369,1.995,1.865,0.935,121.136,442.556,4.210,0.273719,living
3,C,C3,C3_00212,2.129,1.995,2.326,1.166,116.635,507.794,2.802,0.229690,living
3,C,C3,C3_00213,0.811,2.111,1.476,0.699,51.833,426.146,3.021,0.121633,living
3,C,C3,C3_00214,2.653,1.995,2.596,1.301,86.924,642.127,3.000,0.135368,living
3,C,C3,C3_00215,2.518,1.705,2.338,1.371,101.584,543.772,2.544,0.186813,living
3,C,C3,C3_00216,0.744,1.271,1.097,0.863,79.591,470.636,2.182,0.169113,living
3,C,C3,C3_00217,1.200,1.929,1.717,0.890,59.803,469.352,2.606,0.127416,living
3,C,C3,C3_00218,1.470,1.786,1.828,1.024,73.989,502.149,2.908,0.147344,living
3,C,C3,C3_00219,1.859,1.930,2.137,1.107,94.436,543.282,2.518,0.173826,living
3,C,C3,C3_00220,1.758,1.788,2.001,1.119,103.240,463.212,2.740,0.222880,living
3,C,C3,C3_00221,2.349,1.740,2.281,1.311,68.496,504.309,2.331,0.135822,living
3,C,C3,C3_00222,1.301,1.995,1.818,0.911,88.935,427.156,5.896,0.208203,dead
3,C,C3,C3_00223,1.217,1.778,1.660,0.934,32.625,504.986,2.361,0.064606,living
3,C,C3,C3_00224,2.079,1.517,2.004,1.321,66.902,685.398,2.797,0.097611,living
3,C,C3,C3_00225,1.234,2.092,1.813,0.867,24.137,520.753,2.452,0.046350,living
3,C,C3,C3_00226,1.673,1.650,1.875,1.136,22.818,591.980,2.707,0.038546,living
3,C,C3,C3_00227,1.082,1.995,1.658,0.831,31.922,450.141,16.016,0.070915,dead
3,C,C3,C3_00228,2.924,2.374,2.973,1.252,12.272,554.260,2.457,0.022141,living
3,C,C3,C3_00229,1.960,1.795,2.116,1.179,60.078,533.095,2.828,0.112696,living
3,C,C3,C3_00230,2.011,1.685,2.077,1.233,135.613,544.303,2.269,0.249151,living
3,C,C3,C3_00231,2.467,1.995,2.504,1.255,132.925,463.027,5.397,0.287077,dead
3,C,C3,C3_00232,1.893,2.054,2.225,1.083,133.643,495.732,2.464,0.269587,living
3,C,C3,C3_00233,1.589,1.685,1.846,1.096,54.436,524.915,2.617,0.103705,living
3,C,C3,C3_00234,1.538,2.076,2.016,0.971,77.725,469.681,2.846,0.165485,living
3,C,C3,C3_00235,2.282,1.845,2.315,1.255,113.148,566.570,2.348,0.199707,living
3,C,C3,C3_00236,1.825,1.995,2.153,1.079,38.722,462.074,11.176,0.083801,dead
3,C,C3,C3_00237,1.707,2.130,2.152,1.010,22.178,513.554,2.970,0.043186,living
3,C,C3,C3_00238,1.859,2.375,2.371,0.998,28.864,517.273,2.855,0.055800,living
3,C,C3,C3_00239,2.332,1.929,2.393,1.241,28.804,705.507,2.283,0.040828,living
3,C,C3,C3_00240,2.265,2.274,2.561,1.126,26.754,578.515,2.866,0.046246,living
3,C,C3,C3_00241,2.214,2.210,2.496,1.129,24.252,581.038,2.351,0.041739,living
3,C,C3,C3_00242,1.606,1.798,1.917,1.066,23.032,596.747,2.484,0.038595,living
3,C,C3,C3_00243,1.741,2.476,2.343,0.946,18.553,506.816,3.204,0.036608,living
3,C,C3,C3_00244,1.724,3.000,2.566,0.855,16.382,481.265,2.539,0.034040,living
3,C,C3,C3_00245,1.115,1.852,1.621,0.876,31.076,391.197,2.788,0.079438,living
3,C,C3,C3_00246,2.282,1.968,2.391,1.215,108.341,469.407,2.304,0.230803,living
3,C,C3,C3_00247,1.048,2.268,1.740,0.767,74.952,316.952,2.468,0.236477,living
3,C,C3,C3_00248,1.048,1.995,1.632,0.818,89.823,342.516,2.355,0.262243,living
3,C,C3,C3_00249,1.791,1.448,1.817,1.255,88.208,488.292,2.491,0.180645,living
3,C,C3,C3_00250,1.775,1.870,2.056,1.099,105.210,424.562,2.657,0.247807,living
3,C,C3,C3_00251,2.231,2.444,2.635,1.078,95.659,406.182,2.477,0.235508,living
3,C,C3,C3_00252,2.569,1.863,2.469,1.325,124.526,484.349,2.586,0.257101,living
3,C,C3,C3_00253,2.552,1.995,2.546,1.276,70.371,409.212,31.411,0.171967,dead
3,C,C3,C3_00254,2.569,1.937,2.517,1.299,69.178,538.092,2.158,0.128561,living
3,C,C3,C3_00255,0.828,2.235,1.535,0.687,52.612,360.653,1.796,0.145880,living
3,C,C3,C3_00256,1.453,1.665,1.755,1.054,58.605,410.000,2.419,0.142938,living
3,C,C3,C3_00257,2.535,2.264,2.703,1.194,77.273,487.347,2.980,0.158559,living
3,C,C3,C3_00258,1.099,1.995,1.671,0.837,47.615,379.908,25.862,0.125334,dead
3,C,C3,C3_00259,2.079,1.616,2.068,1.280,34.642,562.951,2.528,0.061537,living
3,C,C3,C3_00260,2.451,1.788,2.362,1.321,38.386,579.841,2.448,0.066201,living
3,C,C3,C3_00261,1.048,1.910,1.596,0.836,26.629,411.016,2.565,0.064788,living
3,C,C3,C3_00262,1.031,2.343,1.754,0.749,15.131,388.246,2.590,0.038973,living
3,C,C3,C3_00263,1.217,1.848,1.692,0.916,35.222,129.083,2.111,0.272864,living
3,C,C3,C3_00264,1.690,1.780,1.957,1.099,58.960,132.800,2.750,0.443976,living
3,C,C3,C3_00265,1.741,1.773,1.982,1.118,54.951,137.961,2.650,0.398311,living
3,C,C3,C3_00266,3.042,2.087,2.843,1.362,67.106,179.239,2.061,0.374392,living
3,C,C3,C3_00267,1.166,1.280,1.379,1.077,52.493,144.899,2.203,0.362272,living
3,C,C3,C3_00268,1.572,1.823,1.910,1.048,59.000,126.312,2.796,0.467098,living
3,C,C3,C3_00269,2.062,1.733,2.133,1.231,15.770,146.156,2.426,0.107902,living
3,C,C3,C3_00270,1.386,1.995,1.877,0.940,13.220,120.598,9.451,0.109617,dead
3,C,C3,C3_00271,2.451,2.006,2.502,1.247,32.717,185.869,2.462,0.176023,living
3,C,C3,C3_00272,1.521,2.206,2.067,0.937,26.656,139.633,2.911,0.190897,living
3,C,C3,C3_00273,2.113,1.827,2.217,1.213,12.912,162.488,2.416,0.079464,living
3,C,C3,C3_00274,2.079,1.696,2.119,1.249,27.967,180.447,2.089,0.154990,living
3,C,C3,C3_00275,1.876,1.908,2.135,1.119,16.676,173.856,2.658,0.095917,living
3,C,C3,C3_00276,1.741,2.426,2.319,0.956,11.553,154.689,2.350,0.074688,living
3,C,C3,C3_00277,0.727,2.099,1.394,0.664,6.791,140.070,3.093,0.048481,living
3,C,C3,C3_00278,1.301,1.945,1.795,0.923,9.935,153.571,1.779,0.064693,living
3,C,C3,C3_00279,1.335,1.951,1.821,0.933,11.152,162.063,2.886,0.068812,living
3,C,C3,C3_00280,1.876,2.064,2.220,1.076,10.099,165.261,2.243,0.061110,living
3,C,C3,C3_00281,2.924,2.121,2.810,1.325,9.682,241.272,2.168,0.040129,living
3,C,C3,C3_00282,1.318,1.787,1.732,0.969,8.718,167.615,2.282,0.052012,living
3,C,C3,C3_00283,1.842,2.232,2.288,1.025,6.220,170.716,2.294,0.036436,living
3,C,C3,C3_00284,1.453,2.111,1.976,0.936,74.291,322.814,2.395,0.230135,living
3,C,C3,C3_00285,2.214,1.715,2.199,1.282,149.061,428.794,2.573,0.347629,living
3,C,C3,C3_00286,2.501,1.995,2.521,1.263,92.047,448.770,2.757,0.205110,living
3,C,C3,C3_00287,0.845,2.160,1.524,0.706,31.080,318.900,1.960,0.097460,living
3,C,C3,C3_00288,1.386,2.028,1.892,0.933,62.768,365.805,2.000,0.171590,living
3,C,C3,C3_00289,1.910,2.102,2.261,1.076,107.823,411.301,2.274,0.262151,living
3,C,C3,C3_00290,1.639,1.829,1.954,1.068,80.103,395.495,2.897,0.202539,living
3,C,C3,C3_00291,1.893,2.057,2.227,1.082,65.089,432.786,2.527,0.150396,living
3,C,C3,C3_00292,0.828,2.254,1.542,0.684,39.571,346.204,2.020,0.114301,living
3,C,C3,C3_00293,2.400,1.475,2.123,1.439,115.282,542.845,2.725,0.212366,living
3,C,C3,C3_00294,2.822,2.457,2.971,1.209,81.784,428.533,2.204,0.190847,living
3,C,C3,C3_00295,2.214,1.946,2.342,1.204,82.863,457.374,2.382,0.181170,living
3,C,C3,C3_00296,1.791,1.573,1.894,1.204,53.906,512.783,2.358,0.105124,living
3,C,C3,C3_00297,1.572,1.583,1.780,1.124,33.398,502.344,2.441,0.066484,living
3,C,C3,C3_00298,1.606,1.751,1.892,1.081,37.842,450.674,2.442,0.083968,living
3,C,C3,C3_00299,1.555,1.931,1.955,1.013,29.337,461.674,2.283,0.063545,living
3,C,C3,C3_00300,1.301,1.920,1.783,0.929,21.260,437.922,2.299,0.048547,living
3,C,C3,C3_00301,2.653,2.186,2.717,1.243,36.758,528.796,2.369,0.069513,living
3,C,C3,C3_00302,1.014,1.995,1.605,0.804,9.817,364.017,7.450,0.026968,dead
3,C,C3,C3_00303,1.504,1.802,1.858,1.031,16.843,431.180,2.146,0.039062,living
3,C,C3,C3_00304,1.335,1.839,1.768,0.961,15.873,434.038,2.797,0.036571,living
3,C,C3,C3_00305,2.755,1.995,2.646,1.326,98.871,662.908,2.258,0.149148,living
3,C,C3,C3_00306,1.318,1.995,1.830,0.917,62.026,518.321,2.910,0.119667,living
3,C,C3,C3_00307,0.828,1.995,1.450,0.727,96.449,424.633,2.959,0.227135,living
3,C,C3,C3_00308,1.639,1.995,2.041,1.023,112.103,475.649,2.660,0.235684,living
3,C,C3,C3_00309,1.960,1.995,2.231,1.118,127.276,539.707,2.293,0.235824,living
3,C,C3,C3_00310,1.470,1.995,1.933,0.969,64.966,528.632,2.598,0.122894,living
3,C,C3,C3_00311,1.673,1.995,2.062,1.033,144.434,573.859,2.182,0.251690,living
3,C,C3,C3_00312,2.366,1.995,2.452,1.229,104.707,528.050,2.343,0.198290,living
3,C,C3,C3_00313,1.386,1.995,1.877,0.940,74.780,540.451,2.317,0.138367,living
3,C,C3,C3_00314,1.707,1.995,2.082,1.044,68.178,472.149,2.515,0.144400,living
3,C,C3,C3_00315,2.603,1.995,2.572,1.289,77.416,645.292,2.519,0.119970,living
3,C,C3,C3_00316,1.656,1.995,2.051,1.028,73.551,634.837,2.418,0.115858,living
3,C,C3,C3_00317,0.997,1.995,1.592,0.798,58.339,532.661,3.017,0.109524,living
3,C,C3,C3_00318,1.775,1.995,2.124,1.064,50.581,604.400,2.905,0.083688,living
3,C,C3,C3_00319,2.400,1.995,2.469,1.238,38.261,632.437,2.092,0.060497,living
3,C,C3,C3_00320,1.927,1.995,2.213,1.109,36.807,515.658,2.649,0.071379,living
3,C,C3,C3_00321,2.467,1.995,2.504,1.255,22.377,587.315,2.384,0.038100,living
3,C,C3,C3_00322,1.487,1.995,1.944,0.974,19.795,555.057,2.386,0.035664,living
3,C,C3,C3_00323,1.352,2.564,2.101,0.819,17.100,528.562,3.075,0.032352,living
3,C,C3,C3_00324,1.758,1.676,1.937,1.156,105.615,572.202,2.308,0.184577,living
3,C,C3,C3_00325,1.944,1.413,1.870,1.324,150.887,619.557,2.687,0.243540,living
3,C,C3,C3_00326,2.839,2.433,2.966,1.219,128.851,564.196,2.643,0.228380,living
3,C,C3,C3_00327,1.352,1.836,1.778,0.968,85.088,521.788,2.450,0.163069,living
3,C,C3,C3_00328,2.907,1.843,2.612,1.417,153.483,709.070,2.849,0.216456,living
3,C,C3,C3_00329,2.349,1.736,2.279,1.313,138.806,643.194,2.986,0.215807,living
3,C,C3,C3_00330,1.910,2.097,2.258,1.077,90.743,531.292,2.858,0.170798,living
3,C,C3,C3_00331,1.876,1.871,2.114,1.130,97.874,553.838,2.667,0.176719,living
3,C,C3,C3_00332,1.791,3.483,2.818,0.809,35.481,503.821,2.387,0.070424,living
3,C,C3,C3_00333,1.791,2.148,2.213,1.030,69.038,557.925,2.311,0.123740,living
3,C,C3,C3_00334,1.808,2.171,2.236,1.030,31.897,559.206,2.682,0.057040,living
3,C,C3,C3_00335,2.079,2.227,2.428,1.090,69.049,574.455,2.553,0.120199,living
3,C,C3,C3_00336,2.974,1.988,2.744,1.380,43.847,695.665,2.648,0.063028,living
3,C,C3,C3_00337,0.930,2.075,1.567,0.755,25.218,463.945,2.527,0.054356,living
3,C,C3,C3_00338,1.437,1.755,1.792,1.021,52.176,574.624,2.788,0.090801,living
3,C,C3,C3_00339,2.332,1.242,1.920,1.546,21.072,583.993,2.638,0.036083,living
3,C,C3,C3_00340,1.453,1.712,1.780,1.040,23.302,596.302,2.279,0.039078,living
3,C,C3,C3_00341,2.011,2.212,2.380,1.076,23.630,550.235,1.966,0.042946,living
3,C,C3,C3_00342,1.166,1.400,1.442,1.030,28.188,616.029,3.072,0.045758,living
3,C,C3,C3_00343,0.913,1.995,1.523,0.763,18.000,482.093,68.093,0.037337,dead
3,C,C3,C3_00344,0.862,2.287,1.584,0.693,15.255,498.216,2.627,0.030619,living
3,C,C3,C3_00345,1.825,1.559,1.903,1.221,74.111,383.528,2.361,0.193235,living
3,C,C3,C3_00346,2.958,1.090,2.026,1.859,30.663,363.571,2.491,0.084338,living
3,C,C3,C3_00347,1.268,2.516,2.015,0.801,60.453,329.800,2.600,0.183303,living
3,C,C3,C3_00348,2.721,2.442,2.909,1.191,96.752,385.180,2.559,0.251185,living
3,C,C3,C3_00349,2.062,1.995,2.289,1.147,121.098,427.787,3.164,0.283081,living
3,C,C3,C3_00350,2.805,2.438,2.951,1.210,151.530,448.620,2.524,0.337769,living
3,C,C3,C3_00351,1.132,1.844,1.630,0.884,85.313,318.209,3.284,0.268105,living
3,C,C3,C3_00352,2.214,1.988,2.367,1.191,109.893,430.817,2.557,0.255081,living
3,C,C3,C3_00353,3.346,1.995,2.916,1.461,102.828,467.348,11.227,0.220025,dead
3,C,C3,C3_00354,2.011,1.995,2.260,1.133,33.605,394.000,2.849,0.085292,living
3,C,C3,C3_00355,2.518,1.957,2.505,1.280,52.779,483.087,2.450,0.109253,living
3,C,C3,C3_00356,1.555,1.999,1.989,0.995,56.217,391.326,2.554,0.143659,living
3,C,C3,C3_00357,2.687,1.995,2.613,1.309,43.182,409.440,3.258,0.105467,living
3,C,C3,C3_00358,2.197,2.239,2.503,1.118,45.085,417.992,3.023,0.107860,living
3,C,C3,C3_00359,1.470,1.647,1.756,1.066,39.333,450.092,2.379,0.087390,living
3,C,C3,C3_00360,1.791,1.729,1.986,1.148,48.689,481.934,2.500,0.101028,living
3,C,C3,C3_00361,2.265,1.785,2.269,1.271,35.664,550.388,2.940,0.064798,living
3,C,C3,C3_00362,1.808,1.878,2.079,1.107,19.981,440.822,2.561,0.045327,living
3,C,C3,C3_00363,1.115,1.778,1.589,0.894,10.409,397.970,1.924,0.026155,living
3,C,C3,C3_00364,1.690,1.586,1.847,1.165,10.460,501.390,2.530,0.020862,living
3,C,C3,C3_00365,1.622,1.898,1.980,1.043,14.281,442.969,2.958,0.032240,living
3,C,C3,C3_00366,2.265,2.507,2.689,1.073,17.582,465.918,2.239,0.037736,living
3,C,C3,C3_00367,1.065,1.925,1.616,0.839,12.190,384.937,2.190,0.031669,living
3,C,C3,C3_00368,0.710,2.571,1.525,0.593,95.214,288.595,2.286,0.329923,living
3,C,C3,C3_00369,0.794,3.221,1.805,0.560,61.702,294.511,2.915,0.209507,living
3,C,C3,C3_00370,1.234,1.827,1.694,0.927,121.945,331.877,3.000,0.367441,living
3,C,C3,C3_00371,3.025,2.064,2.820,1.366,122.615,472.659,2.296,0.259414,living
3,C,C3,C3_00372,2.907,2.333,2.939,1.260,134.198,429.070,2.802,0.312764,living
3,C,C3,C3_00373,2.062,1.936,2.255,1.165,105.475,405.213,2.533,0.260296,living
3,C,C3,C3_00374,1.944,2.118,2.290,1.081,103.235,417.913,2.965,0.247025,living
3,C,C3,C3_00375,1.758,1.669,1.933,1.158,65.125,456.817,2.548,0.142562,living
3,C,C3,C3_00376,1.572,1.995,1.998,1.002,71.290,360.925,19.183,0.197521,dead
3,C,C3,C3_00377,1.944,1.756,2.085,1.187,68.574,489.817,2.374,0.139999,living
3,C,C3,C3_00378,2.687,1.603,2.342,1.461,76.434,537.667,2.780,0.142159,living
3,C,C3,C3_00379,2.738,1.803,2.507,1.391,44.160,497.994,2.364,0.088677,living
3,C,C3,C3_00380,1.639,1.783,1.929,1.082,76.082,433.680,3.052,0.175434,living
3,C,C3,C3_00381,1.352,1.483,1.598,1.077,23.312,444.125,2.650,0.052491,living
3,C,C3,C3_00382,2.214,2.727,2.773,1.017,27.687,422.053,2.603,0.065601,living
3,C,C3,C3_00383,3.228,2.501,3.206,1.282,26.283,512.194,2.408,0.051314,living
3,C,C3,C3_00384,1.876,1.931,2.148,1.112,29.631,459.703,2.432,0.064456,living
3,C,C3,C3_00385,1.927,2.071,2.254,1.088,29.851,474.667,2.632,0.062888,living
3,C,C3,C3_00386,2.197,1.976,2.351,1.190,29.769,522.169,2.315,0.057011,living
3,C,C3,C3_00387,2.096,2.020,2.322,1.149,26.976,505.605,2.460,0.053354,living
3,C,C3,C3_00388,2.620,2.115,2.656,1.256,22.987,553.394,2.613,0.041538,living
3,C,C3,C3_00389,1.690,1.787,1.961,1.097,25.400,477.500,2.110,0.053194,living
3,C,C3,C3_00390,2.738,1.995,2.637,1.322,33.716,606.512,2.593,0.055590,living
3,C,C3,C3_00391,1.149,1.597,1.529,0.957,14.588,415.632,2.721,0.035099,living
3,C,C3,C3_00392,3.363,3.410,3.821,1.121,21.181,484.492,2.337,0.043718,living
3,C,C3,C3_00393,1.268,1.479,1.545,1.045,10.573,403.733,2.360,0.026189,living
3,C,C3,C3_00394,1.470,1.911,1.891,0.990,18.529,444.920,2.460,0.041645,living
3,C,C3,C3_00395,1.859,1.995,2.173,1.089,21.782,513.873,2.864,0.042388,living
3,C,C3,C3_00396,1.741,1.995,2.103,1.054,11.699,422.291,4.592,0.027704,living
3,C,C3,C3_00397,1.724,2.181,2.188,1.003,16.167,459.225,2.412,0.035204,living
3,C,C3,C3_00398,1.994,2.509,2.524,1.006,75.686,421.237,2.364,0.179676,living
3,C,C3,C3_00399,1.217,1.761,1.652,0.938,108.722,354.583,2.181,0.306620,living
3,C,C3,C3_00400,1.741,1.972,2.091,1.060,38.738,418.660,2.078,0.092528,living
3,C,C3,C3_00401,1.741,2.279,2.248,0.986,45.126,429.524,2.951,0.105061,living
3,C,C3,C3_00402,1.420,2.139,1.967,0.919,34.643,442.548,2.595,0.078281,living
3,C,C3,C3_00403,2.028,2.399,2.489,1.037,73.092,415.250,2.658,0.176018,living
3,C,C3,C3_00404,2.045,1.713,2.112,1.233,92.777,530.975,2.298,0.174729,living
3,C,C3,C3_00405,1.825,1.995,2.153,1.079,109.417,425.574,3.481,0.257104,living
3,C,C3,C3_00406,2.805,1.919,2.618,1.364,61.759,607.807,2.283,0.101610,living
3,C,C3,C3_00407,1.335,1.891,1.793,0.948,85.823,426.544,2.266,0.201205,living
3,C,C3,C3_00408,1.521,1.608,1.765,1.097,73.078,464.567,2.911,0.157303,living
3,C,C3,C3_00409,1.927,1.968,2.197,1.117,49.526,508.895,2.518,0.097321,living
3,C,C3,C3_00410,2.214,1.997,2.373,1.188,31.542,552.687,2.336,0.057070,living
3,C,C3,C3_00411,2.197,1.581,2.103,1.330,41.069,659.531,2.331,0.062270,living
3,C,C3,C3_00412,2.569,1.959,2.531,1.292,25.789,554.763,2.928,0.046487,living
3,C,C3,C3_00413,1.673,2.490,2.303,0.925,21.313,425.949,2.374,0.050037,living
3,C,C3,C3_00414,1.606,1.986,2.015,1.015,21.516,504.137,2.768,0.042678,living
3,C,C3,C3_00415,1.335,1.739,1.719,0.989,18.671,484.835,2.215,0.038510,living
3,C,C3,C3_00416,1.639,2.332,2.206,0.946,24.536,478.021,2.546,0.051329,living
3,C,C3,C3_00417,1.758,3.684,2.872,0.779,8.308,420.558,2.817,0.019754,living
3,C,C3,C3_00418,1.572,2.475,2.226,0.899,8.183,434.753,1.688,0.018822,living
3,C,C3,C3_00419,1.825,2.261,2.292,1.014,109.759,445.139,2.324,0.246573,living
3,C,C3,C3_00420,1.335,1.705,1.702,0.998,63.101,530.911,2.342,0.118855,living
3,C,C3,C3_00421,1.369,1.656,1.699,1.026,125.877,438.025,1.963,0.287373,living
3,C,C3,C3_00422,1.217,1.935,1.732,0.895,40.736,481.097,2.667,0.084673,living
3,C,C3,C3_00423,1.301,1.630,1.643,1.008,128.299,462.896,2.364,0.277165,living
3,C,C3,C3_00424,3.296,1.987,2.888,1.453,150.703,614.267,2.492,0.245337,living
3,C,C3,C3_00425,1.724,1.627,1.890,1.162,143.088,499.980,2.912,0.286188,living
3,C,C3,C3_00426,1.555,1.872,1.925,1.028,80.283,495.913,2.587,0.161888,living
3,C,C3,C3_00427,1.301,1.995,1.818,0.911,57.597,445.883,5.558,0.129176,dead
3,C,C3,C3_00428,2.772,2.083,2.711,1.302,82.787,581.598,2.567,0.142343,living
3,C,C3,C3_00429,2.417,1.946,2.447,1.258,127.329,593.958,2.902,0.214373,living
3,C,C3,C3_00430,1.639,1.829,1.954,1.068,78.979,528.629,2.299,0.149404,living
3,C,C3,C3_00431,1.876,1.457,1.866,1.280,81.586,612.018,2.874,0.133306,living
3,C,C3,C3_00432,1.825,2.350,2.337,0.994,65.657,502.639,2.389,0.130625,living
3,C,C3,C3_00433,1.639,2.372,2.225,0.938,32.866,490.464,2.763,0.067010,living
3,C,C3,C3_00434,1.775,1.896,2.070,1.092,72.552,567.933,2.562,0.127748,living
3,C,C3,C3_00435,1.149,1.819,1.631,0.897,42.882,495.382,2.603,0.086564,living
3,C,C3,C3_00436,1.927,1.573,1.965,1.249,26.833,641.640,2.333,0.041820,living
3,C,C3,C3_00437,2.146,1.919,2.290,1.193,48.835,624.047,2.677,0.078255,living
3,C,C3,C3_00438,1.166,1.824,1.646,0.902,40.942,490.667,2.710,0.083442,living
3,C,C3,C3_00439,1.521,1.550,1.733,1.118,34.856,588.511,3.000,0.059227,living
3,C,C3,C3_00440,1.808,1.842,2.059,1.118,31.832,558.682,2.374,0.056977,living
3,C,C3,C3_00441,2.248,1.995,2.390,1.198,30.218,560.947,4.729,0.053870,living
3,C,C3,C3_00442,1.622,1.372,1.683,1.227,34.385,645.844,2.708,0.053241,living
3,C,C3,C3_00443,2.062,1.965,2.271,1.156,29.213,621.418,2.779,0.047010,living
3,C,C3,C3_00444,1.944,1.951,2.198,1.126,20.991,579.226,2.600,0.036240,living
3,C,C3,C3_00445,1.589,1.831,1.925,1.051,18.766,584.957,2.872,0.032081,living
3,C,C3,C3_00446,0.794,2.154,1.476,0.685,40.277,437.191,3.085,0.092126,living
3,C,C3,C3_00447,2.231,2.319,2.567,1.107,70.394,544.591,2.167,0.129260,living
3,C,C3,C3_00448,1.453,2.104,1.973,0.938,84.314,474.663,2.279,0.177629,living
3,C,C3,C3_00449,2.282,1.933,2.370,1.226,118.519,536.252,2.481,0.221013,living
3,C,C3,C3_00450,2.011,1.829,2.164,1.183,43.286,566.429,2.647,0.076419,living
3,C,C3,C3_00451,1.453,1.995,1.921,0.963,87.849,403.256,59.302,0.217849,dead
3,C,C3,C3_00452,1.842,2.159,2.250,1.042,41.560,515.927,2.110,0.080553,living
3,C,C3,C3_00453,1.876,1.827,2.089,1.143,131.919,539.072,2.180,0.244715,living
3,C,C3,C3_00454,1.572,1.799,1.898,1.055,32.871,511.656,2.763,0.064244,living
3,C,C3,C3_00455,1.352,2.658,2.139,0.805,39.013,472.750,2.663,0.082522,living
3,C,C3,C3_00456,2.822,1.952,2.648,1.357,111.006,653.904,2.826,0.169759,living
3,C,C3,C3_00457,2.383,2.470,2.738,1.108,64.702,576.851,2.972,0.112164,living
3,C,C3,C3_00458,2.197,2.192,2.476,1.130,18.585,589.392,2.277,0.031532,living
3,C,C3,C3_00459,2.180,1.814,2.244,1.237,59.132,655.000,2.907,0.090278,living
3,C,C3,C3_00460,1.149,1.995,1.709,0.856,47.588,490.191,39.868,0.097081,dead
3,C,C3,C3_00461,1.876,1.886,2.122,1.125,25.532,591.297,2.631,0.043179,living
3,C,C3,C3_00462,1.977,2.042,2.267,1.110,27.889,626.000,2.641,0.044551,living
3,C,C3,C3_00463,1.183,1.809,1.651,0.912,18.771,517.514,2.571,0.036272,living
3,C,C3,C3_00464,1.403,2.108,1.941,0.921,29.133,512.386,2.651,0.056857,living
3,C,C3,C3_00465,1.538,1.995,1.977,0.991,37.736,580.549,2.780,0.065001,living
3,C,C3,C3_00466,1.622,1.995,2.030,1.017,32.427,590.479,3.021,0.054917,living
3,C,C3,C3_00467,1.977,1.799,2.128,1.183,33.427,634.444,1.906,0.052688,living
3,C,C3,C3_00468,1.115,3.084,2.092,0.678,13.561,457.818,2.606,0.029620,living
3,C,C3,C3_00469,1.555,1.825,1.901,1.042,19.054,562.837,2.609,0.033854,living
3,C,C3,C3_00470,1.639,2.012,2.049,1.018,20.247,563.515,2.866,0.035931,living
3,C,C3,C3_00471,2.789,1.829,2.549,1.393,36.842,772.127,2.842,0.047715,living
3,C,C3,C3_00472,2.197,1.991,2.360,1.185,14.208,514.515,2.200,0.027614,living
3,C,C3,C3_00473,1.453,2.195,2.015,0.918,15.372,539.058,2.244,0.028517,living
3,C,C3,C3_00474,1.200,2.181,1.825,0.837,86.634,463.437,2.239,0.186938,living
3,C,C3,C3_00475,2.062,2.904,2.761,0.951,85.197,495.180,2.566,0.172052,living
3,C,C3,C3_00476,2.282,1.856,2.322,1.251,155.511,598.881,2.348,0.259669,living
3,C,C3,C3_00477,0.946,1.569,1.375,0.876,95.679,483.518,2.304,0.197880,living
3,C,C3,C3_00478,1.538,1.811,1.883,1.040,50.363,562.418,2.198,0.089547,living
3,C,C3,C3_00479,1.470,2.079,1.973,0.949,48.943,538.943,2.057,0.090812,living
3,C,C3,C3_00480,2.079,1.995,2.298,1.152,119.642,571.829,2.691,0.209227,living
3,C,C3,C3_00481,2.062,2.120,2.359,1.113,45.393,617.295,2.721,0.073536,living
3,C,C3,C3_00482,2.146,1.737,2.179,1.254,94.535,664.000,2.094,0.142373,living
3,C,C3,C3_00483,2.282,1.682,2.211,1.314,122.867,637.852,2.348,0.192626,living
3,C,C3,C3_00484,0.710,2.102,1.378,0.656,25.690,499.452,2.000,0.051437,living
3,C,C3,C3_00485,3.211,2.802,3.385,1.208,78.932,641.058,2.542,0.123127,living
3,C,C3,C3_00486,2.028,1.921,2.227,1.159,95.658,619.425,2.500,0.154431,living
3,C,C3,C3_00487,1.622,1.636,1.838,1.124,20.094,658.604,2.854,0.030510,living
3,C,C3,C3_00488,1.842,1.627,1.953,1.201,96.266,683.239,2.688,0.140897,living
3,C,C3,C3_00489,2.146,1.642,2.118,1.290,59.898,707.433,2.488,0.084669,living
3,C,C3,C3_00490,1.876,1.857,2.106,1.134,43.486,662.252,2.712,0.065665,living
3,C,C3,C3_00491,1.791,1.817,2.036,1.120,29.358,590.094,2.396,0.049752,living
3,C,C3,C3_00492,2.028,2.845,2.710,0.953,28.892,559.275,2.358,0.051659,living
3,C,C3,C3_00493,1.099,1.995,1.671,0.837,19.431,509.462,2.923,0.038140,living
3,C,C3,C3_00494,1.589,2.227,2.123,0.953,28.160,567.979,2.883,0.049579,living
3,C,C3,C3_00495,0.879,1.884,1.452,0.771,30.923,427.923,2.865,0.072263,living
3,C,C3,C3_00496,1.673,1.983,2.055,1.036,120.364,451.687,2.303,0.266476,living
3,C,C3,C3_00497,1.960,1.986,2.226,1.121,89.905,463.371,2.328,0.194024,living
3,C,C3,C3_00498,1.369,1.960,1.848,0.943,51.296,469.037,2.840,0.109365,living
3,C,C3,C3_00499,1.217,1.456,1.502,1.032,119.681,473.236,2.819,0.252898,living
3,C,C3,C3_00500,1.403,1.924,1.854,0.964,89.361,474.880,2.542,0.188177,living
3,C,C3,C3_00501,2.704,1.918,2.570,1.340,157.425,603.256,2.569,0.260959,living
3,C,C3,C3_00502,2.282,1.565,2.132,1.363,181.570,618.244,2.926,0.293687,living
3,C,C3,C3_00503,2.282,2.045,2.438,1.192,152.800,517.911,2.837,0.295031,living
3,C,C3,C3_00504,1.200,1.899,1.703,0.897,45.803,456.324,1.958,0.100373,living
3,C,C3,C3_00505,2.028,2.188,2.377,1.086,54.542,516.167,2.200,0.105667,living
3,C,C3,C3_00506,1.183,1.539,1.523,0.989,73.271,483.114,2.386,0.151665,living
3,C,C3,C3_00507,2.366,2.023,2.469,1.220,128.636,551.264,3.043,0.233347,living
3,C,C3,C3_00508,2.248,1.759,2.244,1.276,141.707,560.519,2.504,0.252814,living
3,C,C3,C3_00509,1.724,1.995,2.093,1.049,92.627,511.892,2.961,0.180951,living
3,C,C3,C3_00510,1.183,1.781,1.638,0.920,39.329,487.214,2.743,0.080721,living
3,C,C3,C3_00511,2.941,1.995,2.733,1.370,77.023,499.270,4.172,0.154271,living
3,C,C3,C3_00512,1.538,1.790,1.872,1.046,45.176,522.901,2.670,0.086395,living
3,C,C3,C3_00513,3.008,2.178,2.888,1.326,77.758,657.584,2.815,0.118249,living
3,C,C3,C3_00514,2.332,3.578,3.259,0.911,34.674,493.775,2.348,0.070222,living
3,C,C3,C3_00515,1.589,2.569,2.280,0.887,15.745,459.489,3.319,0.034266,living
3,C,C3,C3_00516,2.045,1.743,2.130,1.222,51.678,631.165,2.736,0.081877,living
3,C,C3,C3_00517,1.775,1.795,2.014,1.122,32.086,588.724,2.267,0.054500,living
3,C,C3,C3_00518,2.129,2.679,2.695,1.006,25.992,493.365,1.881,0.052683,living
3,C,C3,C3_00519,2.248,1.953,2.364,1.211,41.519,601.000,2.083,0.069083,living
3,C,C3,C3_00520,1.284,1.995,1.806,0.905,15.842,419.961,4.368,0.037723,living
3,C,C3,C3_00521,2.789,2.019,2.678,1.326,37.600,700.188,2.582,0.053700,living
3,C,C3,C3_00522,3.093,2.411,3.081,1.278,28.956,638.689,2.956,0.045337,living
3,C,C3,C3_00523,1.251,2.108,1.832,0.869,16.865,490.095,2.851,0.034411,living
3,C,C3,C3_00524,1.487,1.607,1.744,1.085,17.091,561.977,2.659,0.030412,living
3,C,C3,C3_00525,2.011,2.230,2.390,1.072,14.319,528.975,2.076,0.027070,living
3,C,C3,C3_00526,1.115,1.651,1.531,0.927,17.076,515.303,2.833,0.033137,living
3,C,C3,C3_00527,1.183,1.691,1.596,0.944,16.043,536.314,2.957,0.029913,living
3,C,C3,C3_00528,1.944,1.995,2.222,1.114,117.009,504.530,2.339,0.231916,living
3,C,C3,C3_00529,1.487,1.995,1.944,0.974,133.614,496.818,2.534,0.268939,living
3,C,C3,C3_00530,2.146,1.995,2.335,1.170,120.472,471.465,2.150,0.255528,living
3,C,C3,C3_00531,1.453,1.995,1.921,0.963,56.744,539.628,3.047,0.105154,living
3,C,C3,C3_00532,1.504,1.995,1.955,0.980,87.584,489.258,2.247,0.179014,living
3,C,C3,C3_00533,1.572,1.995,1.998,1.002,93.925,493.935,2.903,0.190156,living
3,C,C3,C3_00534,2.501,1.995,2.521,1.263,92.412,574.851,2.331,0.160758,living
3,C,C3,C3_00535,1.960,1.995,2.231,1.118,94.181,514.310,2.509,0.183121,living
3,C,C3,C3_00536,1.453,1.995,1.921,0.963,27.407,504.174,2.628,0.054360,living
3,C,C3,C3_00537,2.129,1.995,2.326,1.166,117.603,561.167,2.587,0.209569,living
3,C,C3,C3_00538,2.451,1.995,2.495,1.251,59.517,684.186,2.876,0.086990,living
3,C,C3,C3_00539,1.690,1.995,2.072,1.038,114.710,527.190,2.650,0.217588,living
3,C,C3,C3_00540,2.349,1.995,2.443,1.224,48.410,688.662,2.396,0.070296,living
3,C,C3,C3_00541,0.980,1.995,1.578,0.791,35.172,473.879,2.517,0.074222,living
3,C,C3,C3_00542,2.636,1.995,2.588,1.297,65.135,569.462,2.519,0.114379,living
3,C,C3,C3_00543,2.636,1.995,2.588,1.297,65.814,579.769,2.397,0.113518,living
3,C,C3,C3_00544,0.913,1.995,1.523,0.763,35.926,437.796,3.204,0.082061,living
3,C,C3,C3_00545,1.403,1.995,1.888,0.946,29.313,544.181,2.759,0.053867,living
3,C,C3,C3_00546,2.383,1.995,2.461,1.233,37.950,620.156,2.369,0.061195,living
3,C,C3,C3_00547,1.437,1.995,1.911,0.958,24.435,548.188,2.718,0.044575,living
3,C,C3,C3_00548,1.724,1.995,2.093,1.049,35.343,652.441,2.167,0.054171,living
3,C,C3,C3_00549,1.234,1.995,1.771,0.887,17.740,483.123,2.562,0.036719,living
3,C,C3,C3_00550,1.335,1.995,1.842,0.923,25.165,541.241,2.215,0.046494,living
3,C,C3,C3_00551,1.301,1.995,1.818,0.911,16.922,546.299,2.571,0.030976,living
3,C,C3,C3_00552,1.639,1.995,2.041,1.023,24.010,510.691,2.598,0.047015,living
3,C,C3,C3_00553,1.487,1.995,1.944,0.974,20.955,552.477,2.920,0.037928,living
3,C,C3,C3_00554,0.997,1.995,1.592,0.798,15.424,502.237,2.525,0.030710,living
3,C,C3,C3_00555,1.115,1.995,1.683,0.843,19.712,521.924,2.364,0.037768,living
3,C,C3,C3_00556,2.738,1.995,2.637,1.322,29.889,666.907,2.630,0.044817,living
3,C,C3,C3_00557,1.622,1.728,1.889,1.093,20.250,576.302,2.719,0.035138,living
3,C,C3,C3_00558,1.166,1.995,1.721,0.863,76.420,420.362,9.652,0.181796,dead
3,C,C3,C3_00559,1.825,1.698,1.986,1.170,91.741,526.120,2.417,0.174372,living
3,C,C3,C3_00560,2.129,2.147,2.412,1.124,67.984,506.008,2.556,0.134354,living
3,C,C3,C3_00561,1.538,1.827,1.891,1.035,104.066,472.077,2.429,0.220443,living
3,C,C3,C3_00562,1.369,1.995,1.865,0.935,36.457,443.086,4.617,0.082279,living
3,C,C3,C3_00563,2.332,1.822,2.326,1.277,114.775,597.297,2.732,0.192158,living
3,C,C3,C3_00564,1.606,1.995,2.020,1.012,25.211,421.905,30.653,0.059754,dead
3,C,C3,C3_00565,1.470,1.777,1.824,1.026,44.632,507.103,2.885,0.088014,living
3,C,C3,C3_00566,1.910,2.252,2.340,1.039,33.186,517.150,2.345,0.064171,living
3,C,C3,C3_00567,1.149,1.797,1.621,0.902,24.029,468.382,2.162,0.051303,living
3,C,C3,C3_00568,1.977,2.205,2.356,1.068,59.564,528.444,3.111,0.112716,living
3,C,C3,C3_00569,2.772,2.229,2.805,1.258,47.116,570.841,2.457,0.082538,living
3,C,C3,C3_00570,2.755,3.353,3.430,1.023,28.865,488.877,2.681,0.059044,living
3,C,C3,C3_00571,2.467,1.934,2.465,1.274,34.685,649.014,2.459,0.053443,living
3,C,C3,C3_00572,0.761,1.646,1.263,0.767,23.311,496.756,2.333,0.046927,living
3,C,C3,C3_00573,2.552,2.133,2.633,1.234,32.026,620.702,2.291,0.051597,living
3,C,C3,C3_00574,1.791,1.855,2.057,1.109,22.821,579.396,2.972,0.039387,living
3,D,D3,D3_00001,1.622,1.643,1.842,1.121,125.073,472.354,2.906,0.264786,living
3,D,D3,D3_00002,2.298,1.539,2.122,1.379,59.081,508.632,2.213,0.116156,living
3,D,D3,D3_00003,1.115,2.133,1.740,0.816,57.636,393.182,2.061,0.146590,living
3,D,D3,D3_00004,2.113,1.637,2.099,1.282,137.088,505.920,2.544,0.270968,living
3,D,D3,D3_00005,1.808,1.854,2.066,1.114,77.430,494.551,2.187,0.156566,living
3,D,D3,D3_00006,2.822,1.921,2.627,1.368,91.491,641.916,2.533,0.142528,living
3,D,D3,D3_00007,1.521,1.760,1.846,1.049,87.344,471.667,3.100,0.185183,living
3,D,D3,D3_00008,1.622,1.639,1.840,1.123,81.854,516.604,2.427,0.158447,living
3,D,D3,D3_00009,1.842,1.947,2.137,1.098,91.853,476.459,2.193,0.192783,living
3,D,D3,D3_00010,1.048,2.008,1.637,0.815,72.919,448.000,6.032,0.162766,dead
3,D,D3,D3_00011,1.268,1.592,1.603,1.007,2.147,473.787,2.053,0.004531,living
3,D,D3,D3_00012,1.842,1.714,2.005,1.170,63.119,539.624,2.771,0.116969,living
3,D,D3,D3_00013,0.828,1.818,1.384,0.762,2.286,448.571,2.429,0.005096,living
3,D,D3,D3_00014,2.586,4.238,3.736,0.881,2.503,463.529,2.464,0.005400,living
3,D,D3,D3_00015,0.913,1.955,1.508,0.771,2.704,474.241,2.537,0.005701,living
3,D,D3,D3_00016,0.761,1.679,1.275,0.760,2.556,366.444,2.778,0.006974,living
3,D,D3,D3_00017,2.332,2.008,2.441,1.216,53.435,655.594,2.703,0.081506,living
3,D,D3,D3_00018,0.828,1.686,1.333,0.791,41.367,421.245,2.163,0.098203,living
3,D,D3,D3_00019,1.741,1.673,1.926,1.151,56.913,539.631,2.165,0.105466,living
3,D,D3,D3_00020,2.484,1.639,2.277,1.389,2.252,555.286,2.571,0.004055,living
3,D,D3,D3_00021,0.997,2.008,1.596,0.795,36.949,421.288,8.949,0.087705,dead
3,D,D3,D3_00022,1.183,1.753,1.625,0.927,21.414,496.914,2.214,0.043095,living
3,D,D3,D3_00023,1.842,2.186,2.264,1.036,26.670,494.550,2.358,0.053927,living
3,D,D3,D3_00024,2.349,1.766,2.298,1.301,5.353,624.899,2.561,0.008565,living
3,D,D3,D3_00025,1.927,1.869,2.141,1.146,31.219,563.474,2.693,0.055405,living
3,D,D3,D3_00026,1.014,2.183,1.679,0.769,11.483,441.817,3.267,0.025991,living
3,D,D3,D3_00027,1.673,1.353,1.698,1.255,14.202,504.677,2.354,0.028141,living
3,D,D3,D3_00028,1.420,1.662,1.733,1.043,119.845,514.690,1.964,0.232849,living
3,D,D3,D3_00029,1.082,1.941,1.635,0.842,59.625,442.125,2.453,0.134860,living
3,D,D3,D3_00030,1.521,1.719,1.825,1.061,148.278,508.711,2.644,0.291477,living
3,D,D3,D3_00031,2.028,1.639,2.057,1.255,140.508,563.250,2.858,0.249460,living
3,D,D3,D3_00032,1.572,2.008,2.005,0.999,132.656,478.269,2.645,0.277367,living
3,D,D3,D3_00033,1.589,1.798,1.907,1.061,21.713,476.404,2.053,0.045576,living
3,D,D3,D3_00034,0.980,1.693,1.453,0.858,34.966,509.483,2.121,0.068629,living
3,D,D3,D3_00035,2.620,1.454,2.202,1.515,157.832,552.477,2.884,0.285681,living
3,D,D3,D3_00036,1.960,1.604,2.001,1.247,160.733,556.336,2.491,0.288913,living
3,D,D3,D3_00037,2.079,2.208,2.418,1.095,125.285,501.154,2.154,0.249992,living
3,D,D3,D3_00038,2.400,2.283,2.641,1.157,2.993,656.683,2.289,0.004558,living
3,D,D3,D3_00039,2.079,1.717,2.132,1.242,85.984,569.301,2.268,0.151034,living
3,D,D3,D3_00040,1.994,1.742,2.103,1.207,134.186,619.890,2.551,0.216468,living
3,D,D3,D3_00041,1.014,1.430,1.359,0.950,2.600,532.617,1.833,0.004882,living
3,D,D3,D3_00042,2.146,3.278,2.993,0.913,84.535,451.386,2.551,0.187280,living
3,D,D3,D3_00043,2.113,1.874,2.245,1.198,91.096,619.656,2.648,0.147011,living
3,D,D3,D3_00044,0.896,2.752,1.772,0.644,72.170,426.736,2.547,0.169121,living
3,D,D3,D3_00045,2.738,2.216,2.779,1.254,41.944,524.043,2.315,0.080040,living
3,D,D3,D3_00046,2.518,2.843,3.019,1.062,46.013,527.732,2.570,0.087191,living
3,D,D3,D3_00047,1.707,1.894,2.029,1.071,31.168,547.406,2.297,0.056938,living
3,D,D3,D3_00048,0.913,2.008,1.528,0.761,22.796,401.056,12.796,0.056841,dead
3,D,D3,D3_00049,1.115,2.864,2.016,0.704,18.621,463.530,3.000,0.040173,living
3,D,D3,D3_00050,1.031,2.008,1.623,0.809,24.131,444.689,10.148,0.054265,dead
3,D,D3,D3_00051,1.589,2.235,2.126,0.951,22.936,547.777,2.160,0.041871,living
3,D,D3,D3_00052,0.997,1.519,1.389,0.914,20.966,531.305,2.831,0.039462,living
3,D,D3,D3_00053,1.048,2.181,1.706,0.782,106.855,425.194,2.258,0.251309,living
3,D,D3,D3_00054,1.504,1.974,1.944,0.985,142.697,504.371,2.281,0.282920,living
3,D,D3,D3_00055,1.504,1.820,1.867,1.026,117.348,479.876,2.483,0.244539,living
3,D,D3,D3_00056,1.335,2.167,1.919,0.886,37.063,531.025,2.911,0.069796,living
3,D,D3,D3_00057,1.690,1.755,1.943,1.107,134.710,522.140,2.300,0.257996,living
3,D,D3,D3_00058,0.963,2.061,1.590,0.771,87.807,426.053,3.053,0.206094,living
3,D,D3,D3_00059,1.707,1.558,1.840,1.181,160.881,541.436,1.931,0.297138,living
3,D,D3,D3_00060,1.825,1.788,2.038,1.140,128.685,504.352,2.074,0.255150,living
3,D,D3,D3_00061,0.946,2.008,1.555,0.775,105.071,391.875,4.661,0.268125,living
3,D,D3,D3_00062,1.724,1.947,2.067,1.062,141.412,488.824,2.333,0.289290,living
3,D,D3,D3_00063,1.910,1.942,2.173,1.119,133.531,550.195,2.761,0.242698,living
3,D,D3,D3_00064,0.744,1.918,1.348,0.703,89.864,419.318,2.614,0.214309,living
3,D,D3,D3_00065,1.318,2.146,1.898,0.884,76.756,461.538,2.769,0.166306,living
3,D,D3,D3_00066,3.127,1.134,2.125,1.874,53.205,704.816,2.384,0.075488,living
3,D,D3,D3_00067,1.639,1.767,1.920,1.087,73.722,594.320,2.577,0.124044,living
3,D,D3,D3_00068,1.842,2.206,2.275,1.031,70.523,559.505,2.697,0.126045,living
3,D,D3,D3_00069,1.284,2.008,1.812,0.902,28.776,413.132,4.118,0.069654,living
3,D,D3,D3_00070,0.930,2.008,1.542,0.768,35.182,417.055,39.109,0.084358,dead
3,D,D3,D3_00071,2.079,1.612,2.066,1.281,37.195,607.935,2.797,0.061183,living
3,D,D3,D3_00072,2.146,2.576,2.653,1.030,35.835,588.134,2.732,0.060929,living
3,D,D3,D3_00073,1.521,2.081,2.008,0.965,17.844,551.567,2.500,0.032352,living
3,D,D3,D3_00074,0.777,2.056,1.426,0.694,5.630,507.391,2.304,0.011097,living
3,D,D3,D3_00075,1.014,1.817,1.532,0.843,15.967,529.450,2.317,0.030157,living
3,D,D3,D3_00076,2.417,2.670,2.866,1.074,23.301,587.916,2.413,0.039633,living
3,D,D3,D3_00077,1.606,2.585,2.299,0.889,17.684,538.800,2.758,0.032821,living
3,D,D3,D3_00078,3.312,2.207,3.051,1.382,33.092,858.923,2.311,0.038527,living
3,D,D3,D3_00079,1.606,2.600,2.306,0.887,19.147,506.421,2.526,0.037809,living
3,D,D3,D3_00080,1.403,2.929,2.287,0.781,12.735,481.904,2.554,0.026426,living
3,D,D3,D3_00081,1.876,1.776,2.060,1.160,111.135,469.477,2.793,0.236721,living
3,D,D3,D3_00082,1.301,1.965,1.804,0.918,32.182,458.416,2.416,0.070202,living
3,D,D3,D3_00083,1.031,2.473,1.802,0.729,93.984,360.262,3.246,0.260876,living
3,D,D3,D3_00084,2.484,2.008,2.520,1.255,96.776,493.170,2.653,0.196232,living
3,D,D3,D3_00085,1.149,1.866,1.652,0.885,32.279,436.647,2.485,0.073926,living
3,D,D3,D3_00086,1.673,1.973,2.050,1.039,94.384,465.010,1.869,0.202972,living
3,D,D3,D3_00087,1.487,2.062,1.976,0.958,48.034,470.705,2.659,0.102047,living
3,D,D3,D3_00088,3.279,3.343,3.736,1.118,125.979,465.366,2.490,0.270710,living
3,D,D3,D3_00089,2.349,1.885,2.374,1.260,134.820,531.252,2.331,0.253778,living
3,D,D3,D3_00090,1.200,2.008,1.751,0.872,63.099,398.549,8.380,0.158321,dead
3,D,D3,D3_00091,1.538,1.368,1.637,1.196,142.571,527.154,2.637,0.270455,living
3,D,D3,D3_00092,2.028,2.008,2.277,1.134,75.517,407.642,3.883,0.185253,living
3,D,D3,D3_00093,0.980,1.529,1.381,0.903,34.293,473.310,2.603,0.072454,living
3,D,D3,D3_00094,2.890,2.069,2.759,1.334,96.041,621.170,2.526,0.154613,living
3,D,D3,D3_00095,1.318,1.713,1.695,0.990,34.410,474.795,2.154,0.072474,living
3,D,D3,D3_00096,1.538,1.724,1.837,1.066,47.714,536.143,2.352,0.088995,living
3,D,D3,D3_00097,1.791,1.462,1.826,1.249,84.009,581.594,2.491,0.144447,living
3,D,D3,D3_00098,2.383,1.802,2.338,1.298,81.404,654.433,2.603,0.124389,living
3,D,D3,D3_00099,3.093,2.008,2.812,1.401,20.426,476.852,3.552,0.042836,living
3,D,D3,D3_00100,1.166,1.595,1.539,0.965,89.638,453.623,2.551,0.197604,living
3,D,D3,D3_00101,2.552,2.680,2.951,1.101,86.987,409.046,2.311,0.212657,living
3,D,D3,D3_00102,2.282,2.065,2.449,1.186,104.089,502.970,2.711,0.206948,living
3,D,D3,D3_00103,1.724,1.789,1.982,1.108,89.029,540.186,3.088,0.164812,living
3,D,D3,D3_00104,1.791,2.008,2.140,1.066,133.226,513.519,2.981,0.259438,living
3,D,D3,D3_00105,2.484,2.111,2.584,1.224,141.592,545.476,2.374,0.259575,living
3,D,D3,D3_00106,1.504,1.998,1.956,0.979,68.393,448.157,2.348,0.152610,living
3,D,D3,D3_00107,1.859,1.855,2.095,1.130,37.900,545.709,2.300,0.069451,living
3,D,D3,D3_00108,2.586,1.654,2.334,1.411,65.288,658.216,2.203,0.099189,living
3,D,D3,D3_00109,1.031,2.031,1.633,0.804,28.295,457.967,2.131,0.061784,living
3,D,D3,D3_00110,2.856,1.967,2.674,1.360,89.870,670.574,2.272,0.134019,living
3,D,D3,D3_00111,1.977,2.106,2.302,1.093,67.197,532.034,2.325,0.126301,living
3,D,D3,D3_00112,1.944,2.025,2.239,1.106,54.009,554.417,2.243,0.097415,living
3,D,D3,D3_00113,1.589,2.825,2.391,0.846,19.415,416.372,2.734,0.046629,living
3,D,D3,D3_00114,1.622,1.820,1.939,1.065,36.229,553.146,2.167,0.065497,living
3,D,D3,D3_00115,1.994,1.877,2.183,1.163,51.220,555.585,2.441,0.092192,living
3,D,D3,D3_00116,2.163,1.613,2.108,1.307,31.391,565.820,2.469,0.055478,living
3,D,D3,D3_00117,1.555,1.830,1.903,1.040,33.033,515.152,2.652,0.064122,living
3,D,D3,D3_00118,1.994,1.684,2.068,1.228,57.763,631.059,2.475,0.091533,living
3,D,D3,D3_00119,2.079,2.008,2.305,1.148,24.114,428.455,11.098,0.056281,dead
3,D,D3,D3_00120,1.859,1.876,2.107,1.123,41.955,597.400,2.727,0.070229,living
3,D,D3,D3_00121,1.538,3.339,2.557,0.766,19.132,468.571,2.670,0.040830,living
3,D,D3,D3_00122,1.639,1.654,1.858,1.123,30.495,581.948,2.505,0.052401,living
3,D,D3,D3_00123,1.707,2.228,2.201,0.988,19.911,510.663,2.356,0.038990,living
3,D,D3,D3_00124,0.727,2.008,1.363,0.679,9.884,372.488,3.209,0.026534,living
3,D,D3,D3_00125,0.727,2.008,1.363,0.679,15.465,432.256,4.419,0.035778,living
3,D,D3,D3_00126,2.028,1.940,2.238,1.154,22.292,585.925,2.517,0.038045,living
3,D,D3,D3_00127,0.828,1.874,1.406,0.750,13.510,493.571,2.347,0.027372,living
3,D,D3,D3_00128,2.248,2.143,2.477,1.156,138.917,552.135,2.105,0.251600,living
3,D,D3,D3_00129,1.944,1.936,2.189,1.131,82.043,581.687,2.852,0.141044,living
3,D,D3,D3_00130,1.842,2.044,2.189,1.071,70.220,548.174,2.294,0.128098,living
3,D,D3,D3_00131,1.994,1.753,2.110,1.203,109.619,607.763,2.449,0.180364,living
3,D,D3,D3_00132,1.369,2.008,1.871,0.932,36.852,474.407,4.765,0.077680,living
3,D,D3,D3_00133,0.676,2.224,1.384,0.622,28.775,470.375,2.850,0.061175,living
3,D,D3,D3_00134,1.048,2.311,1.756,0.760,61.387,475.839,3.452,0.129008,living
3,D,D3,D3_00135,1.977,2.249,2.379,1.058,66.889,579.248,2.385,0.115475,living
3,D,D3,D3_00136,2.163,2.126,2.420,1.138,6.805,562.039,2.508,0.012107,living
3,D,D3,D3_00137,1.234,2.008,1.776,0.885,50.315,487.096,9.068,0.103296,dead
3,D,D3,D3_00138,2.197,1.919,2.317,1.207,48.446,659.454,2.746,0.073464,living
3,D,D3,D3_00139,1.859,1.742,2.031,1.166,53.318,610.627,2.655,0.087317,living
3,D,D3,D3_00140,0.930,1.950,1.520,0.779,20.764,507.964,2.327,0.040876,living
3,D,D3,D3_00141,0.896,2.558,1.708,0.668,12.340,459.849,2.698,0.026834,living
3,D,D3,D3_00142,1.555,1.661,1.813,1.092,96.413,462.489,2.098,0.208466,living
3,D,D3,D3_00143,1.825,2.260,2.292,1.014,34.472,494.778,2.306,0.069672,living
3,D,D3,D3_00144,0.930,2.021,1.547,0.765,36.564,408.073,2.655,0.089601,living
3,D,D3,D3_00145,1.200,1.833,1.674,0.913,49.789,458.408,2.521,0.108612,living
3,D,D3,D3_00146,1.910,1.908,2.154,1.129,104.062,483.009,2.655,0.215445,living
3,D,D3,D3_00147,2.282,1.878,2.336,1.244,113.385,432.526,2.474,0.262147,living
3,D,D3,D3_00148,1.927,1.646,2.010,1.221,118.912,526.289,2.439,0.225945,living
3,D,D3,D3_00149,2.045,1.573,2.024,1.287,128.628,577.793,2.612,0.222620,living
3,D,D3,D3_00150,1.656,2.429,2.263,0.932,47.735,459.388,2.327,0.103909,living
3,D,D3,D3_00151,2.974,2.008,2.757,1.373,63.432,556.210,2.636,0.114043,living
3,D,D3,D3_00152,2.163,1.607,2.104,1.309,93.336,632.953,2.594,0.147461,living
3,D,D3,D3_00153,1.606,2.008,2.026,1.009,37.442,504.021,2.895,0.074287,living
3,D,D3,D3_00154,2.670,2.174,2.719,1.250,35.323,586.278,2.487,0.060249,living
3,D,D3,D3_00155,1.504,1.643,1.774,1.080,31.236,531.034,2.303,0.058821,living
3,D,D3,D3_00156,2.265,1.605,2.151,1.340,37.022,540.082,2.500,0.068550,living
3,D,D3,D3_00157,0.946,1.860,1.497,0.805,19.536,443.411,2.500,0.044058,living
3,D,D3,D3_00158,1.825,2.108,2.213,1.050,25.324,539.602,2.769,0.046931,living
3,D,D3,D3_00159,1.538,1.912,1.935,1.012,27.571,499.901,2.429,0.055154,living
3,D,D3,D3_00160,0.727,1.945,1.342,0.690,9.000,413.023,2.488,0.021791,living
3,D,D3,D3_00161,1.724,3.213,2.656,0.827,18.696,444.480,2.765,0.042063,living
3,D,D3,D3_00162,1.335,2.008,1.847,0.920,15.203,465.228,2.911,0.032678,living
3,D,D3,D3_00163,1.284,2.136,1.869,0.875,16.868,467.671,2.605,0.036069,living
3,D,D3,D3_00164,2.434,1.652,2.263,1.370,102.493,572.771,2.819,0.178943,living
3,D,D3,D3_00165,1.487,2.930,2.355,0.804,28.966,403.591,1.989,0.071770,living
3,D,D3,D3_00166,2.467,2.009,2.512,1.250,135.616,491.205,2.623,0.276089,living
3,D,D3,D3_00167,2.603,2.008,2.579,1.285,146.442,537.474,3.344,0.272463,living
3,D,D3,D3_00168,2.298,2.008,2.424,1.207,92.397,373.375,2.588,0.247465,living
3,D,D3,D3_00169,3.279,2.291,3.093,1.350,103.206,407.036,2.366,0.253555,living
3,D,D3,D3_00170,1.741,1.915,2.060,1.076,38.301,459.738,2.369,0.083310,living
3,D,D3,D3_00171,2.062,1.803,2.176,1.207,68.951,508.672,2.721,0.135551,living
3,D,D3,D3_00172,1.301,1.320,1.479,1.120,38.416,503.078,2.597,0.076361,living
3,D,D3,D3_00173,2.552,1.971,2.531,1.284,61.152,572.768,2.331,0.106766,living
3,D,D3,D3_00174,1.504,2.033,1.973,0.971,20.146,448.022,2.236,0.044967,living
3,D,D3,D3_00175,2.011,2.337,2.446,1.047,36.479,453.126,2.277,0.080505,living
3,D,D3,D3_00176,2.197,1.683,2.170,1.289,40.638,527.246,2.485,0.077077,living
3,D,D3,D3_00177,1.977,1.938,2.209,1.140,39.274,499.051,2.684,0.078696,living
3,D,D3,D3_00178,1.673,1.878,2.000,1.065,29.970,483.263,2.626,0.062015,living
3,D,D3,D3_00179,0.946,2.586,1.765,0.682,15.946,364.321,2.679,0.043770,living
3,D,D3,D3_00180,1.099,1.882,1.623,0.862,22.369,423.615,2.077,0.052806,living
3,D,D3,D3_00181,1.369,1.879,1.810,0.963,24.580,457.235,2.481,0.053759,living
3,D,D3,D3_00182,0.879,1.879,1.450,0.772,10.269,377.077,2.442,0.027234,living
3,D,D3,D3_00183,1.217,2.062,1.787,0.867,11.542,339.139,1.819,0.034032,living
3,D,D3,D3_00184,1.622,2.008,2.036,1.014,110.333,462.469,2.344,0.238575,living
3,D,D3,D3_00185,2.467,2.008,2.511,1.251,101.952,423.610,2.178,0.240675,living
3,D,D3,D3_00186,2.383,2.008,2.468,1.229,122.823,503.539,2.511,0.243919,living
3,D,D3,D3_00187,1.487,2.008,1.950,0.971,35.580,488.852,2.705,0.072782,living
3,D,D3,D3_00188,2.873,2.008,2.710,1.350,24.247,547.600,2.394,0.044279,living
3,D,D3,D3_00189,1.504,2.008,1.961,0.977,118.146,454.921,2.730,0.259707,living
3,D,D3,D3_00190,2.417,2.008,2.486,1.238,47.741,408.965,2.147,0.116737,living
3,D,D3,D3_00191,1.099,2.008,1.676,0.835,50.800,426.323,2.708,0.119158,living
3,D,D3,D3_00192,1.994,2.008,2.258,1.125,75.627,505.907,2.653,0.149488,living
3,D,D3,D3_00193,1.335,2.008,1.847,0.920,43.709,456.392,2.392,0.095770,living
3,D,D3,D3_00194,1.927,2.008,2.219,1.106,65.342,474.842,2.333,0.137608,living
3,D,D3,D3_00195,1.538,2.008,1.983,0.988,55.527,477.527,2.418,0.116281,living
3,D,D3,D3_00196,1.217,2.008,1.764,0.879,43.347,461.278,2.514,0.093972,living
3,D,D3,D3_00197,2.434,2.008,2.494,1.242,46.382,486.465,2.090,0.095345,living
3,D,D3,D3_00198,1.842,2.008,2.170,1.081,43.404,489.092,3.147,0.088743,living
3,D,D3,D3_00199,1.893,2.008,2.200,1.096,34.875,537.402,2.750,0.064896,living
3,D,D3,D3_00200,1.944,2.008,2.229,1.110,38.870,539.843,2.652,0.072002,living
3,D,D3,D3_00201,0.997,2.008,1.596,0.795,15.475,433.373,2.949,0.035707,living
3,D,D3,D3_00202,0.744,2.008,1.379,0.687,7.977,394.705,2.636,0.020211,living
3,D,D3,D3_00203,1.099,2.067,1.701,0.823,15.492,435.477,2.569,0.035575,living
3,D,D3,D3_00204,1.825,2.008,2.160,1.076,73.380,496.954,2.519,0.147659,living
3,D,D3,D3_00205,1.521,2.008,1.972,0.982,110.567,446.178,2.978,0.247809,living
3,D,D3,D3_00206,1.639,2.008,2.047,1.020,119.546,564.330,2.206,0.211838,living
3,D,D3,D3_00207,1.369,2.008,1.871,0.932,86.432,529.840,2.432,0.163129,living
3,D,D3,D3_00208,2.400,2.008,2.477,1.234,112.613,493.754,2.430,0.228075,living
3,D,D3,D3_00209,1.386,2.008,1.882,0.938,42.512,536.610,3.012,0.079224,living
3,D,D3,D3_00210,2.113,2.008,2.324,1.158,90.560,640.728,2.328,0.141339,living
3,D,D3,D3_00211,2.146,2.008,2.342,1.167,27.898,587.362,2.724,0.047496,living
3,D,D3,D3_00212,1.589,2.008,2.015,1.004,34.553,490.489,2.309,0.070446,living
3,D,D3,D3_00213,2.569,2.008,2.563,1.276,34.329,660.342,2.303,0.051987,living
3,D,D3,D3_00214,1.622,2.008,2.036,1.014,27.271,590.365,2.875,0.046193,living
3,D,D3,D3_00215,2.789,2.008,2.670,1.330,23.764,665.897,2.467,0.035687,living
3,D,D3,D3_00216,0.946,2.008,1.555,0.775,17.018,526.054,2.839,0.032350,living
3,D,D3,D3_00217,1.352,2.215,1.953,0.882,19.562,570.575,2.500,0.034286,living
3,D,D3,D3_00218,1.656,1.758,1.925,1.095,76.306,548.867,2.561,0.139025,living
3,D,D3,D3_00219,1.960,1.744,2.086,1.196,129.500,506.940,2.586,0.255454,living
3,D,D3,D3_00220,1.724,1.545,1.842,1.192,56.333,515.137,2.490,0.109356,living
3,D,D3,D3_00221,1.335,1.668,1.684,1.009,47.873,531.392,2.823,0.090091,living
3,D,D3,D3_00222,1.217,1.754,1.649,0.940,127.181,480.625,3.042,0.264615,living
3,D,D3,D3_00223,1.859,1.948,2.147,1.102,83.409,541.282,2.582,0.154095,living
3,D,D3,D3_00224,2.332,1.963,2.414,1.230,145.580,570.739,2.493,0.255072,living
3,D,D3,D3_00225,1.622,1.398,1.699,1.215,121.167,536.708,2.646,0.225759,living
3,D,D3,D3_00226,2.146,1.667,2.134,1.280,135.709,617.945,2.220,0.219613,living
3,D,D3,D3_00227,1.521,1.790,1.862,1.040,96.422,500.933,2.344,0.192485,living
3,D,D3,D3_00228,1.622,2.008,2.036,1.014,96.438,534.240,2.875,0.180514,living
3,D,D3,D3_00229,1.268,2.009,1.801,0.896,38.813,519.027,2.853,0.074781,living
3,D,D3,D3_00230,1.960,1.759,2.095,1.191,90.586,613.121,2.672,0.147746,living
3,D,D3,D3_00231,1.234,1.587,1.579,0.995,109.877,533.055,2.192,0.206126,living
3,D,D3,D3_00232,1.403,1.542,1.660,1.076,58.169,580.843,2.410,0.100145,living
3,D,D3,D3_00233,1.639,2.612,2.335,0.894,78.567,471.505,2.588,0.166630,living
3,D,D3,D3_00234,1.791,2.249,2.265,1.007,73.519,530.745,2.311,0.138520,living
3,D,D3,D3_00235,1.707,1.751,1.951,1.114,98.634,628.663,2.356,0.156894,living
3,D,D3,D3_00236,1.825,2.008,2.160,1.076,70.176,484.435,12.796,0.144861,dead
3,D,D3,D3_00237,2.146,2.343,2.530,1.080,79.567,582.780,2.244,0.136530,living
3,D,D3,D3_00238,1.606,2.008,2.026,1.009,14.632,537.074,3.189,0.027243,living
3,D,D3,D3_00239,1.775,1.674,1.945,1.162,43.571,634.733,2.219,0.068645,living
3,D,D3,D3_00240,2.163,1.722,2.178,1.265,46.148,706.711,2.625,0.065300,living
3,D,D3,D3_00241,2.248,1.903,2.334,1.226,41.135,688.744,2.331,0.059725,living
3,D,D3,D3_00242,1.217,2.008,1.764,0.879,13.931,530.125,2.458,0.026278,living
3,D,D3,D3_00243,1.352,1.730,1.726,0.998,28.125,568.775,2.237,0.049448,living
3,D,D3,D3_00244,1.318,2.196,1.920,0.874,14.321,517.026,2.654,0.027698,living
3,D,D3,D3_00245,2.349,2.983,2.987,1.001,29.187,595.309,2.381,0.049028,living
3,D,D3,D3_00246,1.893,2.190,2.297,1.049,23.179,590.768,2.518,0.039235,living
3,D,D3,D3_00247,1.724,2.846,2.499,0.878,24.088,521.804,2.471,0.046163,living
3,D,D3,D3_00248,1.284,2.532,2.035,0.804,14.776,500.684,2.382,0.029512,living
3,D,D3,D3_00249,1.910,2.008,2.210,1.101,93.159,474.265,2.327,0.196429,living
3,D,D3,D3_00250,1.555,2.008,1.994,0.993,48.163,438.554,2.152,0.109822,living
3,D,D3,D3_00251,1.132,2.008,1.701,0.847,60.776,380.522,3.507,0.159718,living
3,D,D3,D3_00252,1.589,2.008,2.015,1.004,91.064,504.915,2.766,0.180355,living
3,D,D3,D3_00253,2.451,2.008,2.503,1.247,104.862,468.710,2.234,0.223725,living
3,D,D3,D3_00254,2.653,2.008,2.604,1.297,39.790,496.924,2.459,0.080072,living
3,D,D3,D3_00255,1.589,2.008,2.015,1.004,42.245,430.149,2.543,0.098209,living
3,D,D3,D3_00256,1.284,2.008,1.812,0.902,81.526,528.658,2.816,0.154214,living
3,D,D3,D3_00257,1.977,2.008,2.248,1.120,120.248,489.051,2.581,0.245880,living
3,D,D3,D3_00258,2.586,2.008,2.571,1.281,108.627,487.575,2.908,0.222791,living
3,D,D3,D3_00259,2.146,2.008,2.342,1.167,126.898,625.339,2.071,0.202926,living
3,D,D3,D3_00260,2.890,2.008,2.718,1.354,89.772,475.421,2.491,0.188826,living
3,D,D3,D3_00261,1.352,2.008,1.859,0.926,91.812,482.750,2.712,0.190186,living
3,D,D3,D3_00262,2.484,2.008,2.520,1.255,72.347,659.082,2.483,0.109769,living
3,D,D3,D3_00263,1.690,2.008,2.078,1.035,58.020,595.170,2.690,0.097485,living
3,D,D3,D3_00264,2.197,2.008,2.370,1.180,56.977,570.762,2.631,0.099826,living
3,D,D3,D3_00265,2.062,2.008,2.296,1.144,22.590,559.623,2.443,0.040367,living
3,D,D3,D3_00266,1.470,2.008,1.938,0.966,33.977,492.851,2.322,0.068940,living
3,D,D3,D3_00267,1.251,2.008,1.788,0.891,43.608,474.338,2.811,0.091935,living
3,D,D3,D3_00268,1.673,2.008,2.068,1.030,45.576,573.576,2.677,0.079459,living
3,D,D3,D3_00269,1.656,2.008,2.057,1.025,27.184,510.439,3.163,0.053256,living
3,D,D3,D3_00270,1.944,2.777,2.622,0.944,22.348,492.670,2.557,0.045361,living
3,D,D3,D3_00271,2.569,2.118,2.632,1.243,81.454,356.257,2.625,0.228638,living
3,D,D3,D3_00272,1.149,3.124,2.138,0.684,53.015,277.882,2.588,0.190781,living
3,D,D3,D3_00273,1.927,1.663,2.020,1.215,22.132,384.325,2.544,0.057586,living
3,D,D3,D3_00274,1.487,2.021,1.956,0.968,29.818,392.330,2.216,0.076003,living
3,D,D3,D3_00275,1.200,1.803,1.660,0.921,80.296,301.014,2.592,0.266751,living
3,D,D3,D3_00276,1.606,2.148,2.096,0.976,50.537,361.611,2.768,0.139755,living
3,D,D3,D3_00277,1.369,1.858,1.800,0.969,76.901,335.259,2.506,0.229378,living
3,D,D3,D3_00278,0.777,2.008,1.409,0.702,41.935,290.609,47.283,0.144300,dead
3,D,D3,D3_00279,2.991,3.022,3.392,1.123,37.718,433.322,2.311,0.087043,living
3,D,D3,D3_00280,2.197,1.715,2.190,1.277,59.862,483.115,2.646,0.123907,living
3,D,D3,D3_00281,2.501,1.833,2.416,1.318,48.453,481.601,2.480,0.100607,living
3,D,D3,D3_00282,1.673,2.106,2.118,1.006,46.081,378.182,2.545,0.121848,living
3,D,D3,D3_00283,2.924,1.904,2.662,1.398,39.092,486.844,2.555,0.080298,living
3,D,D3,D3_00284,1.048,2.013,1.639,0.814,15.839,357.242,1.952,0.044336,living
3,D,D3,D3_00285,1.217,2.172,1.835,0.845,17.458,360.056,2.958,0.048488,living
3,D,D3,D3_00286,0.761,1.618,1.252,0.774,17.333,381.000,2.600,0.045494,living
3,D,D3,D3_00287,1.808,2.155,2.227,1.034,21.374,404.477,2.318,0.052843,living
3,D,D3,D3_00288,1.977,1.638,2.031,1.240,26.641,482.068,2.641,0.055264,living
3,D,D3,D3_00289,1.217,1.620,1.584,0.978,19.181,408.569,2.514,0.046946,living
3,D,D3,D3_00290,1.555,1.655,1.810,1.094,15.413,446.870,3.000,0.034491,living
3,D,D3,D3_00291,1.994,1.853,2.169,1.171,16.839,464.932,2.119,0.036218,living
3,D,D3,D3_00292,1.521,2.655,2.268,0.854,8.878,322.733,2.511,0.027508,living
3,D,D3,D3_00293,1.268,1.890,1.747,0.924,11.347,398.293,2.840,0.028488,living
3,D,D3,D3_00294,1.741,1.721,1.953,1.135,105.524,450.553,2.990,0.234210,living
3,D,D3,D3_00295,1.284,1.529,1.581,1.034,88.289,437.368,2.158,0.201865,living
3,D,D3,D3_00296,3.296,2.530,3.258,1.288,113.621,479.395,2.677,0.237008,living
3,D,D3,D3_00297,0.896,2.008,1.513,0.754,99.038,338.623,13.377,0.292472,dead
3,D,D3,D3_00298,2.315,1.624,2.188,1.347,97.175,519.847,2.701,0.186930,living
3,D,D3,D3_00299,1.453,1.587,1.713,1.080,93.198,507.547,2.477,0.183624,living
3,D,D3,D3_00300,1.808,1.975,2.132,1.080,125.907,454.813,2.318,0.276831,living
3,D,D3,D3_00301,0.862,2.008,1.484,0.739,27.490,391.314,9.961,0.070251,dead
3,D,D3,D3_00302,2.603,1.975,2.558,1.295,74.110,582.188,2.273,0.127296,living
3,D,D3,D3_00303,1.791,1.462,1.826,1.249,44.604,490.245,2.528,0.090983,living
3,D,D3,D3_00304,2.079,1.782,2.172,1.219,45.829,529.577,2.106,0.086539,living
3,D,D3,D3_00305,2.062,2.117,2.358,1.114,47.557,540.295,2.459,0.088021,living
3,D,D3,D3_00306,2.535,1.980,2.528,1.277,29.640,555.947,2.113,0.053314,living
3,D,D3,D3_00307,1.825,2.008,2.160,1.076,34.194,494.759,2.815,0.069113,living
3,D,D3,D3_00308,1.048,1.894,1.590,0.839,15.548,429.645,2.806,0.036189,living
3,D,D3,D3_00309,2.146,1.880,2.266,1.206,19.016,543.992,2.496,0.034956,living
3,D,D3,D3_00310,2.028,1.649,2.063,1.251,38.717,503.342,2.508,0.076919,living
3,D,D3,D3_00311,1.622,1.647,1.844,1.120,49.438,381.302,2.385,0.129654,living
3,D,D3,D3_00312,1.724,1.901,2.043,1.075,68.647,434.667,2.902,0.157930,living
3,D,D3,D3_00313,2.569,2.389,2.795,1.170,69.908,461.974,2.730,0.151324,living
3,D,D3,D3_00314,2.467,2.581,2.847,1.103,122.993,390.966,2.411,0.314588,living
3,D,D3,D3_00315,1.234,2.008,1.776,0.885,42.356,361.493,4.041,0.117170,living
3,D,D3,D3_00316,1.724,2.008,2.099,1.046,83.647,403.353,16.647,0.207379,dead
3,D,D3,D3_00317,2.248,2.277,2.553,1.121,67.008,470.947,2.699,0.142282,living
3,D,D3,D3_00318,1.775,1.538,1.864,1.212,65.676,502.905,2.533,0.130594,living
3,D,D3,D3_00319,1.284,2.008,1.812,0.902,44.579,381.316,43.053,0.116908,dead
3,D,D3,D3_00320,1.876,1.980,2.175,1.098,63.622,476.901,2.514,0.133406,living
3,D,D3,D3_00321,1.910,1.805,2.095,1.161,52.611,516.000,2.637,0.101959,living
3,D,D3,D3_00322,2.451,2.512,2.800,1.115,32.924,459.883,2.400,0.071592,living
3,D,D3,D3_00323,1.065,2.008,1.650,0.822,90.746,309.492,29.730,0.293210,dead
3,D,D3,D3_00324,1.707,2.697,2.421,0.898,73.257,381.782,2.822,0.191883,living
3,D,D3,D3_00325,1.910,2.220,2.324,1.047,85.354,404.372,2.088,0.211078,living
3,D,D3,D3_00326,2.569,2.008,2.563,1.276,71.309,373.513,5.362,0.190915,dead
3,D,D3,D3_00327,1.673,1.533,1.807,1.179,82.000,479.525,2.141,0.171002,living
3,D,D3,D3_00328,1.622,1.745,1.898,1.088,91.375,468.229,2.615,0.195150,living
3,D,D3,D3_00329,1.555,1.477,1.710,1.158,2.098,449.576,2.315,0.004666,living
3,D,D3,D3_00330,1.808,2.100,2.199,1.047,43.439,469.411,2.636,0.092540,living
3,D,D3,D3_00331,1.606,1.717,1.874,1.091,50.347,469.411,2.632,0.107257,living
3,D,D3,D3_00332,2.096,2.015,2.319,1.151,38.411,513.629,2.500,0.074784,living
3,D,D3,D3_00333,2.467,1.956,2.479,1.267,49.644,580.747,2.486,0.085483,living
3,D,D3,D3_00334,1.487,1.495,1.682,1.125,31.625,521.023,2.795,0.060698,living
3,D,D3,D3_00335,1.639,2.562,2.312,0.903,27.680,399.464,2.340,0.069294,living
3,D,D3,D3_00336,2.298,2.915,2.920,1.002,16.015,453.529,2.647,0.035311,living
3,D,D3,D3_00337,2.079,1.889,2.236,1.184,24.236,530.837,2.691,0.045656,living
3,D,D3,D3_00338,2.062,2.121,2.360,1.113,23.508,488.246,2.934,0.048148,living
3,D,D3,D3_00339,1.470,1.592,1.726,1.084,22.759,481.621,2.126,0.047254,living
3,D,D3,D3_00340,1.487,1.694,1.791,1.057,20.886,476.977,2.955,0.043789,living
3,D,D3,D3_00341,1.014,1.712,1.487,0.868,11.900,441.800,2.767,0.026935,living
3,D,D3,D3_00342,1.538,2.981,2.416,0.810,13.121,409.824,2.868,0.032016,living
3,D,D3,D3_00343,2.045,1.699,2.103,1.238,24.264,614.099,2.669,0.039512,living
3,D,D3,D3_00344,0.879,2.008,1.499,0.747,13.962,366.981,4.212,0.038044,living
3,D,D3,D3_00345,1.183,2.078,1.769,0.851,11.800,408.457,2.200,0.028889,living
3,D,D3,D3_00346,1.758,1.873,2.048,1.093,117.231,429.846,2.740,0.272727,living
3,D,D3,D3_00347,2.569,2.094,2.617,1.250,109.750,526.026,2.921,0.208640,living
3,D,D3,D3_00348,2.129,2.089,2.380,1.139,40.897,475.381,2.286,0.086030,living
3,D,D3,D3_00349,2.586,1.837,2.459,1.339,108.843,552.314,2.536,0.197068,living
3,D,D3,D3_00350,2.045,2.178,2.381,1.093,60.198,475.719,2.355,0.126542,living
3,D,D3,D3_00351,1.690,1.668,1.895,1.136,30.490,519.570,2.250,0.058683,living
3,D,D3,D3_00352,2.062,2.412,2.516,1.043,29.352,483.090,2.033,0.060760,living
3,D,D3,D3_00353,2.569,1.978,2.544,1.286,48.711,613.776,2.428,0.079362,living
3,D,D3,D3_00354,1.622,2.008,2.036,1.014,51.667,443.021,24.698,0.116624,dead
3,D,D3,D3_00355,1.775,1.764,1.997,1.132,29.905,528.181,2.124,0.056618,living
3,D,D3,D3_00356,1.352,2.008,1.859,0.926,31.337,445.225,6.850,0.070386,dead
3,D,D3,D3_00357,1.521,2.429,2.169,0.893,20.700,472.444,2.222,0.043815,living
3,D,D3,D3_00358,1.521,1.556,1.736,1.116,25.422,528.256,3.100,0.048125,living
3,D,D3,D3_00359,2.028,2.610,2.596,0.995,20.200,464.358,2.292,0.043501,living
3,D,D3,D3_00360,1.622,1.715,1.882,1.097,18.385,502.375,2.323,0.036597,living
3,D,D3,D3_00361,1.335,2.950,2.239,0.759,15.823,415.975,3.013,0.038038,living
3,D,D3,D3_00362,1.284,1.986,1.802,0.907,12.132,461.382,2.368,0.026294,living
3,D,D3,D3_00363,1.437,2.165,1.990,0.919,33.694,465.647,2.612,0.072360,living
3,D,D3,D3_00364,0.710,2.588,1.530,0.591,29.690,389.476,2.571,0.076232,living
3,D,D3,D3_00365,2.180,1.854,2.268,1.224,89.450,445.140,2.295,0.200947,living
3,D,D3,D3_00366,2.231,2.370,2.595,1.095,51.856,474.932,2.167,0.109186,living
3,D,D3,D3_00367,1.521,2.008,1.972,0.982,47.989,518.256,2.956,0.092597,living
3,D,D3,D3_00368,2.501,1.766,2.371,1.343,76.703,625.784,2.601,0.122571,living
3,D,D3,D3_00369,0.727,2.008,1.363,0.679,33.581,398.302,49.953,0.084311,dead
3,D,D3,D3_00370,2.417,1.634,2.242,1.372,94.888,651.517,2.413,0.145642,living
3,D,D3,D3_00371,1.065,1.576,1.462,0.928,29.127,485.302,2.683,0.060018,living
3,D,D3,D3_00372,1.504,2.008,1.961,0.977,50.124,470.135,23.180,0.106615,dead
3,D,D3,D3_00373,2.096,2.637,2.653,1.006,44.194,471.782,2.960,0.093674,living
3,D,D3,D3_00374,2.282,2.169,2.510,1.157,37.015,560.370,2.504,0.066054,living
3,D,D3,D3_00375,1.437,1.916,1.872,0.977,31.294,515.976,2.165,0.060650,living
3,D,D3,D3_00376,2.096,1.482,1.989,1.342,52.460,750.435,2.226,0.069906,living
3,D,D3,D3_00377,1.639,1.603,1.829,1.141,39.835,564.278,2.485,0.070595,living
3,D,D3,D3_00378,1.707,2.105,2.139,1.016,24.228,536.842,2.069,0.045130,living
3,D,D3,D3_00379,2.552,1.488,2.199,1.478,35.437,600.477,2.384,0.059015,living
3,D,D3,D3_00380,1.825,1.638,1.951,1.191,31.991,634.241,2.583,0.050439,living
3,D,D3,D3_00381,2.045,2.008,2.286,1.139,27.876,522.264,7.620,0.053375,dead
3,D,D3,D3_00382,1.200,2.008,1.752,0.872,11.254,489.042,2.113,0.023011,living
3,D,D3,D3_00383,1.606,1.746,1.890,1.082,16.611,566.653,2.621,0.029313,living
3,D,D3,D3_00384,0.913,2.529,1.715,0.678,69.759,402.815,2.611,0.173179,living
3,D,D3,D3_00385,2.079,1.808,2.188,1.210,103.431,547.114,2.520,0.189048,living
3,D,D3,D3_00386,2.552,3.098,3.173,1.024,122.669,487.351,2.503,0.251705,living
3,D,D3,D3_00387,2.180,1.373,1.952,1.422,145.674,599.682,2.581,0.242919,living
3,D,D3,D3_00388,1.538,2.156,2.055,0.953,37.758,545.495,2.440,0.069218,living
3,D,D3,D3_00389,1.859,1.833,2.083,1.136,77.727,633.064,2.736,0.122780,living
3,D,D3,D3_00390,1.268,1.549,1.581,1.021,31.147,582.267,2.573,0.053492,living
3,D,D3,D3_00391,2.062,2.038,2.313,1.135,72.131,605.566,2.508,0.119114,living
3,D,D3,D3_00392,1.386,1.865,1.814,0.973,26.305,575.378,1.854,0.045718,living
3,D,D3,D3_00393,2.062,2.306,2.461,1.067,41.648,578.590,2.648,0.071981,living
3,D,D3,D3_00394,1.031,2.008,1.623,0.809,36.525,446.902,4.590,0.081728,living
3,D,D3,D3_00395,2.062,2.251,2.431,1.080,27.344,581.311,2.861,0.047039,living
3,D,D3,D3_00396,1.842,1.672,1.980,1.184,28.202,675.138,2.587,0.041772,living
3,D,D3,D3_00397,1.910,1.617,1.983,1.226,31.398,631.115,2.478,0.049750,living
3,D,D3,D3_00398,1.470,1.853,1.862,1.005,28.506,604.977,2.621,0.047119,living
3,D,D3,D3_00399,1.555,1.700,1.835,1.079,24.174,633.533,2.848,0.038157,living
3,D,D3,D3_00400,2.991,1.684,2.532,1.504,14.006,657.220,2.757,0.021310,living
3,D,D3,D3_00401,0.963,1.580,1.392,0.881,20.491,535.386,1.684,0.038274,living
3,D,D3,D3_00402,1.606,1.452,1.723,1.187,67.453,497.653,2.600,0.135542,living
3,D,D3,D3_00403,1.673,1.939,2.032,1.048,79.162,578.667,2.414,0.136800,living
3,D,D3,D3_00404,1.977,2.049,2.271,1.108,141.957,579.376,2.812,0.245017,living
3,D,D3,D3_00405,1.606,2.204,2.123,0.963,95.747,571.432,2.726,0.167557,living
3,D,D3,D3_00406,1.470,2.008,1.938,0.966,128.598,426.115,55.046,0.301791,dead
3,D,D3,D3_00407,1.859,2.379,2.373,0.997,125.273,549.891,2.191,0.227814,living
3,D,D3,D3_00408,1.927,1.635,2.003,1.225,137.833,680.009,2.333,0.202693,living
3,D,D3,D3_00409,2.113,1.594,2.071,1.299,173.392,707.960,2.944,0.244918,living
3,D,D3,D3_00410,1.842,2.629,2.483,0.945,126.633,530.642,2.257,0.238641,living
3,D,D3,D3_00411,1.775,1.569,1.883,1.200,59.981,691.410,2.448,0.086752,living
3,D,D3,D3_00412,1.166,1.649,1.565,0.949,71.870,571.159,2.522,0.125831,living
3,D,D3,D3_00413,1.741,1.718,1.951,1.136,72.728,663.146,2.544,0.109671,living
3,D,D3,D3_00414,1.166,1.537,1.511,0.983,56.449,640.986,2.319,0.088066,living
3,D,D3,D3_00415,1.606,2.064,2.054,0.995,66.389,653.874,2.600,0.101533,living
3,D,D3,D3_00416,1.639,1.873,1.977,1.056,58.505,654.928,2.443,0.089331,living
3,D,D3,D3_00417,1.099,2.416,1.839,0.761,37.846,548.569,2.462,0.068991,living
3,D,D3,D3_00418,1.842,1.720,2.008,1.168,69.202,717.349,2.505,0.096469,living
3,D,D3,D3_00419,0.913,2.082,1.556,0.747,20.352,572.389,2.241,0.035556,living
3,D,D3,D3_00420,2.129,1.619,2.095,1.294,26.579,771.905,2.421,0.034433,living
3,D,D3,D3_00421,1.758,2.278,2.258,0.991,89.635,444.365,2.269,0.201714,living
3,D,D3,D3_00422,1.386,1.684,1.724,1.024,75.524,493.476,2.207,0.153046,living
3,D,D3,D3_00423,1.842,3.177,2.730,0.859,60.780,422.046,2.248,0.144012,living
3,D,D3,D3_00424,2.484,2.008,2.520,1.255,97.680,508.701,2.544,0.192019,living
3,D,D3,D3_00425,2.349,1.547,2.151,1.390,143.086,546.360,2.504,0.261890,living
3,D,D3,D3_00426,1.284,2.008,1.812,0.902,73.026,427.763,2.855,0.170717,living
3,D,D3,D3_00427,1.994,2.167,2.346,1.082,62.297,503.483,2.653,0.123731,living
3,D,D3,D3_00428,2.028,2.460,2.520,1.025,53.958,483.233,2.025,0.111661,living
3,D,D3,D3_00429,1.504,2.008,1.961,0.977,41.034,413.112,3.607,0.099328,living
3,D,D3,D3_00430,1.606,2.008,2.026,1.009,65.968,477.453,17.074,0.138167,dead
3,D,D3,D3_00431,2.079,2.377,2.508,1.055,45.528,482.154,2.480,0.094427,living
3,D,D3,D3_00432,1.149,2.600,1.950,0.750,35.691,443.735,2.691,0.080433,living
3,D,D3,D3_00433,1.791,2.008,2.140,1.066,47.660,515.368,13.566,0.092478,dead
3,D,D3,D3_00434,3.245,2.339,3.109,1.329,43.073,669.214,2.562,0.064363,living
3,D,D3,D3_00435,1.268,1.836,1.722,0.938,28.107,484.027,2.667,0.058068,living
3,D,D3,D3_00436,2.231,1.860,2.299,1.236,30.780,634.258,2.417,0.048530,living
3,D,D3,D3_00437,1.994,2.086,2.301,1.103,26.695,591.720,2.127,0.045114,living
3,D,D3,D3_00438,2.603,1.981,2.562,1.293,30.026,631.039,2.409,0.047582,living
3,D,D3,D3_00439,1.031,1.668,1.480,0.887,13.213,485.705,2.279,0.027204,living
3,D,D3,D3_00440,2.603,2.076,2.623,1.264,19.442,632.578,2.351,0.030734,living
3,D,D3,D3_00441,1.234,2.319,1.909,0.823,14.575,486.808,2.356,0.029941,living
3,D,D3,D3_00442,0.963,3.305,2.013,0.609,8.421,437.754,2.053,0.019237,living
3,D,D3,D3_00443,1.673,1.692,1.898,1.122,130.869,517.293,2.980,0.252988,living
3,D,D3,D3_00444,1.690,2.529,2.333,0.922,105.930,488.640,1.710,0.216785,living
3,D,D3,D3_00445,1.301,1.513,1.583,1.046,82.169,531.571,2.312,0.154577,living
3,D,D3,D3_00446,1.825,1.675,1.973,1.178,87.630,602.037,2.667,0.145555,living
3,D,D3,D3_00447,1.842,1.907,2.115,1.109,123.514,514.165,2.578,0.240222,living
3,D,D3,D3_00448,1.960,2.033,2.252,1.108,131.164,522.569,2.259,0.250998,living
3,D,D3,D3_00449,1.437,2.622,2.190,0.835,117.071,421.247,2.635,0.277914,living
3,D,D3,D3_00450,1.132,1.630,1.533,0.940,70.522,496.925,2.836,0.141917,living
3,D,D3,D3_00451,2.146,1.899,2.278,1.200,105.181,610.189,2.646,0.172375,living
3,D,D3,D3_00452,1.741,2.298,2.257,0.982,41.466,559.563,2.699,0.074104,living
3,D,D3,D3_00453,2.518,2.017,2.543,1.261,122.369,639.013,2.799,0.191497,living
3,D,D3,D3_00454,2.146,2.541,2.635,1.037,72.709,518.913,2.236,0.140117,living
3,D,D3,D3_00455,1.538,1.728,1.840,1.065,95.813,520.330,2.626,0.184139,living
3,D,D3,D3_00456,2.603,2.623,2.948,1.124,67.799,592.357,2.435,0.114456,living
3,D,D3,D3_00457,2.907,1.803,2.583,1.433,45.727,871.599,2.401,0.052463,living
3,D,D3,D3_00458,2.383,1.895,2.398,1.265,73.461,696.773,2.489,0.105430,living
3,D,D3,D3_00459,1.944,1.567,1.969,1.257,52.409,657.365,2.678,0.079725,living
3,D,D3,D3_00460,1.606,1.771,1.903,1.075,33.863,592.000,3.011,0.057201,living
3,D,D3,D3_00461,1.622,3.284,2.604,0.793,15.521,443.573,2.760,0.034990,living
3,D,D3,D3_00462,1.318,2.008,1.835,0.914,34.295,564.846,3.256,0.060715,living
3,D,D3,D3_00463,1.082,2.013,1.665,0.827,19.531,515.984,2.891,0.037852,living
3,D,D3,D3_00464,1.504,1.760,1.836,1.043,27.337,584.427,2.955,0.046776,living
3,D,D3,D3_00465,0.845,2.241,1.553,0.693,18.980,448.800,2.280,0.042291,living
3,D,D3,D3_00466,1.132,2.224,1.790,0.805,15.851,516.328,2.881,0.030699,living
3,D,D3,D3_00467,1.403,2.840,2.252,0.793,19.880,491.735,2.554,0.040427,living
3,D,D3,D3_00468,0.963,1.899,1.526,0.804,17.719,509.404,2.544,0.034784,living
3,D,D3,D3_00469,1.234,2.087,1.811,0.868,9.384,438.575,2.110,0.021396,living
3,D,D3,D3_00470,0.879,2.008,1.499,0.747,99.077,382.442,6.731,0.259064,dead
3,D,D3,D3_00471,1.791,2.008,2.140,1.066,88.311,439.349,2.877,0.201005,living
3,D,D3,D3_00472,2.586,2.533,2.888,1.140,110.078,496.725,2.497,0.221608,living
3,D,D3,D3_00473,1.741,1.642,1.908,1.162,94.243,524.641,2.398,0.179633,living
3,D,D3,D3_00474,1.555,1.606,1.783,1.110,79.620,528.543,2.739,0.150640,living
3,D,D3,D3_00475,1.386,2.291,2.011,0.878,33.378,482.963,2.549,0.069111,living
3,D,D3,D3_00476,2.383,1.908,2.406,1.261,88.525,606.170,2.617,0.146040,living
3,D,D3,D3_00477,2.197,1.760,2.219,1.261,91.800,566.846,2.500,0.161949,living
3,D,D3,D3_00478,1.014,1.768,1.511,0.855,21.717,484.183,2.667,0.044852,living
3,D,D3,D3_00479,2.129,2.033,2.348,1.155,57.310,571.508,2.206,0.100278,living
3,D,D3,D3_00480,2.248,2.644,2.751,1.040,44.008,516.398,2.414,0.085220,living
3,D,D3,D3_00481,1.335,2.008,1.847,0.920,18.557,424.038,4.759,0.043763,living
3,D,D3,D3_00482,1.775,1.988,2.120,1.066,53.248,526.552,2.362,0.101125,living
3,D,D3,D3_00483,1.758,2.332,2.285,0.980,28.404,518.356,2.279,0.054796,living
3,D,D3,D3_00484,1.217,2.302,1.889,0.820,23.500,468.069,1.903,0.050206,living
3,D,D3,D3_00485,1.318,1.691,1.685,0.996,18.679,549.269,2.731,0.034008,living
3,D,D3,D3_00486,3.160,3.989,4.006,1.004,18.663,548.813,2.658,0.034006,living
3,D,D3,D3_00487,1.403,2.369,2.057,0.868,15.518,496.590,2.687,0.031249,living
3,D,D3,D3_00488,1.758,2.008,2.120,1.056,48.500,424.952,2.385,0.114131,living
3,D,D3,D3_00489,1.284,2.008,1.812,0.902,75.618,394.013,2.368,0.191919,living
3,D,D3,D3_00490,2.620,2.008,2.588,1.289,101.361,396.948,2.465,0.255351,living
3,D,D3,D3_00491,0.710,2.008,1.347,0.671,94.381,334.190,2.024,0.282417,living
3,D,D3,D3_00492,1.707,2.008,2.089,1.041,32.495,462.495,2.673,0.070260,living
3,D,D3,D3_00493,1.437,2.008,1.917,0.955,52.635,415.612,2.541,0.126645,living
3,D,D3,D3_00494,2.298,2.008,2.424,1.207,65.324,456.103,2.221,0.143221,living
3,D,D3,D3_00495,2.062,2.008,2.296,1.144,41.811,391.992,2.590,0.106664,living
3,D,D3,D3_00496,2.028,2.008,2.277,1.134,104.067,525.692,2.542,0.197961,living
3,D,D3,D3_00497,2.501,2.008,2.528,1.259,86.777,507.014,2.101,0.171153,living
3,D,D3,D3_00498,2.518,2.008,2.537,1.264,113.168,658.255,2.490,0.171921,living
3,D,D3,D3_00499,2.586,2.008,2.571,1.281,75.163,573.706,2.333,0.131014,living
3,D,D3,D3_00500,1.707,2.008,2.089,1.041,47.455,555.020,2.673,0.085502,living
3,D,D3,D3_00501,2.789,2.008,2.670,1.330,69.800,578.988,2.497,0.120555,living
3,D,D3,D3_00502,1.690,2.008,2.078,1.035,19.800,530.950,2.360,0.037292,living
3,D,D3,D3_00503,1.132,2.008,1.701,0.847,14.776,438.866,2.373,0.033669,living
3,D,D3,D3_00504,2.214,2.008,2.379,1.185,25.244,493.977,2.695,0.051104,living
3,D,D3,D3_00505,1.842,2.008,2.170,1.081,17.083,460.642,2.349,0.037084,living
3,D,D3,D3_00506,0.744,1.635,1.245,0.761,2.977,340.364,2.773,0.008747,living
3,D,D3,D3_00507,1.132,2.205,1.783,0.808,31.343,461.552,2.284,0.067908,living
3,D,D3,D3_00508,1.014,2.008,1.610,0.802,110.933,375.700,4.133,0.295271,living
3,D,D3,D3_00509,1.724,1.794,1.984,1.106,55.480,555.863,2.363,0.099810,living
3,D,D3,D3_00510,2.265,2.047,2.430,1.187,121.119,493.836,2.112,0.245262,living
3,D,D3,D3_00511,1.234,2.623,2.030,0.774,62.986,431.493,2.192,0.145973,living
3,D,D3,D3_00512,1.825,2.008,2.160,1.076,67.648,428.102,4.824,0.158019,living
3,D,D3,D3_00513,1.927,1.709,2.048,1.198,70.807,626.079,2.596,0.113096,living
3,D,D3,D3_00514,2.400,2.008,2.477,1.234,40.486,440.993,69.373,0.091806,dead
3,D,D3,D3_00515,2.248,1.880,2.320,1.234,61.564,643.218,2.541,0.095712,living
3,D,D3,D3_00516,1.893,1.751,2.054,1.173,41.357,591.312,1.848,0.069941,living
3,D,D3,D3_00517,1.437,2.008,1.917,0.955,44.294,441.871,85.341,0.100242,dead
3,D,D3,D3_00518,1.724,1.702,1.933,1.136,32.971,614.725,2.304,0.053635,living
4,C,C4,C4_00001,1.200,2.237,1.849,0.826,91.338,621.718,2.479,0.146912,living
4,C,C4,C4_00002,2.079,1.869,2.224,1.190,128.943,800.537,2.512,0.161071,living
4,C,C4,C4_00003,1.369,1.774,1.758,0.991,82.827,695.037,2.247,0.119169,living
4,C,C4,C4_00004,2.062,1.660,2.088,1.258,48.410,942.828,2.443,0.051345,living
4,C,C4,C4_00005,2.146,1.715,2.165,1.262,101.213,802.843,2.362,0.126068,living
4,C,C4,C4_00006,1.724,1.780,1.977,1.110,50.333,789.941,2.402,0.063718,living
4,C,C4,C4_00007,1.808,2.104,2.201,1.046,93.364,713.869,3.374,0.130787,living
4,C,C4,C4_00008,2.146,2.563,2.646,1.033,2.165,782.134,2.323,0.002769,living
4,C,C4,C4_00009,2.383,2.054,2.496,1.215,53.113,911.780,2.603,0.058253,living
4,C,C4,C4_00010,1.977,1.659,2.044,1.232,50.786,882.803,2.333,0.057528,living
4,C,C4,C4_00011,1.504,2.104,2.007,0.954,16.169,658.607,3.528,0.024550,living
4,C,C4,C4_00012,1.876,1.861,2.108,1.133,26.081,764.045,2.396,0.034136,living
4,C,C4,C4_00013,2.163,2.307,2.521,1.093,22.172,777.711,2.305,0.028509,living
4,C,C4,C4_00014,1.014,2.104,1.648,0.783,28.133,646.733,5.083,0.043501,dead
4,C,C4,C4_00015,3.042,2.809,3.298,1.174,23.667,850.133,2.717,0.027839,living
4,C,C4,C4_00016,2.129,2.793,2.752,0.985,18.087,727.548,2.111,0.024861,living
4,C,C4,C4_00017,1.453,2.104,1.973,0.938,2.895,622.581,3.093,0.004651,living
4,C,C4,C4_00018,1.352,2.863,2.220,0.775,98.713,651.888,2.288,0.151426,living
4,C,C4,C4_00019,0.777,2.631,1.613,0.613,40.674,665.043,2.196,0.061160,living
4,C,C4,C4_00020,2.096,1.761,2.168,1.231,111.508,880.339,2.484,0.126665,living
4,C,C4,C4_00021,1.656,1.952,2.029,1.039,84.724,763.847,2.541,0.110918,living
4,C,C4,C4_00022,1.318,2.555,2.071,0.810,95.474,661.795,2.744,0.144266,living
4,C,C4,C4_00023,2.518,2.197,2.654,1.208,124.597,888.174,2.430,0.140285,living
4,C,C4,C4_00024,2.045,1.743,2.130,1.222,116.909,905.967,2.364,0.129043,living
4,C,C4,C4_00025,1.284,5.562,3.015,0.542,113.776,588.592,2.224,0.193302,living
4,C,C4,C4_00026,1.453,1.743,1.796,1.030,87.081,881.012,2.860,0.098843,living
4,C,C4,C4_00027,1.555,1.614,1.788,1.108,77.772,921.076,2.489,0.084436,living
4,C,C4,C4_00028,2.721,2.227,2.778,1.247,65.416,956.199,2.422,0.068413,living
4,C,C4,C4_00029,2.163,1.853,2.259,1.219,152.688,949.523,2.500,0.160804,living
4,C,C4,C4_00030,2.856,3.109,3.362,1.081,88.663,787.438,2.456,0.112596,living
4,C,C4,C4_00031,1.453,2.104,1.973,0.938,65.767,741.523,4.093,0.088692,living
4,C,C4,C4_00032,2.214,1.737,2.213,1.274,84.076,1041.069,2.748,0.080760,living
4,C,C4,C4_00033,1.775,1.931,2.089,1.082,93.229,867.905,2.429,0.107418,living
4,C,C4,C4_00034,1.707,2.104,2.138,1.016,48.465,799.921,3.416,0.060588,living
4,C,C4,C4_00035,3.363,2.104,3.001,1.427,97.854,934.809,3.020,0.104678,living
4,C,C4,C4_00036,1.217,3.868,2.448,0.633,48.042,659.250,2.431,0.072873,living
4,C,C4,C4_00037,1.403,1.898,1.841,0.970,55.795,839.398,2.506,0.066471,living
4,C,C4,C4_00038,2.822,2.097,2.745,1.309,71.647,1077.485,2.665,0.066494,living
4,C,C4,C4_00039,0.777,1.836,1.348,0.734,2.478,734.783,2.109,0.003373,living
4,C,C4,C4_00040,0.710,2.825,1.598,0.566,17.262,669.095,2.548,0.025799,living
4,C,C4,C4_00041,1.048,2.104,1.676,0.796,17.016,655.371,23.016,0.025964,dead
4,C,C4,C4_00042,1.369,2.154,1.938,0.900,75.864,786.667,3.062,0.096438,living
4,C,C4,C4_00043,1.115,2.104,1.728,0.821,81.833,660.379,6.121,0.123919,dead
4,C,C4,C4_00044,1.910,1.844,2.118,1.148,33.743,654.788,2.336,0.051533,living
4,C,C4,C4_00045,2.417,2.059,2.517,1.223,46.930,1037.874,2.490,0.045217,living
4,C,C4,C4_00046,2.045,1.858,2.200,1.184,46.860,971.893,2.157,0.048215,living
4,C,C4,C4_00047,2.129,1.945,2.296,1.181,122.214,885.111,2.333,0.138078,living
4,C,C4,C4_00048,1.132,2.104,1.741,0.828,121.358,674.881,4.373,0.179822,living
4,C,C4,C4_00049,2.113,1.591,2.069,1.300,112.264,1001.776,2.360,0.112065,living
4,C,C4,C4_00050,2.805,2.006,2.677,1.334,2.928,1209.898,2.735,0.002420,living
4,C,C4,C4_00051,0.676,2.104,1.346,0.640,16.125,651.150,14.175,0.024764,dead
4,C,C4,C4_00052,1.318,2.104,1.879,0.893,47.808,840.782,3.526,0.056861,living
4,C,C4,C4_00053,0.777,1.780,1.327,0.746,9.370,795.957,2.652,0.011771,living
4,C,C4,C4_00054,2.400,1.738,2.305,1.326,59.923,1162.211,2.451,0.051559,living
4,C,C4,C4_00055,1.876,1.865,2.111,1.132,24.928,973.514,2.739,0.025606,living
4,C,C4,C4_00056,1.251,2.768,2.100,0.759,17.149,761.257,2.973,0.022527,living
4,C,C4,C4_00057,0.828,2.104,1.489,0.708,13.367,743.224,6.245,0.017986,dead
4,C,C4,C4_00058,2.924,2.654,3.143,1.184,134.647,951.919,2.231,0.141448,living
4,C,C4,C4_00059,0.930,2.270,1.639,0.722,122.382,751.364,2.964,0.162880,living
4,C,C4,C4_00060,2.248,1.667,2.184,1.310,192.805,1039.594,2.759,0.185461,living
4,C,C4,C4_00061,1.437,1.633,1.729,1.058,97.894,927.059,2.494,0.105596,living
4,C,C4,C4_00062,1.842,2.343,2.344,1.000,14.991,780.312,2.275,0.019211,living
4,C,C4,C4_00063,1.775,1.894,2.069,1.092,98.771,923.029,2.429,0.107008,living
4,C,C4,C4_00064,1.504,2.104,2.007,0.954,140.270,775.067,3.292,0.180977,living
4,C,C4,C4_00065,2.349,1.725,2.271,1.317,173.978,925.043,2.410,0.188076,living
4,C,C4,C4_00066,0.710,2.104,1.379,0.655,25.167,753.405,9.548,0.033404,dead
4,C,C4,C4_00067,1.893,2.468,2.439,0.988,96.152,906.277,2.750,0.106095,living
4,C,C4,C4_00068,1.910,1.548,1.940,1.253,43.965,1201.398,2.336,0.036595,living
4,C,C4,C4_00069,1.707,2.040,2.106,1.032,46.020,971.307,2.554,0.047379,living
4,C,C4,C4_00070,1.369,1.832,1.787,0.975,28.185,934.877,2.198,0.030149,living
4,C,C4,C4_00071,1.690,2.028,2.089,1.030,81.040,994.420,2.720,0.081495,living
4,C,C4,C4_00072,1.301,1.618,1.637,1.012,69.766,955.701,2.468,0.073000,living
4,C,C4,C4_00073,2.045,2.435,2.518,1.034,72.215,986.182,2.636,0.073227,living
4,C,C4,C4_00074,1.352,2.237,1.962,0.877,41.487,864.125,2.625,0.048011,living
4,C,C4,C4_00075,0.980,2.991,1.932,0.646,23.517,771.724,3.086,0.030474,living
4,C,C4,C4_00076,1.453,2.104,1.973,0.938,91.163,610.767,2.988,0.149259,living
4,C,C4,C4_00077,1.352,2.104,1.903,0.905,60.388,691.500,3.388,0.087328,living
4,C,C4,C4_00078,2.653,2.088,2.656,1.272,82.350,911.369,2.293,0.090359,living
4,C,C4,C4_00079,2.079,1.980,2.289,1.156,81.439,851.984,2.805,0.095588,living
4,C,C4,C4_00080,1.910,2.077,2.247,1.082,123.858,751.549,2.345,0.164804,living
4,C,C4,C4_00081,1.656,1.654,1.867,1.129,147.684,775.531,2.296,0.190429,living
4,C,C4,C4_00082,2.434,2.123,2.565,1.208,99.410,879.340,2.556,0.113050,living
4,C,C4,C4_00083,2.045,1.509,1.982,1.314,135.744,947.182,2.264,0.143313,living
4,C,C4,C4_00084,1.656,2.044,2.076,1.016,36.888,678.276,2.296,0.054385,living
4,C,C4,C4_00085,1.268,2.104,1.843,0.876,27.227,647.400,3.453,0.042055,living
4,C,C4,C4_00086,2.586,2.266,2.731,1.205,104.242,914.562,2.458,0.113980,living
4,C,C4,C4_00087,1.521,2.104,2.019,0.959,54.800,616.200,5.311,0.088932,dead
4,C,C4,C4_00088,2.011,2.104,2.321,1.103,119.437,714.025,2.824,0.167273,living
4,C,C4,C4_00089,2.738,3.881,3.678,0.948,2.691,731.938,2.648,0.003677,living
4,C,C4,C4_00090,3.076,1.985,2.788,1.405,2.599,768.341,2.505,0.003382,living
4,C,C4,C4_00091,1.183,2.104,1.780,0.846,66.714,702.343,6.429,0.094988,dead
4,C,C4,C4_00092,1.927,2.304,2.378,1.032,94.886,773.693,2.254,0.122640,living
4,C,C4,C4_00093,1.977,1.302,1.810,1.390,2.650,798.470,2.419,0.003318,living
4,C,C4,C4_00094,1.099,2.104,1.716,0.816,29.969,669.908,12.569,0.044736,dead
4,C,C4,C4_00095,0.997,1.758,1.494,0.850,63.051,688.237,3.288,0.091612,living
4,C,C4,C4_00096,2.467,2.104,2.571,1.222,72.699,783.904,3.000,0.092739,living
4,C,C4,C4_00097,1.842,1.778,2.042,1.149,53.569,848.661,2.670,0.063122,living
4,C,C4,C4_00098,2.434,4.215,3.614,0.857,38.910,703.549,2.382,0.055305,living
4,C,C4,C4_00099,2.924,1.476,2.344,1.588,45.780,835.590,2.595,0.054788,living
4,C,C4,C4_00100,1.352,1.834,1.777,0.969,22.438,816.587,2.300,0.027477,living
4,C,C4,C4_00101,2.146,2.009,2.343,1.166,33.811,960.827,2.984,0.035190,living
4,C,C4,C4_00102,2.265,2.611,2.744,1.051,16.351,780.590,2.328,0.020947,living
4,C,C4,C4_00103,1.791,1.929,2.097,1.087,45.104,825.123,2.387,0.054663,living
4,C,C4,C4_00104,0.913,2.104,1.564,0.743,54.778,679.074,4.907,0.080665,living
4,C,C4,C4_00105,2.856,2.104,2.766,1.315,88.858,675.923,21.385,0.131462,dead
4,C,C4,C4_00106,1.791,2.269,2.275,1.003,74.113,754.726,1.962,0.098199,living
4,C,C4,C4_00107,1.707,1.803,1.980,1.098,110.149,888.158,2.337,0.124019,living
4,C,C4,C4_00108,0.845,2.104,1.505,0.715,80.340,741.420,18.340,0.108360,dead
4,C,C4,C4_00109,1.166,1.625,1.553,0.956,61.899,813.928,2.203,0.076049,living
4,C,C4,C4_00110,1.910,1.845,2.118,1.148,131.327,851.637,2.407,0.154206,living
4,C,C4,C4_00111,1.825,2.193,2.257,1.029,91.889,794.981,2.593,0.115586,living
4,C,C4,C4_00112,0.761,1.807,1.323,0.732,42.022,711.267,3.156,0.059081,living
4,C,C4,C4_00113,1.335,2.104,1.891,0.899,55.063,625.810,27.443,0.087987,dead
4,C,C4,C4_00114,2.248,1.791,2.264,1.264,79.872,1007.000,2.346,0.079317,living
4,C,C4,C4_00115,1.994,1.551,1.984,1.279,84.068,1044.059,2.458,0.080520,living
4,C,C4,C4_00116,1.606,2.297,2.167,0.944,84.326,757.779,3.063,0.111281,living
4,C,C4,C4_00117,1.791,2.462,2.369,0.962,59.604,764.179,2.774,0.077997,living
4,C,C4,C4_00118,1.217,1.944,1.736,0.893,52.208,796.986,2.333,0.065507,living
4,C,C4,C4_00119,0.997,2.104,1.634,0.777,31.831,662.695,4.864,0.048032,living
4,C,C4,C4_00120,1.775,1.736,1.981,1.141,60.448,945.429,2.648,0.063937,living
4,C,C4,C4_00121,3.296,2.781,3.416,1.228,55.733,952.195,2.303,0.058531,living
4,C,C4,C4_00122,1.031,1.795,1.535,0.855,49.328,815.426,2.836,0.060493,living
4,C,C4,C4_00123,1.420,1.840,1.824,0.991,30.845,851.583,2.548,0.036221,living
4,C,C4,C4_00124,1.352,1.999,1.855,0.928,22.137,823.925,2.950,0.026868,living
4,C,C4,C4_00125,1.420,1.982,1.893,0.955,18.679,804.607,2.429,0.023215,living
4,C,C4,C4_00126,2.028,2.092,2.324,1.111,22.192,878.083,2.308,0.025273,living
4,C,C4,C4_00127,1.876,2.487,2.437,0.980,20.748,815.045,2.685,0.025456,living
4,C,C4,C4_00128,2.045,2.413,2.507,1.039,18.190,767.636,2.025,0.023696,living
4,C,C4,C4_00129,1.099,2.530,1.882,0.744,20.892,598.062,2.031,0.034933,living
4,C,C4,C4_00130,2.079,1.964,2.280,1.161,79.301,807.512,2.683,0.098204,living
4,C,C4,C4_00131,1.842,1.758,2.031,1.155,99.477,796.073,2.459,0.124960,living
4,C,C4,C4_00132,1.859,2.456,2.411,0.982,63.255,660.836,2.264,0.095719,living
4,C,C4,C4_00133,2.467,2.160,2.605,1.206,117.555,770.486,2.363,0.152572,living
4,C,C4,C4_00134,2.383,1.853,2.371,1.280,50.475,849.780,2.191,0.059398,living
4,C,C4,C4_00135,1.132,2.104,1.741,0.828,99.090,596.806,43.075,0.166033,dead
4,C,C4,C4_00136,1.082,2.104,1.702,0.809,21.500,587.844,3.688,0.036574,living
4,C,C4,C4_00137,2.907,2.001,2.721,1.360,179.831,960.140,2.733,0.187297,living
4,C,C4,C4_00138,2.062,1.941,2.257,1.163,117.582,761.926,2.311,0.154322,living
4,C,C4,C4_00139,2.569,3.041,3.154,1.037,43.895,781.408,2.303,0.056174,living
4,C,C4,C4_00140,1.994,2.062,2.288,1.110,32.347,821.398,2.331,0.039381,living
4,C,C4,C4_00141,1.724,2.714,2.441,0.899,2.510,681.775,2.353,0.003681,living
4,C,C4,C4_00142,1.301,2.031,1.834,0.903,3.299,731.935,2.675,0.004507,living
4,C,C4,C4_00143,2.231,1.414,2.004,1.417,2.409,784.364,2.674,0.003071,living
4,C,C4,C4_00144,1.741,1.389,1.755,1.263,73.786,910.515,2.544,0.081038,living
4,C,C4,C4_00145,1.437,1.600,1.711,1.069,54.012,781.635,2.082,0.069101,living
4,C,C4,C4_00146,1.622,2.007,2.036,1.014,25.135,750.073,2.250,0.033511,living
4,C,C4,C4_00147,1.690,2.967,2.527,0.852,2.360,668.470,2.130,0.003530,living
4,C,C4,C4_00148,1.555,1.333,1.625,1.219,39.185,806.272,2.717,0.048600,living
4,C,C4,C4_00149,1.217,4.949,2.769,0.560,11.542,570.542,3.125,0.020229,living
4,C,C4,C4_00150,1.622,1.950,2.007,1.029,13.438,784.365,2.302,0.017132,living
4,C,C4,C4_00151,1.572,1.708,1.849,1.083,19.839,806.473,1.849,0.024599,living
4,C,C4,C4_00152,1.622,2.104,2.084,0.991,106.438,909.094,2.573,0.117081,living
4,C,C4,C4_00153,1.301,2.104,1.867,0.887,108.714,721.896,2.416,0.150595,living
4,C,C4,C4_00154,1.014,2.104,1.648,0.783,67.950,696.067,2.033,0.097620,living
4,C,C4,C4_00155,2.873,2.104,2.774,1.319,167.847,1233.876,2.382,0.136032,living
4,C,C4,C4_00156,1.132,2.104,1.741,0.828,146.119,765.507,2.761,0.190879,living
4,C,C4,C4_00157,2.146,2.104,2.398,1.140,101.394,1204.559,2.472,0.084175,living
4,C,C4,C4_00158,1.504,2.104,2.007,0.954,11.292,761.225,2.416,0.014834,living
4,C,C4,C4_00159,2.603,2.104,2.641,1.255,49.000,735.779,2.617,0.066596,living
4,C,C4,C4_00160,1.082,2.104,1.702,0.809,49.297,752.266,2.234,0.065531,living
4,C,C4,C4_00161,0.744,2.104,1.412,0.671,39.795,809.909,2.386,0.049136,living
4,C,C4,C4_00162,1.386,2.104,1.927,0.916,39.488,940.695,2.366,0.041977,living
4,C,C4,C4_00163,0.930,2.104,1.578,0.750,15.655,786.545,2.382,0.019903,living
4,C,C4,C4_00164,2.704,2.104,2.691,1.279,14.369,698.875,2.638,0.020560,living
4,C,C4,C4_00165,1.606,2.104,2.074,0.986,17.484,903.358,3.316,0.019355,living
4,C,C4,C4_00166,1.065,1.891,1.601,0.847,18.254,891.905,2.286,0.020466,living
4,C,C4,C4_00167,2.400,2.391,2.703,1.131,117.183,821.458,2.099,0.142653,living
4,C,C4,C4_00168,1.437,1.453,1.630,1.122,76.953,916.682,2.518,0.083947,living
4,C,C4,C4_00169,1.673,2.104,2.117,1.006,76.253,677.010,5.141,0.112631,dead
4,C,C4,C4_00170,1.589,1.910,1.966,1.029,89.723,762.777,2.479,0.117627,living
4,C,C4,C4_00171,0.879,1.729,1.391,0.805,43.096,725.846,2.192,0.059374,living
4,C,C4,C4_00172,2.805,2.361,2.904,1.230,98.066,839.096,2.392,0.116871,living
4,C,C4,C4_00173,1.758,2.087,2.161,1.036,105.587,765.481,2.337,0.137935,living
4,C,C4,C4_00174,2.451,1.415,2.101,1.485,3.007,680.214,2.186,0.004421,living
4,C,C4,C4_00175,1.369,2.153,1.937,0.900,44.481,758.815,2.519,0.058620,living
4,C,C4,C4_00176,1.707,2.014,2.092,1.039,116.139,733.455,2.238,0.158344,living
4,C,C4,C4_00177,0.879,1.971,1.485,0.754,31.788,718.558,2.808,0.044239,living
4,C,C4,C4_00178,2.062,1.640,2.075,1.265,137.926,927.934,2.238,0.148638,living
4,C,C4,C4_00179,1.606,2.104,2.074,0.986,82.147,677.989,9.063,0.121163,dead
4,C,C4,C4_00180,1.741,1.664,1.921,1.154,112.660,877.660,2.340,0.128364,living
4,C,C4,C4_00181,1.808,1.968,2.128,1.082,29.850,628.477,2.271,0.047497,living
4,C,C4,C4_00182,1.690,1.785,1.960,1.098,81.270,897.150,2.610,0.090587,living
4,C,C4,C4_00183,2.265,1.684,2.204,1.309,85.007,1001.142,2.604,0.084911,living
4,C,C4,C4_00184,1.825,2.269,2.296,1.012,70.444,749.991,2.231,0.093927,living
4,C,C4,C4_00185,3.211,1.519,2.492,1.641,147.332,860.642,2.574,0.171188,living
4,C,C4,C4_00186,1.791,2.104,2.190,1.041,65.868,782.311,8.519,0.084197,dead
4,C,C4,C4_00187,2.231,1.771,2.243,1.266,132.030,1014.598,3.091,0.130131,living
4,C,C4,C4_00188,2.113,1.797,2.199,1.224,105.112,937.184,2.520,0.112157,living
4,C,C4,C4_00189,2.518,1.732,2.356,1.361,85.456,1173.275,2.302,0.072836,living
4,C,C4,C4_00190,1.825,1.521,1.880,1.236,106.306,1001.972,2.685,0.106096,living
4,C,C4,C4_00191,2.366,1.635,2.219,1.357,94.036,1143.843,2.329,0.082210,living
4,C,C4,C4_00192,3.008,2.639,3.179,1.205,86.483,959.522,2.360,0.090131,living
4,C,C4,C4_00193,2.417,2.104,2.545,1.209,65.608,790.336,3.846,0.083013,living
4,C,C4,C4_00194,2.129,1.736,2.169,1.250,64.008,958.087,2.476,0.066808,living
4,C,C4,C4_00195,2.113,1.957,2.295,1.172,78.168,919.392,2.512,0.085021,living
4,C,C4,C4_00196,3.279,1.771,2.719,1.535,99.041,1228.412,2.206,0.080625,living
4,C,C4,C4_00197,1.707,2.592,2.374,0.916,21.901,746.792,2.921,0.029327,living
4,C,C4,C4_00198,1.115,1.619,1.516,0.936,27.970,851.803,2.864,0.032836,living
4,C,C4,C4_00199,1.065,1.629,1.486,0.912,30.984,831.127,2.937,0.037280,living
4,C,C4,C4_00200,1.960,1.906,2.181,1.144,48.750,884.379,2.440,0.055123,living
4,C,C4,C4_00201,0.896,2.104,1.549,0.736,21.698,709.377,9.415,0.030588,dead
4,C,C4,C4_00202,1.268,1.770,1.690,0.955,2.653,798.747,1.827,0.003322,living
4,C,C4,C4_00203,2.197,4.382,3.501,0.799,20.977,721.446,2.277,0.029076,living
4,C,C4,C4_00204,3.076,2.924,3.384,1.157,24.577,841.159,2.813,0.029218,living
4,C,C4,C4_00205,1.758,2.438,2.336,0.958,15.529,818.971,2.587,0.018961,living
4,C,C4,C4_00206,1.268,2.035,1.813,0.891,11.533,752.707,2.280,0.015322,living
4,C,C4,C4_00207,0.845,1.748,1.371,0.785,11.260,633.320,2.260,0.017779,living
4,C,C4,C4_00208,0.845,2.618,1.678,0.641,57.340,619.620,3.040,0.092541,living
4,C,C4,C4_00209,0.744,2.280,1.470,0.645,30.068,606.250,2.250,0.049597,living
4,C,C4,C4_00210,1.960,1.874,2.163,1.154,35.345,835.319,2.267,0.042313,living
4,C,C4,C4_00211,1.622,1.798,1.927,1.072,115.052,792.031,2.198,0.145262,living
4,C,C4,C4_00212,0.879,2.104,1.534,0.729,71.462,628.365,5.750,0.113726,dead
4,C,C4,C4_00213,2.451,1.540,2.192,1.424,112.345,872.614,2.428,0.128745,living
4,C,C4,C4_00214,1.453,2.211,2.022,0.915,98.058,685.686,2.698,0.143007,living
4,C,C4,C4_00215,2.096,1.944,2.278,1.172,143.234,844.403,2.202,0.169627,living
4,C,C4,C4_00216,2.282,2.104,2.472,1.175,60.630,807.948,2.867,0.075041,living
4,C,C4,C4_00217,1.690,2.634,2.381,0.904,89.530,709.560,2.460,0.126177,living
4,C,C4,C4_00218,2.298,1.961,2.395,1.221,137.625,890.993,2.412,0.154463,living
4,C,C4,C4_00219,2.822,1.625,2.416,1.487,189.527,1207.156,2.641,0.157003,living
4,C,C4,C4_00220,2.383,2.684,2.854,1.063,2.489,588.957,2.745,0.004227,living
4,C,C4,C4_00221,2.062,2.104,2.350,1.117,112.410,791.787,2.607,0.141970,living
4,C,C4,C4_00222,1.944,2.273,2.372,1.044,114.983,751.713,2.174,0.152961,living
4,C,C4,C4_00223,2.974,2.372,2.997,1.263,133.847,914.295,2.597,0.146393,living
4,C,C4,C4_00224,2.535,2.292,2.720,1.187,83.767,875.707,2.647,0.095656,living
4,C,C4,C4_00225,0.913,1.824,1.456,0.798,74.241,688.741,3.167,0.107792,living
4,C,C4,C4_00226,2.552,2.208,2.679,1.213,97.901,947.967,2.695,0.103274,living
4,C,C4,C4_00227,1.977,2.092,2.295,1.097,31.470,809.803,2.991,0.038861,living
4,C,C4,C4_00228,1.453,2.104,1.973,0.938,48.953,677.570,3.070,0.072249,living
4,C,C4,C4_00229,2.214,2.678,2.748,1.026,70.099,773.779,2.374,0.090593,living
4,C,C4,C4_00230,1.521,1.688,1.808,1.071,19.689,827.478,2.500,0.023794,living
4,C,C4,C4_00231,1.910,2.401,2.416,1.006,45.186,747.602,2.566,0.060441,living
4,C,C4,C4_00232,1.335,1.606,1.652,1.029,37.962,884.430,2.316,0.042923,living
4,C,C4,C4_00233,2.011,2.610,2.585,0.990,14.319,804.706,2.286,0.017794,living
4,C,C4,C4_00234,1.639,1.703,1.885,1.107,50.134,929.990,2.258,0.053908,living
4,C,C4,C4_00235,2.890,2.104,2.782,1.322,26.433,761.316,3.760,0.034720,living
4,C,C4,C4_00236,1.065,3.193,2.081,0.652,11.000,666.476,2.556,0.016505,living
4,C,C4,C4_00237,1.521,1.705,1.817,1.066,18.900,867.422,1.911,0.021789,living
4,C,C4,C4_00238,1.048,2.104,1.676,0.796,7.097,603.629,12.839,0.011757,dead
4,C,C4,C4_00239,1.132,3.035,2.091,0.689,11.925,733.493,2.284,0.016258,living
4,C,C4,C4_00240,1.606,1.726,1.879,1.088,134.537,799.537,2.337,0.168268,living
4,C,C4,C4_00241,1.470,1.520,1.687,1.110,152.218,869.402,2.287,0.175084,living
4,C,C4,C4_00242,1.386,2.372,2.046,0.863,2.939,670.793,2.439,0.004381,living
4,C,C4,C4_00243,1.369,2.096,1.911,0.912,55.296,770.716,2.704,0.071747,living
4,C,C4,C4_00244,2.180,1.821,2.248,1.235,94.667,986.457,2.240,0.095966,living
4,C,C4,C4_00245,2.417,2.069,2.523,1.220,160.021,948.014,2.322,0.168796,living
4,C,C4,C4_00246,1.622,2.104,2.084,0.991,72.375,750.865,3.990,0.096389,living
4,C,C4,C4_00247,2.907,1.794,2.577,1.436,207.826,1236.215,2.657,0.168114,living
4,C,C4,C4_00248,1.099,4.387,2.478,0.565,18.615,629.508,2.862,0.029571,living
4,C,C4,C4_00249,1.572,1.709,1.849,1.082,116.312,851.204,2.559,0.136644,living
4,C,C4,C4_00250,1.268,1.721,1.667,0.969,126.013,776.640,2.653,0.162254,living
4,C,C4,C4_00251,2.146,1.614,2.100,1.301,164.213,1100.724,2.047,0.149186,living
4,C,C4,C4_00252,0.879,1.993,1.493,0.749,26.365,749.635,2.654,0.035171,living
4,C,C4,C4_00253,1.487,1.590,1.735,1.091,83.295,904.511,2.795,0.092089,living
4,C,C4,C4_00254,3.025,2.680,3.213,1.199,97.927,962.877,2.246,0.101703,living
4,C,C4,C4_00255,1.994,2.449,2.494,1.018,33.263,839.669,2.407,0.039614,living
4,C,C4,C4_00256,1.927,1.753,2.074,1.183,72.684,931.553,2.649,0.078025,living
4,C,C4,C4_00257,1.589,2.207,2.113,0.957,15.011,861.745,2.691,0.017419,living
4,C,C4,C4_00258,1.335,2.104,1.891,0.899,16.152,784.949,6.380,0.020577,dead
4,C,C4,C4_00259,1.538,2.155,2.054,0.953,21.374,848.330,2.198,0.025195,living
4,C,C4,C4_00260,1.690,2.104,2.128,1.011,15.850,727.490,3.960,0.021787,living
4,C,C4,C4_00261,2.113,2.016,2.329,1.155,37.200,984.024,2.224,0.037804,living
4,C,C4,C4_00262,1.893,2.104,2.252,1.070,16.661,674.375,3.911,0.024705,living
4,C,C4,C4_00263,1.437,2.258,2.033,0.900,13.035,807.518,2.565,0.016142,living
4,C,C4,C4_00264,2.315,2.104,2.490,1.184,17.701,762.854,2.657,0.023203,living
4,C,C4,C4_00265,0.896,1.963,1.496,0.762,12.226,759.189,2.151,0.016105,living
4,C,C4,C4_00266,2.653,1.993,2.595,1.302,66.541,815.395,2.146,0.081606,living
4,C,C4,C4_00267,1.521,1.675,1.801,1.075,51.289,814.311,2.333,0.062984,living
4,C,C4,C4_00268,2.180,2.162,2.450,1.133,112.946,792.798,2.504,0.142465,living
4,C,C4,C4_00269,0.862,2.659,1.708,0.642,70.392,584.647,2.667,0.120401,living
4,C,C4,C4_00270,1.639,2.786,2.411,0.865,79.928,656.588,1.979,0.121732,living
4,C,C4,C4_00271,1.639,1.765,1.919,1.087,48.515,824.670,2.454,0.058830,living
4,C,C4,C4_00272,2.248,2.374,2.607,1.098,84.947,789.406,2.203,0.107609,living
4,C,C4,C4_00273,2.366,1.827,2.346,1.284,51.586,1000.286,2.643,0.051571,living
4,C,C4,C4_00274,2.197,2.070,2.406,1.162,90.738,881.777,2.538,0.102904,living
4,C,C4,C4_00275,1.099,2.104,1.716,0.816,93.200,604.108,12.092,0.154277,dead
4,C,C4,C4_00276,2.890,2.104,2.782,1.322,42.754,881.018,12.123,0.048528,dead
4,C,C4,C4_00277,3.059,1.603,2.499,1.559,146.387,1419.287,2.663,0.103141,living
4,C,C4,C4_00278,2.383,2.167,2.564,1.183,115.603,788.660,2.404,0.146581,living
4,C,C4,C4_00279,3.363,2.527,3.289,1.302,61.402,944.080,2.367,0.065039,living
4,C,C4,C4_00280,1.589,1.521,1.754,1.153,94.830,845.160,2.830,0.112203,living
4,C,C4,C4_00281,1.268,2.104,1.843,0.876,29.507,675.747,5.680,0.043665,dead
4,C,C4,C4_00282,2.197,2.199,2.480,1.128,24.146,843.277,2.708,0.028634,living
4,C,C4,C4_00283,2.265,2.104,2.463,1.171,68.724,693.157,54.448,0.099146,dead
4,C,C4,C4_00284,2.265,1.628,2.167,1.331,51.522,976.619,2.634,0.052756,living
4,C,C4,C4_00285,1.132,2.104,1.741,0.828,16.537,643.806,7.164,0.025687,dead
4,C,C4,C4_00286,1.842,2.282,2.313,1.014,51.927,778.771,1.936,0.066678,living
4,C,C4,C4_00287,2.620,2.831,3.073,1.086,75.994,806.155,2.542,0.094267,living
4,C,C4,C4_00288,0.963,1.669,1.431,0.857,32.035,744.579,3.456,0.043024,living
4,C,C4,C4_00289,2.451,2.448,2.764,1.129,57.303,843.779,2.276,0.067913,living
4,C,C4,C4_00290,1.386,2.104,1.927,0.916,29.902,669.085,4.841,0.044692,living
4,C,C4,C4_00291,0.963,2.652,1.803,0.680,22.123,696.912,3.053,0.031744,living
4,C,C4,C4_00292,1.284,1.616,1.625,1.006,32.421,787.645,2.579,0.041162,living
4,C,C4,C4_00293,1.791,1.644,1.936,1.178,33.840,901.264,2.670,0.037547,living
4,C,C4,C4_00294,1.420,2.503,2.127,0.850,2.607,811.869,2.298,0.003211,living
4,C,C4,C4_00295,1.690,2.883,2.491,0.864,34.410,702.770,2.600,0.048963,living
4,C,C4,C4_00296,2.146,1.547,2.056,1.329,15.150,872.118,2.606,0.017371,living
4,C,C4,C4_00297,1.453,2.104,1.973,0.938,22.814,640.779,20.209,0.035603,dead
4,C,C4,C4_00298,1.251,2.013,1.791,0.890,10.432,718.689,2.878,0.014516,living
4,C,C4,C4_00299,1.572,1.872,1.936,1.034,26.505,784.828,2.634,0.033772,living
4,C,C4,C4_00300,3.160,3.023,3.488,1.154,107.075,734.492,2.428,0.145781,living
4,C,C4,C4_00301,1.589,2.310,2.162,0.936,112.415,678.936,2.372,0.165575,living
4,C,C4,C4_00302,2.417,2.474,2.759,1.115,58.014,802.846,2.392,0.072260,living
4,C,C4,C4_00303,1.538,1.917,1.938,1.011,79.560,757.407,2.703,0.105043,living
4,C,C4,C4_00304,1.741,1.925,2.066,1.073,52.864,809.223,2.786,0.065327,living
4,C,C4,C4_00305,2.620,1.603,2.312,1.443,67.832,759.329,2.632,0.089332,living
4,C,C4,C4_00306,1.960,2.104,2.291,1.089,111.078,682.500,3.181,0.162751,living
4,C,C4,C4_00307,1.960,1.604,2.001,1.247,59.638,973.681,2.578,0.061250,living
4,C,C4,C4_00308,1.960,2.104,2.291,1.089,139.595,731.207,6.216,0.190910,dead
4,C,C4,C4_00309,1.606,2.104,2.074,0.986,29.189,679.421,3.158,0.042962,living
4,C,C4,C4_00310,1.470,1.739,1.804,1.037,94.598,869.736,2.678,0.108766,living
4,C,C4,C4_00311,1.994,2.104,2.311,1.099,69.059,709.729,3.212,0.097304,living
4,C,C4,C4_00312,1.369,1.683,1.713,1.018,117.321,750.901,2.420,0.156240,living
4,C,C4,C4_00313,3.008,1.974,2.750,1.393,133.534,1026.034,2.551,0.130146,living
4,C,C4,C4_00314,1.910,1.865,2.130,1.142,34.204,900.159,2.531,0.037997,living
4,C,C4,C4_00315,1.437,1.973,1.900,0.963,43.341,737.188,2.612,0.058793,living
4,C,C4,C4_00316,2.011,1.696,2.084,1.229,69.782,932.899,2.992,0.074801,living
4,C,C4,C4_00317,1.301,1.758,1.706,0.971,44.974,848.974,2.714,0.052975,living
4,C,C4,C4_00318,1.690,2.176,2.164,0.994,33.810,800.050,2.180,0.042260,living
4,C,C4,C4_00319,2.129,2.326,2.511,1.080,28.524,795.444,2.627,0.035859,living
4,C,C4,C4_00320,1.437,1.777,1.803,1.015,2.518,756.176,2.153,0.003329,living
4,C,C4,C4_00321,2.755,2.384,2.892,1.213,37.589,952.331,2.595,0.039470,living
4,C,C4,C4_00322,1.369,1.640,1.691,1.031,31.716,869.654,1.938,0.036470,living
4,C,C4,C4_00323,1.268,1.658,1.636,0.987,14.867,813.493,2.867,0.018275,living
4,C,C4,C4_00324,0.980,2.104,1.620,0.770,31.207,612.655,5.034,0.050937,dead
4,C,C4,C4_00325,2.011,1.740,2.111,1.213,126.622,848.353,2.630,0.149256,living
4,C,C4,C4_00326,0.727,2.104,1.396,0.663,94.163,534.953,125.419,0.176021,dead
4,C,C4,C4_00327,1.183,1.607,1.556,0.968,128.029,653.100,2.657,0.196032,living
4,C,C4,C4_00328,1.200,1.523,1.525,1.002,115.338,732.282,2.831,0.157505,living
4,C,C4,C4_00329,2.484,2.154,2.610,1.212,140.143,764.367,2.599,0.183345,living
4,C,C4,C4_00330,2.366,2.104,2.518,1.197,151.043,849.750,9.457,0.177750,dead
4,C,C4,C4_00331,1.758,2.104,2.170,1.031,87.721,615.846,3.587,0.142440,living
4,C,C4,C4_00332,2.586,2.070,2.611,1.261,80.431,761.882,2.190,0.105569,living
4,C,C4,C4_00333,1.656,2.104,2.106,1.001,62.204,722.929,6.847,0.086045,dead
4,C,C4,C4_00334,1.369,1.703,1.723,1.012,87.815,779.296,2.765,0.112685,living
4,C,C4,C4_00335,1.639,2.104,2.095,0.996,102.165,734.990,4.237,0.139002,living
4,C,C4,C4_00336,1.808,2.104,2.201,1.046,53.355,685.206,24.224,0.077867,dead
4,C,C4,C4_00337,1.842,2.043,2.189,1.071,31.046,815.138,2.358,0.038087,living
4,C,C4,C4_00338,1.268,2.067,1.827,0.884,32.507,748.093,2.787,0.043453,living
4,C,C4,C4_00339,2.400,2.121,2.546,1.200,61.549,928.704,2.521,0.066274,living
4,C,C4,C4_00340,2.062,2.104,2.350,1.117,48.598,716.344,5.820,0.067842,dead
4,C,C4,C4_00341,2.248,1.956,2.366,1.210,60.932,963.932,2.872,0.063212,living
4,C,C4,C4_00342,2.180,3.003,2.887,0.961,50.333,743.798,2.915,0.067671,living
4,C,C4,C4_00343,1.910,2.104,2.262,1.075,29.177,664.841,5.531,0.043886,dead
4,C,C4,C4_00344,1.842,1.920,2.122,1.105,23.248,872.761,2.505,0.026637,living
4,C,C4,C4_00345,2.282,2.418,2.651,1.096,18.393,831.274,2.400,0.022126,living
4,C,C4,C4_00346,1.673,1.804,1.960,1.087,17.434,843.101,2.212,0.020679,living
4,C,C4,C4_00347,2.163,2.724,2.739,1.005,25.117,748.016,2.516,0.033578,living
4,C,C4,C4_00348,1.555,1.940,1.960,1.010,14.717,814.500,2.446,0.018069,living
4,C,C4,C4_00349,1.014,2.415,1.766,0.731,76.933,590.933,2.917,0.130190,living
4,C,C4,C4_00350,1.589,1.898,1.960,1.032,68.840,736.819,2.117,0.093429,living
4,C,C4,C4_00351,0.777,1.831,1.346,0.735,74.087,639.565,2.891,0.115840,living
4,C,C4,C4_00352,2.113,1.707,2.143,1.255,135.224,935.112,2.592,0.144607,living
4,C,C4,C4_00353,3.025,2.397,3.038,1.268,61.235,799.000,2.693,0.076639,living
4,C,C4,C4_00354,1.876,2.084,2.231,1.071,70.919,665.820,3.108,0.106514,living
4,C,C4,C4_00355,2.231,2.104,2.445,1.162,64.924,611.045,2.667,0.106251,living
4,C,C4,C4_00356,2.603,1.663,2.348,1.412,146.857,871.104,2.877,0.168587,living
4,C,C4,C4_00357,2.383,2.104,2.527,1.201,113.511,668.887,2.582,0.169701,living
4,C,C4,C4_00358,1.386,1.714,1.739,1.015,71.951,731.427,2.585,0.098371,living
4,C,C4,C4_00359,2.603,2.104,2.641,1.255,127.331,820.532,11.481,0.155181,dead
4,C,C4,C4_00360,1.808,2.247,2.274,1.012,100.664,728.869,2.682,0.138109,living
4,C,C4,C4_00361,1.910,1.794,2.089,1.164,112.363,862.177,2.283,0.130325,living
4,C,C4,C4_00362,1.453,1.872,1.861,0.994,54.872,697.151,2.884,0.078709,living
4,C,C4,C4_00363,0.946,3.034,1.912,0.630,34.589,615.446,2.446,0.056202,living
4,C,C4,C4_00364,1.690,2.354,2.251,0.956,36.020,731.170,2.260,0.049264,living
4,C,C4,C4_00365,1.622,2.335,2.196,0.940,29.792,708.969,2.510,0.042021,living
4,C,C4,C4_00366,0.828,1.874,1.406,0.750,24.020,738.918,2.082,0.032508,living
4,C,C4,C4_00367,2.856,2.570,3.057,1.190,51.101,889.586,2.083,0.057443,living
4,C,C4,C4_00368,1.166,2.104,1.767,0.840,34.536,690.043,4.058,0.050049,living
4,C,C4,C4_00369,1.994,2.396,2.466,1.029,32.127,803.136,2.619,0.040002,living
4,C,C4,C4_00370,2.163,2.243,2.485,1.108,17.469,836.742,2.359,0.020877,living
4,C,C4,C4_00371,1.791,2.151,2.215,1.030,22.236,806.877,2.566,0.027558,living
4,C,C4,C4_00372,0.862,2.912,1.788,0.614,20.020,667.765,2.569,0.029980,living
4,C,C4,C4_00373,1.268,1.801,1.705,0.947,29.413,798.227,3.013,0.036848,living
4,C,C4,C4_00374,1.825,3.337,2.785,0.834,2.574,727.139,2.750,0.003540,living
4,C,C4,C4_00375,2.315,2.104,2.490,1.184,23.314,717.350,3.715,0.032500,living
4,C,C4,C4_00376,1.910,2.104,2.262,1.075,18.761,707.239,5.212,0.026527,dead
4,C,C4,C4_00377,1.876,2.190,2.287,1.044,79.514,790.586,2.532,0.100575,living
4,C,C4,C4_00378,1.555,1.774,1.874,1.056,108.554,764.500,2.283,0.141994,living
4,C,C4,C4_00379,2.687,2.169,2.724,1.256,15.711,848.497,2.415,0.018516,living
4,C,C4,C4_00380,2.214,2.386,2.593,1.087,104.893,815.321,2.275,0.128653,living
4,C,C4,C4_00381,1.521,1.673,1.800,1.076,120.811,823.589,2.322,0.146689,living
4,C,C4,C4_00382,1.944,1.905,2.171,1.140,138.165,816.765,2.652,0.169161,living
4,C,C4,C4_00383,1.555,2.023,2.001,0.989,133.391,774.141,2.457,0.172309,living
4,C,C4,C4_00384,2.620,3.113,3.223,1.035,81.781,750.561,2.858,0.108959,living
4,C,C4,C4_00385,1.707,1.688,1.915,1.135,169.307,879.069,2.911,0.192598,living
4,C,C4,C4_00386,2.822,2.218,2.823,1.273,143.341,913.198,2.503,0.156966,living
4,C,C4,C4_00387,3.008,2.209,2.909,1.317,83.921,891.478,2.298,0.094137,living
4,C,C4,C4_00388,1.538,1.667,1.807,1.084,145.802,790.429,2.088,0.184460,living
4,C,C4,C4_00389,1.910,2.104,2.262,1.075,105.159,719.584,3.611,0.146139,living
4,C,C4,C4_00390,2.045,1.941,2.248,1.158,58.893,939.562,2.372,0.062681,living
4,C,C4,C4_00391,2.366,2.705,2.855,1.055,55.136,808.579,2.307,0.068188,living
4,C,C4,C4_00392,2.231,2.345,2.581,1.101,136.235,839.697,2.538,0.162243,living
4,C,C4,C4_00393,1.572,2.141,2.070,0.967,118.495,764.785,2.624,0.154938,living
4,C,C4,C4_00394,2.670,2.104,2.674,1.271,125.418,909.241,2.816,0.137937,living
4,C,C4,C4_00395,1.606,1.881,1.961,1.043,63.505,825.558,2.274,0.076924,living
4,C,C4,C4_00396,1.994,1.550,1.984,1.280,64.475,1074.288,2.178,0.060016,living
4,C,C4,C4_00397,2.079,2.042,2.325,1.139,62.585,884.081,2.220,0.070791,living
4,C,C4,C4_00398,2.467,2.170,2.611,1.203,100.897,964.390,2.308,0.104623,living
4,C,C4,C4_00399,2.265,1.554,2.117,1.362,68.418,1080.224,2.530,0.063337,living
4,C,C4,C4_00400,2.400,1.951,2.442,1.252,91.746,1044.275,2.415,0.087857,living
4,C,C4,C4_00401,2.248,1.860,2.307,1.240,72.008,927.000,2.278,0.077678,living
4,C,C4,C4_00402,0.963,2.034,1.579,0.776,55.175,720.895,2.053,0.076537,living
4,C,C4,C4_00403,1.927,2.275,2.363,1.038,50.851,764.772,2.860,0.066492,living
4,C,C4,C4_00404,1.944,1.573,1.973,1.254,67.061,1126.026,2.391,0.059555,living
4,C,C4,C4_00405,1.622,4.694,3.114,0.663,24.302,669.000,2.500,0.036326,living
4,C,C4,C4_00406,1.099,2.104,1.716,0.816,45.662,763.508,4.646,0.059805,living
4,C,C4,C4_00407,2.045,2.192,2.389,1.090,21.182,837.628,2.446,0.025288,living
4,C,C4,C4_00408,1.335,1.933,1.813,0.938,25.722,822.152,2.430,0.031286,living
4,C,C4,C4_00409,1.487,1.646,1.765,1.072,24.943,928.534,2.966,0.026863,living
4,C,C4,C4_00410,0.963,1.854,1.508,0.813,10.246,693.789,2.158,0.014768,living
4,C,C4,C4_00411,2.163,2.104,2.407,1.144,22.570,728.242,3.852,0.030993,living
4,C,C4,C4_00412,1.453,2.799,2.276,0.813,17.721,743.291,3.256,0.023841,living
4,C,C4,C4_00413,1.656,2.869,2.460,0.857,60.796,696.867,2.214,0.087242,living
4,C,C4,C4_00414,1.318,1.633,1.655,1.014,89.654,787.833,2.397,0.113798,living
4,C,C4,C4_00415,1.301,1.529,1.591,1.041,85.078,764.364,2.506,0.111306,living
4,C,C4,C4_00416,1.741,1.735,1.961,1.130,81.243,891.252,2.612,0.091156,living
4,C,C4,C4_00417,1.166,2.085,1.759,0.844,35.101,737.333,2.710,0.047606,living
4,C,C4,C4_00418,0.896,2.104,1.549,0.736,101.849,591.377,4.981,0.172223,living
4,C,C4,C4_00419,1.876,2.051,2.213,1.079,115.369,813.577,2.135,0.141805,living
4,C,C4,C4_00420,2.772,2.272,2.832,1.246,82.726,932.207,2.396,0.088742,living
4,C,C4,C4_00421,2.383,2.104,2.527,1.201,116.539,646.184,3.652,0.180349,living
4,C,C4,C4_00422,1.690,1.937,2.042,1.054,85.610,752.100,2.160,0.113828,living
4,C,C4,C4_00423,2.096,1.987,2.303,1.159,57.226,853.750,2.573,0.067029,living
4,C,C4,C4_00424,1.470,1.770,1.820,1.028,44.575,859.908,2.241,0.051837,living
4,C,C4,C4_00425,1.284,2.036,1.824,0.896,54.671,744.737,2.224,0.073410,living
4,C,C4,C4_00426,1.420,1.836,1.822,0.992,68.024,770.143,2.476,0.088326,living
4,C,C4,C4_00427,2.501,1.605,2.261,1.409,173.703,1162.993,2.615,0.149358,living
4,C,C4,C4_00428,1.251,1.890,1.735,0.918,15.419,748.541,2.243,0.020599,living
4,C,C4,C4_00429,2.467,2.168,2.610,1.204,89.377,977.260,2.158,0.091456,living
4,C,C4,C4_00430,1.453,2.187,2.011,0.920,56.419,774.407,2.500,0.072854,living
4,C,C4,C4_00431,3.329,2.004,2.914,1.454,84.650,1236.203,2.604,0.068476,living
4,C,C4,C4_00432,1.859,1.569,1.927,1.228,53.755,1015.418,2.509,0.052938,living
4,C,C4,C4_00433,2.552,2.232,2.693,1.207,51.563,1002.543,2.450,0.051432,living
4,C,C4,C4_00434,0.879,2.325,1.613,0.694,22.558,735.712,2.519,0.030661,living
4,C,C4,C4_00435,1.386,2.305,2.017,0.875,37.854,777.744,2.476,0.048671,living
4,C,C4,C4_00436,1.758,2.104,2.170,1.031,21.990,745.731,4.452,0.029488,living
4,C,C4,C4_00437,1.977,1.883,2.177,1.156,32.197,908.974,2.402,0.035421,living
4,C,C4,C4_00438,2.603,1.488,2.221,1.492,44.253,1293.052,2.877,0.034224,living
4,C,C4,C4_00439,1.335,2.104,1.891,0.899,22.519,793.114,5.506,0.028393,dead
4,C,C4,C4_00440,1.200,2.104,1.793,0.852,24.803,719.803,3.211,0.034458,living
4,C,C4,C4_00441,2.045,1.709,2.109,1.234,24.843,862.223,2.901,0.028813,living
4,C,C4,C4_00442,0.845,1.734,1.366,0.788,21.420,755.160,2.620,0.028365,living
4,C,C4,C4_00443,0.676,1.337,1.073,0.802,3.325,528.200,1.875,0.006295,living
4,C,C4,C4_00444,1.589,2.104,2.063,0.981,68.202,633.457,3.532,0.107666,living
4,C,C4,C4_00445,2.400,1.874,2.393,1.277,133.535,832.746,2.028,0.160355,living
4,C,C4,C4_00446,1.521,1.821,1.878,1.031,106.011,655.567,2.656,0.161709,living
4,C,C4,C4_00447,2.772,3.034,3.272,1.079,61.768,709.860,2.311,0.087015,living
4,C,C4,C4_00448,1.859,1.951,2.149,1.101,101.255,706.691,2.345,0.143280,living
4,C,C4,C4_00449,1.910,2.818,2.618,0.929,111.150,588.425,2.487,0.188895,living
4,C,C4,C4_00450,2.518,2.301,2.716,1.180,131.725,752.758,2.255,0.174990,living
4,C,C4,C4_00451,1.082,2.192,1.738,0.793,97.969,580.453,1.938,0.168780,living
4,C,C4,C4_00452,2.501,1.327,2.056,1.549,2.601,808.162,2.453,0.003219,living
4,C,C4,C4_00453,1.639,1.872,1.977,1.056,40.113,765.010,2.113,0.052435,living
4,C,C4,C4_00454,2.805,2.766,3.143,1.136,94.205,749.024,2.476,0.125770,living
4,C,C4,C4_00455,2.028,1.698,2.094,1.233,65.217,809.425,2.825,0.080572,living
4,C,C4,C4_00456,1.927,2.104,2.272,1.080,24.175,564.570,4.342,0.042821,living
4,C,C4,C4_00457,2.653,2.368,2.828,1.194,80.471,790.083,2.841,0.101852,living
4,C,C4,C4_00458,0.980,2.612,1.805,0.691,23.448,612.207,2.638,0.038301,living
4,C,C4,C4_00459,2.129,1.845,2.236,1.212,44.492,844.968,2.595,0.052655,living
4,C,C4,C4_00460,1.099,2.642,1.923,0.728,16.108,592.785,2.446,0.027173,living
4,C,C4,C4_00461,2.467,2.292,2.683,1.171,103.493,787.959,2.384,0.131343,living
4,C,C4,C4_00462,1.606,1.696,1.862,1.098,78.779,818.926,2.547,0.096198,living
4,C,C4,C4_00463,0.879,2.104,1.534,0.729,27.981,624.000,39.596,0.044841,dead
4,C,C4,C4_00464,0.777,2.727,1.643,0.602,43.957,586.196,2.978,0.074986,living
4,C,C4,C4_00465,1.656,1.516,1.788,1.179,72.255,872.551,3.000,0.082809,living
4,C,C4,C4_00466,2.045,2.104,2.341,1.112,51.256,699.289,10.306,0.073298,dead
4,C,C4,C4_00467,1.504,2.048,1.980,0.967,23.528,668.438,2.629,0.035199,living
4,C,C4,C4_00468,1.842,1.602,1.938,1.210,35.927,900.596,2.404,0.039892,living
4,C,C4,C4_00469,1.403,2.104,1.939,0.921,29.169,681.398,2.964,0.042807,living
4,C,C4,C4_00470,0.693,2.052,1.346,0.656,19.293,580.634,2.634,0.033227,living
4,C,C4,C4_00471,2.586,2.089,2.623,1.255,53.954,1015.222,2.575,0.053145,living
4,C,C4,C4_00472,1.690,1.849,1.995,1.079,28.970,788.590,2.190,0.036736,living
4,C,C4,C4_00473,1.420,1.746,1.777,1.018,24.571,767.845,2.548,0.032000,living
4,C,C4,C4_00474,2.687,1.856,2.520,1.358,32.818,953.377,2.088,0.034422,living
4,C,C4,C4_00475,0.761,2.104,1.428,0.679,13.422,555.844,4.311,0.024147,living
4,C,C4,C4_00476,0.980,2.137,1.633,0.764,19.862,600.172,2.190,0.033094,living
4,C,C4,C4_00477,2.349,2.104,2.508,1.192,17.043,673.741,2.849,0.025296,living
4,C,C4,C4_00478,0.963,2.104,1.606,0.763,18.684,665.789,18.421,0.028063,dead
4,C,C4,C4_00479,1.115,2.322,1.816,0.782,12.833,646.212,1.939,0.019859,living
4,C,C4,C4_00480,1.589,2.382,2.195,0.922,46.574,708.074,2.745,0.065776,living
4,C,C4,C4_00481,1.504,2.041,1.977,0.969,79.708,686.191,2.326,0.116160,living
4,C,C4,C4_00482,2.349,1.706,2.259,1.324,105.446,939.626,2.662,0.112221,living
4,C,C4,C4_00483,2.197,1.735,2.203,1.270,88.892,925.223,2.608,0.096077,living
4,C,C4,C4_00484,1.994,2.219,2.374,1.070,79.254,740.678,2.288,0.107002,living
4,C,C4,C4_00485,0.676,2.104,1.346,0.640,34.675,563.350,4.625,0.061551,living
4,C,C4,C4_00486,1.538,1.362,1.633,1.199,90.978,894.121,2.165,0.101751,living
4,C,C4,C4_00487,1.470,1.670,1.768,1.059,37.000,783.437,2.632,0.047228,living
4,C,C4,C4_00488,1.707,1.758,1.955,1.112,115.376,787.099,2.228,0.146584,living
4,C,C4,C4_00489,3.380,2.104,3.009,1.430,89.575,897.315,2.590,0.099826,living
4,C,C4,C4_00490,1.284,1.594,1.614,1.013,101.882,744.868,2.132,0.136778,living
4,C,C4,C4_00491,1.791,2.104,2.190,1.041,98.613,712.491,3.085,0.138406,living
4,C,C4,C4_00492,1.555,1.653,1.809,1.094,39.043,794.761,1.989,0.049126,living
4,C,C4,C4_00493,1.065,2.104,1.689,0.803,54.397,579.063,8.206,0.093939,dead
4,C,C4,C4_00494,1.470,2.104,1.984,0.943,85.747,651.759,2.747,0.131563,living
4,C,C4,C4_00495,2.011,1.742,2.112,1.212,131.454,851.521,2.529,0.154375,living
4,C,C4,C4_00496,3.076,1.342,2.293,1.708,2.396,706.132,2.253,0.003393,living
4,C,C4,C4_00497,2.011,1.972,2.247,1.139,95.479,874.067,2.454,0.109235,living
4,C,C4,C4_00498,1.115,2.104,1.728,0.821,46.727,658.061,7.455,0.071008,dead
4,C,C4,C4_00499,1.622,2.104,2.084,0.991,78.531,860.708,2.844,0.091240,living
4,C,C4,C4_00500,1.977,2.452,2.484,1.013,38.735,743.103,2.214,0.052126,living
4,C,C4,C4_00501,2.028,1.986,2.265,1.140,54.758,852.092,2.492,0.064263,living
4,C,C4,C4_00502,2.501,1.866,2.438,1.306,65.068,1028.209,2.588,0.063282,living
4,C,C4,C4_00503,1.318,1.484,1.578,1.063,39.654,831.256,2.244,0.047704,living
4,C,C4,C4_00504,1.859,2.104,2.232,1.061,49.645,748.600,3.509,0.066318,living
4,C,C4,C4_00505,2.096,1.761,2.168,1.231,55.661,942.508,2.347,0.059057,living
4,C,C4,C4_00506,1.538,2.104,2.030,0.965,18.725,734.516,2.440,0.025493,living
4,C,C4,C4_00507,1.318,1.723,1.700,0.987,31.295,827.603,3.077,0.037814,living
4,C,C4,C4_00508,2.958,1.459,2.344,1.607,20.834,945.320,2.560,0.022039,living
4,C,C4,C4_00509,2.789,2.328,2.875,1.235,64.897,942.842,2.139,0.068831,living
4,C,C4,C4_00510,1.758,2.104,2.170,1.031,47.760,793.933,2.760,0.060156,living
4,C,C4,C4_00511,1.741,2.171,2.194,1.010,26.485,813.165,2.689,0.032571,living
4,C,C4,C4_00512,1.470,3.714,2.637,0.710,13.000,671.644,2.563,0.019356,living
4,C,C4,C4_00513,3.296,2.104,2.971,1.412,20.667,771.508,3.072,0.026787,living
4,C,C4,C4_00514,1.453,1.720,1.784,1.037,21.942,803.756,2.558,0.027299,living
4,C,C4,C4_00515,1.217,1.851,1.694,0.915,20.458,761.833,2.903,0.026854,living
4,C,C4,C4_00516,0.862,2.300,1.589,0.691,2.588,597.843,2.471,0.004329,living
4,C,C4,C4_00517,1.014,2.261,1.709,0.756,14.500,659.567,2.633,0.021984,living
4,C,C4,C4_00518,0.794,2.104,1.458,0.693,8.872,610.085,8.617,0.014543,dead
4,C,C4,C4_00519,0.980,2.324,1.703,0.733,34.810,708.845,2.845,0.049109,living
4,C,C4,C4_00520,1.268,1.972,1.784,0.905,25.773,797.267,2.240,0.032327,living
4,C,C4,C4_00521,1.284,2.140,1.870,0.874,98.618,644.303,2.382,0.153062,living
4,C,C4,C4_00522,1.707,1.600,1.865,1.165,119.545,939.020,2.317,0.127308,living
4,C,C4,C4_00523,1.420,1.532,1.664,1.086,156.738,861.619,3.036,0.181911,living
4,C,C4,C4_00524,3.211,2.104,2.933,1.394,104.658,859.447,7.042,0.121773,dead
4,C,C4,C4_00525,1.521,2.011,1.973,0.981,143.278,759.156,2.756,0.188733,living
4,C,C4,C4_00526,3.127,2.046,2.854,1.395,2.130,722.768,2.395,0.002947,living
4,C,C4,C4_00527,2.062,1.515,1.994,1.316,16.123,1030.098,2.779,0.015652,living
4,C,C4,C4_00528,2.129,1.560,2.056,1.318,131.556,1156.587,2.548,0.113745,living
4,C,C4,C4_00529,2.113,2.325,2.501,1.076,120.352,854.568,2.552,0.140834,living
4,C,C4,C4_00530,2.535,2.615,2.905,1.111,88.980,914.040,2.220,0.097348,living
4,C,C4,C4_00531,2.096,2.712,2.690,0.992,34.718,850.685,2.573,0.040811,living
4,C,C4,C4_00532,1.758,2.395,2.315,0.967,41.317,833.615,2.356,0.049564,living
4,C,C4,C4_00533,1.859,3.401,2.837,0.834,26.609,723.200,2.936,0.036794,living
4,C,C4,C4_00534,1.876,3.138,2.738,0.872,18.387,794.865,2.658,0.023133,living
4,C,C4,C4_00535,1.014,1.619,1.446,0.893,2.883,522.017,2.233,0.005523,living
4,C,C4,C4_00536,3.380,2.537,3.304,1.302,139.285,929.735,2.475,0.149812,living
4,C,C4,C4_00537,1.673,3.358,2.675,0.796,103.101,590.848,2.576,0.174497,living
4,C,C4,C4_00538,2.146,2.800,2.766,0.988,128.835,685.669,2.276,0.187896,living
4,C,C4,C4_00539,2.146,1.754,2.189,1.248,148.370,922.709,2.772,0.160798,living
4,C,C4,C4_00540,1.707,1.657,1.898,1.145,121.475,859.802,2.337,0.141283,living
4,C,C4,C4_00541,2.383,2.111,2.531,1.199,101.298,896.482,2.688,0.112995,living
4,C,C4,C4_00542,3.245,2.104,2.948,1.401,115.562,833.542,3.172,0.138640,living
4,C,C4,C4_00543,1.284,2.002,1.809,0.904,74.882,725.816,2.197,0.103169,living
4,C,C4,C4_00544,3.296,2.674,3.350,1.253,3.005,796.415,2.487,0.003773,living
4,C,C4,C4_00545,2.231,2.286,2.548,1.115,99.371,876.826,2.697,0.113331,living
4,C,C4,C4_00546,2.028,2.104,2.331,1.108,81.292,749.183,5.708,0.108507,dead
4,C,C4,C4_00547,1.994,1.626,2.032,1.250,35.737,897.424,2.432,0.039822,living
4,C,C4,C4_00548,2.146,1.574,2.074,1.318,67.677,1047.480,2.346,0.064609,living
4,C,C4,C4_00549,0.879,2.104,1.534,0.729,15.154,693.404,7.365,0.021854,dead
4,C,C4,C4_00550,0.777,2.411,1.544,0.641,26.000,712.348,2.304,0.036499,living
4,C,C4,C4_00551,2.704,2.405,2.878,1.196,2.981,653.981,2.587,0.004559,living
4,C,C4,C4_00552,1.437,2.104,1.962,0.933,83.529,660.871,7.765,0.126393,dead
4,C,C4,C4_00553,2.062,3.576,3.064,0.857,49.852,643.123,3.049,0.077516,living
4,C,C4,C4_00554,1.470,1.414,1.627,1.151,2.563,737.287,2.103,0.003477,living
4,C,C4,C4_00555,2.958,1.412,2.306,1.633,64.549,784.126,2.629,0.082319,living
4,C,C4,C4_00556,1.251,2.081,1.821,0.875,41.716,676.824,2.122,0.061635,living
4,C,C4,C4_00557,2.586,1.500,2.222,1.482,89.784,1023.588,2.046,0.087715,living
4,C,C4,C4_00558,1.284,2.104,1.855,0.882,72.000,724.553,4.618,0.099372,living
4,C,C4,C4_00559,2.839,1.487,2.318,1.559,13.440,1057.726,2.976,0.012707,living
4,C,C4,C4_00560,1.099,2.104,1.716,0.816,35.154,683.831,11.923,0.051407,dead
4,C,C4,C4_00561,1.352,2.104,1.903,0.905,23.262,697.900,4.438,0.033332,living
4,C,C4,C4_00562,1.707,2.104,2.138,1.016,38.307,781.921,3.178,0.048991,living
4,C,C4,C4_00563,1.301,2.104,1.867,0.887,33.130,762.104,10.130,0.043472,dead
4,C,C4,C4_00564,3.262,1.444,2.449,1.696,2.223,611.052,2.461,0.003638,living
4,C,C4,C4_00565,3.194,2.104,2.925,1.390,10.624,760.894,2.741,0.013963,living
4,C,C4,C4_00566,1.572,1.430,1.692,1.183,2.860,761.505,2.538,0.003756,living
4,C,C4,C4_00567,2.839,3.264,3.435,1.052,112.589,735.423,2.619,0.153095,living
4,C,C4,C4_00568,2.400,2.104,2.536,1.205,87.106,726.317,2.627,0.119928,living
4,C,C4,C4_00569,2.197,2.109,2.429,1.152,78.485,866.346,1.854,0.090593,living
4,C,C4,C4_00570,3.262,1.448,2.452,1.694,2.477,941.321,2.440,0.002631,living
4,C,C4,C4_00571,2.653,2.451,2.877,1.174,97.439,824.720,2.554,0.118149,living
4,C,C4,C4_00572,1.352,2.052,1.879,0.916,27.413,626.288,3.250,0.043770,living
4,C,C4,C4_00573,1.031,1.135,1.221,1.075,2.590,633.279,3.033,0.004090,living
4,C,C4,C4_00574,3.143,1.675,2.589,1.546,2.425,769.360,2.694,0.003152,living
4,C,C4,C4_00575,1.031,1.622,1.459,0.900,57.344,794.246,2.541,0.072200,living
4,C,C4,C4_00576,1.893,1.842,2.107,1.144,114.920,897.795,2.786,0.128002,living
4,C,C4,C4_00577,2.079,1.935,2.263,1.170,2.870,836.000,2.748,0.003433,living
4,C,C4,C4_00578,1.200,2.104,1.793,0.852,94.761,770.408,5.592,0.123000,dead
4,C,C4,C4_00579,2.518,1.610,2.272,1.411,201.644,1294.275,2.201,0.155797,living
4,C,C4,C4_00580,1.115,2.104,1.728,0.821,127.652,694.561,21.970,0.183787,dead
4,C,C4,C4_00581,1.707,2.696,2.421,0.898,125.347,715.069,2.851,0.175293,living
4,C,C4,C4_00582,1.639,1.694,1.880,1.110,96.938,936.907,2.546,0.103466,living
4,C,C4,C4_00583,2.383,2.263,2.620,1.158,172.837,938.965,2.426,0.184072,living
4,C,C4,C4_00584,1.369,1.867,1.804,0.966,42.704,850.111,2.519,0.050233,living
4,C,C4,C4_00585,1.859,2.104,2.232,1.061,120.355,755.936,3.873,0.159213,living
4,C,C4,C4_00586,2.214,2.749,2.784,1.013,2.191,799.176,2.466,0.002741,living
4,C,C4,C4_00587,1.504,2.269,2.084,0.919,79.213,777.483,2.978,0.101885,living
4,C,C4,C4_00588,3.025,1.894,2.701,1.426,59.721,797.894,2.564,0.074848,living
4,C,C4,C4_00589,1.994,1.647,2.045,1.242,124.771,1004.025,2.195,0.124271,living
4,C,C4,C4_00590,1.825,2.104,2.211,1.051,86.093,845.981,8.722,0.101767,dead
4,C,C4,C4_00591,2.231,2.630,2.733,1.039,19.106,656.083,2.220,0.029121,living
4,C,C4,C4_00592,2.400,1.980,2.460,1.242,6.141,917.120,2.415,0.006696,living
4,C,C4,C4_00593,1.572,2.104,2.052,0.975,62.032,704.613,10.667,0.088037,dead
4,C,C4,C4_00594,2.011,2.244,2.397,1.068,21.261,894.462,2.613,0.023769,living
4,C,C4,C4_00595,1.386,1.587,1.673,1.055,47.476,969.939,2.854,0.048947,living
4,C,C4,C4_00596,1.825,1.929,2.117,1.098,35.870,1031.926,2.870,0.034761,living
4,C,C4,C4_00597,1.707,2.365,2.267,0.959,28.693,908.168,2.099,0.031594,living
4,C,C4,C4_00598,3.245,2.920,3.473,1.190,117.005,733.917,2.083,0.159426,living
4,C,C4,C4_00599,2.772,1.906,2.594,1.361,52.128,611.671,2.476,0.085222,living
4,C,C4,C4_00600,2.214,3.335,3.066,0.919,44.275,686.008,2.557,0.064540,living
4,C,C4,C4_00601,0.744,2.941,1.669,0.568,96.091,523.773,2.432,0.183459,living
4,C,C4,C4_00602,1.470,1.955,1.913,0.978,112.931,695.908,2.437,0.162279,living
4,C,C4,C4_00603,1.200,1.632,1.579,0.968,52.423,738.887,2.141,0.070948,living
4,C,C4,C4_00604,1.335,2.203,1.935,0.878,58.139,671.316,3.139,0.086605,living
4,C,C4,C4_00605,1.099,2.104,1.716,0.816,49.431,678.646,5.400,0.072837,dead
4,C,C4,C4_00606,1.470,1.973,1.922,0.974,93.138,719.747,2.598,0.129404,living
4,C,C4,C4_00607,1.960,1.645,2.026,1.232,182.336,848.310,2.491,0.214940,living
4,C,C4,C4_00608,1.555,2.104,2.041,0.970,86.315,754.902,6.283,0.114340,dead
4,C,C4,C4_00609,1.183,2.104,1.780,0.846,85.329,623.243,5.457,0.136911,dead
4,C,C4,C4_00610,1.927,2.019,2.226,1.102,124.868,769.877,2.421,0.162193,living
4,C,C4,C4_00611,2.045,1.906,2.228,1.169,161.017,751.785,2.868,0.214179,living
4,C,C4,C4_00612,3.093,2.221,2.957,1.332,131.798,977.536,2.568,0.134827,living
4,C,C4,C4_00613,1.099,4.143,2.408,0.581,95.815,505.415,2.877,0.189577,living
4,C,C4,C4_00614,1.318,2.526,2.059,0.815,38.705,676.923,2.487,0.057178,living
4,C,C4,C4_00615,1.082,2.104,1.702,0.809,110.000,641.938,2.797,0.171356,living
4,C,C4,C4_00616,1.301,2.104,1.867,0.887,78.792,671.870,9.403,0.117273,dead
4,C,C4,C4_00617,1.842,2.104,2.221,1.056,25.413,588.266,3.459,0.043200,living
4,C,C4,C4_00618,2.366,1.511,2.134,1.412,139.193,1148.736,2.571,0.121170,living
4,C,C4,C4_00619,1.352,2.104,1.903,0.905,74.950,659.562,5.737,0.113636,dead
4,C,C4,C4_00620,1.234,2.972,2.161,0.727,62.671,620.301,2.247,0.101034,living
4,C,C4,C4_00621,2.366,2.882,2.947,1.022,78.471,764.457,2.321,0.102650,living
4,C,C4,C4_00622,2.670,2.104,2.674,1.271,91.247,925.114,3.101,0.098633,living
4,C,C4,C4_00623,1.791,1.949,2.108,1.082,24.066,753.925,2.415,0.031921,living
4,C,C4,C4_00624,0.777,1.856,1.355,0.730,43.457,643.239,2.435,0.067559,living
4,C,C4,C4_00625,1.166,2.104,1.767,0.840,55.942,688.768,9.638,0.081220,dead
4,C,C4,C4_00626,3.127,2.425,3.107,1.281,54.530,986.735,2.638,0.055263,living
4,C,C4,C4_00627,0.811,3.414,1.878,0.550,33.104,594.271,2.812,0.055706,living
4,C,C4,C4_00628,2.789,1.805,2.532,1.403,61.364,1188.073,2.503,0.051650,living
4,C,C4,C4_00629,1.538,2.104,2.030,0.965,41.780,750.077,6.637,0.055701,dead
4,C,C4,C4_00630,1.099,1.765,1.572,0.890,24.277,714.646,2.785,0.033971,living
4,C,C4,C4_00631,2.298,2.104,2.481,1.179,30.757,901.301,2.581,0.034125,living
4,C,C4,C4_00632,1.859,2.016,2.184,1.084,36.373,844.864,2.245,0.043052,living
4,C,C4,C4_00633,1.301,3.624,2.450,0.676,18.623,619.078,2.701,0.030082,living
4,C,C4,C4_00634,1.589,1.605,1.802,1.123,30.691,843.851,2.521,0.036371,living
4,C,C4,C4_00635,0.727,2.104,1.396,0.663,19.488,633.744,7.279,0.030751,dead
4,C,C4,C4_00636,2.146,2.502,2.615,1.045,13.480,800.244,2.646,0.016845,living
4,C,C4,C4_00637,1.352,2.220,1.955,0.881,21.525,723.025,2.737,0.029771,living
4,C,C4,C4_00638,1.825,2.010,2.161,1.075,90.852,632.972,2.324,0.143532,living
4,C,C4,C4_00639,1.099,2.104,1.716,0.816,36.092,560.938,4.446,0.064343,living
4,C,C4,C4_00640,2.434,2.523,2.796,1.108,80.194,625.590,2.340,0.128190,living
4,C,C4,C4_00641,1.437,1.900,1.864,0.981,83.188,681.165,3.106,0.122126,living
4,C,C4,C4_00642,1.335,1.499,1.596,1.065,63.228,697.886,2.038,0.090599,living
4,C,C4,C4_00643,2.298,1.995,2.416,1.211,41.559,733.441,2.368,0.056663,living
4,C,C4,C4_00644,2.180,2.104,2.417,1.149,127.008,659.605,3.806,0.192551,living
4,C,C4,C4_00645,2.028,2.536,2.559,1.009,56.608,560.417,2.492,0.101011,living
4,C,C4,C4_00646,2.552,2.231,2.692,1.207,81.914,754.901,2.311,0.108510,living
4,C,C4,C4_00647,2.332,1.771,2.293,1.295,21.899,708.246,3.051,0.030919,living
4,C,C4,C4_00648,1.741,1.511,1.830,1.211,25.981,781.136,2.466,0.033260,living
4,C,C4,C4_00649,1.673,1.608,1.851,1.151,34.465,749.414,2.737,0.045989,living
4,C,C4,C4_00650,2.028,2.343,2.460,1.050,86.667,598.783,2.425,0.144738,living
4,C,C4,C4_00651,2.974,2.827,3.272,1.157,64.358,702.773,2.403,0.091577,living
4,C,C4,C4_00652,2.231,1.928,2.340,1.214,118.689,771.144,2.553,0.153913,living
4,C,C4,C4_00653,2.180,2.104,2.417,1.149,48.163,758.403,2.922,0.063506,living
4,C,C4,C4_00654,2.028,1.580,2.020,1.278,87.158,814.267,2.725,0.107039,living
4,C,C4,C4_00655,1.065,2.101,1.688,0.803,53.381,542.571,2.683,0.098385,living
4,C,C4,C4_00656,2.146,1.603,2.093,1.306,75.591,878.756,2.252,0.086020,living
4,C,C4,C4_00657,2.755,2.542,2.986,1.175,39.902,707.626,2.368,0.056388,living
4,C,C4,C4_00658,1.775,1.753,1.990,1.135,25.648,767.914,2.495,0.033399,living
4,C,C4,C4_00659,2.586,2.104,2.632,1.251,29.869,614.431,3.333,0.048613,living
4,C,C4,C4_00660,2.467,1.749,2.344,1.340,55.363,970.952,2.603,0.057019,living
4,C,C4,C4_00661,2.011,1.680,2.074,1.235,2.622,510.261,2.311,0.005138,living
4,C,C4,C4_00662,1.200,2.104,1.793,0.852,27.408,550.817,11.606,0.049760,dead
4,C,C4,C4_00663,1.690,2.104,2.128,1.011,20.690,566.180,7.390,0.036543,dead
4,C,C4,C4_00664,1.572,1.672,1.829,1.094,32.968,783.710,2.409,0.042066,living
4,C,C4,C4_00665,2.113,1.935,2.282,1.179,38.560,834.184,2.696,0.046225,living
4,C,C4,C4_00666,1.690,3.509,2.748,0.783,21.010,604.280,2.620,0.034769,living
4,C,C4,C4_00667,1.572,2.043,2.022,0.990,18.753,674.151,2.591,0.027817,living
4,C,C4,C4_00668,2.265,2.503,2.687,1.073,16.440,591.597,2.828,0.027790,living
4,C,C4,C4_00669,1.301,2.104,1.867,0.887,21.701,681.649,2.571,0.031836,living
4,C,C4,C4_00670,1.589,1.702,1.856,1.090,26.298,819.309,2.351,0.032098,living
4,C,C4,C4_00671,0.997,2.252,1.691,0.751,2.017,543.373,2.508,0.003712,living
4,C,C4,C4_00672,1.268,3.878,2.502,0.645,11.267,566.707,2.947,0.019881,living
4,C,C4,C4_00673,1.741,2.328,2.272,0.976,103.903,649.398,2.602,0.159999,living
4,C,C4,C4_00674,1.369,2.044,1.888,0.923,29.148,786.642,2.654,0.037054,living
4,C,C4,C4_00675,2.011,1.712,2.094,1.223,134.731,964.328,2.353,0.139715,living
4,C,C4,C4_00676,2.856,1.919,2.642,1.377,152.249,1047.479,2.621,0.145348,living
4,C,C4,C4_00677,1.132,2.432,1.872,0.770,128.612,632.507,2.313,0.203337,living
4,C,C4,C4_00678,1.166,1.557,1.520,0.976,102.812,764.232,2.435,0.134529,living
4,C,C4,C4_00679,1.707,2.812,2.472,0.879,31.584,725.495,2.238,0.043535,living
4,C,C4,C4_00680,2.535,2.693,2.948,1.095,120.160,817.620,2.307,0.146963,living
4,C,C4,C4_00681,2.231,1.629,2.151,1.321,83.515,805.311,2.811,0.103706,living
4,C,C4,C4_00682,1.622,1.508,1.765,1.170,170.833,901.854,2.312,0.189425,living
4,C,C4,C4_00683,1.082,2.104,1.702,0.809,127.172,679.297,5.703,0.187211,dead
4,C,C4,C4_00684,2.332,2.104,2.499,1.188,43.522,1046.710,4.406,0.041580,living
4,C,C4,C4_00685,1.082,1.967,1.646,0.837,61.219,735.594,2.188,0.083224,living
4,C,C4,C4_00686,2.062,1.531,2.005,1.310,80.057,1021.631,2.631,0.078362,living
4,C,C4,C4_00687,1.318,2.104,1.879,0.893,37.962,711.846,4.897,0.053328,living
4,C,C4,C4_00688,1.758,2.104,2.170,1.031,56.183,1005.462,3.356,0.055878,living
4,C,C4,C4_00689,1.521,2.087,2.010,0.963,49.956,817.367,2.389,0.061118,living
4,C,C4,C4_00690,0.811,5.007,2.274,0.454,34.083,647.354,3.708,0.052650,living
4,C,C4,C4_00691,1.453,1.829,1.839,1.006,37.547,841.372,2.581,0.044625,living
4,C,C4,C4_00692,1.065,2.104,1.689,0.803,19.873,722.159,5.492,0.027519,dead
4,C,C4,C4_00693,2.045,2.426,2.513,1.036,45.025,895.901,2.603,0.050256,living
4,C,C4,C4_00694,0.828,2.104,1.489,0.708,18.265,693.571,5.571,0.026335,dead
4,C,C4,C4_00695,1.234,2.104,1.818,0.864,15.041,647.890,3.630,0.023215,living
4,C,C4,C4_00696,1.994,3.443,2.957,0.859,18.585,789.288,2.653,0.023546,living
4,C,C4,C4_00697,0.828,1.748,1.358,0.777,12.571,777.653,3.490,0.016166,living
4,C,C4,C4_00698,1.437,1.972,1.899,0.963,12.600,653.976,2.588,0.019267,living
4,C,C4,C4_00699,1.538,2.019,1.988,0.985,121.121,770.352,2.615,0.157228,living
4,C,C4,C4_00700,2.265,1.901,2.341,1.232,162.896,929.500,2.590,0.175251,living
4,C,C4,C4_00701,1.791,2.104,2.190,1.041,61.887,772.698,25.425,0.080092,dead
4,C,C4,C4_00702,2.856,2.104,2.766,1.315,174.118,1198.178,3.521,0.145319,living
4,C,C4,C4_00703,1.960,2.519,2.507,0.995,110.957,792.716,2.819,0.139971,living
4,C,C4,C4_00704,1.386,2.104,1.927,0.916,99.524,773.890,12.415,0.128603,dead
4,C,C4,C4_00705,1.589,2.272,2.144,0.944,38.234,725.085,2.468,0.052730,living
4,C,C4,C4_00706,0.997,2.104,1.634,0.777,84.644,702.068,4.203,0.120564,living
4,C,C4,C4_00707,1.183,2.173,1.809,0.833,119.086,718.557,1.757,0.165729,living
4,C,C4,C4_00708,3.127,3.431,3.696,1.077,92.508,808.600,2.784,0.114405,living
4,C,C4,C4_00709,1.994,1.961,2.231,1.138,64.958,919.669,2.873,0.070631,living
4,C,C4,C4_00710,2.484,2.220,2.650,1.194,103.871,967.320,2.633,0.107380,living
4,C,C4,C4_00711,2.214,2.104,2.435,1.158,87.244,835.221,14.748,0.104456,dead
4,C,C4,C4_00712,1.758,1.804,2.009,1.114,100.250,901.452,2.365,0.111209,living
4,C,C4,C4_00713,1.944,2.601,2.537,0.976,75.070,789.261,2.557,0.095114,living
4,C,C4,C4_00714,1.589,2.104,2.063,0.981,75.000,725.202,8.468,0.103419,dead
4,C,C4,C4_00715,1.386,2.104,1.927,0.916,63.451,744.902,71.744,0.085181,dead
4,C,C4,C4_00716,2.197,2.104,2.426,1.153,63.415,719.415,5.492,0.088148,dead
4,C,C4,C4_00717,2.180,2.247,2.497,1.111,42.806,890.822,2.527,0.048052,living
4,C,C4,C4_00718,1.420,2.097,1.947,0.929,35.274,826.107,1.976,0.042699,living
4,C,C4,C4_00719,0.710,2.104,1.379,0.655,32.476,655.262,61.381,0.049562,dead
4,C,C4,C4_00720,1.268,2.104,1.843,0.876,48.680,861.813,3.853,0.056486,living
4,C,C4,C4_00721,1.268,2.104,1.843,0.876,35.227,735.107,6.493,0.047920,dead
4,C,C4,C4_00722,1.876,2.104,2.242,1.066,25.144,697.811,11.027,0.036033,dead
4,C,C4,C4_00723,1.589,2.135,2.078,0.973,23.957,872.894,2.394,0.027446,living
4,C,C4,C4_00724,0.997,2.104,1.634,0.777,19.136,725.119,13.763,0.026390,dead
4,C,C4,C4_00725,0.946,2.594,1.768,0.681,16.179,749.857,2.768,0.021576,living
4,C,C4,C4_00726,1.183,2.284,1.855,0.812,9.143,779.371,3.343,0.011731,living
4,C,C4,C4_00727,1.859,2.313,2.340,1.012,19.582,880.427,1.936,0.022241,living
4,C,C4,C4_00728,1.555,1.745,1.859,1.065,95.250,715.793,2.630,0.133069,living
4,C,C4,C4_00729,1.183,2.338,1.877,0.803,21.786,723.271,2.600,0.030121,living
4,C,C4,C4_00730,1.420,3.972,2.680,0.675,89.107,568.833,2.690,0.156649,living
4,C,C4,C4_00731,2.096,2.336,2.497,1.069,90.000,782.185,2.540,0.115062,living
4,C,C4,C4_00732,1.572,1.938,1.970,1.016,131.097,766.785,2.538,0.170969,living
4,C,C4,C4_00733,2.265,2.238,2.541,1.135,146.291,777.313,2.575,0.188201,living
4,C,C4,C4_00734,1.014,2.104,1.648,0.783,42.300,639.600,7.100,0.066135,dead
4,C,C4,C4_00735,1.589,1.789,1.902,1.063,100.755,809.734,2.298,0.124430,living
4,C,C4,C4_00736,1.656,1.471,1.761,1.197,126.602,910.337,2.571,0.139072,living
4,C,C4,C4_00737,1.842,1.703,1.999,1.174,128.073,833.743,2.569,0.153613,living
4,C,C4,C4_00738,1.994,1.888,2.189,1.160,130.398,818.466,2.669,0.159320,living
4,C,C4,C4_00739,1.420,2.104,1.950,0.927,86.714,685.619,8.905,0.126476,dead
4,C,C4,C4_00740,1.944,3.051,2.748,0.901,74.478,700.661,2.739,0.106297,living
4,C,C4,C4_00741,3.262,2.731,3.368,1.233,33.073,961.513,2.451,0.034396,living
4,C,C4,C4_00742,2.349,1.626,2.205,1.356,127.878,1099.640,2.576,0.116290,living
4,C,C4,C4_00743,1.487,2.104,1.996,0.949,40.932,771.409,10.477,0.053061,dead
4,C,C4,C4_00744,0.879,2.325,1.613,0.694,22.558,669.442,2.788,0.033696,living
4,C,C4,C4_00745,1.589,2.104,2.063,0.981,66.032,613.691,125.511,0.107598,dead
4,C,C4,C4_00746,1.825,1.689,1.981,1.173,88.944,884.417,2.546,0.100568,living
4,C,C4,C4_00747,1.470,2.079,1.973,0.949,29.023,811.414,2.805,0.035768,living
4,C,C4,C4_00748,2.839,3.011,3.299,1.096,60.732,693.804,2.643,0.087535,living
4,C,C4,C4_00749,1.825,2.186,2.254,1.031,52.352,836.583,2.176,0.062578,living
4,C,C4,C4_00750,1.403,1.752,1.769,1.010,26.819,837.012,2.554,0.032042,living
4,C,C4,C4_00751,0.946,1.873,1.502,0.802,22.643,707.554,2.571,0.032002,living
4,C,C4,C4_00752,1.825,1.496,1.864,1.246,45.694,1031.833,2.583,0.044285,living
4,C,C4,C4_00753,1.707,1.820,1.989,1.093,31.000,873.059,2.891,0.035507,living
4,C,C4,C4_00754,1.437,2.806,2.266,0.807,18.141,741.518,2.141,0.024465,living
4,C,C4,C4_00755,1.318,1.567,1.622,1.035,28.564,830.782,2.333,0.034382,living
4,C,C4,C4_00756,1.673,1.564,1.825,1.167,28.475,974.131,2.040,0.029231,living
4,C,C4,C4_00757,2.298,2.158,2.513,1.164,14.029,704.471,2.750,0.019915,living
4,C,C4,C4_00758,1.589,1.818,1.918,1.055,21.617,849.170,2.670,0.025457,living
4,C,C4,C4_00759,1.572,1.879,1.939,1.032,120.462,709.957,1.957,0.169676,living
4,C,C4,C4_00760,1.065,2.104,1.689,0.803,50.159,627.794,3.825,0.079897,living
4,C,C4,C4_00761,2.315,2.232,2.565,1.149,104.891,758.255,2.555,0.138331,living
4,C,C4,C4_00762,1.149,1.755,1.602,0.913,114.574,629.147,2.456,0.182109,living
4,C,C4,C4_00763,1.977,1.997,2.242,1.123,76.932,792.949,2.803,0.097020,living
4,C,C4,C4_00764,2.315,2.448,2.686,1.097,117.423,739.533,2.745,0.158780,living
4,C,C4,C4_00765,2.062,1.925,2.248,1.168,153.254,787.869,2.648,0.194517,living
4,C,C4,C4_00766,1.791,2.023,2.148,1.062,141.208,729.179,2.302,0.193653,living
4,C,C4,C4_00767,1.437,2.104,1.962,0.933,104.600,604.047,5.059,0.173165,dead
4,C,C4,C4_00768,2.366,2.110,2.521,1.195,137.557,839.250,2.429,0.163905,living
4,C,C4,C4_00769,1.403,2.104,1.939,0.921,50.590,692.663,10.349,0.073038,dead
4,C,C4,C4_00770,1.504,2.104,2.007,0.954,119.135,626.640,12.247,0.190117,dead
4,C,C4,C4_00771,2.434,2.104,2.553,1.214,153.410,769.792,2.792,0.199287,living
4,C,C4,C4_00772,1.707,2.705,2.425,0.896,66.317,674.455,2.149,0.098326,living
4,C,C4,C4_00773,1.960,1.972,2.218,1.125,140.095,757.474,2.431,0.184950,living
4,C,C4,C4_00774,0.862,2.104,1.520,0.722,23.588,540.294,61.373,0.043658,dead
4,C,C4,C4_00775,3.025,2.804,3.286,1.172,71.285,721.380,2.587,0.098817,living
4,C,C4,C4_00776,2.129,1.710,2.153,1.259,126.119,926.405,2.675,0.136138,living
4,C,C4,C4_00777,1.808,1.747,2.005,1.148,66.112,811.935,2.664,0.081425,living
4,C,C4,C4_00778,1.825,2.318,2.321,1.001,77.139,675.694,2.259,0.114162,living
4,C,C4,C4_00779,1.470,2.104,1.984,0.943,76.552,555.540,77.057,0.137797,dead
4,C,C4,C4_00780,1.538,1.646,1.795,1.091,102.747,777.110,2.604,0.132217,living
4,C,C4,C4_00781,1.758,2.104,2.170,1.031,88.029,615.183,10.356,0.143094,dead
4,C,C4,C4_00782,1.673,2.537,2.325,0.916,25.303,645.667,2.343,0.039189,living
4,C,C4,C4_00783,0.879,2.104,1.534,0.729,36.038,519.115,87.635,0.069423,dead
4,C,C4,C4_00784,1.217,2.288,1.883,0.823,83.181,623.403,2.556,0.133430,living
4,C,C4,C4_00785,2.417,2.104,2.545,1.209,67.580,631.748,25.573,0.106974,dead
4,C,C4,C4_00786,2.366,2.508,2.749,1.096,52.764,768.443,2.800,0.068664,living
4,C,C4,C4_00787,1.977,1.940,2.210,1.139,84.915,843.393,2.368,0.100682,living
4,C,C4,C4_00788,1.082,2.104,1.702,0.809,35.203,603.875,6.969,0.058295,dead
4,C,C4,C4_00789,2.451,1.992,2.493,1.252,89.766,934.890,2.303,0.096017,living
4,C,C4,C4_00790,3.245,2.983,3.511,1.177,77.005,796.193,2.771,0.096717,living
4,C,C4,C4_00791,2.011,1.848,2.175,1.177,61.697,880.924,2.588,0.070037,living
4,C,C4,C4_00792,2.636,2.104,2.657,1.263,51.635,821.314,4.994,0.062868,living
4,C,C4,C4_00793,1.893,2.104,2.252,1.070,38.857,739.768,2.982,0.052526,living
4,C,C4,C4_00794,0.693,2.143,1.375,0.642,28.756,599.317,3.024,0.047981,living
4,C,C4,C4_00795,2.265,2.104,2.463,1.171,39.321,662.903,28.918,0.059316,dead
4,C,C4,C4_00796,1.251,1.604,1.598,0.997,42.162,732.568,3.270,0.057554,living
4,C,C4,C4_00797,1.572,2.113,2.057,0.973,28.452,738.516,2.333,0.038525,living
4,C,C4,C4_00798,2.231,1.752,2.231,1.273,16.348,789.568,2.614,0.020706,living
4,C,C4,C4_00799,3.042,3.573,3.720,1.041,36.422,727.344,2.572,0.050076,living
4,C,C4,C4_00800,2.366,1.745,2.293,1.314,50.414,1043.650,2.821,0.048306,living
4,C,C4,C4_00801,2.248,1.917,2.342,1.222,68.173,879.556,2.654,0.077508,living
4,C,C4,C4_00802,1.453,2.104,1.973,0.938,32.442,685.349,28.477,0.047336,dead
4,C,C4,C4_00803,1.082,2.104,1.702,0.809,24.531,624.750,30.141,0.039266,dead
4,C,C4,C4_00804,1.217,3.108,2.195,0.706,14.097,599.389,2.778,0.023519,living
4,C,C4,C4_00805,2.045,1.846,2.192,1.188,30.860,873.678,2.777,0.035321,living
4,C,C4,C4_00806,0.845,2.575,1.664,0.646,16.480,644.700,3.140,0.025562,living
4,C,C4,C4_00807,0.896,2.323,1.628,0.701,10.962,573.358,3.509,0.019119,living
4,C,C4,C4_00808,1.217,2.054,1.784,0.869,16.917,718.056,3.028,0.023559,living
4,C,C4,C4_00809,1.724,2.623,2.400,0.915,16.510,688.990,2.471,0.023962,living
4,C,C4,C4_00810,1.082,2.104,1.702,0.809,13.391,661.047,4.078,0.020257,living
4,C,C4,C4_00811,1.606,2.789,2.388,0.856,12.937,701.600,2.579,0.018439,living
4,C,C4,C4_00812,2.079,1.927,2.259,1.172,110.244,823.829,2.463,0.133819,living
4,C,C4,C4_00813,1.301,1.829,1.741,0.952,22.961,716.429,2.532,0.032049,living
4,C,C4,C4_00814,1.622,1.645,1.843,1.120,131.521,851.875,2.323,0.154390,living
4,C,C4,C4_00815,0.997,2.104,1.634,0.777,44.712,611.102,10.746,0.073166,dead
4,C,C4,C4_00816,1.572,1.564,1.769,1.131,81.043,852.968,2.570,0.095013,living
4,C,C4,C4_00817,1.200,2.104,1.793,0.852,103.070,607.732,8.887,0.169598,dead
4,C,C4,C4_00818,1.572,1.684,1.836,1.090,95.194,811.280,2.677,0.117338,living
4,C,C4,C4_00819,1.403,2.104,1.939,0.921,89.530,598.880,3.434,0.149496,living
4,C,C4,C4_00820,1.859,1.998,2.175,1.088,137.082,763.373,2.327,0.179574,living
4,C,C4,C4_00821,2.146,1.758,2.192,1.247,90.354,947.638,2.299,0.095347,living
4,C,C4,C4_00822,1.606,2.083,2.064,0.991,107.905,833.895,2.632,0.129399,living
4,C,C4,C4_00823,1.115,2.104,1.728,0.821,44.985,586.167,3.909,0.076744,living
4,C,C4,C4_00824,2.586,2.034,2.588,1.272,85.902,887.026,2.294,0.096843,living
4,C,C4,C4_00825,0.828,2.104,1.489,0.708,52.939,600.918,4.714,0.088096,living
4,C,C4,C4_00826,1.470,1.768,1.819,1.029,57.057,793.954,2.230,0.071865,living
4,C,C4,C4_00827,1.859,2.104,2.232,1.061,36.391,781.636,11.009,0.046557,dead
4,C,C4,C4_00828,2.603,1.848,2.475,1.339,140.565,1011.526,2.240,0.138963,living
4,C,C4,C4_00829,2.265,2.104,2.463,1.171,63.619,962.940,3.201,0.066068,living
4,C,C4,C4_00830,2.113,1.679,2.125,1.266,90.624,970.864,2.736,0.093344,living
4,C,C4,C4_00831,1.656,2.104,2.106,1.001,113.633,664.429,4.204,0.171023,living
4,C,C4,C4_00832,1.656,1.865,1.983,1.063,126.592,718.684,2.806,0.176144,living
4,C,C4,C4_00833,3.329,2.104,2.986,1.419,49.091,750.421,4.360,0.065418,living
4,C,C4,C4_00834,2.941,2.496,3.057,1.225,131.644,852.253,2.489,0.154466,living
4,C,C4,C4_00835,1.453,2.104,1.973,0.938,33.337,672.942,4.488,0.049540,living
4,C,C4,C4_00836,1.589,2.566,2.278,0.888,88.468,691.585,2.553,0.127921,living
4,C,C4,C4_00837,2.772,1.754,2.488,1.419,99.518,793.567,2.665,0.125406,living
4,C,C4,C4_00838,2.214,1.578,2.109,1.337,121.420,1006.183,2.458,0.120674,living
4,C,C4,C4_00839,1.977,2.104,2.301,1.094,85.786,768.274,23.803,0.111661,dead
4,C,C4,C4_00840,1.707,1.853,2.007,1.083,54.307,846.594,2.267,0.064148,living
4,C,C4,C4_00841,1.741,2.537,2.371,0.935,85.291,703.738,2.350,0.121197,living
4,C,C4,C4_00842,2.113,1.856,2.235,1.204,62.616,925.128,2.320,0.067684,living
4,C,C4,C4_00843,1.825,1.590,1.922,1.209,77.648,951.139,2.481,0.081637,living
4,C,C4,C4_00844,1.606,1.738,1.885,1.085,53.432,916.053,2.537,0.058328,living
4,C,C4,C4_00845,1.673,1.549,1.816,1.173,59.283,969.263,2.949,0.061163,living
4,C,C4,C4_00846,1.099,2.104,1.716,0.816,14.646,636.338,5.308,0.023016,dead
4,C,C4,C4_00847,2.011,2.171,2.358,1.086,27.403,867.361,2.950,0.031594,living
4,C,C4,C4_00848,2.045,1.580,2.028,1.284,47.264,986.909,2.562,0.047891,living
4,C,C4,C4_00849,0.946,2.023,1.561,0.772,19.304,657.732,3.107,0.029349,living
4,C,C4,C4_00850,1.335,1.654,1.677,1.014,27.456,808.608,3.063,0.033954,living
4,C,C4,C4_00851,1.622,1.916,1.989,1.038,29.042,810.104,2.344,0.035849,living
4,C,C4,C4_00852,2.011,1.979,2.251,1.137,2.487,713.059,2.471,0.003488,living
4,C,C4,C4_00853,2.434,1.701,2.296,1.350,30.326,1086.097,2.354,0.027922,living
4,C,C4,C4_00854,1.927,1.737,2.064,1.188,45.035,958.991,2.263,0.046961,living
4,C,C4,C4_00855,1.470,1.731,1.800,1.040,82.000,770.713,2.851,0.106395,living
4,C,C4,C4_00856,3.380,2.104,3.009,1.430,121.790,1433.810,2.680,0.084942,living
4,C,C4,C4_00857,1.420,1.954,1.880,0.962,53.405,799.012,2.524,0.066839,living
4,C,C4,C4_00858,0.980,2.104,1.620,0.770,32.621,694.500,4.345,0.046970,living
4,C,C4,C4_00859,1.673,2.011,2.070,1.029,147.909,801.091,2.374,0.184635,living
4,C,C4,C4_00860,1.487,2.104,1.996,0.949,145.239,702.557,11.977,0.206729,dead
4,C,C4,C4_00861,2.129,1.852,2.241,1.210,114.413,997.087,2.373,0.114747,living
4,C,C4,C4_00862,2.180,2.104,2.417,1.149,116.457,728.860,6.868,0.159780,dead
4,C,C4,C4_00863,1.690,2.104,2.128,1.011,120.300,782.590,7.510,0.153720,dead
4,C,C4,C4_00864,1.149,1.715,1.584,0.924,103.059,780.294,2.971,0.132077,living
4,C,C4,C4_00865,2.011,2.002,2.264,1.131,85.118,884.899,2.655,0.096189,living
4,C,C4,C4_00866,0.980,2.104,1.620,0.770,110.603,690.672,14.241,0.160139,dead
4,C,C4,C4_00867,1.453,2.152,1.995,0.927,58.372,765.512,2.756,0.076252,living
4,C,C4,C4_00868,1.741,2.378,2.296,0.965,75.777,789.670,3.078,0.095960,living
4,C,C4,C4_00869,2.197,1.584,2.105,1.329,161.946,1182.577,2.346,0.136943,living
4,C,C4,C4_00870,0.879,2.104,1.534,0.729,28.096,690.942,9.981,0.040664,dead
4,C,C4,C4_00871,2.924,2.104,2.799,1.330,5.168,694.925,2.526,0.007436,living
4,C,C4,C4_00872,2.467,1.560,2.214,1.419,35.842,967.349,2.418,0.037052,living
4,C,C4,C4_00873,2.062,1.566,2.028,1.295,22.656,1027.008,2.369,0.022060,living
4,C,C4,C4_00874,2.400,2.176,2.579,1.185,49.063,1022.690,2.887,0.047975,living
4,C,C4,C4_00875,2.839,1.858,2.592,1.395,45.387,840.571,2.732,0.053995,living
4,C,C4,C4_00876,1.166,1.713,1.595,0.931,28.986,877.623,2.174,0.033027,living
4,C,C4,C4_00877,2.214,2.800,2.809,1.003,45.183,836.580,2.771,0.054009,living
4,C,C4,C4_00878,1.876,1.990,2.180,1.096,20.117,1019.685,2.505,0.019729,living
4,C,C4,C4_00879,2.755,1.976,2.633,1.332,2.429,1026.546,2.571,0.002367,living
4,C,C4,C4_00880,2.282,2.226,2.543,1.142,39.852,1005.867,2.874,0.039619,living
4,C,C4,C4_00881,3.262,1.635,2.606,1.594,17.565,875.606,2.477,0.020060,living
4,C,C4,C4_00882,1.876,2.104,2.242,1.066,79.892,629.730,4.820,0.126867,living
4,C,C4,C4_00883,1.555,1.885,1.932,1.025,118.533,696.283,2.554,0.170236,living
4,C,C4,C4_00884,3.008,2.427,3.049,1.256,94.910,880.096,2.410,0.107841,living
4,C,C4,C4_00885,1.420,1.798,1.803,1.003,495.560,3.321,1.988,149.200717,living
4,C,C4,C4_00886,1.082,1.769,1.561,0.882,52.000,650.750,2.500,0.079908,living
4,C,C4,C4_00887,2.467,1.892,2.438,1.288,31.007,782.658,2.596,0.039617,living
4,C,C4,C4_00888,1.859,2.716,2.535,0.934,71.173,687.536,2.536,0.103518,living
4,C,C4,C4_00889,2.282,2.476,2.682,1.083,85.600,802.141,2.778,0.106714,living
4,C,C4,C4_00890,1.470,2.104,1.984,0.943,62.529,697.414,3.862,0.089658,living
4,C,C4,C4_00891,2.772,1.808,2.526,1.397,2.439,709.183,2.348,0.003439,living
4,C,C4,C4_00892,3.008,1.283,2.217,1.728,2.343,824.545,2.382,0.002841,living
4,C,C4,C4_00893,0.879,2.640,1.719,0.651,2.827,639.788,2.481,0.004419,living
4,C,C4,C4_00894,2.434,4.398,3.692,0.839,29.174,673.431,2.736,0.043321,living
4,C,C4,C4_00895,2.028,1.474,1.951,1.324,90.617,1059.267,2.550,0.085547,living
4,C,C4,C4_00896,3.160,2.654,3.268,1.231,12.786,662.380,2.866,0.019303,living
4,C,C4,C4_00897,1.589,2.104,2.063,0.981,25.840,675.915,15.011,0.038230,dead
4,C,C4,C4_00898,0.980,2.104,1.620,0.770,23.293,667.759,10.172,0.034883,dead
4,C,C4,C4_00899,1.369,2.885,2.242,0.777,22.025,649.691,2.531,0.033900,living
4,C,C4,C4_00900,1.301,2.756,2.137,0.775,23.792,608.545,2.234,0.039097,living
4,C,C4,C4_00901,1.724,1.613,1.882,1.167,127.931,805.990,2.990,0.158726,living
4,C,C4,C4_00902,1.910,2.104,2.262,1.075,131.354,666.743,36.496,0.197008,dead
4,C,C4,C4_00903,2.586,2.580,2.915,1.130,87.810,731.778,2.464,0.119996,living
4,C,C4,C4_00904,1.741,2.596,2.399,0.924,95.019,650.359,2.767,0.146103,living
4,C,C4,C4_00905,2.890,1.635,2.453,1.500,2.310,722.901,2.538,0.003195,living
4,C,C4,C4_00906,1.910,1.558,1.947,1.249,74.814,855.788,2.469,0.087421,living
4,C,C4,C4_00907,2.349,1.205,1.898,1.575,2.424,715.906,2.259,0.003387,living
4,C,C4,C4_00908,1.673,2.104,2.117,1.006,21.242,642.152,11.091,0.033080,dead
4,C,C4,C4_00909,0.913,2.104,1.564,0.743,19.037,652.019,9.889,0.029197,dead
4,C,C4,C4_00910,2.586,2.685,2.973,1.107,25.882,801.320,2.699,0.032300,living
4,C,C4,C4_00911,2.687,1.840,2.509,1.364,65.252,836.572,2.038,0.077999,living
4,C,C4,C4_00912,2.011,2.040,2.285,1.120,128.882,689.563,2.580,0.186904,living
4,C,C4,C4_00913,1.775,1.713,1.968,1.149,124.810,772.219,2.495,0.161625,living
4,C,C4,C4_00914,2.653,1.874,2.516,1.343,2.611,721.274,2.771,0.003621,living
4,C,C4,C4_00915,2.197,2.104,2.426,1.153,96.669,592.869,46.177,0.163053,dead
4,C,C4,C4_00916,2.873,2.085,2.762,1.325,96.976,892.700,2.288,0.108633,living
4,C,C4,C4_00917,2.687,1.338,2.140,1.599,2.780,790.585,2.591,0.003516,living
4,C,C4,C4_00918,1.318,1.563,1.620,1.036,58.167,751.244,2.859,0.077427,living
4,C,C4,C4_00919,2.180,1.563,2.083,1.333,7.597,832.326,2.667,0.009127,living
4,C,C4,C4_00920,1.589,1.829,1.924,1.052,16.819,726.340,2.904,0.023156,living
4,C,C4,C4_00921,2.941,1.933,2.690,1.392,3.287,741.690,2.184,0.004432,living
4,C,C4,C4_00922,1.301,2.545,2.053,0.807,11.247,592.481,2.584,0.018982,living
4,C,C4,C4_00923,1.200,2.779,2.061,0.741,10.958,598.141,2.042,0.018320,living
4,C,C4,C4_00924,1.403,1.517,1.646,1.085,32.711,824.651,2.012,0.039666,living
4,C,C4,C4_00925,1.673,2.104,2.117,1.006,105.475,652.768,7.566,0.161581,dead
4,C,C4,C4_00926,1.859,2.104,2.232,1.061,50.264,637.464,11.136,0.078849,dead
4,C,C4,C4_00927,2.552,1.538,2.235,1.454,79.079,747.675,2.450,0.105767,living
4,C,C4,C4_00928,1.487,2.024,1.958,0.967,20.432,638.864,2.386,0.031982,living
4,C,C4,C4_00929,2.417,2.587,2.822,1.091,2.105,687.867,2.147,0.003060,living
4,C,C4,C4_00930,1.082,2.104,1.702,0.809,63.969,685.656,9.172,0.093296,dead
4,C,C4,C4_00931,3.110,1.661,2.565,1.544,134.462,810.261,2.353,0.165949,living
4,C,C4,C4_00932,2.636,1.250,2.048,1.639,28.231,852.763,2.647,0.033105,living
4,C,C4,C4_00933,1.082,2.104,1.702,0.809,36.016,656.328,11.141,0.054874,dead
4,C,C4,C4_00934,2.298,3.420,3.163,0.925,33.846,694.081,2.574,0.048763,living
4,C,C4,C4_00935,1.994,1.667,2.057,1.234,86.381,843.568,2.720,0.102400,living
4,C,C4,C4_00936,2.991,3.357,3.576,1.065,129.695,644.107,2.384,0.201356,living
4,C,C4,C4_00937,3.228,1.893,2.789,1.473,28.812,718.298,2.293,0.040111,living
4,C,C4,C4_00938,2.569,1.665,2.334,1.402,90.855,786.829,2.283,0.115470,living
4,C,C4,C4_00939,2.096,2.104,2.370,1.126,102.177,688.823,3.323,0.148336,living
4,C,C4,C4_00940,2.248,1.759,2.244,1.276,146.180,898.466,2.564,0.162700,living
4,C,C4,C4_00941,1.927,1.926,2.174,1.129,62.500,809.781,2.579,0.077181,living
4,C,C4,C4_00942,1.724,1.686,1.924,1.141,2.451,634.833,2.608,0.003861,living
4,C,C4,C4_00943,1.420,2.104,1.950,0.927,74.179,647.607,79.738,0.114543,dead
4,C,C4,C4_00944,1.470,1.822,1.847,1.014,81.598,762.207,2.368,0.107055,living
4,C,C4,C4_00945,0.930,2.104,1.578,0.750,20.636,661.818,12.855,0.031181,dead
4,C,C4,C4_00946,2.721,1.984,2.622,1.321,57.820,873.466,2.528,0.066196,living
4,C,C4,C4_00947,1.825,3.001,2.641,0.880,28.176,665.917,3.046,0.042311,living
4,C,C4,C4_00948,1.555,2.138,2.057,0.962,28.837,764.380,2.402,0.037726,living
4,C,C4,C4_00949,1.504,2.104,2.007,0.954,14.449,636.809,4.056,0.022690,living
4,C,C4,C4_00950,2.755,2.681,3.067,1.144,20.417,777.098,2.663,0.026274,living
4,C,C4,C4_00951,0.913,2.028,1.535,0.757,15.074,645.019,3.167,0.023370,living
4,C,C4,C4_00952,1.707,1.576,1.851,1.174,78.119,734.248,2.772,0.106393,living
4,C,C4,C4_00953,1.335,2.382,2.012,0.845,120.709,619.494,2.823,0.194851,living
4,C,C4,C4_00954,1.893,2.771,2.584,0.933,73.670,657.982,2.330,0.111963,living
4,C,C4,C4_00955,1.707,1.917,2.041,1.065,112.653,724.634,2.297,0.155463,living
4,C,C4,C4_00956,1.453,2.505,2.153,0.859,36.198,663.267,2.209,0.054575,living
4,C,C4,C4_00957,2.045,2.104,2.341,1.112,120.983,696.264,7.694,0.173761,dead
4,C,C4,C4_00958,2.197,1.955,2.339,1.196,150.115,865.162,2.692,0.173511,living
4,C,C4,C4_00959,1.859,1.103,1.616,1.465,11.818,704.455,2.100,0.016776,living
4,C,C4,C4_00960,1.200,2.104,1.793,0.852,25.127,660.169,19.690,0.038061,dead
4,C,C4,C4_00961,1.977,2.104,2.301,1.094,3.291,890.521,3.000,0.003695,living
4,C,C4,C4_00962,1.606,3.512,2.680,0.763,15.211,632.505,2.958,0.024048,living
4,C,C4,C4_00963,0.879,1.871,1.447,0.773,18.673,666.346,2.096,0.028023,living
4,C,C4,C4_00964,2.129,3.612,3.129,0.866,14.571,643.984,2.556,0.022627,living
4,C,C4,C4_00965,2.704,1.658,2.389,1.441,7.088,699.044,2.188,0.010139,living
4,C,C4,C4_00966,2.146,1.833,2.238,1.221,126.000,922.969,2.276,0.136516,living
4,C,C4,C4_00967,1.622,3.548,2.707,0.763,58.573,654.854,2.010,0.089444,living
4,C,C4,C4_00968,1.572,2.104,2.052,0.975,26.075,700.140,14.247,0.037243,dead
4,C,C4,C4_00969,2.248,1.685,2.196,1.303,106.970,959.992,2.233,0.111428,living
4,C,C4,C4_00970,1.859,1.991,2.171,1.090,113.745,791.809,2.191,0.143653,living
4,C,C4,C4_00971,1.352,2.986,2.267,0.759,97.237,638.712,2.562,0.152240,living
4,C,C4,C4_00972,2.366,1.441,2.084,1.446,34.436,984.207,2.743,0.034988,living
4,C,C4,C4_00973,0.879,1.874,1.448,0.773,72.788,668.846,2.231,0.108827,living
4,C,C4,C4_00974,3.160,2.104,2.909,1.383,140.139,812.000,6.492,0.172585,dead
4,C,C4,C4_00975,0.930,1.724,1.429,0.829,2.309,716.345,2.800,0.003223,living
4,C,C4,C4_00976,3.076,1.440,2.375,1.649,2.626,1125.824,2.319,0.002333,living
4,C,C4,C4_00977,2.096,1.811,2.198,1.214,171.024,893.903,2.629,0.191323,living
4,C,C4,C4_00978,1.927,2.486,2.470,0.993,77.105,758.456,2.491,0.101661,living
4,C,C4,C4_00979,0.828,2.104,1.489,0.708,42.102,666.755,7.837,0.063145,dead
4,C,C4,C4_00980,2.332,2.817,2.892,1.027,76.022,692.688,2.493,0.109749,living
4,C,C4,C4_00981,1.352,1.623,1.671,1.030,3.013,774.850,2.737,0.003888,living
4,C,C4,C4_00982,3.076,1.484,2.411,1.625,3.698,819.275,2.571,0.004514,living
4,C,C4,C4_00983,1.775,1.410,1.785,1.266,121.105,1035.657,2.200,0.116935,living
4,C,C4,C4_00984,2.518,2.104,2.597,1.234,102.087,907.094,6.268,0.112543,dead
4,C,C4,C4_00985,1.437,2.167,1.991,0.919,30.094,757.918,2.306,0.039706,living
4,C,C4,C4_00986,1.420,1.233,1.493,1.211,1.988,566.274,2.393,0.003511,living
4,C,C4,C4_00987,2.197,2.047,2.393,1.169,59.615,868.646,2.338,0.068630,living
4,C,C4,C4_00988,0.727,1.635,1.230,0.752,65.302,677.093,2.581,0.096445,living
4,C,C4,C4_00989,1.301,1.614,1.635,1.013,122.156,785.247,2.766,0.155564,living
4,C,C4,C4_00990,1.369,2.104,1.915,0.910,57.469,625.802,13.469,0.091833,dead
4,C,C4,C4_00991,0.896,2.104,1.549,0.736,32.377,565.642,45.698,0.057240,dead
4,C,C4,C4_00992,2.045,2.059,2.315,1.125,32.645,825.983,2.909,0.039522,living
4,C,C4,C4_00993,2.839,1.112,2.005,1.803,83.327,974.613,2.750,0.085498,living
4,C,C4,C4_00994,2.113,2.025,2.334,1.153,83.760,878.392,2.744,0.095356,living
4,C,C4,C4_00995,2.822,1.541,2.353,1.527,35.479,938.503,2.533,0.037804,living
4,C,C4,C4_00996,1.707,1.774,1.964,1.107,87.802,822.812,2.406,0.106710,living
4,C,C4,C4_00997,2.670,2.523,2.929,1.161,115.095,828.905,2.861,0.138852,living
4,C,C4,C4_00998,1.707,2.198,2.186,0.994,67.545,770.307,2.683,0.087685,living
4,C,C4,C4_00999,2.721,2.104,2.700,1.283,84.075,690.180,23.466,0.121815,dead
4,C,C4,C4_01000,1.893,2.104,2.252,1.070,64.759,719.911,3.429,0.089954,living
4,C,C4,C4_01001,1.487,1.751,1.821,1.040,66.432,786.477,2.511,0.084468,living
4,C,C4,C4_01002,2.755,3.773,3.638,0.964,57.380,733.387,2.479,0.078240,living
4,C,C4,C4_01003,1.758,1.661,1.928,1.161,38.558,899.952,2.519,0.042844,living
4,C,C4,C4_01004,1.690,3.156,2.606,0.826,50.050,739.260,2.670,0.067703,living
4,C,C4,C4_01005,2.079,1.878,2.230,1.187,75.220,987.138,2.228,0.076200,living
4,C,C4,C4_01006,2.603,2.123,2.653,1.249,46.760,954.805,2.623,0.048973,living
4,C,C4,C4_01007,1.825,3.028,2.653,0.876,48.463,729.787,2.593,0.066407,living
4,C,C4,C4_01008,1.386,1.871,1.817,0.971,39.537,856.341,2.585,0.046169,living
4,C,C4,C4_01009,2.265,2.037,2.424,1.190,36.836,948.060,3.022,0.038854,living
4,C,C4,C4_01010,0.811,2.104,1.474,0.701,20.000,694.375,20.708,0.028803,dead
4,C,C4,C4_01011,0.811,2.104,1.474,0.701,14.854,678.271,4.729,0.021900,living
4,C,C4,C4_01012,1.453,2.116,1.979,0.935,2.605,753.372,2.070,0.003457,living
4,C,C4,C4_01013,0.811,2.101,1.473,0.701,12.500,671.688,2.167,0.018610,living
4,C,C4,C4_01014,1.775,3.855,2.952,0.766,38.457,630.171,2.724,0.061026,living
4,C,C4,C4_01015,2.552,2.429,2.809,1.157,67.735,732.596,2.397,0.092459,living
4,C,C4,C4_01016,1.082,1.607,1.488,0.926,36.969,675.906,2.844,0.054695,living
4,C,C4,C4_01017,1.572,1.457,1.708,1.172,54.849,662.871,2.290,0.082745,living
4,C,C4,C4_01018,1.960,2.134,2.308,1.081,103.793,696.931,2.310,0.148929,living
4,C,C4,C4_01019,2.113,2.104,2.379,1.131,132.360,750.480,5.368,0.176367,dead
4,C,C4,C4_01020,1.673,1.601,1.847,1.153,137.242,793.990,2.808,0.172852,living
4,C,C4,C4_01021,1.977,2.175,2.340,1.076,67.453,754.598,2.282,0.089389,living
4,C,C4,C4_01022,1.893,1.708,2.029,1.188,152.080,829.054,2.616,0.183439,living
4,C,C4,C4_01023,2.214,1.611,2.131,1.323,175.985,925.023,2.282,0.190249,living
4,C,C4,C4_01024,1.758,2.104,2.170,1.031,38.433,585.471,3.808,0.065644,living
4,C,C4,C4_01025,2.197,1.918,2.316,1.208,96.708,849.715,2.369,0.113812,living
4,C,C4,C4_01026,1.741,2.104,2.160,1.026,124.010,686.505,6.922,0.180639,dead
4,C,C4,C4_01027,1.808,2.104,2.201,1.046,115.607,612.430,6.495,0.188769,dead
4,C,C4,C4_01028,2.552,2.385,2.784,1.167,119.331,667.119,2.325,0.178875,living
4,C,C4,C4_01029,2.045,2.204,2.396,1.087,143.529,695.298,2.455,0.206428,living
4,C,C4,C4_01030,1.369,1.725,1.734,1.005,48.951,741.543,2.358,0.066012,living
4,C,C4,C4_01031,1.318,2.104,1.879,0.893,106.641,667.346,3.833,0.159799,living
4,C,C4,C4_01032,0.879,1.553,1.318,0.849,68.231,645.558,2.712,0.105693,living
4,C,C4,C4_01033,2.315,1.869,2.347,1.256,99.044,836.956,2.387,0.118338,living
4,C,C4,C4_01034,2.129,2.104,2.388,1.135,115.381,648.452,18.413,0.177933,dead
4,C,C4,C4_01035,1.994,2.053,2.283,1.112,82.941,766.542,2.500,0.108201,living
4,C,C4,C4_01036,1.707,2.104,2.138,1.016,124.644,762.069,9.040,0.163559,dead
4,C,C4,C4_01037,2.383,1.964,2.441,1.243,75.064,832.021,2.858,0.090219,living
4,C,C4,C4_01038,1.876,1.927,2.145,1.113,103.243,799.748,2.856,0.129095,living
4,C,C4,C4_01039,0.744,1.887,1.337,0.709,2.659,547.182,2.091,0.004860,living
4,C,C4,C4_01040,2.079,2.137,2.378,1.113,112.805,785.016,2.659,0.143698,living
4,C,C4,C4_01041,1.673,1.564,1.825,1.167,28.485,676.232,6.636,0.042123,dead
4,C,C4,C4_01042,2.248,2.142,2.476,1.156,57.602,845.692,2.368,0.068112,living
4,C,C4,C4_01043,3.008,2.003,2.770,1.383,78.022,881.253,2.421,0.088536,living
4,C,C4,C4_01044,2.163,2.104,2.407,1.144,37.719,731.516,2.977,0.051562,living
4,C,C4,C4_01045,3.245,1.585,2.559,1.615,2.906,838.062,2.552,0.003468,living
4,C,C4,C4_01046,2.197,2.104,2.426,1.153,29.800,837.562,2.669,0.035579,living
4,C,C4,C4_01047,2.636,3.017,3.182,1.055,86.154,760.474,2.564,0.113290,living
4,C,C4,C4_01048,2.315,1.870,2.348,1.255,97.774,891.007,2.365,0.109734,living
4,C,C4,C4_01049,2.383,3.134,3.084,0.984,23.738,715.546,2.787,0.033174,living
4,C,C4,C4_01050,2.805,1.870,2.584,1.382,2.620,996.928,2.235,0.002629,living
4,C,C4,C4_01051,3.363,2.104,3.001,1.427,14.322,620.784,7.121,0.023070,dead
4,C,C4,C4_01052,1.014,2.104,1.648,0.783,44.800,668.083,86.700,0.067058,dead
4,C,C4,C4_01053,2.129,2.246,2.467,1.099,37.881,777.452,2.698,0.048724,living
4,C,C4,C4_01054,1.944,1.900,2.169,1.141,50.104,834.539,2.391,0.060038,living
4,C,C4,C4_01055,1.132,2.092,1.736,0.830,22.522,692.507,2.373,0.032523,living
4,C,C4,C4_01056,1.893,1.676,2.010,1.199,10.214,887.571,2.491,0.011508,living
4,C,C4,C4_01057,2.772,1.789,2.513,1.405,21.061,818.079,2.317,0.025744,living
4,C,C4,C4_01058,3.296,1.728,2.693,1.558,9.595,799.262,3.113,0.012005,living
4,C,C4,C4_01059,1.048,2.554,1.846,0.723,20.194,645.194,1.935,0.031298,living
4,C,C4,C4_01060,1.977,2.126,2.313,1.088,12.692,777.256,2.701,0.016330,living
4,C,C4,C4_01061,1.166,2.710,2.006,0.740,22.072,680.101,2.826,0.032455,living
4,C,C4,C4_01062,2.366,2.089,2.509,1.201,2.507,536.693,2.314,0.004671,living
4,C,C4,C4_01063,0.845,2.724,1.712,0.628,14.440,620.680,2.720,0.023265,living
4,C,C4,C4_01064,1.724,1.828,2.003,1.096,20.971,871.961,2.255,0.024050,living
4,C,C4,C4_01065,1.284,1.521,1.577,1.037,95.184,686.553,2.276,0.138641,living
4,C,C4,C4_01066,1.842,2.426,2.385,0.983,24.872,696.174,2.312,0.035726,living
4,C,C4,C4_01067,0.930,1.922,1.509,0.785,63.691,606.382,2.891,0.105034,living
4,C,C4,C4_01068,1.352,2.081,1.893,0.910,28.137,625.500,2.450,0.044984,living
4,C,C4,C4_01069,1.960,1.670,2.041,1.222,109.991,825.845,3.069,0.133186,living
4,C,C4,C4_01070,1.470,1.835,1.853,1.010,122.241,682.241,2.241,0.179176,living
4,C,C4,C4_01071,1.301,2.124,1.876,0.883,93.610,624.649,2.338,0.149861,living
4,C,C4,C4_01072,2.518,2.406,2.777,1.154,63.403,615.792,2.497,0.102961,living
4,C,C4,C4_01073,2.129,1.981,2.317,1.170,114.619,777.302,1.865,0.147458,living
4,C,C4,C4_01074,2.687,2.268,2.786,1.228,124.396,851.616,2.283,0.146071,living
4,C,C4,C4_01075,1.099,1.995,1.671,0.837,65.523,648.092,2.277,0.101101,living
4,C,C4,C4_01076,3.076,2.959,3.404,1.150,83.143,765.495,2.643,0.108613,living
4,C,C4,C4_01077,2.332,2.414,2.677,1.109,118.804,663.935,2.065,0.178940,living
4,C,C4,C4_01078,2.805,2.153,2.773,1.288,140.373,877.994,2.554,0.159880,living
4,C,C4,C4_01079,2.670,1.875,2.525,1.347,138.899,872.411,2.614,0.159212,living
4,C,C4,C4_01080,1.775,2.104,2.181,1.036,93.419,724.810,3.781,0.128888,living
4,C,C4,C4_01081,2.062,2.104,2.350,1.117,39.057,672.402,11.730,0.058086,dead
4,C,C4,C4_01082,2.214,2.115,2.442,1.154,102.061,760.061,2.122,0.134280,living
4,C,C4,C4_01083,1.622,2.104,2.084,0.991,96.490,674.573,6.260,0.143038,dead
4,C,C4,C4_01084,2.670,2.948,3.166,1.074,89.753,744.823,2.563,0.120503,living
4,C,C4,C4_01085,2.163,2.426,2.585,1.065,79.641,720.953,2.469,0.110466,living
4,C,C4,C4_01086,2.197,2.138,2.446,1.144,49.500,783.246,2.500,0.063199,living
4,C,C4,C4_01087,1.724,2.104,2.149,1.021,44.520,639.667,13.961,0.069598,dead
4,C,C4,C4_01088,1.893,2.104,2.252,1.070,89.036,848.946,2.938,0.104878,living
4,C,C4,C4_01089,1.690,1.465,1.775,1.212,69.110,879.470,2.610,0.078581,living
4,C,C4,C4_01090,1.572,1.550,1.761,1.136,60.333,802.441,2.151,0.075187,living
4,C,C4,C4_01091,3.008,2.202,2.904,1.319,42.573,834.843,2.331,0.050995,living
4,C,C4,C4_01092,1.673,1.922,2.023,1.053,58.051,750.424,2.515,0.077357,living
4,C,C4,C4_01093,1.673,2.195,2.162,0.985,22.242,718.323,2.869,0.030964,living
4,C,C4,C4_01094,1.808,1.632,1.938,1.188,50.103,867.224,2.364,0.057774,living
4,C,C4,C4_01095,2.045,2.660,2.632,0.989,38.537,686.198,2.446,0.056160,living
4,C,C4,C4_01096,1.707,2.641,2.396,0.907,31.802,652.693,2.624,0.048724,living
4,C,C4,C4_01097,2.467,2.582,2.848,1.103,52.418,733.918,2.315,0.071422,living
4,C,C4,C4_01098,2.586,2.104,2.632,1.251,55.078,792.124,15.261,0.069533,dead
4,C,C4,C4_01099,2.569,2.865,3.061,1.069,25.592,664.033,2.493,0.038540,living
4,C,C4,C4_01100,2.315,2.231,2.564,1.149,27.292,807.723,2.299,0.033789,living
4,C,C4,C4_01101,1.065,2.104,1.689,0.803,20.683,587.079,4.508,0.035230,living
4,C,C4,C4_01102,1.758,2.378,2.307,0.970,40.019,707.038,2.817,0.056601,living
4,C,C4,C4_01103,1.166,1.785,1.628,0.912,35.536,703.029,2.304,0.050547,living
4,C,C4,C4_01104,3.025,3.052,3.429,1.123,29.397,801.626,2.073,0.036671,living
4,C,C4,C4_01105,1.622,1.608,1.822,1.133,34.031,816.490,2.656,0.041680,living
4,C,C4,C4_01106,0.896,2.104,1.549,0.736,16.642,603.849,10.868,0.027559,dead
4,C,C4,C4_01107,1.335,2.602,2.103,0.808,15.696,653.835,2.722,0.024006,living
4,C,C4,C4_01108,1.301,2.104,1.867,0.887,15.532,620.208,8.818,0.025044,dead
4,C,C4,C4_01109,2.315,1.446,2.064,1.428,4.599,881.445,2.445,0.005217,living
4,C,C4,C4_01110,1.639,2.104,2.095,0.996,20.711,669.320,3.258,0.030944,living
4,C,C4,C4_01111,1.132,2.104,1.741,0.828,13.030,662.642,6.687,0.019663,dead
4,C,C4,C4_01112,1.420,1.999,1.901,0.951,22.000,792.155,2.119,0.027772,living
4,C,C4,C4_01113,1.977,1.885,2.178,1.156,19.333,831.709,2.436,0.023245,living
4,C,C4,C4_01114,1.115,2.884,2.023,0.702,13.076,595.197,3.470,0.021969,living
4,C,C4,C4_01115,1.521,1.971,1.954,0.991,17.722,771.211,2.656,0.022980,living
4,C,C4,C4_01116,0.963,1.855,1.508,0.813,14.561,657.228,3.158,0.022156,living
4,C,C4,C4_01117,1.420,2.112,1.954,0.925,17.298,701.238,2.905,0.024667,living
4,C,C4,C4_01118,1.031,1.826,1.548,0.848,103.213,761.377,2.393,0.135561,living
4,C,C4,C4_01119,1.555,2.032,2.006,0.987,82.239,744.663,2.772,0.110438,living
4,C,C4,C4_01120,1.673,2.956,2.509,0.849,24.273,738.343,2.303,0.032875,living
4,C,C4,C4_01121,1.284,2.104,1.855,0.882,97.882,624.303,9.803,0.156785,dead
4,C,C4,C4_01122,1.622,1.612,1.825,1.132,134.292,848.781,3.188,0.158217,living
4,C,C4,C4_01123,2.467,2.609,2.863,1.097,129.041,815.336,2.664,0.158267,living
4,C,C4,C4_01124,0.828,2.104,1.489,0.708,55.388,670.612,4.633,0.082593,living
4,C,C4,C4_01125,0.845,2.104,1.505,0.715,25.640,704.980,3.880,0.036370,living
4,C,C4,C4_01126,1.048,2.040,1.650,0.809,86.532,697.839,2.548,0.124000,living
4,C,C4,C4_01127,2.400,1.339,2.023,1.511,8.732,996.845,2.338,0.008760,living
4,C,C4,C4_01128,1.673,2.293,2.210,0.964,29.030,773.101,2.242,0.037550,living
4,C,C4,C4_01129,0.997,1.855,1.535,0.827,64.864,726.424,2.712,0.089293,living
4,C,C4,C4_01130,1.606,2.110,2.077,0.984,117.979,747.084,2.884,0.157919,living
4,C,C4,C4_01131,2.518,1.529,2.214,1.448,216.268,1228.664,2.919,0.176019,living
4,C,C4,C4_01132,1.369,2.104,1.915,0.910,59.012,664.074,6.667,0.088864,dead
4,C,C4,C4_01133,2.265,2.407,2.635,1.095,114.985,814.015,2.478,0.141257,living
4,C,C4,C4_01134,1.470,1.832,1.852,1.011,94.943,814.966,2.655,0.116499,living
4,C,C4,C4_01135,2.755,2.350,2.871,1.222,166.982,907.902,2.423,0.183920,living
4,C,C4,C4_01136,1.521,1.949,1.943,0.997,43.422,829.367,3.178,0.052356,living
4,C,C4,C4_01137,1.825,1.442,1.830,1.269,176.611,983.444,2.907,0.179584,living
4,C,C4,C4_01138,2.451,2.104,2.562,1.218,159.717,831.669,3.469,0.192044,living
4,C,C4,C4_01139,1.876,2.769,2.572,0.929,120.333,712.658,2.369,0.168852,living
4,C,C4,C4_01140,1.622,2.104,2.084,0.991,146.427,695.167,79.823,0.210636,dead
4,C,C4,C4_01141,1.656,2.219,2.163,0.975,139.439,734.388,2.612,0.189871,living
4,C,C4,C4_01142,1.487,2.716,2.268,0.835,39.443,761.864,3.080,0.051772,living
4,C,C4,C4_01143,1.876,2.104,2.242,1.066,145.793,731.667,67.243,0.199261,dead
4,C,C4,C4_01144,1.859,2.218,2.291,1.033,112.727,817.982,2.236,0.137811,living
4,C,C4,C4_01145,1.065,2.104,1.689,0.803,30.730,731.254,84.492,0.042024,dead
4,C,C4,C4_01146,1.470,1.665,1.765,1.060,42.023,827.080,2.713,0.050809,living
4,C,C4,C4_01147,1.014,2.104,1.648,0.783,73.383,698.867,6.350,0.105003,dead
4,C,C4,C4_01148,1.301,2.184,1.902,0.871,30.013,732.182,2.571,0.040991,living
4,C,C4,C4_01149,2.146,3.128,2.924,0.935,64.921,781.622,2.480,0.083060,living
4,C,C4,C4_01150,2.535,2.104,2.606,1.239,61.473,826.013,3.013,0.074422,living
4,C,C4,C4_01151,1.099,2.104,1.716,0.816,27.615,677.077,8.046,0.040786,dead
4,C,C4,C4_01152,2.552,2.498,2.849,1.141,34.000,955.411,2.702,0.035587,living
4,C,C4,C4_01153,1.741,1.800,1.998,1.110,43.631,1029.515,3.078,0.042380,living
4,C,C4,C4_01154,1.403,2.104,1.939,0.921,43.614,774.602,26.892,0.056306,dead
4,C,C4,C4_01155,1.741,2.214,2.215,1.001,46.068,876.553,2.689,0.052556,living
4,C,C4,C4_01156,1.960,1.720,2.072,1.205,40.716,1025.914,2.353,0.039687,living
4,C,C4,C4_01157,1.470,1.971,1.921,0.974,20.494,871.241,2.460,0.023523,living
4,C,C4,C4_01158,1.301,1.512,1.583,1.047,21.494,913.442,1.883,0.023530,living
4,C,C4,C4_01159,1.217,2.104,1.806,0.858,81.625,522.500,51.653,0.156220,dead
4,C,C4,C4_01160,0.896,2.104,1.549,0.736,68.925,509.434,19.849,0.135296,dead
4,C,C4,C4_01161,2.484,2.104,2.580,1.226,53.061,552.442,4.136,0.096048,living
4,C,C4,C4_01162,1.656,2.162,2.135,0.988,87.163,601.112,2.480,0.145003,living
4,C,C4,C4_01163,2.670,2.222,2.748,1.237,26.348,690.532,2.468,0.038156,living
4,C,C4,C4_01164,1.639,2.104,2.095,0.996,78.082,571.423,16.082,0.136646,dead
4,C,C4,C4_01165,2.045,2.068,2.320,1.122,28.562,714.174,2.851,0.039993,living
4,C,C4,C4_01166,2.062,2.163,2.383,1.102,51.697,708.189,2.516,0.072999,living
4,C,C4,C4_01167,2.501,1.731,2.348,1.356,87.196,880.284,2.777,0.099054,living
4,C,C4,C4_01168,2.146,2.859,2.795,0.978,27.866,629.283,2.803,0.044282,living
4,C,C4,C4_01169,1.606,2.104,2.074,0.986,41.905,623.663,86.695,0.067192,dead
4,C,C4,C4_01170,1.504,2.529,2.201,0.870,30.663,611.674,2.730,0.050130,living
4,C,C4,C4_01171,0.913,2.013,1.530,0.760,32.815,572.963,2.167,0.057272,living
4,C,C4,C4_01172,2.180,2.104,2.417,1.149,43.698,655.302,24.233,0.066683,dead
4,C,C4,C4_01173,1.775,2.432,2.344,0.964,38.429,654.905,2.238,0.058678,living
4,C,C4,C4_01174,3.008,1.304,2.235,1.714,2.579,536.871,2.298,0.004803,living
4,C,C4,C4_01175,1.115,1.903,1.644,0.864,14.288,590.485,2.227,0.024197,living
4,C,C4,C4_01176,2.248,1.460,2.044,1.400,2.579,577.383,2.233,0.004467,living
4,C,C4,C4_01177,1.166,2.597,1.964,0.756,39.507,657.551,3.014,0.060082,living
4,C,C4,C4_01178,1.673,2.104,2.117,1.006,65.384,610.939,7.172,0.107022,dead
4,C,C4,C4_01179,1.791,1.499,1.849,1.233,12.189,887.642,2.151,0.013732,living
4,C,C4,C4_01180,1.876,1.833,2.092,1.142,117.000,833.063,3.180,0.140446,living
4,C,C4,C4_01181,2.366,2.146,2.543,1.185,113.321,736.521,2.379,0.153860,living
4,C,C4,C4_01182,2.282,2.351,2.614,1.112,78.719,762.319,2.800,0.103262,living
4,C,C4,C4_01183,1.251,2.104,1.831,0.870,74.257,774.270,28.338,0.095905,dead
4,C,C4,C4_01184,2.890,2.104,2.782,1.322,2.673,948.953,2.643,0.002816,living
4,C,C4,C4_01185,1.724,1.706,1.935,1.134,129.431,865.353,2.245,0.149571,living
4,C,C4,C4_01186,1.876,1.668,1.996,1.197,91.234,958.261,2.351,0.095208,living
4,C,C4,C4_01187,1.166,2.104,1.767,0.840,93.058,644.362,92.580,0.144419,dead
4,C,C4,C4_01188,1.555,1.588,1.773,1.117,61.174,901.630,2.935,0.067848,living
4,C,C4,C4_01189,0.879,1.915,1.464,0.764,60.404,680.288,2.750,0.088792,living
4,C,C4,C4_01190,2.079,1.936,2.264,1.169,88.740,901.463,2.585,0.098440,living
4,C,C4,C4_01191,2.569,2.452,2.832,1.155,2.303,873.204,2.724,0.002637,living
4,C,C4,C4_01192,2.890,2.102,2.781,1.323,2.404,839.374,2.953,0.002863,living
4,C,C4,C4_01193,1.808,1.733,1.997,1.153,43.215,957.963,2.860,0.045111,living
4,C,C4,C4_01194,1.183,2.546,1.958,0.769,41.814,537.000,2.557,0.077866,living
4,C,C4,C4_01195,1.876,1.896,2.128,1.122,9.045,554.369,2.541,0.016316,living
4,C,C4,C4_01196,0.980,2.104,1.620,0.770,66.862,472.069,70.431,0.141636,dead
4,C,C4,C4_01197,1.318,1.388,1.526,1.100,2.628,481.000,2.654,0.005464,living
4,C,C4,C4_01198,3.312,1.459,2.480,1.700,120.194,880.163,2.362,0.136559,living
4,C,C4,C4_01199,2.552,1.817,2.430,1.337,72.510,562.470,2.258,0.128913,living
4,C,C4,C4_01200,2.451,2.074,2.544,1.227,128.310,702.834,3.145,0.182561,living
4,C,C4,C4_01201,2.620,1.808,2.456,1.358,26.942,624.323,2.284,0.043154,living
4,C,C4,C4_01202,2.400,1.339,2.023,1.511,2.423,523.197,2.451,0.004630,living
4,C,C4,C4_01203,1.910,2.486,2.459,0.989,53.876,618.770,2.566,0.087070,living
4,C,C4,C4_01204,2.924,1.562,2.411,1.544,45.855,737.289,2.497,0.062195,living
4,C,C4,C4_01205,2.569,2.458,2.835,1.154,27.151,668.230,2.625,0.040632,living
4,C,C4,C4_01206,1.741,2.104,2.160,1.026,19.350,585.214,8.262,0.033064,dead
4,C,C4,C4_01207,2.180,2.104,2.417,1.149,38.000,646.349,12.279,0.058792,dead
4,C,C4,C4_01208,2.079,2.104,2.360,1.122,46.236,630.780,4.837,0.073299,living
4,C,C4,C4_01209,2.129,1.763,2.186,1.240,53.095,845.468,2.413,0.062800,living
4,C,C4,C4_01210,1.335,2.104,1.891,0.899,16.797,567.924,16.873,0.029577,dead
4,C,C4,C4_01211,1.589,3.395,2.621,0.772,18.798,561.713,2.319,0.033465,living
4,C,C4,C4_01212,2.062,1.897,2.232,1.176,41.975,743.672,2.467,0.056443,living
4,C,C4,C4_01213,1.301,2.540,2.051,0.808,17.325,579.065,2.403,0.029918,living
4,C,C4,C4_01214,2.941,2.139,2.830,1.323,2.448,724.218,2.368,0.003381,living
4,C,C4,C4_01215,1.014,2.231,1.697,0.761,10.667,562.683,2.533,0.018957,living
4,C,C4,C4_01216,0.727,2.606,1.553,0.596,73.140,630.023,2.651,0.116090,living
4,C,C4,C4_01217,1.470,2.231,2.043,0.916,2.770,761.609,2.529,0.003637,living
4,C,C4,C4_01218,0.710,2.104,1.379,0.655,31.690,600.929,3.571,0.052736,living
4,C,C4,C4_01219,1.758,2.060,2.147,1.042,136.212,785.490,2.538,0.173410,living
4,C,C4,C4_01220,2.248,2.104,2.454,1.166,78.639,777.241,2.677,0.101177,living
4,C,C4,C4_01221,2.467,1.556,2.211,1.421,134.233,1020.856,2.692,0.131490,living
4,C,C4,C4_01222,1.910,2.365,2.398,1.014,74.584,776.398,2.549,0.096064,living
4,C,C4,C4_01223,1.234,3.585,2.373,0.662,34.795,619.123,2.329,0.056200,living
4,C,C4,C4_01224,1.369,1.917,1.828,0.954,30.346,860.988,2.617,0.035245,living
4,C,C4,C4_01225,1.335,1.619,1.659,1.025,57.228,896.316,1.987,0.063848,living
4,C,C4,C4_01226,1.808,1.534,1.879,1.225,39.991,735.953,2.692,0.054339,living
4,C,C4,C4_01227,0.946,1.961,1.537,0.784,78.857,546.750,2.821,0.144229,living
4,C,C4,C4_01228,1.893,2.289,2.349,1.026,119.848,629.866,2.509,0.190276,living
4,C,C4,C4_01229,1.538,2.190,2.071,0.946,99.429,602.275,2.198,0.165088,living
4,C,C4,C4_01230,2.400,1.996,2.470,1.237,102.317,749.655,2.634,0.136485,living
4,C,C4,C4_01231,1.724,2.104,2.149,1.021,102.235,580.206,3.029,0.176205,living
4,C,C4,C4_01232,3.042,2.454,3.083,1.256,144.406,779.861,2.467,0.185168,living
4,C,C4,C4_01233,2.366,2.068,2.496,1.207,85.143,773.586,2.129,0.110063,living
4,C,C4,C4_01234,1.487,2.104,1.996,0.949,38.682,663.318,3.227,0.058316,living
4,C,C4,C4_01235,2.214,2.814,2.816,1.001,80.809,645.924,2.794,0.125106,living
4,C,C4,C4_01236,2.113,2.113,2.384,1.128,88.544,728.032,2.544,0.121621,living
4,C,C4,C4_01237,2.789,2.104,2.733,1.299,34.945,570.491,3.242,0.061255,living
4,C,C4,C4_01238,2.231,2.467,2.647,1.073,67.538,700.333,2.386,0.096437,living
4,C,C4,C4_01239,1.927,2.104,2.272,1.080,73.474,768.904,4.886,0.095556,living
4,C,C4,C4_01240,2.417,2.658,2.860,1.076,13.727,660.510,2.636,0.020783,living
4,C,C4,C4_01241,3.329,2.463,3.231,1.312,25.208,891.604,2.421,0.028273,living
4,C,C4,C4_01242,1.166,2.004,1.725,0.861,1.797,663.464,2.536,0.002709,living
4,C,C4,C4_01243,1.707,2.623,2.388,0.910,64.931,690.535,2.297,0.094030,living
4,C,C4,C4_01244,2.315,2.104,2.490,1.184,84.197,695.715,5.883,0.121022,dead
4,C,C4,C4_01245,2.248,3.951,3.363,0.851,25.534,635.143,2.211,0.040202,living
4,C,C4,C4_01246,2.062,2.388,2.504,1.049,2.566,670.172,2.328,0.003828,living
4,C,C4,C4_01247,3.312,1.296,2.338,1.804,80.694,644.495,2.663,0.125205,living
4,C,C4,C4_01248,1.555,1.838,1.908,1.038,81.815,735.587,2.293,0.111224,living
4,C,C4,C4_01249,3.160,2.207,2.980,1.350,3.021,889.086,2.535,0.003398,living
4,C,C4,C4_01250,3.042,2.235,2.942,1.316,111.467,1022.389,2.678,0.109026,living
4,C,C4,C4_01251,1.132,1.838,1.628,0.886,20.985,673.567,2.881,0.031155,living
4,C,C4,C4_01252,1.673,1.700,1.903,1.119,43.939,820.384,2.081,0.053560,living
4,C,C4,C4_01253,2.484,1.340,2.059,1.536,37.381,932.531,2.531,0.040085,living
4,C,C4,C4_01254,3.279,3.193,3.651,1.143,68.433,825.711,2.861,0.082878,living
4,C,C4,C4_01255,1.386,2.396,2.056,0.858,30.549,691.841,2.671,0.044156,living
4,C,C4,C4_01256,1.690,2.080,2.116,1.017,27.300,621.850,2.300,0.043901,living
4,C,C4,C4_01257,1.403,1.851,1.818,0.982,16.759,818.747,2.627,0.020469,living
4,C,C4,C4_01258,1.403,1.883,1.834,0.974,17.747,752.349,2.952,0.023589,living
4,D,D4,D4_00001,1.589,1.653,1.829,1.106,81.085,672.660,2.330,0.120544,living
4,D,D4,D4_00002,1.758,2.372,2.304,0.971,2.712,659.087,1.990,0.004114,living
4,D,D4,D4_00003,2.079,1.526,2.010,1.317,133.285,788.911,2.455,0.168948,living
4,D,D4,D4_00004,2.501,2.241,2.671,1.192,103.007,705.527,2.277,0.146000,living
4,D,D4,D4_00005,1.031,1.620,1.458,0.900,44.230,637.328,2.459,0.069398,living
4,D,D4,D4_00006,1.842,2.204,2.274,1.031,59.147,650.018,4.018,0.090992,living
4,D,D4,D4_00007,1.791,1.162,1.628,1.401,2.236,553.821,2.198,0.004037,living
4,D,D4,D4_00008,2.113,2.416,2.549,1.055,3.072,641.344,2.376,0.004790,living
4,D,D4,D4_00009,2.129,1.603,2.085,1.300,10.857,640.143,2.714,0.016960,living
4,D,D4,D4_00010,2.282,1.478,2.072,1.402,32.578,950.363,2.519,0.034279,living
4,D,D4,D4_00011,0.710,2.204,1.412,0.640,3.238,733.095,2.786,0.004417,living
4,D,D4,D4_00012,2.079,2.204,2.416,1.096,132.366,781.439,2.398,0.169387,living
4,D,D4,D4_00013,2.467,2.204,2.631,1.194,120.130,1060.089,2.610,0.113321,living
4,D,D4,D4_00014,2.535,2.204,2.667,1.210,154.313,955.080,2.887,0.161571,living
4,D,D4,D4_00015,2.451,2.204,2.623,1.190,110.193,870.407,2.559,0.126600,living
4,D,D4,D4_00016,1.910,2.204,2.315,1.050,26.292,990.602,2.327,0.026541,living
4,D,D4,D4_00017,1.132,2.204,1.782,0.809,19.313,697.478,3.731,0.027690,living
4,D,D4,D4_00018,3.211,2.204,3.002,1.362,58.416,1362.374,2.958,0.042878,living
4,D,D4,D4_00019,1.589,2.204,2.112,0.958,32.234,911.532,2.915,0.035362,living
4,D,D4,D4_00020,1.065,2.204,1.729,0.784,18.111,839.905,2.730,0.021563,living
4,D,D4,D4_00021,1.234,1.663,1.616,0.972,8.151,872.260,2.452,0.009344,living
4,D,D4,D4_00022,1.589,2.204,2.112,0.958,31.074,532.649,3.064,0.058339,living
4,D,D4,D4_00023,2.062,1.565,2.027,1.295,2.508,812.926,2.607,0.003085,living
4,D,D4,D4_00024,1.352,1.700,1.711,1.006,3.013,599.812,2.438,0.005022,living
4,D,D4,D4_00025,1.791,2.079,2.177,1.047,102.575,576.538,2.509,0.177916,living
4,D,D4,D4_00026,1.335,2.204,1.936,0.878,51.152,542.544,5.937,0.094282,dead
4,D,D4,D4_00027,1.791,2.286,2.283,0.999,71.226,597.396,2.811,0.119228,living
4,D,D4,D4_00028,2.096,1.905,2.255,1.184,77.823,669.944,2.508,0.116163,living
4,D,D4,D4_00029,2.670,1.830,2.494,1.363,68.449,810.000,2.367,0.084505,living
4,D,D4,D4_00030,1.775,2.204,2.232,1.013,23.210,655.781,4.648,0.035392,living
4,D,D4,D4_00031,2.822,2.319,2.887,1.245,53.168,765.347,2.257,0.069469,living
4,D,D4,D4_00032,1.352,2.204,1.948,0.884,32.850,594.500,3.400,0.055257,living
4,D,D4,D4_00033,1.470,3.351,2.504,0.747,15.080,536.793,2.161,0.028094,living
4,D,D4,D4_00034,1.420,1.934,1.870,0.967,15.500,642.917,2.905,0.024109,living
4,D,D4,D4_00035,1.453,2.204,2.019,0.916,6.058,633.965,2.674,0.009556,living
4,D,D4,D4_00036,0.930,2.204,1.616,0.733,7.691,534.436,58.527,0.014391,dead
4,D,D4,D4_00037,2.400,2.260,2.628,1.163,107.472,842.218,2.423,0.127606,living
4,D,D4,D4_00038,1.048,2.635,1.875,0.712,2.339,653.548,2.323,0.003578,living
4,D,D4,D4_00039,2.028,2.711,2.646,0.976,53.717,696.158,2.208,0.077162,living
4,D,D4,D4_00040,1.825,2.056,2.186,1.063,9.259,745.676,2.722,0.012417,living
4,D,D4,D4_00041,2.028,2.094,2.325,1.110,139.450,791.133,2.500,0.176266,living
4,D,D4,D4_00042,2.518,2.035,2.554,1.255,2.517,947.732,2.564,0.002656,living
4,D,D4,D4_00043,2.755,2.204,2.781,1.261,192.067,946.061,6.479,0.203018,dead
4,D,D4,D4_00044,1.284,2.204,1.898,0.861,76.408,718.105,13.947,0.106402,dead
4,D,D4,D4_00045,0.744,2.143,1.425,0.665,10.636,656.773,2.705,0.016195,living
4,D,D4,D4_00046,1.859,1.575,1.931,1.226,117.464,945.700,2.709,0.124208,living
4,D,D4,D4_00047,2.789,3.315,3.431,1.035,2.715,773.945,2.388,0.003508,living
4,D,D4,D4_00048,3.279,1.337,2.363,1.767,16.552,836.067,2.325,0.019797,living
4,D,D4,D4_00049,1.217,1.789,1.665,0.931,2.792,655.222,2.944,0.004261,living
4,D,D4,D4_00050,2.636,2.410,2.844,1.180,2.673,631.577,2.160,0.004232,living
4,D,D4,D4_00051,0.946,1.425,1.310,0.919,2.179,631.161,2.357,0.003452,living
4,D,D4,D4_00052,1.352,2.226,1.958,0.879,1.950,452.150,2.737,0.004313,living
4,D,D4,D4_00053,2.687,4.028,3.712,0.922,16.686,503.799,2.623,0.033119,living
4,D,D4,D4_00054,2.890,2.204,2.848,1.292,133.275,813.725,2.772,0.163784,living
4,D,D4,D4_00055,2.856,1.698,2.485,1.463,2.568,479.278,2.148,0.005358,living
4,D,D4,D4_00056,0.828,2.451,1.607,0.656,2.673,452.612,2.286,0.005907,living
4,D,D4,D4_00057,0.710,1.863,1.298,0.697,90.333,481.452,3.286,0.187627,living
4,D,D4,D4_00058,1.606,3.243,2.575,0.794,56.189,526.284,2.432,0.106766,living
4,D,D4,D4_00059,1.977,1.639,2.031,1.239,86.615,742.889,2.060,0.116593,living
4,D,D4,D4_00060,1.183,1.749,1.623,0.928,50.957,521.243,2.329,0.097761,living
4,D,D4,D4_00061,1.149,2.204,1.796,0.815,11.441,489.000,2.721,0.023397,living
4,D,D4,D4_00062,3.076,2.067,2.845,1.377,3.582,737.940,2.549,0.004855,living
4,D,D4,D4_00063,2.383,2.199,2.583,1.175,39.929,699.617,2.227,0.057073,living
4,D,D4,D4_00064,3.177,2.245,3.014,1.342,16.000,606.314,2.452,0.026389,living
4,D,D4,D4_00065,1.960,1.753,2.092,1.193,117.198,919.621,2.578,0.127442,living
4,D,D4,D4_00066,1.082,2.323,1.789,0.770,87.062,665.578,3.344,0.130807,living
4,D,D4,D4_00067,1.200,3.495,2.311,0.661,2.493,759.831,2.225,0.003281,living
4,D,D4,D4_00068,2.315,2.138,2.510,1.174,161.307,864.153,2.204,0.186664,living
4,D,D4,D4_00069,1.876,2.129,2.255,1.059,92.901,798.351,2.387,0.116366,living
4,D,D4,D4_00070,1.538,2.445,2.188,0.895,48.066,756.571,2.901,0.063531,living
4,D,D4,D4_00071,1.825,2.204,2.263,1.027,54.491,834.269,2.454,0.065316,living
4,D,D4,D4_00072,1.318,1.721,1.699,0.987,74.615,872.859,2.782,0.085484,living
4,D,D4,D4_00073,3.194,1.869,2.757,1.475,2.307,1094.979,2.635,0.002107,living
4,D,D4,D4_00074,0.963,2.884,1.880,0.652,35.316,643.895,2.386,0.054847,living
4,D,D4,D4_00075,0.930,3.306,1.979,0.598,31.545,648.127,3.364,0.048672,living
4,D,D4,D4_00076,2.501,1.761,2.368,1.345,88.622,1181.331,2.203,0.075018,living
4,D,D4,D4_00077,1.200,2.204,1.835,0.833,67.662,786.000,62.113,0.086084,dead
4,D,D4,D4_00078,1.859,2.637,2.498,0.947,59.955,749.873,2.809,0.079953,living
4,D,D4,D4_00079,1.251,3.121,2.230,0.714,32.878,722.203,2.392,0.045525,living
4,D,D4,D4_00080,1.132,2.204,1.782,0.809,9.388,683.761,3.955,0.013730,living
4,D,D4,D4_00081,1.977,2.898,2.701,0.932,18.034,744.368,2.487,0.024228,living
4,D,D4,D4_00082,2.501,3.497,3.337,0.954,54.216,539.432,1.865,0.100506,living
4,D,D4,D4_00083,2.603,1.776,2.426,1.366,127.916,799.584,2.429,0.159978,living
4,D,D4,D4_00084,1.268,2.204,1.887,0.856,56.840,539.373,25.147,0.105382,dead
4,D,D4,D4_00085,2.721,2.204,2.764,1.254,101.112,628.416,6.068,0.160899,dead
4,D,D4,D4_00086,2.518,2.283,2.705,1.185,29.208,708.899,2.450,0.041202,living
4,D,D4,D4_00087,1.386,2.730,2.195,0.804,70.146,494.463,3.268,0.141864,living
4,D,D4,D4_00088,2.535,1.497,2.198,1.468,41.160,707.407,2.547,0.058184,living
4,D,D4,D4_00089,2.670,2.669,3.012,1.129,98.741,643.816,2.462,0.153367,living
4,D,D4,D4_00090,2.265,1.897,2.339,1.233,84.978,782.731,2.582,0.108565,living
4,D,D4,D4_00091,2.484,2.670,2.906,1.088,44.701,633.422,2.830,0.070570,living
4,D,D4,D4_00092,1.352,2.204,1.948,0.884,46.075,610.837,5.412,0.075429,dead
4,D,D4,D4_00093,1.639,1.789,1.932,1.080,30.897,652.010,2.433,0.047387,living
4,D,D4,D4_00094,1.589,2.518,2.257,0.896,41.074,594.500,2.213,0.069091,living
4,D,D4,D4_00095,2.062,1.840,2.198,1.195,24.418,685.557,2.705,0.035618,living
4,D,D4,D4_00096,1.606,2.941,2.452,0.834,12.779,579.758,2.337,0.022042,living
4,D,D4,D4_00097,2.958,2.046,2.776,1.357,71.720,706.754,2.486,0.101478,living
4,D,D4,D4_00098,1.639,2.376,2.227,0.937,82.381,542.990,2.299,0.151718,living
4,D,D4,D4_00099,1.403,2.014,1.897,0.942,99.120,593.361,2.639,0.167049,living
4,D,D4,D4_00100,2.890,2.154,2.815,1.307,108.240,810.462,2.485,0.133553,living
4,D,D4,D4_00101,2.434,2.204,2.614,1.186,75.597,627.625,3.778,0.120450,living
4,D,D4,D4_00102,1.944,1.899,2.168,1.142,130.383,694.435,2.470,0.187754,living
4,D,D4,D4_00103,2.467,1.701,2.311,1.359,59.932,790.363,2.253,0.075828,living
4,D,D4,D4_00104,2.434,2.204,2.614,1.186,88.007,613.958,4.576,0.143344,living
4,D,D4,D4_00105,1.927,2.014,2.223,1.104,69.632,698.281,2.482,0.099719,living
4,D,D4,D4_00106,2.552,3.258,3.254,0.999,69.848,617.682,2.483,0.113080,living
4,D,D4,D4_00107,2.180,1.684,2.162,1.284,19.597,800.000,2.326,0.024496,living
4,D,D4,D4_00108,2.011,1.789,2.140,1.196,56.807,768.824,2.244,0.073888,living
4,D,D4,D4_00109,1.724,1.633,1.893,1.159,47.069,816.186,2.657,0.057669,living
4,D,D4,D4_00110,1.758,2.204,2.221,1.008,31.952,579.923,21.654,0.055097,dead
4,D,D4,D4_00111,2.282,2.204,2.531,1.148,30.904,674.674,30.333,0.045805,dead
4,D,D4,D4_00112,1.183,4.738,2.671,0.564,22.829,516.671,1.943,0.044184,living
4,D,D4,D4_00113,1.994,2.085,2.301,1.103,19.661,712.212,2.517,0.027606,living
4,D,D4,D4_00114,2.535,2.185,2.656,1.215,4.820,591.267,2.347,0.008152,living
4,D,D4,D4_00115,1.910,2.173,2.299,1.058,127.168,789.354,2.425,0.161104,living
4,D,D4,D4_00116,1.318,2.099,1.877,0.894,61.974,692.910,2.577,0.089441,living
4,D,D4,D4_00117,1.673,1.731,1.920,1.109,27.616,872.657,2.626,0.031646,living
4,D,D4,D4_00118,1.656,1.856,1.978,1.066,67.857,859.561,2.327,0.078944,living
4,D,D4,D4_00119,1.808,2.204,2.253,1.022,20.243,767.196,3.009,0.026386,living
4,D,D4,D4_00120,1.994,2.133,2.327,1.091,23.780,880.085,2.254,0.027020,living
4,D,D4,D4_00121,1.386,1.746,1.755,1.005,20.732,884.829,3.110,0.023430,living
4,D,D4,D4_00122,1.673,2.204,2.167,0.983,28.101,866.899,10.192,0.032416,dead
4,D,D4,D4_00123,1.082,3.630,2.236,0.616,29.859,532.484,3.047,0.056076,living
4,D,D4,D4_00124,2.501,2.204,2.649,1.202,90.514,623.432,5.135,0.145186,dead
4,D,D4,D4_00125,2.467,2.158,2.604,1.206,110.952,790.110,2.527,0.140426,living
4,D,D4,D4_00126,0.980,2.891,1.899,0.657,103.345,537.672,2.466,0.192208,living
4,D,D4,D4_00127,1.859,2.204,2.284,1.036,34.791,682.855,5.882,0.050949,dead
4,D,D4,D4_00128,2.079,3.768,3.158,0.838,88.740,588.943,2.228,0.150676,living
4,D,D4,D4_00129,1.572,2.204,2.101,0.953,58.634,707.086,6.602,0.082924,dead
4,D,D4,D4_00130,1.724,2.235,2.215,0.991,26.176,725.657,2.696,0.036073,living
4,D,D4,D4_00131,1.707,2.204,2.189,0.993,48.505,752.267,3.584,0.064478,living
4,D,D4,D4_00132,1.656,2.730,2.399,0.879,42.643,706.184,2.602,0.060385,living
4,D,D4,D4_00133,1.470,2.204,2.031,0.921,31.782,609.678,4.057,0.052129,living
4,D,D4,D4_00134,1.048,1.889,1.588,0.840,19.823,674.435,2.290,0.029391,living
4,D,D4,D4_00135,2.349,1.742,2.283,1.310,10.820,645.209,2.388,0.016770,living
4,D,D4,D4_00136,1.065,2.778,1.941,0.699,12.397,599.952,2.603,0.020663,living
4,D,D4,D4_00137,1.487,2.858,2.326,0.814,20.057,675.977,2.727,0.029671,living
4,D,D4,D4_00138,1.656,2.059,2.084,1.012,32.684,698.878,2.469,0.046766,living
4,D,D4,D4_00139,1.893,1.669,2.006,1.202,110.679,725.348,2.321,0.152587,living
4,D,D4,D4_00140,2.028,2.727,2.654,0.973,79.200,614.342,2.433,0.128918,living
4,D,D4,D4_00141,2.467,2.204,2.631,1.194,21.760,622.568,2.740,0.034952,living
4,D,D4,D4_00142,2.028,2.064,2.309,1.118,112.225,655.775,2.700,0.171133,living
4,D,D4,D4_00143,2.282,2.204,2.531,1.148,78.578,770.126,2.467,0.102032,living
4,D,D4,D4_00144,1.403,2.443,2.089,0.855,59.566,593.554,2.301,0.100355,living
4,D,D4,D4_00145,1.791,2.204,2.242,1.017,60.264,818.302,2.774,0.073645,living
4,D,D4,D4_00146,1.927,2.325,2.388,1.027,61.500,678.544,2.289,0.090635,living
4,D,D4,D4_00147,2.839,2.238,2.844,1.271,58.679,859.940,2.208,0.068236,living
4,D,D4,D4_00148,2.028,1.969,2.255,1.145,35.883,750.008,2.483,0.047844,living
4,D,D4,D4_00149,2.366,1.522,2.141,1.407,58.357,976.764,2.600,0.059745,living
4,D,D4,D4_00150,0.980,3.311,2.033,0.614,12.966,526.569,2.828,0.024623,living
4,D,D4,D4_00151,1.842,2.807,2.566,0.914,16.936,650.972,2.358,0.026016,living
4,D,D4,D4_00152,1.791,2.060,2.167,1.052,114.764,724.245,2.642,0.158460,living
4,D,D4,D4_00153,1.487,2.502,2.176,0.870,60.432,623.602,2.705,0.096908,living
4,D,D4,D4_00154,2.755,2.531,2.980,1.177,112.883,821.681,2.632,0.137381,living
4,D,D4,D4_00155,1.741,1.600,1.883,1.177,85.214,858.447,2.553,0.099265,living
4,D,D4,D4_00156,1.927,2.961,2.695,0.910,30.377,684.833,2.746,0.044357,living
4,D,D4,D4_00157,3.194,2.215,3.001,1.355,100.296,1014.772,2.471,0.098836,living
4,D,D4,D4_00158,1.960,1.863,2.156,1.157,83.845,800.448,2.612,0.104747,living
4,D,D4,D4_00159,2.129,1.981,2.317,1.170,37.746,860.857,2.048,0.043847,living
4,D,D4,D4_00160,0.693,2.373,1.447,0.610,16.268,605.146,2.854,0.026883,living
4,D,D4,D4_00161,1.200,2.204,1.835,0.833,22.394,652.592,3.930,0.034316,living
4,D,D4,D4_00162,0.963,3.398,2.041,0.601,44.316,491.404,2.193,0.090182,living
4,D,D4,D4_00163,1.031,1.732,1.508,0.871,87.246,539.508,2.475,0.161714,living
4,D,D4,D4_00164,3.093,2.683,3.251,1.212,90.448,735.361,2.388,0.122998,living
4,D,D4,D4_00165,1.048,1.689,1.501,0.889,76.339,563.323,2.887,0.135515,living
4,D,D4,D4_00166,1.859,2.204,2.284,1.036,52.773,663.909,4.309,0.079488,living
4,D,D4,D4_00167,2.417,2.727,2.897,1.062,66.818,675.706,2.273,0.098886,living
4,D,D4,D4_00168,3.177,1.324,2.314,1.748,54.489,930.335,2.340,0.058570,living
4,D,D4,D4_00169,1.791,2.079,2.177,1.047,69.858,644.000,2.604,0.108476,living
4,D,D4,D4_00170,1.335,2.361,2.003,0.848,22.709,547.785,1.975,0.041456,living
4,D,D4,D4_00171,1.284,2.204,1.898,0.861,29.276,577.105,78.395,0.050730,dead
4,D,D4,D4_00172,2.282,2.497,2.694,1.079,6.911,591.541,2.437,0.011683,living
4,D,D4,D4_00173,0.862,2.204,1.555,0.706,9.196,530.431,4.196,0.017337,living
4,D,D4,D4_00174,0.913,1.509,1.324,0.878,11.444,660.204,2.167,0.017335,living
4,D,D4,D4_00175,2.383,2.184,2.574,1.179,37.929,735.908,2.546,0.051541,living
4,D,D4,D4_00176,1.825,2.204,2.263,1.027,107.231,661.463,3.472,0.162113,living
4,D,D4,D4_00177,2.231,1.980,2.372,1.198,36.023,689.114,2.098,0.052274,living
4,D,D4,D4_00178,1.437,2.373,2.084,0.878,62.553,627.576,2.671,0.099674,living
4,D,D4,D4_00179,1.758,2.410,2.323,0.964,2.654,623.875,2.740,0.004254,living
4,D,D4,D4_00180,2.146,2.471,2.598,1.052,55.110,729.197,2.551,0.075577,living
4,D,D4,D4_00181,3.110,2.265,2.995,1.322,2.217,485.370,2.799,0.004568,living
4,D,D4,D4_00182,1.031,2.204,1.701,0.772,19.230,609.967,5.525,0.031525,dead
4,D,D4,D4_00183,1.251,2.007,1.788,0.891,107.959,704.527,1.946,0.153237,living
4,D,D4,D4_00184,0.727,2.086,1.390,0.666,51.605,655.023,2.233,0.078783,living
4,D,D4,D4_00185,2.670,2.188,2.727,1.246,105.570,839.601,2.424,0.125738,living
4,D,D4,D4_00186,2.298,1.624,2.180,1.342,67.059,727.096,2.434,0.092228,living
4,D,D4,D4_00187,2.907,2.834,3.239,1.143,74.994,888.773,2.988,0.084379,living
4,D,D4,D4_00188,0.710,2.204,1.412,0.640,76.167,635.714,92.262,0.119813,dead
4,D,D4,D4_00189,3.093,1.846,2.696,1.461,157.415,1060.120,2.798,0.148488,living
4,D,D4,D4_00190,1.166,2.179,1.799,0.825,52.232,731.971,1.986,0.071358,living
4,D,D4,D4_00191,1.977,1.989,2.238,1.125,71.051,810.350,2.880,0.087680,living
4,D,D4,D4_00192,0.997,2.180,1.664,0.763,29.746,737.644,3.695,0.040325,living
4,D,D4,D4_00193,2.129,2.529,2.618,1.035,35.341,848.587,2.786,0.041647,living
4,D,D4,D4_00194,1.268,2.204,1.887,0.856,71.747,647.040,2.707,0.110884,living
4,D,D4,D4_00195,1.741,2.204,2.211,1.003,75.175,645.408,2.699,0.116476,living
4,D,D4,D4_00196,1.808,2.204,2.253,1.022,53.150,588.402,2.009,0.090329,living
4,D,D4,D4_00197,1.842,2.204,2.274,1.031,31.266,627.752,2.092,0.049806,living
4,D,D4,D4_00198,1.437,2.204,2.008,0.911,111.412,568.435,2.412,0.195997,living
4,D,D4,D4_00199,1.758,2.204,2.221,1.008,107.452,782.471,2.606,0.137324,living
4,D,D4,D4_00200,3.110,2.204,2.954,1.340,60.049,885.728,2.370,0.067796,living
4,D,D4,D4_00201,2.248,2.204,2.512,1.139,101.850,880.143,2.188,0.115719,living
4,D,D4,D4_00202,2.518,2.204,2.658,1.206,35.792,691.785,2.336,0.051739,living
4,D,D4,D4_00203,2.991,2.204,2.897,1.314,31.819,639.469,2.373,0.049759,living
4,D,D4,D4_00204,2.079,2.204,2.416,1.096,29.577,727.724,2.163,0.040644,living
4,D,D4,D4_00205,1.014,2.204,1.687,0.765,16.350,486.117,2.433,0.033634,living
4,D,D4,D4_00206,1.470,1.724,1.796,1.042,18.115,686.828,2.517,0.026375,living
4,D,D4,D4_00207,2.907,2.113,2.797,1.324,136.186,951.866,2.529,0.143073,living
4,D,D4,D4_00208,0.727,2.204,1.428,0.648,117.605,517.953,133.209,0.227056,dead
4,D,D4,D4_00209,0.997,2.019,1.601,0.793,38.729,686.407,2.898,0.056423,living
4,D,D4,D4_00210,1.977,1.635,2.029,1.241,85.863,975.085,2.521,0.088057,living
4,D,D4,D4_00211,2.062,2.136,2.368,1.109,60.557,874.033,2.648,0.069285,living
4,D,D4,D4_00212,1.234,2.580,2.013,0.780,22.822,648.589,1.822,0.035187,living
4,D,D4,D4_00213,1.504,1.780,1.846,1.037,40.483,817.854,2.966,0.049499,living
4,D,D4,D4_00214,1.099,2.035,1.687,0.829,14.031,732.785,2.092,0.019147,living
4,D,D4,D4_00215,1.775,2.204,2.232,1.013,150.105,941.419,2.457,0.159445,living
4,D,D4,D4_00216,1.420,2.204,1.996,0.906,111.440,758.369,2.571,0.146948,living
4,D,D4,D4_00217,2.113,2.204,2.435,1.105,88.768,1091.824,2.448,0.081302,living
4,D,D4,D4_00218,2.451,2.204,2.623,1.190,95.966,1311.538,2.752,0.073170,living
4,D,D4,D4_00219,1.470,1.545,1.701,1.101,23.356,827.241,2.379,0.028234,living
4,D,D4,D4_00220,1.487,2.204,2.043,0.927,44.682,535.330,3.693,0.083466,living
4,D,D4,D4_00221,2.518,1.719,2.348,1.366,80.275,831.826,2.362,0.096505,living
4,D,D4,D4_00222,1.115,2.121,1.735,0.818,59.485,534.606,2.258,0.111269,living
4,D,D4,D4_00223,1.606,2.131,2.087,0.980,103.442,588.021,2.179,0.175916,living
4,D,D4,D4_00224,3.042,1.628,2.511,1.542,42.822,774.033,1.878,0.055323,living
4,D,D4,D4_00225,2.569,2.114,2.630,1.244,45.171,773.664,2.158,0.058386,living
4,D,D4,D4_00226,1.132,2.204,1.782,0.809,49.224,595.836,6.269,0.082613,dead
4,D,D4,D4_00227,1.504,1.930,1.922,0.996,46.685,629.899,2.135,0.074116,living
4,D,D4,D4_00228,1.724,1.783,1.978,1.110,2.373,636.863,2.412,0.003725,living
4,D,D4,D4_00229,1.386,1.997,1.877,0.940,2.098,625.159,2.317,0.003355,living
4,D,D4,D4_00230,0.744,2.138,1.423,0.666,32.023,509.023,1.909,0.062910,living
4,D,D4,D4_00231,1.775,1.916,2.081,1.086,23.571,740.210,2.362,0.031844,living
4,D,D4,D4_00232,1.673,2.149,2.140,0.996,20.737,676.152,2.364,0.030670,living
4,D,D4,D4_00233,1.622,2.137,2.101,0.983,15.979,619.000,2.292,0.025814,living
4,D,D4,D4_00234,2.028,2.287,2.430,1.063,80.967,765.758,2.217,0.105734,living
4,D,D4,D4_00235,1.352,2.199,1.946,0.885,100.500,612.775,2.625,0.164008,living
4,D,D4,D4_00236,1.639,2.204,2.145,0.973,66.732,639.041,13.010,0.104425,dead
4,D,D4,D4_00237,2.180,1.991,2.351,1.181,137.512,727.915,2.341,0.188912,living
4,D,D4,D4_00238,3.127,2.044,2.853,1.396,56.238,1079.357,2.459,0.052103,living
4,D,D4,D4_00239,2.518,1.869,2.448,1.310,90.013,873.691,2.161,0.103027,living
4,D,D4,D4_00240,2.197,2.891,2.844,0.984,92.546,674.785,2.362,0.137149,living
4,D,D4,D4_00241,1.724,2.064,2.129,1.031,75.392,750.265,2.137,0.100487,living
4,D,D4,D4_00242,1.453,1.828,1.839,1.006,35.035,732.953,3.000,0.047800,living
4,D,D4,D4_00243,1.859,1.857,2.097,1.129,67.409,710.464,2.664,0.094880,living
4,D,D4,D4_00244,1.673,3.831,2.857,0.746,20.677,625.899,2.808,0.033035,living
4,D,D4,D4_00245,1.741,1.756,1.973,1.124,17.485,815.524,2.233,0.021441,living
4,D,D4,D4_00246,2.670,2.204,2.738,1.242,106.791,954.810,2.342,0.111845,living
4,D,D4,D4_00247,1.555,2.204,2.089,0.948,39.707,689.804,2.250,0.057562,living
4,D,D4,D4_00248,1.487,2.204,2.043,0.927,13.443,619.500,2.989,0.021700,living
4,D,D4,D4_00249,0.744,2.134,1.422,0.666,12.659,618.409,2.795,0.020470,living
4,D,D4,D4_00250,1.115,2.204,1.769,0.803,85.894,584.152,4.121,0.147041,living
4,D,D4,D4_00251,1.893,2.076,2.237,1.077,66.062,678.393,2.241,0.097381,living
4,D,D4,D4_00252,1.166,2.177,1.798,0.826,110.043,687.232,1.870,0.160126,living
4,D,D4,D4_00253,1.944,2.131,2.297,1.078,65.339,897.713,2.661,0.072784,living
4,D,D4,D4_00254,1.403,2.510,2.117,0.844,22.952,805.108,2.072,0.028508,living
4,D,D4,D4_00255,1.301,2.001,1.821,0.910,37.130,787.818,2.208,0.047130,living
4,D,D4,D4_00256,1.639,1.870,1.975,1.056,59.598,923.660,2.474,0.064524,living
4,D,D4,D4_00257,1.504,3.919,2.739,0.699,48.191,539.989,2.438,0.089244,living
4,D,D4,D4_00258,2.991,1.807,2.623,1.452,83.339,1002.367,2.079,0.083142,living
4,D,D4,D4_00259,1.994,1.903,2.198,1.155,98.339,721.195,2.169,0.136356,living
4,D,D4,D4_00260,1.149,2.204,1.796,0.815,28.735,625.926,3.971,0.045908,living
4,D,D4,D4_00261,1.622,2.717,2.369,0.872,31.823,657.948,2.573,0.048367,living
4,D,D4,D4_00262,1.893,1.757,2.058,1.171,40.768,930.991,2.196,0.043790,living
4,D,D4,D4_00263,2.011,2.204,2.376,1.078,30.992,752.387,3.067,0.041191,living
4,D,D4,D4_00264,1.944,3.556,2.967,0.834,4.191,641.965,2.296,0.006529,living
4,D,D4,D4_00265,1.994,2.204,2.366,1.073,91.992,709.059,2.915,0.129737,living
4,D,D4,D4_00266,2.045,2.204,2.396,1.087,74.496,608.372,2.463,0.122451,living
4,D,D4,D4_00267,2.315,2.204,2.549,1.156,30.584,464.423,2.540,0.065854,living
4,D,D4,D4_00268,0.744,2.204,1.445,0.656,101.432,494.750,2.932,0.205016,living
4,D,D4,D4_00269,3.245,2.204,3.018,1.369,44.401,614.536,2.094,0.072251,living
4,D,D4,D4_00270,0.676,2.204,1.377,0.625,57.600,488.750,2.500,0.117852,living
4,D,D4,D4_00271,1.707,2.204,2.189,0.993,56.257,623.416,2.426,0.090241,living
4,D,D4,D4_00272,2.096,2.204,2.425,1.100,29.508,658.944,2.605,0.044781,living
4,D,D4,D4_00273,1.606,2.656,2.330,0.877,5.937,485.895,2.579,0.012218,living
4,D,D4,D4_00274,2.704,2.204,2.755,1.250,25.269,569.962,3.725,0.044334,living
4,D,D4,D4_00275,2.636,2.204,2.720,1.234,49.654,497.673,2.910,0.099772,living
4,D,D4,D4_00276,1.825,2.457,2.389,0.972,79.213,454.306,2.713,0.174361,living
4,D,D4,D4_00277,1.775,1.839,2.039,1.109,128.962,524.581,2.333,0.245838,living
4,D,D4,D4_00278,1.453,1.692,1.769,1.046,64.988,543.640,2.663,0.119543,living
4,D,D4,D4_00279,0.727,2.350,1.475,0.628,49.488,429.628,2.930,0.115189,living
4,D,D4,D4_00280,1.352,4.517,2.788,0.617,71.487,390.562,2.850,0.183037,living
4,D,D4,D4_00281,1.470,3.584,2.590,0.723,46.701,423.345,2.184,0.110315,living
4,D,D4,D4_00282,2.434,1.836,2.385,1.299,80.542,627.451,2.215,0.128363,living
4,D,D4,D4_00283,1.622,1.635,1.838,1.124,39.396,596.115,2.750,0.066088,living
4,D,D4,D4_00284,0.710,3.153,1.688,0.535,21.905,414.357,2.238,0.052864,living
4,D,D4,D4_00285,2.721,3.784,3.621,0.957,108.503,657.143,2.752,0.165113,living
4,D,D4,D4_00286,2.045,1.967,2.263,1.151,82.174,784.686,2.364,0.104722,living
4,D,D4,D4_00287,1.420,1.780,1.794,1.008,26.881,737.417,2.310,0.036453,living
4,D,D4,D4_00288,1.082,2.204,1.743,0.791,104.859,597.703,4.078,0.175437,living
4,D,D4,D4_00289,3.329,2.343,3.151,1.345,133.482,1019.279,2.228,0.130957,living
4,D,D4,D4_00290,1.572,2.204,2.101,0.953,42.495,757.828,3.828,0.056074,living
4,D,D4,D4_00291,1.183,1.986,1.730,0.871,89.457,668.314,2.843,0.133855,living
4,D,D4,D4_00292,1.555,2.396,2.178,0.909,112.978,642.293,2.337,0.175898,living
4,D,D4,D4_00293,2.467,1.478,2.155,1.458,153.356,938.815,2.349,0.163351,living
4,D,D4,D4_00294,2.603,1.998,2.573,1.288,117.545,931.032,2.500,0.126253,living
4,D,D4,D4_00295,1.758,1.750,1.979,1.131,52.519,883.577,2.471,0.059439,living
4,D,D4,D4_00296,1.132,1.953,1.678,0.859,14.090,705.940,2.776,0.019959,living
4,D,D4,D4_00297,0.777,2.048,1.423,0.695,18.435,609.848,2.674,0.030228,living
4,D,D4,D4_00298,1.808,2.283,2.292,1.004,12.664,795.327,2.477,0.015922,living
4,D,D4,D4_00299,0.879,2.204,1.571,0.713,71.865,717.885,2.077,0.100107,living
4,D,D4,D4_00300,1.352,2.204,1.948,0.884,104.725,740.763,3.100,0.141375,living
4,D,D4,D4_00301,2.045,2.204,2.396,1.087,133.215,740.132,2.669,0.179988,living
4,D,D4,D4_00302,2.028,2.204,2.386,1.082,124.825,670.775,2.433,0.186091,living
4,D,D4,D4_00303,0.896,2.204,1.586,0.719,67.415,675.660,2.736,0.099777,living
4,D,D4,D4_00304,2.079,2.204,2.416,1.096,118.455,928.317,2.423,0.127602,living
4,D,D4,D4_00305,1.859,2.204,2.284,1.036,66.855,842.400,2.182,0.079362,living
4,D,D4,D4_00306,2.518,2.204,2.658,1.206,141.919,755.960,2.409,0.187734,living
4,D,D4,D4_00307,2.180,2.204,2.474,1.122,136.450,876.767,2.589,0.155628,living
4,D,D4,D4_00308,0.879,2.204,1.571,0.713,100.885,690.115,1.885,0.146185,living
4,D,D4,D4_00309,1.504,2.204,2.055,0.932,68.831,731.090,3.202,0.094149,living
4,D,D4,D4_00310,2.535,2.204,2.667,1.210,73.053,783.053,2.513,0.093293,living
4,D,D4,D4_00311,0.963,2.204,1.644,0.746,69.737,722.982,2.456,0.096457,living
4,D,D4,D4_00312,2.113,2.204,2.435,1.105,37.608,806.120,2.736,0.046653,living
4,D,D4,D4_00313,0.727,3.294,1.746,0.530,15.093,665.860,2.186,0.022667,living
4,D,D4,D4_00314,1.082,2.729,1.939,0.711,65.688,571.062,2.406,0.115027,living
4,D,D4,D4_00315,1.775,2.147,2.203,1.026,119.905,660.352,2.686,0.181577,living
4,D,D4,D4_00316,2.535,1.711,2.350,1.373,156.933,969.007,2.907,0.161953,living
4,D,D4,D4_00317,2.958,1.893,2.670,1.411,142.943,814.223,2.726,0.175557,living
4,D,D4,D4_00318,1.453,1.807,1.828,1.012,104.186,668.698,2.651,0.155804,living
4,D,D4,D4_00319,2.400,1.406,2.073,1.474,25.915,853.880,2.768,0.030350,living
4,D,D4,D4_00320,1.910,1.986,2.198,1.107,35.938,813.575,3.062,0.044173,living
4,D,D4,D4_00321,1.876,2.204,2.295,1.041,24.631,614.793,30.117,0.040063,dead
4,D,D4,D4_00322,0.862,1.819,1.413,0.777,21.176,663.882,2.471,0.031898,living
4,D,D4,D4_00323,1.487,1.492,1.681,1.126,40.727,785.466,2.477,0.051851,living
4,D,D4,D4_00324,1.606,3.175,2.548,0.803,75.968,518.147,1.874,0.146615,living
4,D,D4,D4_00325,1.808,2.000,2.146,1.073,47.346,655.206,2.421,0.072261,living
4,D,D4,D4_00326,2.231,2.204,2.502,1.135,50.508,667.152,28.568,0.075706,dead
4,D,D4,D4_00327,2.755,2.301,2.841,1.235,129.515,690.595,2.785,0.187542,living
4,D,D4,D4_00328,1.842,2.699,2.516,0.932,59.119,598.257,2.606,0.098819,living
4,D,D4,D4_00329,1.893,3.059,2.715,0.888,56.625,577.143,2.884,0.098113,living
4,D,D4,D4_00330,1.758,2.336,2.287,0.979,56.010,606.183,3.048,0.092397,living
4,D,D4,D4_00331,1.927,2.948,2.689,0.912,45.640,605.649,2.658,0.075358,living
4,D,D4,D4_00332,2.214,1.853,2.286,1.233,48.435,774.084,2.885,0.062571,living
4,D,D4,D4_00333,2.011,1.887,2.198,1.165,39.387,759.479,2.286,0.051860,living
4,D,D4,D4_00334,1.606,1.807,1.922,1.064,21.558,741.947,2.221,0.029056,living
4,D,D4,D4_00335,1.859,2.039,2.197,1.077,22.864,715.291,2.545,0.031964,living
4,D,D4,D4_00336,1.555,2.204,2.089,0.948,13.728,574.587,29.565,0.023892,dead
4,D,D4,D4_00337,1.741,2.204,2.211,1.003,25.194,694.816,3.350,0.036260,living
4,D,D4,D4_00338,1.403,2.204,1.984,0.900,76.578,625.482,3.735,0.122431,living
4,D,D4,D4_00339,0.930,3.223,1.954,0.606,75.527,626.273,2.891,0.120598,living
4,D,D4,D4_00340,3.245,3.293,3.689,1.120,98.859,750.839,2.339,0.131665,living
4,D,D4,D4_00341,3.228,2.557,3.242,1.268,124.476,913.115,2.372,0.136321,living
4,D,D4,D4_00342,1.994,1.691,2.072,1.225,51.000,822.915,2.449,0.061975,living
4,D,D4,D4_00343,1.251,2.113,1.835,0.868,23.541,679.784,2.257,0.034629,living
4,D,D4,D4_00344,0.879,1.637,1.354,0.827,43.981,527.712,2.154,0.083342,living
4,D,D4,D4_00345,0.845,1.434,1.242,0.866,89.360,633.860,3.380,0.140978,living
4,D,D4,D4_00346,1.944,2.514,2.495,0.992,98.470,597.783,3.122,0.164725,living
4,D,D4,D4_00347,1.031,2.204,1.701,0.772,121.443,548.443,24.934,0.221432,dead
4,D,D4,D4_00348,1.487,2.037,1.964,0.964,114.080,640.352,2.352,0.178151,living
4,D,D4,D4_00349,1.149,2.204,1.796,0.815,77.515,563.279,26.412,0.137613,dead
4,D,D4,D4_00350,2.265,2.204,2.521,1.144,68.187,645.754,3.791,0.105592,living
4,D,D4,D4_00351,1.606,2.145,2.094,0.976,24.316,675.305,2.105,0.036007,living
4,D,D4,D4_00352,2.163,1.633,2.121,1.299,41.547,762.609,2.656,0.054480,living
4,D,D4,D4_00353,1.622,1.736,1.893,1.091,44.219,701.240,2.219,0.063058,living
4,D,D4,D4_00354,1.808,2.811,2.544,0.905,14.925,663.355,2.215,0.022500,living
4,D,D4,D4_00355,1.183,1.687,1.594,0.945,102.943,568.500,2.200,0.181078,living
4,D,D4,D4_00356,2.839,2.653,3.097,1.167,102.929,646.375,2.494,0.159240,living
4,D,D4,D4_00357,1.335,2.204,1.936,0.878,50.241,495.329,3.190,0.101429,living
4,D,D4,D4_00358,1.741,2.204,2.211,1.003,109.417,539.592,4.942,0.202778,living
4,D,D4,D4_00359,2.569,2.204,2.685,1.218,65.237,862.816,2.533,0.075609,living
4,D,D4,D4_00360,2.045,1.591,2.035,1.279,62.182,800.612,2.612,0.077668,living
4,D,D4,D4_00361,1.724,2.204,2.200,0.998,24.118,649.196,2.931,0.037150,living
4,D,D4,D4_00362,1.775,2.361,2.310,0.978,16.019,641.171,2.324,0.024984,living
4,D,D4,D4_00363,2.958,1.425,2.317,1.626,76.617,842.200,2.389,0.090973,living
4,D,D4,D4_00364,2.011,2.824,2.689,0.952,94.218,618.269,2.824,0.152391,living
4,D,D4,D4_00365,1.166,2.204,1.809,0.821,92.043,560.014,66.725,0.164359,dead
4,D,D4,D4_00366,3.127,1.552,2.486,1.602,23.886,771.173,2.719,0.030974,living
4,D,D4,D4_00367,1.825,2.204,2.263,1.027,63.241,649.315,4.472,0.097396,living
4,D,D4,D4_00368,2.484,2.204,2.640,1.198,29.837,748.741,5.163,0.039849,dead
4,D,D4,D4_00369,1.622,1.764,1.909,1.082,21.427,820.854,2.042,0.026103,living
4,D,D4,D4_00370,1.606,2.175,2.109,0.970,18.863,725.221,2.295,0.026010,living
4,D,D4,D4_00371,2.265,2.204,2.521,1.144,47.306,615.403,2.560,0.076870,living
4,D,D4,D4_00372,1.673,2.204,2.167,0.983,34.202,702.747,2.889,0.048669,living
4,D,D4,D4_00373,1.859,2.204,2.284,1.036,105.373,758.573,2.536,0.138909,living
4,D,D4,D4_00374,2.332,2.204,2.558,1.161,114.754,845.971,2.391,0.135647,living
4,D,D4,D4_00375,2.636,2.204,2.720,1.234,34.846,752.750,2.455,0.046292,living
4,D,D4,D4_00376,2.079,2.204,2.416,1.096,158.333,1017.780,2.577,0.155567,living
4,D,D4,D4_00377,1.335,2.204,1.936,0.878,29.430,789.291,2.430,0.037287,living
4,D,D4,D4_00378,1.572,2.991,2.447,0.818,17.022,706.763,2.398,0.024084,living
4,D,D4,D4_00379,1.724,2.204,2.200,0.998,111.696,789.500,2.755,0.141477,living
4,D,D4,D4_00380,2.417,2.204,2.605,1.182,98.182,877.028,2.385,0.111948,living
4,D,D4,D4_00381,1.217,2.204,1.848,0.838,96.236,776.764,2.694,0.123894,living
4,D,D4,D4_00382,1.403,1.778,1.782,1.002,30.614,910.651,2.265,0.033618,living
4,D,D4,D4_00383,1.656,2.204,2.156,0.978,33.061,902.571,2.796,0.036630,living
4,D,D4,D4_00384,1.656,1.846,1.973,1.069,17.276,850.469,2.112,0.020313,living
4,D,D4,D4_00385,1.099,1.599,1.496,0.935,23.292,737.000,2.585,0.031604,living
4,D,D4,D4_00386,2.687,2.204,2.746,1.246,115.755,789.899,2.597,0.146544,living
4,D,D4,D4_00387,1.741,2.204,2.211,1.003,99.602,790.146,2.913,0.126055,living
4,D,D4,D4_00388,1.656,1.746,1.919,1.099,120.469,777.724,2.163,0.154900,living
4,D,D4,D4_00389,2.670,1.715,2.415,1.408,150.139,976.703,2.348,0.153721,living
4,D,D4,D4_00390,1.369,2.204,1.960,0.889,91.086,618.531,3.247,0.147263,living
4,D,D4,D4_00391,1.132,1.919,1.663,0.867,73.806,642.672,2.284,0.114842,living
4,D,D4,D4_00392,2.028,1.917,2.225,1.161,61.417,815.692,2.567,0.075294,living
4,D,D4,D4_00393,2.670,1.742,2.434,1.397,138.741,985.253,2.759,0.140817,living
4,D,D4,D4_00394,1.420,2.014,1.908,0.947,119.762,657.333,2.750,0.182194,living
4,D,D4,D4_00395,1.741,2.285,2.251,0.985,28.214,739.146,2.573,0.038171,living
4,D,D4,D4_00396,1.791,2.195,2.237,1.019,59.811,776.368,2.066,0.077040,living
4,D,D4,D4_00397,2.704,2.102,2.690,1.280,41.231,854.581,2.769,0.048247,living
4,D,D4,D4_00398,1.639,2.204,2.145,0.973,40.897,691.546,5.010,0.059138,dead
4,D,D4,D4_00399,2.231,1.745,2.226,1.276,39.197,1036.795,2.432,0.037806,living
4,D,D4,D4_00400,1.758,1.739,1.973,1.135,19.413,841.779,2.837,0.023062,living
4,D,D4,D4_00401,1.775,3.315,2.737,0.826,15.743,703.552,2.448,0.022376,living
4,D,D4,D4_00402,2.941,2.690,3.174,1.180,20.069,832.598,2.287,0.024104,living
4,D,D4,D4_00403,2.535,2.467,2.822,1.144,23.820,884.213,2.647,0.026939,living
4,D,D4,D4_00404,1.082,2.519,1.863,0.740,14.641,669.375,2.531,0.021872,living
4,D,D4,D4_00405,2.298,1.935,2.379,1.230,32.228,813.610,2.735,0.039611,living
4,D,D4,D4_00406,2.315,2.204,2.549,1.156,134.299,688.109,4.708,0.195171,living
4,D,D4,D4_00407,2.298,2.219,2.548,1.148,90.235,638.081,2.419,0.141417,living
4,D,D4,D4_00408,2.839,1.256,2.131,1.696,98.179,775.982,2.637,0.126522,living
4,D,D4,D4_00409,1.977,2.207,2.357,1.068,104.000,672.410,2.709,0.154667,living
4,D,D4,D4_00410,1.284,1.783,1.707,0.958,34.658,683.092,2.105,0.050737,living
4,D,D4,D4_00411,0.794,1.821,1.357,0.745,16.191,580.362,2.660,0.027899,living
4,D,D4,D4_00412,1.589,2.199,2.109,0.959,39.138,630.691,2.532,0.062056,living
4,D,D4,D4_00413,1.470,3.572,2.586,0.724,28.609,531.218,2.356,0.053856,living
4,D,D4,D4_00414,3.262,2.204,3.026,1.373,2.648,568.223,2.798,0.004660,living
4,D,D4,D4_00415,2.974,1.918,2.695,1.405,24.159,733.239,2.909,0.032948,living
4,D,D4,D4_00416,1.876,2.227,2.306,1.036,13.532,670.216,2.378,0.020190,living
4,D,D4,D4_00417,1.115,2.083,1.720,0.826,13.394,625.152,2.530,0.021425,living
4,D,D4,D4_00418,2.163,2.341,2.539,1.085,82.672,749.820,2.711,0.110256,living
4,D,D4,D4_00419,0.997,2.436,1.758,0.722,90.220,633.322,3.102,0.142456,living
4,D,D4,D4_00420,0.811,2.204,1.509,0.684,19.062,648.583,12.917,0.029391,dead
4,D,D4,D4_00421,2.586,2.188,2.684,1.227,50.183,917.941,2.235,0.054669,living
4,D,D4,D4_00422,2.045,2.204,2.396,1.087,42.868,817.132,3.942,0.052461,living
4,D,D4,D4_00423,1.639,3.081,2.536,0.823,42.268,675.536,2.742,0.062570,living
4,D,D4,D4_00424,1.791,1.788,2.019,1.129,23.151,729.670,2.236,0.031728,living
4,D,D4,D4_00425,2.451,2.080,2.548,1.225,25.138,934.103,2.897,0.026911,living
4,D,D4,D4_00426,1.589,2.053,2.038,0.993,14.702,732.128,2.298,0.020081,living
4,D,D4,D4_00427,2.282,2.198,2.527,1.150,19.333,707.244,2.489,0.027336,living
4,D,D4,D4_00428,1.910,2.204,2.315,1.050,20.027,682.230,34.327,0.029355,dead
4,D,D4,D4_00429,1.132,2.204,1.782,0.809,60.358,725.716,2.284,0.083171,living
4,D,D4,D4_00430,1.504,2.204,2.055,0.932,68.809,669.798,2.742,0.102731,living
4,D,D4,D4_00431,1.741,2.204,2.211,1.003,39.612,759.398,2.262,0.052162,living
4,D,D4,D4_00432,2.738,2.204,2.772,1.258,63.710,699.864,2.481,0.091032,living
4,D,D4,D4_00433,1.927,2.204,2.326,1.055,34.789,685.000,2.289,0.050788,living
4,D,D4,D4_00434,3.380,2.204,3.080,1.397,22.240,907.085,2.400,0.024518,living
4,D,D4,D4_00435,1.960,1.744,2.086,1.196,13.922,670.276,2.672,0.020771,living
4,D,D4,D4_00436,2.231,2.204,2.502,1.135,101.508,602.932,2.121,0.168357,living
4,D,D4,D4_00437,2.163,2.204,2.464,1.118,90.906,773.812,2.297,0.117478,living
4,D,D4,D4_00438,1.690,2.204,2.178,0.988,104.300,656.500,2.770,0.158873,living
4,D,D4,D4_00439,2.045,2.204,2.396,1.087,110.678,844.372,2.339,0.131077,living
4,D,D4,D4_00440,1.825,2.204,2.263,1.027,86.130,765.806,2.806,0.112469,living
4,D,D4,D4_00441,2.113,2.204,2.435,1.105,57.512,662.568,2.592,0.086802,living
4,D,D4,D4_00442,2.586,2.204,2.694,1.222,95.876,964.203,2.209,0.099435,living
4,D,D4,D4_00443,1.099,2.204,1.756,0.797,20.477,722.354,2.462,0.028347,living
4,D,D4,D4_00444,1.251,2.204,1.874,0.850,36.892,891.716,2.284,0.041372,living
4,D,D4,D4_00445,2.231,2.204,2.502,1.135,28.568,1010.818,2.212,0.028262,living
4,D,D4,D4_00446,1.132,2.232,1.794,0.804,28.746,768.104,2.582,0.037425,living
4,D,D4,D4_00447,1.115,2.439,1.861,0.763,23.106,507.485,2.424,0.045531,living
4,D,D4,D4_00448,1.217,2.788,2.078,0.746,76.875,507.528,2.125,0.151470,living
4,D,D4,D4_00449,1.859,2.290,2.328,1.017,104.636,556.064,2.736,0.188173,living
4,D,D4,D4_00450,1.639,2.016,2.051,1.017,67.526,569.412,2.320,0.118589,living
4,D,D4,D4_00451,2.045,1.617,2.052,1.269,56.537,801.413,2.314,0.070547,living
4,D,D4,D4_00452,1.977,1.710,2.075,1.213,105.308,706.265,2.897,0.149105,living
4,D,D4,D4_00453,2.045,2.204,2.396,1.087,58.579,759.099,3.017,0.077168,living
4,D,D4,D4_00454,2.789,2.897,3.207,1.107,49.200,648.527,2.715,0.075864,living
4,D,D4,D4_00455,1.453,2.160,1.999,0.925,19.988,564.047,2.756,0.035437,living
4,D,D4,D4_00456,1.301,1.686,1.671,0.991,22.195,660.013,2.792,0.033628,living
4,D,D4,D4_00457,1.217,2.730,2.057,0.753,17.000,592.569,2.694,0.028689,living
4,D,D4,D4_00458,1.470,2.204,2.031,0.921,78.977,709.644,2.115,0.111291,living
4,D,D4,D4_00459,1.808,2.204,2.253,1.022,92.449,604.009,2.383,0.153058,living
4,D,D4,D4_00460,2.180,2.204,2.474,1.122,124.178,695.093,2.364,0.178650,living
4,D,D4,D4_00461,1.538,2.204,2.078,0.943,58.912,701.736,2.319,0.083952,living
4,D,D4,D4_00462,1.014,2.204,1.687,0.765,16.500,601.800,2.467,0.027418,living
4,D,D4,D4_00463,2.265,2.204,2.521,1.144,82.224,856.209,2.366,0.096032,living
4,D,D4,D4_00464,2.282,2.204,2.531,1.148,63.800,693.096,2.363,0.092051,living
4,D,D4,D4_00465,2.417,2.204,2.605,1.182,41.245,667.420,2.748,0.061797,living
4,D,D4,D4_00466,1.470,1.986,1.928,0.971,40.529,711.356,3.023,0.056974,living
4,D,D4,D4_00467,1.741,1.630,1.901,1.166,57.214,614.728,2.214,0.093071,living
4,D,D4,D4_00468,2.113,2.204,2.435,1.105,90.800,586.952,3.480,0.154697,living
4,D,D4,D4_00469,2.028,2.204,2.386,1.082,93.142,614.692,2.950,0.151526,living
4,D,D4,D4_00470,1.927,2.351,2.402,1.022,29.482,576.298,2.851,0.051158,living
4,D,D4,D4_00471,1.453,3.877,2.678,0.691,50.012,453.791,2.233,0.110209,living
4,D,D4,D4_00472,2.366,1.344,2.012,1.497,22.107,707.179,2.136,0.031261,living
4,D,D4,D4_00473,1.437,2.311,2.056,0.890,67.282,532.329,2.776,0.126392,living
4,D,D4,D4_00474,1.758,2.204,2.221,1.008,12.510,498.087,3.452,0.025115,living
4,D,D4,D4_00475,2.079,1.612,2.066,1.281,80.943,781.683,2.472,0.103550,living
4,D,D4,D4_00476,1.960,2.100,2.289,1.090,25.267,616.216,2.328,0.041004,living
4,D,D4,D4_00477,2.062,1.604,2.052,1.279,41.623,798.910,2.754,0.052100,living
4,D,D4,D4_00478,1.977,2.625,2.571,0.979,22.085,594.504,2.103,0.037149,living
4,D,D4,D4_00479,1.115,1.746,1.574,0.902,13.439,590.106,2.333,0.022775,living
4,D,D4,D4_00480,1.960,2.526,2.511,0.994,7.207,545.241,2.276,0.013218,living
4,D,D4,D4_00481,0.997,2.409,1.749,0.726,78.458,525.864,1.831,0.149197,living
4,D,D4,D4_00482,1.775,2.204,2.232,1.013,113.086,628.543,3.276,0.179917,living
4,D,D4,D4_00483,1.859,2.204,2.284,1.036,100.355,635.382,2.236,0.157944,living
4,D,D4,D4_00484,2.231,1.716,2.208,1.287,45.803,925.159,2.462,0.049508,living
4,D,D4,D4_00485,1.369,1.870,1.805,0.965,19.099,708.210,2.136,0.026968,living
4,D,D4,D4_00486,1.724,2.204,2.200,0.998,44.941,656.069,2.765,0.068501,living
4,D,D4,D4_00487,1.859,1.755,2.038,1.161,48.882,780.564,2.473,0.062624,living
4,D,D4,D4_00488,1.741,2.204,2.211,1.003,33.282,789.621,2.893,0.042149,living
4,D,D4,D4_00489,1.268,1.681,1.647,0.980,10.293,709.707,2.293,0.014504,living
4,D,D4,D4_00490,1.065,2.219,1.735,0.782,18.222,629.349,2.571,0.028954,living
4,D,D4,D4_00491,1.453,1.517,1.675,1.104,39.500,677.302,2.360,0.058320,living
4,D,D4,D4_00492,2.366,2.212,2.581,1.167,100.943,625.043,2.857,0.161497,living
4,D,D4,D4_00493,1.960,2.204,2.345,1.064,75.690,519.172,8.103,0.145789,dead
4,D,D4,D4_00494,1.555,1.965,1.972,1.004,72.696,566.696,2.413,0.128280,living
4,D,D4,D4_00495,1.606,2.567,2.291,0.893,52.126,532.505,2.463,0.097889,living
4,D,D4,D4_00496,1.555,1.707,1.838,1.077,85.033,624.946,2.196,0.136064,living
4,D,D4,D4_00497,2.332,2.204,2.558,1.161,61.935,585.319,2.449,0.105814,living
4,D,D4,D4_00498,0.997,3.023,1.959,0.648,39.898,511.017,2.627,0.078076,living
4,D,D4,D4_00499,2.163,2.204,2.464,1.118,31.883,558.820,3.117,0.057054,living
4,D,D4,D4_00500,1.910,2.034,2.224,1.093,26.823,618.336,2.805,0.043379,living
4,D,D4,D4_00501,1.893,2.113,2.257,1.068,33.071,636.625,2.054,0.051948,living
4,D,D4,D4_00502,1.268,2.331,1.940,0.832,10.307,552.547,3.213,0.018653,living
4,D,D4,D4_00503,2.011,1.808,2.152,1.190,27.958,688.395,2.311,0.040613,living
4,D,D4,D4_00504,1.808,2.536,2.416,0.953,72.364,587.766,2.280,0.123118,living
4,D,D4,D4_00505,1.217,2.269,1.875,0.826,95.736,566.347,2.389,0.169041,living
4,D,D4,D4_00506,1.352,2.095,1.899,0.906,97.987,638.938,2.300,0.153360,living
4,D,D4,D4_00507,1.555,1.831,1.904,1.040,57.272,605.533,2.304,0.094581,living
4,D,D4,D4_00508,1.808,2.278,2.290,1.005,37.748,678.673,2.972,0.055620,living
4,D,D4,D4_00509,2.620,2.204,2.712,1.230,137.077,814.542,15.103,0.168288,dead
4,D,D4,D4_00510,1.132,2.204,1.782,0.809,38.522,571.627,21.851,0.067391,dead
4,D,D4,D4_00511,2.163,2.683,2.718,1.013,43.000,699.117,2.336,0.061506,living
4,D,D4,D4_00512,3.008,1.821,2.641,1.450,96.303,932.180,2.180,0.103310,living
4,D,D4,D4_00513,2.332,2.293,2.609,1.138,60.768,796.957,2.601,0.076250,living
4,D,D4,D4_00514,1.166,2.204,1.809,0.821,35.348,654.348,4.058,0.054020,living
4,D,D4,D4_00515,1.166,2.565,1.951,0.761,25.261,603.174,2.841,0.041880,living
4,D,D4,D4_00516,1.470,1.594,1.727,1.084,26.011,708.782,2.966,0.036699,living
4,D,D4,D4_00517,1.031,2.730,1.893,0.693,22.836,606.393,2.721,0.037659,living
4,D,D4,D4_00518,1.031,1.715,1.500,0.875,22.459,595.328,2.213,0.037725,living
4,D,D4,D4_00519,3.093,2.618,3.211,1.226,2.590,735.519,2.197,0.003522,living
4,D,D4,D4_00520,1.251,2.014,1.791,0.889,49.000,577.311,2.122,0.084876,living
4,D,D4,D4_00521,0.896,1.885,1.466,0.778,34.698,553.075,2.642,0.062737,living
4,D,D4,D4_00522,0.930,3.457,2.023,0.585,54.382,535.455,1.964,0.101562,living
4,D,D4,D4_00523,3.093,2.555,3.172,1.242,42.913,798.585,2.322,0.053736,living
4,D,D4,D4_00524,2.028,1.657,2.068,1.248,55.083,621.208,2.692,0.088671,living
4,D,D4,D4_00525,1.910,2.204,2.315,1.050,35.062,819.912,2.619,0.042763,living
4,D,D4,D4_00526,1.690,1.815,1.976,1.089,51.320,561.920,2.550,0.091330,living
4,D,D4,D4_00527,1.859,2.204,2.284,1.036,77.582,444.182,3.282,0.174662,living
4,D,D4,D4_00528,1.572,1.897,1.949,1.027,74.527,527.817,2.183,0.141198,living
4,D,D4,D4_00529,1.775,1.810,2.023,1.117,51.286,605.486,2.724,0.084702,living
4,D,D4,D4_00530,2.958,2.204,2.881,1.307,65.126,534.080,3.274,0.121940,living
4,D,D4,D4_00531,1.775,2.204,2.232,1.013,64.371,583.086,2.876,0.110398,living
4,D,D4,D4_00532,2.315,2.560,2.747,1.073,43.204,599.190,2.219,0.072105,living
4,D,D4,D4_00533,1.791,2.084,2.180,1.046,36.962,583.528,2.519,0.063343,living
4,D,D4,D4_00534,1.622,1.927,1.995,1.035,6.812,495.448,2.312,0.013750,living
4,D,D4,D4_00535,1.031,2.070,1.648,0.796,17.426,503.230,2.557,0.034629,living
4,D,D4,D4_00536,2.822,2.204,2.814,1.277,15.132,591.826,2.695,0.025568,living
4,D,D4,D4_00537,1.994,2.204,2.366,1.073,18.466,638.542,2.712,0.028919,living
4,D,D4,D4_00538,1.707,2.192,2.183,0.996,86.297,615.495,2.208,0.140208,living
4,D,D4,D4_00539,1.977,2.260,2.385,1.055,111.547,625.590,2.060,0.178307,living
4,D,D4,D4_00540,1.758,2.204,2.221,1.008,98.923,620.452,3.163,0.159437,living
4,D,D4,D4_00541,2.620,1.955,2.554,1.306,150.484,774.910,2.226,0.194195,living
4,D,D4,D4_00542,2.484,2.204,2.640,1.198,88.565,886.857,2.646,0.099863,living
4,D,D4,D4_00543,2.096,2.152,2.396,1.114,87.290,690.234,2.145,0.126465,living
4,D,D4,D4_00544,2.197,2.698,2.747,1.018,63.715,614.138,2.785,0.103748,living
4,D,D4,D4_00545,2.552,3.021,3.133,1.037,39.338,684.921,2.550,0.057434,living
4,D,D4,D4_00546,2.028,1.825,2.171,1.189,87.492,748.625,2.108,0.116870,living
4,D,D4,D4_00547,2.349,2.020,2.458,1.217,41.065,672.518,2.942,0.061061,living
4,D,D4,D4_00548,2.248,2.204,2.512,1.139,32.639,640.444,3.368,0.050963,living
4,D,D4,D4_00549,2.028,2.281,2.427,1.064,19.158,702.858,2.117,0.027258,living
4,D,D4,D4_00550,1.132,3.188,2.144,0.672,7.239,506.254,2.045,0.014299,living
4,D,D4,D4_00551,1.065,2.346,1.784,0.760,16.238,592.270,2.063,0.027417,living
5,C,C5,C5_00001,0.963,1.899,1.526,0.804,52.123,611.754,3.140,0.085202,living
5,C,C5,C5_00002,2.907,3.014,3.340,1.108,81.250,788.942,3.337,0.102986,living
5,C,C5,C5_00003,1.014,2.160,1.670,0.773,48.800,646.817,77.850,0.075446,dead
5,C,C5,C5_00004,2.467,1.685,2.301,1.365,79.630,928.212,2.692,0.085789,living
5,C,C5,C5_00005,2.839,2.119,2.768,1.306,87.274,928.571,2.488,0.093987,living
5,C,C5,C5_00006,2.501,1.903,2.462,1.294,126.507,1103.635,2.304,0.114627,living
5,C,C5,C5_00007,1.960,1.540,1.960,1.273,87.000,1102.319,2.336,0.078925,living
5,C,C5,C5_00008,1.132,2.204,1.782,0.809,13.299,615.627,2.896,0.021602,living
5,C,C5,C5_00009,2.873,1.838,2.593,1.411,40.941,973.724,2.506,0.042046,living
5,C,C5,C5_00010,1.470,2.160,2.011,0.931,10.333,708.966,6.517,0.014575,dead
5,C,C5,C5_00011,2.518,2.682,2.932,1.093,2.409,735.980,2.953,0.003274,living
5,C,C5,C5_00012,1.386,2.606,2.144,0.823,13.585,744.768,2.341,0.018241,living
5,C,C5,C5_00013,1.166,2.670,1.991,0.746,10.971,681.551,2.348,0.016097,living
5,C,C5,C5_00014,1.622,2.160,2.112,0.978,98.271,849.698,2.552,0.115654,living
5,C,C5,C5_00015,1.825,2.474,2.398,0.969,47.815,839.602,2.065,0.056949,living
5,C,C5,C5_00016,1.656,1.621,1.849,1.140,75.276,823.653,2.449,0.091392,living
5,C,C5,C5_00017,0.845,1.964,1.454,0.740,35.980,703.480,2.380,0.051146,living
5,C,C5,C5_00018,1.386,2.179,1.961,0.900,30.756,777.390,2.207,0.039563,living
5,C,C5,C5_00019,1.504,4.694,2.998,0.639,31.146,698.584,2.348,0.044585,living
5,C,C5,C5_00020,1.369,2.160,1.940,0.898,49.198,750.556,3.802,0.065548,living
5,C,C5,C5_00021,2.805,1.866,2.582,1.383,166.151,1136.753,2.211,0.146162,living
5,C,C5,C5_00022,3.160,1.992,2.831,1.421,98.770,1062.374,2.374,0.092971,living
5,C,C5,C5_00023,1.453,1.676,1.761,1.051,74.523,888.267,2.698,0.083897,living
5,C,C5,C5_00024,1.301,1.933,1.789,0.926,3.078,814.909,3.000,0.003777,living
5,C,C5,C5_00025,0.879,2.160,1.555,0.720,36.538,693.962,5.327,0.052652,dead
5,C,C5,C5_00026,2.974,1.465,2.355,1.608,25.551,1145.131,2.517,0.022313,living
5,C,C5,C5_00027,2.248,3.426,3.131,0.914,57.361,784.150,2.812,0.073150,living
5,C,C5,C5_00028,1.572,2.542,2.256,0.887,46.054,716.441,2.731,0.064281,living
5,C,C5,C5_00029,2.552,1.798,2.417,1.344,5.662,1020.444,2.709,0.005549,living
5,C,C5,C5_00030,1.420,2.083,1.941,0.932,18.167,813.179,2.131,0.022340,living
5,C,C5,C5_00031,2.721,2.657,3.034,1.142,22.037,942.391,2.789,0.023384,living
5,C,C5,C5_00032,2.146,2.160,2.429,1.125,133.969,1149.488,2.370,0.116546,living
5,C,C5,C5_00033,2.096,2.160,2.401,1.112,182.379,1283.895,2.992,0.142051,living
5,C,C5,C5_00034,1.944,2.160,2.312,1.071,43.643,1209.939,2.565,0.036071,living
5,C,C5,C5_00035,0.913,2.160,1.584,0.734,38.796,1041.148,2.593,0.037263,living
5,C,C5,C5_00036,0.710,2.160,1.397,0.647,37.214,938.690,2.619,0.039645,living
5,C,C5,C5_00037,1.318,2.204,1.923,0.873,33.833,1079.038,2.205,0.031355,living
5,C,C5,C5_00038,2.620,1.690,2.374,1.405,78.677,852.084,2.129,0.092335,living
5,C,C5,C5_00039,2.113,2.160,2.410,1.116,86.912,594.824,4.832,0.146114,living
5,C,C5,C5_00040,2.789,2.043,2.693,1.318,85.309,789.958,2.333,0.107992,living
5,C,C5,C5_00041,2.265,1.840,2.304,1.252,93.284,749.769,2.440,0.124416,living
5,C,C5,C5_00042,0.997,2.160,1.656,0.767,39.458,582.644,45.102,0.067722,dead
5,C,C5,C5_00043,2.028,2.754,2.667,0.968,37.225,598.258,2.300,0.062222,living
5,C,C5,C5_00044,2.856,2.260,2.867,1.268,2.704,666.101,2.041,0.004060,living
5,C,C5,C5_00045,1.944,2.771,2.619,0.945,2.452,517.513,2.565,0.004738,living
5,C,C5,C5_00046,1.825,1.996,2.154,1.079,31.500,701.731,2.528,0.044889,living
5,C,C5,C5_00047,1.335,1.959,1.825,0.931,22.051,647.114,2.051,0.034075,living
5,C,C5,C5_00048,2.603,3.094,3.202,1.035,2.117,590.078,2.506,0.003587,living
5,C,C5,C5_00049,3.143,2.701,3.288,1.217,22.780,891.656,2.565,0.025547,living
5,C,C5,C5_00050,1.031,1.899,1.579,0.831,40.000,604.590,2.574,0.066161,living
5,C,C5,C5_00051,1.960,1.713,2.068,1.207,113.690,778.371,2.569,0.146061,living
5,C,C5,C5_00052,2.991,1.735,2.570,1.482,2.559,1007.814,2.548,0.002539,living
5,C,C5,C5_00053,2.451,2.160,2.596,1.202,112.145,674.048,8.255,0.166375,dead
5,C,C5,C5_00054,1.437,1.486,1.649,1.110,46.659,735.624,2.741,0.063428,living
5,C,C5,C5_00055,2.451,2.497,2.791,1.118,106.152,696.476,2.593,0.152413,living
5,C,C5,C5_00056,0.777,1.474,1.208,0.819,59.435,444.087,2.587,0.133836,living
5,C,C5,C5_00057,2.332,2.415,2.678,1.109,12.942,642.152,2.486,0.020154,living
5,C,C5,C5_00058,1.910,1.683,2.023,1.202,72.336,834.168,2.487,0.086717,living
5,C,C5,C5_00059,1.825,1.527,1.884,1.234,16.250,792.556,2.500,0.020503,living
5,C,C5,C5_00060,2.197,2.160,2.458,1.138,28.931,963.831,2.823,0.030016,living
5,C,C5,C5_00061,1.994,2.148,2.335,1.087,6.958,743.949,2.458,0.009352,living
5,C,C5,C5_00062,1.893,1.882,2.130,1.132,12.429,794.938,2.321,0.015635,living
5,C,C5,C5_00063,0.811,2.465,1.595,0.647,7.708,612.354,1.938,0.012588,living
5,C,C5,C5_00064,0.845,2.160,1.524,0.706,8.040,601.320,18.920,0.013371,dead
5,C,C5,C5_00065,1.825,2.149,2.235,1.040,27.787,489.148,3.130,0.056807,living
5,C,C5,C5_00066,2.096,2.065,2.348,1.137,27.452,606.621,2.242,0.045253,living
5,C,C5,C5_00067,1.707,2.160,2.167,1.003,33.832,518.069,95.208,0.065303,dead
5,C,C5,C5_00068,2.772,3.193,3.357,1.051,22.037,530.848,2.970,0.041512,living
5,C,C5,C5_00069,2.400,1.407,2.074,1.474,2.563,463.894,2.317,0.005526,living
5,C,C5,C5_00070,1.876,3.020,2.686,0.889,10.144,449.441,2.288,0.022571,living
5,C,C5,C5_00071,3.042,1.555,2.454,1.578,2.628,760.644,2.728,0.003455,living
5,C,C5,C5_00072,1.690,1.381,1.724,1.248,15.330,649.250,2.490,0.023612,living
5,C,C5,C5_00073,2.045,2.597,2.600,1.001,17.240,534.934,2.149,0.032228,living
5,C,C5,C5_00074,1.639,1.701,1.884,1.108,21.361,603.773,2.082,0.035379,living
5,C,C5,C5_00075,1.420,1.643,1.724,1.049,35.405,995.190,2.405,0.035576,living
5,C,C5,C5_00076,0.761,2.160,1.447,0.670,25.333,646.000,3.267,0.039216,living
5,C,C5,C5_00077,2.400,1.829,2.364,1.293,153.810,987.232,2.599,0.155799,living
5,C,C5,C5_00078,1.082,2.169,1.729,0.797,63.906,851.875,2.391,0.075018,living
5,C,C5,C5_00079,2.501,2.624,2.891,1.102,131.439,994.953,2.324,0.132106,living
5,C,C5,C5_00080,2.129,2.285,2.489,1.089,90.897,1031.198,2.937,0.088147,living
5,C,C5,C5_00081,2.366,1.623,2.211,1.362,93.521,1224.693,2.464,0.076363,living
5,C,C5,C5_00082,2.113,1.777,2.186,1.230,20.256,1066.048,2.152,0.019001,living
5,C,C5,C5_00083,1.910,1.675,2.018,1.205,91.690,1152.478,2.779,0.079559,living
5,C,C5,C5_00084,1.572,1.526,1.748,1.145,58.312,1060.925,2.398,0.054963,living
5,C,C5,C5_00085,1.437,1.535,1.676,1.092,57.271,1061.459,2.765,0.053955,living
5,C,C5,C5_00086,0.896,1.622,1.360,0.839,37.736,949.887,2.321,0.039727,living
5,C,C5,C5_00087,1.876,1.975,2.172,1.100,11.234,889.270,2.405,0.012633,living
5,C,C5,C5_00088,1.437,1.662,1.744,1.049,19.047,981.518,2.529,0.019406,living
5,C,C5,C5_00089,0.980,2.088,1.614,0.773,15.379,905.586,1.879,0.016983,living
5,C,C5,C5_00090,1.115,1.753,1.578,0.900,24.318,691.121,2.727,0.035187,living
5,C,C5,C5_00091,3.346,1.923,2.862,1.488,2.672,975.419,2.717,0.002739,living
5,C,C5,C5_00092,2.755,1.845,2.544,1.379,2.252,616.663,2.184,0.003651,living
5,C,C5,C5_00093,1.893,2.135,2.268,1.063,2.866,715.429,3.116,0.004006,living
5,C,C5,C5_00094,2.501,3.626,3.398,0.937,108.318,650.628,2.412,0.166481,living
5,C,C5,C5_00095,2.265,2.055,2.434,1.185,117.440,826.201,2.381,0.142145,living
5,C,C5,C5_00096,0.862,2.187,1.549,0.708,25.902,685.137,2.490,0.037806,living
5,C,C5,C5_00097,2.096,2.160,2.401,1.112,53.718,643.766,19.379,0.083443,dead
5,C,C5,C5_00098,1.487,1.893,1.893,1.000,47.602,712.420,2.273,0.066818,living
5,C,C5,C5_00099,2.789,2.702,3.098,1.146,40.473,753.285,2.200,0.053728,living
5,C,C5,C5_00100,2.569,2.160,2.658,1.231,27.408,779.112,4.230,0.035178,living
5,C,C5,C5_00101,1.149,1.466,1.464,0.999,2.485,733.574,1.926,0.003388,living
5,C,C5,C5_00102,1.944,2.160,2.312,1.071,10.870,647.504,4.470,0.016787,living
5,C,C5,C5_00103,1.234,2.534,1.995,0.787,11.603,644.041,2.562,0.018016,living
5,C,C5,C5_00104,0.930,2.160,1.599,0.740,13.291,628.073,4.000,0.021161,living
5,C,C5,C5_00105,1.521,2.450,2.178,0.889,13.600,695.867,2.156,0.019544,living
5,C,C5,C5_00106,1.166,3.904,2.407,0.617,10.725,597.188,2.667,0.017959,living
5,C,C5,C5_00107,1.960,2.620,2.557,0.976,2.552,561.121,2.164,0.004548,living
5,C,C5,C5_00108,1.656,2.021,2.064,1.021,2.612,695.929,2.459,0.003754,living
5,C,C5,C5_00109,2.282,1.900,2.350,1.237,97.548,705.200,2.444,0.138327,living
5,C,C5,C5_00110,2.011,1.864,2.185,1.172,2.706,578.034,3.008,0.004681,living
5,C,C5,C5_00111,2.163,1.507,2.037,1.352,2.727,610.781,2.328,0.004464,living
5,C,C5,C5_00112,2.079,1.808,2.188,1.210,114.439,804.699,2.382,0.142213,living
5,C,C5,C5_00113,2.873,2.315,2.910,1.257,120.712,721.494,2.335,0.167308,living
5,C,C5,C5_00114,2.484,2.160,2.614,1.210,4.435,844.592,2.741,0.005252,living
5,C,C5,C5_00115,3.008,1.754,2.592,1.478,22.056,1182.652,2.781,0.018650,living
5,C,C5,C5_00116,2.620,2.029,2.602,1.282,5.619,934.206,2.213,0.006015,living
5,C,C5,C5_00117,2.129,1.685,2.137,1.268,2.635,903.937,2.690,0.002915,living
5,C,C5,C5_00118,2.738,3.119,3.297,1.057,7.130,680.031,2.000,0.010484,living
5,C,C5,C5_00119,2.822,4.715,4.116,0.873,2.557,576.467,2.186,0.004435,living
5,C,C5,C5_00120,3.008,3.955,3.892,0.984,3.685,705.247,2.534,0.005226,living
5,C,C5,C5_00121,1.048,2.063,1.659,0.804,26.258,651.403,2.597,0.040310,living
5,C,C5,C5_00122,1.403,2.924,2.285,0.782,2.506,528.904,2.072,0.004738,living
5,C,C5,C5_00123,1.115,2.170,1.755,0.809,2.561,575.970,2.530,0.004446,living
5,C,C5,C5_00124,3.160,2.160,2.948,1.365,24.743,773.904,17.326,0.031972,dead
5,C,C5,C5_00125,1.555,2.293,2.131,0.929,15.620,675.870,2.326,0.023110,living
5,C,C5,C5_00126,2.873,3.121,3.379,1.083,22.353,732.371,2.400,0.030521,living
5,C,C5,C5_00127,1.268,2.160,1.867,0.865,11.173,555.147,4.973,0.020127,living
5,C,C5,C5_00128,2.197,2.310,2.542,1.100,14.862,735.992,3.138,0.020193,living
5,C,C5,C5_00129,1.893,1.881,2.129,1.132,17.536,762.786,2.509,0.022989,living
5,C,C5,C5_00130,2.704,2.153,2.723,1.265,8.781,553.719,2.375,0.015859,living
5,C,C5,C5_00131,2.028,1.748,2.125,1.215,2.517,737.233,2.492,0.003414,living
5,C,C5,C5_00132,1.893,3.024,2.700,0.893,66.884,633.125,2.339,0.105641,living
5,C,C5,C5_00133,1.132,2.096,1.738,0.829,64.761,624.806,2.537,0.103650,living
5,C,C5,C5_00134,1.217,1.599,1.574,0.984,77.375,692.944,2.667,0.111661,living
5,C,C5,C5_00135,1.927,1.678,2.029,1.209,157.491,824.526,2.991,0.191008,living
5,C,C5,C5_00136,1.910,1.907,2.154,1.129,88.292,784.044,2.018,0.112611,living
5,C,C5,C5_00137,2.079,2.018,2.311,1.145,73.171,806.081,2.325,0.090773,living
5,C,C5,C5_00138,2.298,1.569,2.143,1.366,128.390,1058.037,2.860,0.121347,living
5,C,C5,C5_00139,2.873,1.654,2.460,1.487,5.747,935.347,2.412,0.006144,living
5,C,C5,C5_00140,1.487,2.160,2.022,0.936,28.273,666.580,3.784,0.042415,living
5,C,C5,C5_00141,2.755,1.487,2.284,1.536,2.613,796.411,2.209,0.003282,living
5,C,C5,C5_00142,2.991,1.818,2.631,1.447,47.599,1056.881,2.661,0.045037,living
5,C,C5,C5_00143,1.099,1.623,1.507,0.929,9.554,722.815,2.831,0.013218,living
5,C,C5,C5_00144,0.710,1.887,1.306,0.692,9.976,653.548,2.238,0.015265,living
5,C,C5,C5_00145,2.197,2.095,2.421,1.156,22.962,897.831,2.615,0.025574,living
5,C,C5,C5_00146,1.048,2.483,1.820,0.733,10.161,583.500,2.839,0.017414,living
5,C,C5,C5_00147,2.451,2.922,3.020,1.033,76.814,619.938,2.324,0.123906,living
5,C,C5,C5_00148,1.690,3.825,2.869,0.750,2.630,488.770,2.530,0.005381,living
5,C,C5,C5_00149,1.690,1.776,1.955,1.101,2.370,549.230,2.820,0.004315,living
5,C,C5,C5_00150,2.636,1.995,2.588,1.297,2.724,894.506,2.551,0.003046,living
5,C,C5,C5_00151,1.927,2.986,2.707,0.906,50.211,574.360,2.404,0.087420,living
5,C,C5,C5_00152,2.231,1.635,2.155,1.318,2.879,821.242,2.538,0.003505,living
5,C,C5,C5_00153,1.791,2.256,2.268,1.005,42.189,625.302,2.745,0.067469,living
5,C,C5,C5_00154,2.620,2.160,2.684,1.243,59.542,955.626,2.748,0.062307,living
5,C,C5,C5_00155,0.744,1.565,1.218,0.778,2.705,497.818,1.659,0.005433,living
5,C,C5,C5_00156,0.761,2.263,1.481,0.654,2.378,487.978,2.356,0.004873,living
5,C,C5,C5_00157,2.569,2.054,2.592,1.262,9.645,835.322,2.408,0.011546,living
5,C,C5,C5_00158,1.555,2.160,2.068,0.957,12.913,540.391,5.717,0.023896,dead
5,C,C5,C5_00159,0.744,2.397,1.507,0.629,2.909,493.977,2.523,0.005889,living
5,C,C5,C5_00160,1.149,2.160,1.778,0.823,68.397,522.559,5.324,0.130889,dead
5,C,C5,C5_00161,2.974,1.640,2.492,1.520,2.864,876.778,2.472,0.003266,living
5,C,C5,C5_00162,2.467,2.160,2.605,1.206,110.603,672.199,3.774,0.164539,living
5,C,C5,C5_00163,2.298,2.160,2.514,1.164,2.287,683.257,4.390,0.003347,living
5,C,C5,C5_00164,1.893,1.761,2.060,1.170,12.062,634.616,2.696,0.019008,living
5,C,C5,C5_00165,1.555,1.895,1.937,1.022,111.957,612.359,2.707,0.182828,living
5,C,C5,C5_00166,0.744,1.565,1.218,0.778,2.705,452.636,2.841,0.005975,living
5,C,C5,C5_00167,2.079,1.642,2.085,1.270,50.179,873.041,2.618,0.057476,living
5,C,C5,C5_00168,0.761,2.160,1.447,0.670,20.556,571.622,8.467,0.035960,dead
5,C,C5,C5_00169,1.589,1.592,1.795,1.127,9.851,723.968,2.404,0.013607,living
5,C,C5,C5_00170,1.707,2.302,2.237,0.972,87.851,584.931,2.436,0.150191,living
5,C,C5,C5_00171,1.724,1.690,1.926,1.140,93.627,665.510,2.461,0.140685,living
5,C,C5,C5_00172,1.470,2.500,2.163,0.865,80.460,604.034,2.529,0.133204,living
5,C,C5,C5_00173,2.265,1.867,2.320,1.243,129.313,767.843,2.470,0.168411,living
5,C,C5,C5_00174,2.214,2.702,2.760,1.021,3.069,632.076,2.328,0.004855,living
5,C,C5,C5_00175,2.163,1.774,2.210,1.246,48.078,749.398,2.242,0.064156,living
5,C,C5,C5_00176,1.487,1.660,1.773,1.068,72.716,706.000,2.295,0.102997,living
5,C,C5,C5_00177,1.200,2.160,1.817,0.841,31.070,599.901,4.183,0.051793,living
5,C,C5,C5_00178,2.079,1.553,2.028,1.306,2.878,809.789,2.065,0.003554,living
5,C,C5,C5_00179,1.487,1.172,1.490,1.271,2.409,720.284,2.148,0.003345,living
5,C,C5,C5_00180,1.386,1.688,1.726,1.022,2.817,695.683,2.024,0.004049,living
5,C,C5,C5_00181,0.744,1.846,1.322,0.716,2.841,492.250,2.477,0.005771,living
5,C,C5,C5_00182,2.451,2.166,2.600,1.200,81.821,685.731,2.214,0.119319,living
5,C,C5,C5_00183,2.552,1.803,2.420,1.342,76.146,810.146,2.377,0.093990,living
5,C,C5,C5_00184,1.301,2.160,1.891,0.876,64.675,540.532,2.896,0.119651,living
5,C,C5,C5_00185,2.214,1.556,2.094,1.346,61.618,658.840,2.336,0.093526,living
5,C,C5,C5_00186,1.453,2.160,1.999,0.926,19.605,604.012,8.198,0.032457,dead
5,C,C5,C5_00187,1.775,1.863,2.052,1.101,2.667,505.914,2.476,0.005271,living
5,C,C5,C5_00188,1.656,3.347,2.657,0.794,2.551,546.235,2.663,0.004670,living
5,C,C5,C5_00189,1.403,2.207,1.986,0.900,18.398,615.831,2.819,0.029874,living
5,C,C5,C5_00190,2.315,2.160,2.523,1.168,22.620,644.241,19.182,0.035112,dead
5,C,C5,C5_00191,2.535,2.005,2.544,1.269,12.047,810.873,2.193,0.014856,living
5,C,C5,C5_00192,1.876,2.779,2.576,0.927,2.207,481.423,2.739,0.004585,living
5,C,C5,C5_00193,1.538,2.028,1.993,0.983,93.110,826.429,2.407,0.112665,living
5,C,C5,C5_00194,1.994,1.791,2.132,1.191,186.407,1042.542,2.508,0.178800,living
5,C,C5,C5_00195,1.589,1.528,1.758,1.151,173.553,962.330,2.277,0.180347,living
5,C,C5,C5_00196,1.893,2.160,2.282,1.056,98.830,881.562,4.750,0.112108,living
5,C,C5,C5_00197,2.924,2.044,2.759,1.350,219.353,1295.312,2.312,0.169343,living
5,C,C5,C5_00198,1.217,2.160,1.829,0.847,135.375,930.583,4.069,0.145473,living
5,C,C5,C5_00199,1.791,1.567,1.890,1.206,75.708,1293.858,2.726,0.058513,living
5,C,C5,C5_00200,2.467,1.553,2.209,1.422,26.185,1013.658,2.356,0.025832,living
5,C,C5,C5_00201,1.555,2.126,2.052,0.965,26.370,981.978,2.772,0.026854,living
5,C,C5,C5_00202,1.656,1.904,2.004,1.052,2.520,741.306,2.480,0.003400,living
5,C,C5,C5_00203,0.879,2.160,1.555,0.720,22.038,772.173,7.192,0.028541,dead
5,C,C5,C5_00204,1.673,1.816,1.967,1.083,16.929,1019.758,2.697,0.016601,living
5,C,C5,C5_00205,1.403,2.160,1.964,0.909,31.217,671.349,4.024,0.046499,living
5,C,C5,C5_00206,1.082,2.160,1.725,0.799,85.109,736.766,3.453,0.115518,living
5,C,C5,C5_00207,1.521,1.610,1.766,1.097,99.389,801.200,2.644,0.124050,living
5,C,C5,C5_00208,2.991,2.102,2.829,1.346,113.469,1079.441,2.249,0.105118,living
5,C,C5,C5_00209,0.896,2.160,1.570,0.727,65.396,651.019,60.321,0.100452,dead
5,C,C5,C5_00210,1.927,1.890,2.153,1.139,101.465,920.088,2.070,0.110277,living
5,C,C5,C5_00211,1.876,1.592,1.950,1.225,77.441,1057.279,2.360,0.073246,living
5,C,C5,C5_00212,1.403,2.442,2.089,0.855,50.229,787.843,2.108,0.063755,living
5,C,C5,C5_00213,1.166,2.122,1.775,0.836,40.261,781.899,3.203,0.051491,living
5,C,C5,C5_00214,0.946,2.110,1.594,0.756,20.393,792.286,3.143,0.025739,living
5,C,C5,C5_00215,1.149,3.703,2.328,0.629,8.691,642.603,2.647,0.013525,living
5,C,C5,C5_00216,2.315,2.317,2.613,1.128,2.416,764.372,2.949,0.003161,living
5,C,C5,C5_00217,1.284,1.602,1.618,1.010,2.461,646.303,2.224,0.003807,living
5,C,C5,C5_00218,2.113,1.731,2.158,1.247,144.680,772.880,2.240,0.187196,living
5,C,C5,C5_00219,1.994,1.777,2.124,1.195,26.203,782.102,2.305,0.033504,living
5,C,C5,C5_00220,2.315,2.280,2.592,1.137,86.080,731.212,2.679,0.117723,living
5,C,C5,C5_00221,1.200,2.340,1.891,0.808,103.141,576.366,2.986,0.178950,living
5,C,C5,C5_00222,2.569,2.160,2.658,1.231,101.513,708.572,2.500,0.143264,living
5,C,C5,C5_00223,1.048,2.663,1.885,0.708,3.032,489.742,2.097,0.006192,living
5,C,C5,C5_00224,0.896,1.585,1.345,0.848,2.679,466.415,2.264,0.005744,living
5,C,C5,C5_00225,1.268,1.792,1.701,0.949,50.933,704.627,2.547,0.072284,living
5,C,C5,C5_00226,1.673,2.447,2.283,0.933,42.727,585.556,2.859,0.072969,living
5,C,C5,C5_00227,2.383,2.160,2.560,1.185,95.539,676.035,6.284,0.141322,dead
5,C,C5,C5_00228,3.076,2.160,2.908,1.347,103.137,833.280,4.104,0.123773,living
5,C,C5,C5_00229,3.110,1.834,2.695,1.469,121.908,1070.038,2.397,0.113928,living
5,C,C5,C5_00230,1.775,2.160,2.209,1.023,27.571,763.505,18.219,0.036112,dead
5,C,C5,C5_00231,2.653,2.160,2.701,1.251,22.357,688.732,3.981,0.032461,living
5,C,C5,C5_00232,2.045,2.169,2.376,1.096,56.231,724.289,2.678,0.077637,living
5,C,C5,C5_00233,1.808,2.006,2.149,1.071,45.636,767.150,2.776,0.059487,living
5,C,C5,C5_00234,1.893,1.800,2.083,1.157,36.000,804.375,2.134,0.044755,living
5,C,C5,C5_00235,0.862,2.160,1.540,0.713,15.000,622.059,4.000,0.024113,living
5,C,C5,C5_00236,1.234,2.160,1.842,0.853,35.479,618.137,3.329,0.057397,living
5,C,C5,C5_00237,1.960,2.389,2.442,1.022,6.922,724.534,2.517,0.009554,living
5,C,C5,C5_00238,2.569,2.399,2.801,1.168,121.566,748.408,2.316,0.162433,living
5,C,C5,C5_00239,1.977,2.059,2.277,1.106,55.513,788.009,2.179,0.070447,living
5,C,C5,C5_00240,2.552,1.648,2.314,1.404,144.510,1055.987,2.682,0.136848,living
5,C,C5,C5_00241,1.741,2.160,2.188,1.013,34.078,621.534,6.087,0.054828,dead
5,C,C5,C5_00242,2.113,2.123,2.390,1.126,32.504,788.128,2.256,0.041242,living
5,C,C5,C5_00243,1.639,2.093,2.090,0.999,92.186,705.423,2.299,0.130681,living
5,C,C5,C5_00244,2.484,1.600,2.250,1.406,115.844,997.673,2.197,0.116114,living
5,C,C5,C5_00245,2.569,2.160,2.658,1.231,2.467,794.283,2.467,0.003106,living
5,C,C5,C5_00246,1.251,2.160,1.855,0.859,51.014,606.716,15.703,0.084081,dead
5,C,C5,C5_00247,1.217,1.652,1.600,0.968,23.569,707.125,2.139,0.033331,living
5,C,C5,C5_00248,2.079,1.752,2.154,1.229,118.772,881.780,2.504,0.134696,living
5,C,C5,C5_00249,1.589,1.694,1.851,1.093,2.426,766.319,2.372,0.003165,living
5,C,C5,C5_00250,1.470,2.080,1.973,0.949,24.701,700.138,2.092,0.035280,living
5,C,C5,C5_00251,1.335,1.967,1.829,0.930,52.316,690.342,2.684,0.075783,living
5,C,C5,C5_00252,1.960,1.524,1.950,1.280,2.379,615.509,2.534,0.003866,living
5,C,C5,C5_00253,1.470,1.597,1.729,1.083,29.747,649.851,2.253,0.045775,living
5,C,C5,C5_00254,1.690,1.905,2.025,1.063,28.690,809.200,2.790,0.035455,living
5,C,C5,C5_00255,0.744,1.386,1.146,0.827,14.341,750.000,3.477,0.019121,living
5,C,C5,C5_00256,1.876,1.961,2.164,1.104,92.297,583.775,2.865,0.158104,living
5,C,C5,C5_00257,1.808,2.323,2.312,0.995,68.299,629.056,2.822,0.108574,living
5,C,C5,C5_00258,2.586,3.119,3.205,1.027,90.595,632.183,2.399,0.143305,living
5,C,C5,C5_00259,2.332,2.160,2.532,1.173,83.978,648.123,3.225,0.129571,living
5,C,C5,C5_00260,3.380,1.629,2.648,1.625,91.925,907.080,2.725,0.101342,living
5,C,C5,C5_00261,2.129,1.441,1.976,1.372,19.206,719.857,2.365,0.026681,living
5,C,C5,C5_00262,1.775,1.814,2.025,1.116,122.010,651.314,2.029,0.187328,living
5,C,C5,C5_00263,1.589,2.160,2.090,0.968,72.543,531.340,105.660,0.136527,dead
5,C,C5,C5_00264,1.994,1.598,2.014,1.260,46.492,799.000,2.381,0.058187,living
5,C,C5,C5_00265,2.620,2.061,2.622,1.272,2.458,756.735,2.484,0.003248,living
5,C,C5,C5_00266,2.738,2.750,3.096,1.126,76.877,727.099,2.889,0.105731,living
5,C,C5,C5_00267,1.791,2.160,2.219,1.028,33.274,584.425,14.160,0.056934,dead
5,C,C5,C5_00268,2.941,1.951,2.703,1.385,2.598,717.236,2.523,0.003622,living
5,C,C5,C5_00269,2.856,2.389,2.947,1.234,24.651,831.651,2.024,0.029641,living
5,C,C5,C5_00270,1.251,2.672,2.063,0.772,12.865,572.027,2.676,0.022490,living
5,C,C5,C5_00271,1.369,2.107,1.916,0.910,14.000,583.926,2.556,0.023976,living
5,C,C5,C5_00272,1.910,2.332,2.381,1.021,84.858,672.929,2.319,0.126103,living
5,C,C5,C5_00273,2.248,2.160,2.486,1.151,67.120,854.662,2.820,0.078534,living
5,C,C5,C5_00274,2.028,2.003,2.274,1.135,18.567,645.658,2.492,0.028756,living
5,C,C5,C5_00275,2.011,1.702,2.088,1.227,40.395,805.361,2.773,0.050158,living
5,C,C5,C5_00276,2.146,2.391,2.556,1.069,77.276,662.008,2.307,0.116729,living
5,C,C5,C5_00277,2.467,4.395,3.716,0.845,33.486,623.692,2.329,0.053690,living
5,C,C5,C5_00278,1.808,2.160,2.230,1.032,51.832,678.103,8.234,0.076436,dead
5,C,C5,C5_00279,1.639,1.407,1.714,1.218,55.979,793.165,2.309,0.070577,living
5,C,C5,C5_00280,2.772,2.636,3.050,1.157,2.226,705.738,2.207,0.003154,living
5,C,C5,C5_00281,2.248,1.801,2.270,1.261,155.451,1051.985,2.436,0.147769,living
5,C,C5,C5_00282,1.166,2.127,1.777,0.835,57.232,819.348,2.899,0.069851,living
5,C,C5,C5_00283,3.380,1.598,2.622,1.641,2.780,960.975,2.335,0.002893,living
5,C,C5,C5_00284,1.403,1.344,1.549,1.153,2.542,809.024,2.759,0.003142,living
5,C,C5,C5_00285,2.332,1.724,2.262,1.312,27.464,959.623,2.696,0.028619,living
5,C,C5,C5_00286,2.704,1.582,2.334,1.475,113.275,1206.619,2.625,0.093878,living
5,C,C5,C5_00287,1.352,2.160,1.928,0.893,69.775,708.750,21.000,0.098448,dead
5,C,C5,C5_00288,1.453,2.160,1.999,0.926,66.023,944.465,3.128,0.069905,living
5,C,C5,C5_00289,2.163,2.160,2.439,1.129,34.594,757.203,2.977,0.045686,living
5,C,C5,C5_00290,1.842,2.160,2.251,1.042,63.752,789.917,2.128,0.080708,living
5,C,C5,C5_00291,1.572,2.160,2.079,0.963,68.989,817.140,2.376,0.084428,living
5,C,C5,C5_00292,1.775,2.160,2.209,1.023,70.229,945.305,2.990,0.074292,living
5,C,C5,C5_00293,2.129,2.160,2.420,1.120,66.881,778.397,2.468,0.085921,living
5,C,C5,C5_00294,3.211,2.160,2.971,1.376,117.979,1384.032,2.358,0.085243,living
5,C,C5,C5_00295,3.363,2.160,3.041,1.408,2.839,879.784,2.322,0.003227,living
5,C,C5,C5_00296,2.434,2.160,2.587,1.198,32.035,964.806,2.486,0.033203,living
5,C,C5,C5_00297,1.775,2.160,2.209,1.023,32.429,900.514,2.800,0.036011,living
5,C,C5,C5_00298,0.913,2.160,1.584,0.734,30.519,759.574,1.981,0.040178,living
5,C,C5,C5_00299,1.859,3.298,2.794,0.847,17.336,771.282,2.627,0.022477,living
5,C,C5,C5_00300,2.755,1.905,2.585,1.357,102.926,740.883,3.061,0.138924,living
5,C,C5,C5_00301,1.994,2.068,2.291,1.108,103.669,637.780,1.924,0.162548,living
5,C,C5,C5_00302,1.927,2.160,2.302,1.066,119.000,662.018,3.842,0.179754,living
5,C,C5,C5_00303,0.963,2.117,1.611,0.761,84.175,546.298,1.754,0.154083,living
5,C,C5,C5_00304,1.521,2.160,2.045,0.947,138.778,644.689,29.200,0.215263,dead
5,C,C5,C5_00305,1.115,2.420,1.854,0.766,97.015,544.955,2.500,0.178024,living
5,C,C5,C5_00306,1.318,1.587,1.632,1.028,83.051,549.590,2.359,0.151115,living
5,C,C5,C5_00307,3.211,1.176,2.193,1.865,2.537,678.789,2.111,0.003737,living
5,C,C5,C5_00308,1.183,2.322,1.870,0.805,56.229,583.329,2.457,0.096393,living
5,C,C5,C5_00309,2.636,1.409,2.175,1.543,2.481,689.538,2.192,0.003598,living
5,C,C5,C5_00310,2.146,1.726,2.172,1.258,104.165,817.346,2.276,0.127443,living
5,C,C5,C5_00311,2.214,1.503,2.058,1.370,89.916,798.641,2.466,0.112586,living
5,C,C5,C5_00312,1.960,1.740,2.084,1.198,111.198,840.759,2.379,0.132259,living
5,C,C5,C5_00313,1.555,2.382,2.172,0.912,32.326,643.076,2.446,0.050268,living
5,C,C5,C5_00314,1.690,2.160,2.156,0.998,54.760,884.250,2.810,0.061928,living
5,C,C5,C5_00315,1.944,2.160,2.312,1.071,60.904,764.983,3.278,0.079615,living
5,C,C5,C5_00316,2.569,2.176,2.668,1.226,2.230,795.250,2.586,0.002804,living
5,C,C5,C5_00317,1.115,3.253,2.149,0.661,3.030,487.394,2.439,0.006217,living
5,C,C5,C5_00318,1.065,1.700,1.518,0.893,10.492,623.952,2.349,0.016815,living
5,C,C5,C5_00319,1.741,2.027,2.120,1.046,142.524,767.184,2.553,0.185776,living
5,C,C5,C5_00320,2.451,2.074,2.544,1.227,142.000,872.062,2.690,0.162832,living
5,C,C5,C5_00321,2.907,3.984,3.840,0.964,2.453,801.273,2.041,0.003062,living
5,C,C5,C5_00322,0.676,2.029,1.322,0.651,109.750,662.700,2.250,0.165610,living
5,C,C5,C5_00323,1.910,1.890,2.144,1.134,102.628,863.133,2.823,0.118902,living
5,C,C5,C5_00324,2.586,2.036,2.589,1.272,107.928,979.157,2.601,0.110226,living
5,C,C5,C5_00325,2.129,1.626,2.099,1.291,69.960,1036.667,2.921,0.067486,living
5,C,C5,C5_00326,1.944,2.313,2.393,1.034,29.009,836.991,2.661,0.034658,living
5,C,C5,C5_00327,1.622,2.160,2.112,0.978,30.646,760.083,3.854,0.040319,living
5,C,C5,C5_00328,1.910,2.613,2.521,0.965,45.106,801.513,2.301,0.056276,living
5,C,C5,C5_00329,2.113,2.190,2.427,1.108,41.376,928.784,2.200,0.044549,living
5,C,C5,C5_00330,3.160,1.749,2.653,1.517,32.866,897.123,2.561,0.036635,living
5,C,C5,C5_00331,1.589,2.399,2.203,0.918,83.691,506.500,2.894,0.165235,living
5,C,C5,C5_00332,1.622,2.160,2.112,0.978,75.823,520.719,31.927,0.145612,dead
5,C,C5,C5_00333,3.008,2.160,2.876,1.332,35.787,557.770,3.365,0.064160,living
5,C,C5,C5_00334,1.673,1.985,2.056,1.036,60.515,567.333,2.051,0.106666,living
5,C,C5,C5_00335,1.149,1.741,1.596,0.917,2.353,473.574,2.309,0.004968,living
5,C,C5,C5_00336,3.363,3.576,3.913,1.094,2.487,591.879,2.176,0.004203,living
5,C,C5,C5_00337,2.974,2.160,2.860,1.324,37.165,664.892,13.034,0.055896,dead
5,C,C5,C5_00338,2.248,2.206,2.513,1.139,36.286,650.211,2.135,0.055806,living
5,C,C5,C5_00339,2.180,2.035,2.377,1.168,21.434,658.806,2.388,0.032535,living
5,C,C5,C5_00340,2.653,2.085,2.654,1.273,2.115,597.389,2.510,0.003540,living
5,C,C5,C5_00341,2.011,2.285,2.419,1.059,14.739,581.168,2.689,0.025362,living
5,C,C5,C5_00342,1.470,1.867,1.869,1.001,11.632,600.736,2.954,0.019363,living
5,C,C5,C5_00343,0.980,2.161,1.642,0.760,7.414,525.293,2.862,0.014114,living
5,C,C5,C5_00344,2.163,3.363,3.043,0.905,54.109,580.172,2.367,0.093264,living
5,C,C5,C5_00345,2.129,2.245,2.467,1.099,123.294,679.921,2.619,0.181335,living
5,C,C5,C5_00346,1.453,2.160,1.999,0.926,17.244,547.616,2.919,0.031490,living
5,C,C5,C5_00347,2.028,2.160,2.361,1.093,112.500,732.958,2.600,0.153488,living
5,C,C5,C5_00348,1.606,2.427,2.228,0.918,21.800,629.926,2.989,0.034607,living
5,C,C5,C5_00349,1.166,2.160,1.791,0.829,17.420,554.246,4.130,0.031431,living
5,C,C5,C5_00350,3.042,3.200,3.521,1.100,28.250,751.650,2.400,0.037584,living
5,C,C5,C5_00351,1.470,1.935,1.903,0.983,29.529,682.632,2.310,0.043257,living
5,C,C5,C5_00352,2.822,1.612,2.407,1.493,48.174,991.120,2.581,0.048605,living
5,C,C5,C5_00353,1.200,2.156,1.815,0.842,79.930,573.042,2.521,0.139483,living
5,C,C5,C5_00354,1.673,2.247,2.188,0.974,15.071,576.485,2.485,0.026142,living
5,C,C5,C5_00355,2.214,1.702,2.190,1.287,52.954,778.901,2.443,0.067986,living
5,C,C5,C5_00356,2.653,1.701,2.397,1.409,2.261,549.592,2.344,0.004114,living
5,C,C5,C5_00357,2.974,1.619,2.476,1.529,82.551,688.364,2.358,0.119924,living
5,C,C5,C5_00358,2.518,1.340,2.073,1.547,64.517,986.624,2.611,0.065391,living
5,C,C5,C5_00359,1.589,2.160,2.090,0.968,54.723,644.511,3.617,0.084907,living
5,C,C5,C5_00360,1.910,2.160,2.292,1.061,23.124,546.770,4.150,0.042292,living
5,C,C5,C5_00361,0.997,2.427,1.755,0.723,17.525,564.593,2.661,0.031041,living
5,C,C5,C5_00362,1.775,1.400,1.779,1.271,33.162,894.886,2.305,0.037057,living
5,C,C5,C5_00363,1.977,2.283,2.397,1.050,25.838,686.624,2.453,0.037630,living
5,C,C5,C5_00364,0.744,2.160,1.430,0.662,8.114,546.614,4.795,0.014843,living
5,C,C5,C5_00365,2.079,3.403,3.001,0.882,2.301,620.171,2.447,0.003710,living
5,C,C5,C5_00366,1.183,2.260,1.845,0.816,93.171,717.971,2.029,0.129770,living
5,C,C5,C5_00367,1.521,1.639,1.782,1.087,59.744,866.122,2.256,0.068979,living
5,C,C5,C5_00368,1.268,2.396,1.967,0.821,100.587,678.027,2.427,0.148352,living
5,C,C5,C5_00369,2.451,2.160,2.596,1.202,108.103,776.379,6.248,0.139241,dead
5,C,C5,C5_00370,0.997,2.680,1.844,0.688,98.559,613.085,3.237,0.160760,living
5,C,C5,C5_00371,3.093,1.156,2.134,1.846,2.645,905.497,2.404,0.002921,living
5,C,C5,C5_00372,2.856,1.989,2.689,1.352,192.923,1138.077,2.769,0.169517,living
5,C,C5,C5_00373,2.501,2.344,2.732,1.166,2.581,719.223,2.270,0.003589,living
5,C,C5,C5_00374,1.099,2.512,1.875,0.746,33.938,687.446,2.723,0.049369,living
5,C,C5,C5_00375,1.352,2.950,2.253,0.764,95.987,693.837,3.350,0.138343,living
5,C,C5,C5_00376,1.927,1.830,2.119,1.158,118.263,931.570,2.544,0.126950,living
5,C,C5,C5_00377,3.008,1.336,2.262,1.693,62.006,965.916,2.315,0.064194,living
5,C,C5,C5_00378,1.944,1.903,2.170,1.140,83.226,914.748,2.696,0.090983,living
5,C,C5,C5_00379,1.622,2.426,2.238,0.923,50.958,748.646,2.833,0.068067,living
5,C,C5,C5_00380,2.941,2.739,3.203,1.169,64.529,1008.931,2.805,0.063958,living
5,C,C5,C5_00381,1.893,2.160,2.282,1.056,31.616,809.679,26.750,0.039048,dead
5,C,C5,C5_00382,0.777,2.154,1.460,0.678,13.522,739.565,2.565,0.018283,living
5,C,C5,C5_00383,1.960,2.004,2.236,1.116,25.466,981.121,2.388,0.025956,living
5,C,C5,C5_00384,1.606,3.032,2.490,0.821,44.474,630.295,2.358,0.070560,living
5,C,C5,C5_00385,1.487,2.160,2.022,0.936,16.920,653.295,3.136,0.025900,living
5,C,C5,C5_00386,0.930,1.799,1.460,0.811,48.273,643.127,2.436,0.075059,living
5,C,C5,C5_00387,2.349,2.341,2.646,1.130,62.806,758.050,2.719,0.082852,living
5,C,C5,C5_00388,2.400,1.878,2.396,1.276,14.155,858.542,2.401,0.016487,living
5,C,C5,C5_00389,1.065,2.858,1.969,0.689,12.746,632.079,3.000,0.020165,living
5,C,C5,C5_00390,1.622,1.442,1.726,1.197,17.104,809.875,2.750,0.021120,living
5,C,C5,C5_00391,2.552,2.160,2.649,1.227,60.106,776.265,17.940,0.077430,dead
5,C,C5,C5_00392,1.893,1.840,2.106,1.145,123.062,775.089,2.759,0.158772,living
5,C,C5,C5_00393,0.794,2.739,1.664,0.608,59.426,667.617,2.021,0.089011,living
5,C,C5,C5_00394,1.994,2.128,2.324,1.092,25.212,887.788,2.441,0.028399,living
5,C,C5,C5_00395,2.772,1.526,2.321,1.521,294.451,1426.079,2.244,0.206476,living
5,C,C5,C5_00396,3.110,1.715,2.606,1.520,2.391,1015.098,2.799,0.002356,living
5,C,C5,C5_00397,1.944,2.160,2.312,1.071,28.070,712.226,5.435,0.039411,dead
5,C,C5,C5_00398,2.687,2.160,2.718,1.259,41.283,736.604,3.164,0.056045,living
5,C,C5,C5_00399,1.893,2.848,2.620,0.920,30.429,744.982,2.491,0.040845,living
5,C,C5,C5_00400,1.622,2.160,2.112,0.978,72.135,758.490,3.208,0.095104,living
5,C,C5,C5_00401,1.707,1.547,1.834,1.185,60.842,1050.673,2.545,0.057907,living
5,C,C5,C5_00402,2.079,3.269,2.942,0.900,51.577,795.772,2.049,0.064814,living
5,C,C5,C5_00403,1.622,1.932,1.997,1.034,13.323,926.479,2.312,0.014380,living
5,C,C5,C5_00404,2.620,1.407,2.166,1.540,9.852,1033.516,2.219,0.009532,living
5,C,C5,C5_00405,1.910,1.522,1.924,1.264,80.363,604.690,2.053,0.132899,living
5,C,C5,C5_00406,1.741,2.160,2.188,1.013,26.816,579.311,6.864,0.046289,dead
5,C,C5,C5_00407,2.822,1.427,2.264,1.587,123.605,978.701,2.335,0.126295,living
5,C,C5,C5_00408,1.791,1.984,2.127,1.072,31.981,694.764,2.406,0.046032,living
5,C,C5,C5_00409,1.977,2.160,2.332,1.080,67.906,716.538,11.179,0.094769,dead
5,C,C5,C5_00410,0.794,2.160,1.478,0.684,27.362,557.915,41.872,0.049043,dead
5,C,C5,C5_00411,1.115,2.160,1.751,0.811,53.288,596.591,93.848,0.089321,dead
5,C,C5,C5_00412,2.789,2.160,2.769,1.282,19.273,662.515,3.376,0.029090,living
5,C,C5,C5_00413,1.437,2.160,1.988,0.920,47.200,552.459,103.471,0.085436,dead
5,C,C5,C5_00414,1.842,1.992,2.161,1.085,43.982,719.982,2.514,0.061087,living
5,C,C5,C5_00415,1.910,2.002,2.206,1.102,30.619,766.301,2.602,0.039958,living
5,C,C5,C5_00416,2.163,2.244,2.486,1.108,26.328,761.719,2.469,0.034564,living
5,C,C5,C5_00417,2.789,1.699,2.456,1.446,2.891,801.333,2.764,0.003608,living
5,C,C5,C5_00418,1.538,3.059,2.448,0.800,29.549,614.934,2.703,0.048053,living
5,C,C5,C5_00419,1.960,1.896,2.175,1.147,15.172,650.319,2.017,0.023331,living
5,C,C5,C5_00420,2.467,2.160,2.605,1.206,16.890,764.575,2.932,0.022091,living
5,C,C5,C5_00421,1.166,4.037,2.448,0.606,10.290,576.971,2.522,0.017834,living
5,C,C5,C5_00422,1.420,2.160,1.976,0.915,16.833,590.607,10.560,0.028502,dead
5,C,C5,C5_00423,1.082,2.470,1.845,0.747,14.062,601.984,2.703,0.023360,living
5,C,C5,C5_00424,1.977,2.160,2.332,1.080,86.487,645.188,6.624,0.134050,dead
5,C,C5,C5_00425,1.386,1.869,1.816,0.972,78.146,709.061,2.268,0.110211,living
5,C,C5,C5_00426,1.690,2.449,2.296,0.937,95.310,635.280,2.740,0.150028,living
5,C,C5,C5_00427,3.059,1.825,2.666,1.461,89.663,706.740,2.475,0.126868,living
5,C,C5,C5_00428,2.062,3.005,2.809,0.935,78.016,570.279,2.680,0.136804,living
5,C,C5,C5_00429,2.484,1.727,2.337,1.353,99.993,1011.912,2.395,0.098816,living
5,C,C5,C5_00430,2.755,2.874,3.175,1.105,21.387,692.301,2.429,0.030892,living
5,C,C5,C5_00431,1.234,2.195,1.857,0.846,2.356,478.397,2.466,0.004925,living
5,C,C5,C5_00432,2.552,1.356,2.099,1.548,20.881,871.119,2.430,0.023970,living
5,C,C5,C5_00433,1.115,2.160,1.751,0.811,10.030,607.182,9.682,0.016519,dead
5,C,C5,C5_00434,2.383,2.548,2.780,1.091,87.057,530.695,2.156,0.164043,living
5,C,C5,C5_00435,0.828,2.233,1.534,0.687,112.939,607.143,1.694,0.186017,living
5,C,C5,C5_00436,2.163,1.784,2.217,1.242,100.875,937.203,2.336,0.107634,living
5,C,C5,C5_00437,0.896,2.057,1.532,0.745,85.377,566.774,2.698,0.150638,living
5,C,C5,C5_00438,1.470,2.642,2.224,0.842,27.184,711.092,2.759,0.038228,living
5,C,C5,C5_00439,1.690,1.585,1.847,1.165,5.150,868.710,2.510,0.005928,living
5,C,C5,C5_00440,1.707,1.728,1.938,1.122,29.574,897.475,2.396,0.032953,living
5,C,C5,C5_00441,1.521,2.160,2.045,0.947,55.089,789.344,3.778,0.069791,living
5,C,C5,C5_00442,2.180,1.456,2.010,1.381,2.612,805.062,2.674,0.003245,living
5,C,C5,C5_00443,2.028,1.802,2.157,1.197,2.617,893.225,2.267,0.002929,living
5,C,C5,C5_00444,1.352,2.160,1.928,0.893,27.050,545.700,4.125,0.049569,living
5,C,C5,C5_00445,1.065,3.253,2.100,0.646,65.016,501.048,2.143,0.129760,living
5,C,C5,C5_00446,1.927,1.678,2.029,1.209,123.132,686.509,2.202,0.179359,living
5,C,C5,C5_00447,1.589,2.726,2.348,0.861,35.362,597.511,2.734,0.059182,living
5,C,C5,C5_00448,1.082,1.548,1.460,0.943,37.984,574.453,2.562,0.066123,living
5,C,C5,C5_00449,2.958,2.009,2.751,1.369,93.543,783.537,2.343,0.119385,living
5,C,C5,C5_00450,1.251,1.480,1.535,1.037,2.473,557.824,2.162,0.004433,living
5,C,C5,C5_00451,0.946,2.160,1.613,0.747,101.804,523.857,153.732,0.194335,dead
5,C,C5,C5_00452,1.842,3.091,2.692,0.871,34.312,612.862,2.376,0.055986,living
5,C,C5,C5_00453,1.386,1.763,1.764,1.000,74.841,688.195,2.317,0.108750,living
5,C,C5,C5_00454,1.386,2.160,1.952,0.904,19.610,565.927,17.976,0.034651,dead
5,C,C5,C5_00455,2.890,2.160,2.819,1.305,102.053,693.404,2.439,0.147176,living
5,C,C5,C5_00456,2.704,2.160,2.727,1.263,84.869,761.706,2.206,0.111419,living
5,C,C5,C5_00457,1.521,2.160,2.045,0.947,86.267,613.244,2.311,0.140673,living
5,C,C5,C5_00458,1.842,2.160,2.251,1.042,114.963,686.202,2.596,0.167536,living
5,C,C5,C5_00459,2.079,1.923,2.256,1.173,64.033,749.764,2.585,0.085404,living
5,C,C5,C5_00460,1.876,2.160,2.271,1.052,88.568,570.667,3.793,0.155200,living
5,C,C5,C5_00461,2.214,1.955,2.348,1.201,100.489,736.687,2.496,0.136406,living
5,C,C5,C5_00462,0.930,1.603,1.378,0.859,2.509,619.945,2.600,0.004047,living
5,C,C5,C5_00463,3.380,2.891,3.527,1.220,132.035,682.040,2.635,0.193588,living
5,C,C5,C5_00464,2.603,2.420,2.832,1.170,2.584,718.078,2.578,0.003599,living
5,C,C5,C5_00465,1.944,2.226,2.347,1.054,89.235,650.843,2.487,0.137106,living
5,C,C5,C5_00466,2.113,2.160,2.410,1.116,47.224,653.120,4.488,0.072305,living
5,C,C5,C5_00467,2.096,2.160,2.401,1.112,68.194,618.210,7.073,0.110308,dead
5,C,C5,C5_00468,1.318,2.603,2.090,0.803,29.846,619.410,2.269,0.048185,living
5,C,C5,C5_00469,2.687,2.153,2.714,1.261,116.604,822.805,2.635,0.141715,living
5,C,C5,C5_00470,1.927,1.848,2.129,1.152,25.377,785.298,2.430,0.032315,living
5,C,C5,C5_00471,1.555,2.369,2.166,0.914,23.391,618.424,2.978,0.037824,living
5,C,C5,C5_00472,0.777,2.160,1.462,0.677,7.609,556.261,7.130,0.013678,dead
5,C,C5,C5_00473,1.183,2.160,1.804,0.835,52.457,480.714,8.843,0.109123,dead
5,C,C5,C5_00474,1.301,2.162,1.892,0.875,43.506,515.273,2.221,0.084434,living
5,C,C5,C5_00475,1.724,2.160,2.177,1.008,67.255,513.627,9.892,0.130941,dead
5,C,C5,C5_00476,1.707,2.160,2.167,1.003,55.653,589.248,36.446,0.094448,dead
5,C,C5,C5_00477,1.555,2.487,2.219,0.892,61.033,542.185,2.620,0.112568,living
5,C,C5,C5_00478,2.332,1.757,2.284,1.300,34.761,785.442,2.551,0.044256,living
5,C,C5,C5_00479,1.014,1.782,1.517,0.851,2.033,473.200,3.133,0.004297,living
5,C,C5,C5_00480,1.082,2.016,1.667,0.827,15.281,560.578,2.906,0.027260,living
5,C,C5,C5_00481,3.177,3.632,3.833,1.055,18.011,441.090,2.426,0.040832,living
5,C,C5,C5_00482,2.011,2.508,2.534,1.010,65.017,499.017,2.866,0.130290,living
5,C,C5,C5_00483,1.707,2.160,2.167,1.003,55.525,604.653,3.386,0.091829,living
5,C,C5,C5_00484,2.400,1.881,2.397,1.275,20.063,707.711,2.162,0.028350,living
5,C,C5,C5_00485,2.383,1.958,2.437,1.245,20.418,594.362,2.369,0.034354,living
5,C,C5,C5_00486,2.704,2.947,3.185,1.081,2.506,493.462,2.275,0.005079,living
5,C,C5,C5_00487,2.248,2.160,2.486,1.151,2.030,442.797,2.541,0.004585,living
5,C,C5,C5_00488,2.772,2.115,2.732,1.292,69.195,640.774,2.634,0.107987,living
5,C,C5,C5_00489,3.194,2.160,2.964,1.372,15.185,568.593,3.571,0.026707,living
5,C,C5,C5_00490,2.772,1.879,2.575,1.371,93.848,695.854,2.372,0.134867,living
5,C,C5,C5_00491,1.386,1.626,1.694,1.042,39.000,526.915,2.451,0.074016,living
5,C,C5,C5_00492,2.011,3.764,3.104,0.825,2.689,473.277,2.824,0.005682,living
5,C,C5,C5_00493,1.166,2.002,1.724,0.861,45.449,470.783,2.609,0.096540,living
5,C,C5,C5_00494,2.670,1.489,2.250,1.511,2.411,503.000,2.658,0.004794,living
5,C,C5,C5_00495,0.693,1.966,1.317,0.670,2.829,471.976,2.610,0.005995,living
5,C,C5,C5_00496,1.031,2.899,1.951,0.673,1.934,352.836,2.295,0.005483,living
5,C,C5,C5_00497,0.811,1.831,1.375,0.751,2.042,394.021,2.312,0.005182,living
5,C,C5,C5_00498,0.693,1.980,1.322,0.668,1.878,424.902,1.976,0.004420,living
5,C,C5,C5_00499,1.437,2.006,1.916,0.955,42.812,555.576,2.494,0.077058,living
5,C,C5,C5_00500,1.791,1.975,2.122,1.075,2.453,486.764,2.632,0.005039,living
5,C,C5,C5_00501,1.944,2.160,2.312,1.071,41.017,740.548,2.548,0.055388,living
5,C,C5,C5_00502,2.163,2.284,2.508,1.098,114.484,748.406,2.516,0.152971,living
5,C,C5,C5_00503,1.842,1.911,2.117,1.108,127.541,678.477,2.523,0.187982,living
5,C,C5,C5_00504,1.470,2.160,2.011,0.931,6.356,667.057,3.149,0.009529,living
5,C,C5,C5_00505,2.434,2.200,2.611,1.187,34.736,838.354,2.153,0.041434,living
5,C,C5,C5_00506,1.977,1.903,2.189,1.150,53.188,766.188,2.359,0.069419,living
5,C,C5,C5_00507,3.008,2.160,2.876,1.332,67.573,736.287,4.230,0.091775,living
5,C,C5,C5_00508,2.451,1.538,2.191,1.424,115.186,959.924,2.462,0.119995,living
5,C,C5,C5_00509,2.873,1.587,2.409,1.518,111.900,988.259,2.588,0.113229,living
5,C,C5,C5_00510,2.569,1.427,2.160,1.514,2.664,809.750,2.553,0.003290,living
5,C,C5,C5_00511,2.028,2.312,2.443,1.057,59.483,723.933,2.083,0.082167,living
5,C,C5,C5_00512,0.710,2.822,1.597,0.566,45.643,556.762,2.286,0.081979,living
5,C,C5,C5_00513,2.383,1.927,2.418,1.255,57.227,848.057,2.787,0.067480,living
5,C,C5,C5_00514,1.386,2.129,1.938,0.910,27.524,664.549,2.915,0.041418,living
5,C,C5,C5_00515,1.082,2.937,2.012,0.685,14.594,663.344,2.797,0.022000,living
5,C,C5,C5_00516,1.352,2.619,2.123,0.811,16.613,638.513,2.825,0.026018,living
5,C,C5,C5_00517,1.724,1.876,2.029,1.082,15.510,794.716,2.863,0.019516,living
5,C,C5,C5_00518,0.997,2.391,1.742,0.729,9.254,635.746,2.458,0.014557,living
5,C,C5,C5_00519,1.420,1.713,1.760,1.027,3.000,622.714,2.500,0.004818,living
5,C,C5,C5_00520,3.059,1.637,2.525,1.542,94.448,922.972,2.630,0.102330,living
5,C,C5,C5_00521,2.484,2.160,2.614,1.210,74.531,715.687,3.714,0.104139,living
5,C,C5,C5_00522,2.890,1.651,2.465,1.493,2.673,763.977,2.526,0.003498,living
5,C,C5,C5_00523,1.893,2.653,2.529,0.953,33.009,689.562,2.750,0.047869,living
5,C,C5,C5_00524,2.180,3.311,3.032,0.916,23.876,689.016,2.171,0.034652,living
5,C,C5,C5_00525,3.380,2.706,3.413,1.261,2.495,566.450,2.505,0.004405,living
5,C,C5,C5_00526,2.332,4.426,3.625,0.819,13.913,669.145,2.572,0.020792,living
5,C,C5,C5_00527,1.115,2.160,1.751,0.811,27.758,420.758,8.394,0.065970,dead
5,C,C5,C5_00528,1.352,2.327,2.001,0.860,73.088,428.175,2.312,0.170695,living
5,C,C5,C5_00529,2.620,2.160,2.684,1.243,58.458,489.929,6.639,0.119319,dead
5,C,C5,C5_00530,2.062,2.270,2.441,1.075,2.402,462.680,2.762,0.005191,living
5,C,C5,C5_00531,1.386,1.962,1.861,0.948,61.659,441.220,2.939,0.139746,living
5,C,C5,C5_00532,3.143,2.160,2.940,1.361,88.925,531.462,85.774,0.167321,dead
5,C,C5,C5_00533,1.910,2.820,2.619,0.929,22.726,503.646,2.504,0.045122,living
5,C,C5,C5_00534,2.535,3.754,3.481,0.927,2.173,472.827,2.140,0.004596,living
5,C,C5,C5_00535,3.262,2.002,2.884,1.440,2.513,575.244,2.482,0.004369,living
5,C,C5,C5_00536,0.913,2.193,1.597,0.728,18.963,449.685,2.685,0.042169,living
5,C,C5,C5_00537,2.501,2.062,2.562,1.243,53.899,622.838,2.527,0.086537,living
5,C,C5,C5_00538,3.245,2.527,3.231,1.279,73.464,686.729,2.422,0.106976,living
5,C,C5,C5_00539,2.096,2.160,2.401,1.112,25.573,546.806,20.121,0.046767,dead
5,C,C5,C5_00540,0.777,1.625,1.268,0.780,17.565,474.391,2.130,0.037027,living
5,C,C5,C5_00541,2.434,1.939,2.451,1.264,22.201,637.160,2.271,0.034844,living
5,C,C5,C5_00542,1.318,2.428,2.019,0.831,3.115,383.538,2.487,0.008123,living
5,C,C5,C5_00543,1.927,2.084,2.261,1.085,17.930,587.237,2.228,0.030533,living
5,C,C5,C5_00544,0.727,1.859,1.312,0.706,2.744,357.767,1.814,0.007670,living
5,C,C5,C5_00545,1.200,2.380,1.907,0.801,8.535,473.887,2.141,0.018011,living
5,C,C5,C5_00546,0.896,2.316,1.625,0.702,76.358,602.811,2.226,0.126671,living
5,C,C5,C5_00547,2.535,2.160,2.640,1.222,119.600,803.640,11.060,0.148823,dead
5,C,C5,C5_00548,1.741,2.109,2.162,1.025,33.097,834.146,1.913,0.039678,living
5,C,C5,C5_00549,2.332,2.342,2.637,1.126,2.572,925.833,2.116,0.002779,living
5,C,C5,C5_00550,1.149,2.160,1.778,0.823,64.029,646.750,11.647,0.099002,dead
5,C,C5,C5_00551,2.417,2.160,2.578,1.194,111.049,851.042,5.524,0.130486,dead
5,C,C5,C5_00552,2.265,1.737,2.238,1.289,67.619,1036.455,2.619,0.065241,living
5,C,C5,C5_00553,2.856,1.341,2.208,1.647,18.982,880.118,2.402,0.021568,living
5,C,C5,C5_00554,2.653,2.657,2.996,1.128,68.720,853.656,2.274,0.080501,living
5,C,C5,C5_00555,1.724,2.160,2.177,1.008,46.725,744.176,3.039,0.062788,living
5,C,C5,C5_00556,1.301,2.221,1.918,0.864,2.299,686.818,2.286,0.003347,living
5,C,C5,C5_00557,1.944,1.777,2.097,1.180,2.443,838.757,2.617,0.002913,living
5,C,C5,C5_00558,1.200,2.160,1.817,0.841,56.423,668.239,108.479,0.084435,dead
5,C,C5,C5_00559,2.383,1.875,2.385,1.272,2.362,906.362,2.496,0.002606,living
5,C,C5,C5_00560,1.724,3.345,2.710,0.810,27.725,784.922,2.941,0.035323,living
5,C,C5,C5_00561,2.315,1.853,2.337,1.261,2.562,869.577,2.153,0.002946,living
5,C,C5,C5_00562,2.045,1.899,2.224,1.171,35.149,961.521,2.851,0.036555,living
5,C,C5,C5_00563,0.693,1.788,1.256,0.702,15.951,664.634,2.171,0.024000,living
5,C,C5,C5_00564,3.059,1.478,2.399,1.623,2.541,589.017,2.619,0.004315,living
5,C,C5,C5_00565,0.777,2.805,1.666,0.594,24.478,501.891,4.043,0.048772,living
5,C,C5,C5_00566,2.941,2.371,2.980,1.257,2.247,465.914,2.460,0.004823,living
5,C,C5,C5_00567,3.042,1.809,2.647,1.463,2.422,850.233,2.306,0.002849,living
5,C,C5,C5_00568,3.228,3.932,4.020,1.022,125.476,629.780,2.607,0.199238,living
5,C,C5,C5_00569,1.149,2.072,1.741,0.840,96.132,601.618,2.441,0.159790,living
5,C,C5,C5_00570,3.346,3.571,3.900,1.092,34.864,737.818,2.551,0.047252,living
5,C,C5,C5_00571,2.062,2.517,2.571,1.021,108.180,645.754,2.361,0.167526,living
5,C,C5,C5_00572,1.099,1.976,1.663,0.842,40.077,640.154,2.015,0.062605,living
5,C,C5,C5_00573,2.062,2.160,2.381,1.103,20.082,642.008,6.533,0.031280,dead
5,C,C5,C5_00574,0.946,2.941,1.882,0.640,13.875,609.696,2.357,0.022757,living
5,C,C5,C5_00575,2.434,1.673,2.277,1.361,35.625,1011.396,2.750,0.035224,living
5,C,C5,C5_00576,2.586,2.160,2.667,1.235,47.804,709.150,4.882,0.067410,living
5,C,C5,C5_00577,3.296,2.579,3.290,1.276,2.831,719.938,2.764,0.003932,living
5,C,C5,C5_00578,3.279,2.736,3.380,1.235,2.222,729.536,2.495,0.003045,living
5,C,C5,C5_00579,1.825,1.955,2.131,1.090,28.278,664.657,2.898,0.042545,living
5,C,C5,C5_00580,2.924,2.071,2.777,1.341,70.017,714.682,2.896,0.097970,living
5,C,C5,C5_00581,3.110,2.160,2.924,1.354,70.560,810.810,8.554,0.087024,dead
5,C,C5,C5_00582,0.828,1.976,1.443,0.730,67.082,514.122,2.592,0.130478,living
5,C,C5,C5_00583,2.653,2.160,2.701,1.251,52.580,770.000,56.121,0.068285,dead
5,C,C5,C5_00584,2.366,3.867,3.413,0.883,18.700,619.793,2.957,0.030171,living
5,C,C5,C5_00585,1.791,2.589,2.430,0.939,2.708,469.792,2.500,0.005763,living
5,C,C5,C5_00586,1.572,1.674,1.830,1.093,100.559,817.860,2.634,0.122954,living
5,C,C5,C5_00587,2.011,1.464,1.936,1.322,41.622,937.454,2.571,0.044399,living
5,C,C5,C5_00588,1.589,3.227,2.555,0.792,3.298,538.319,2.085,0.006126,living
5,C,C5,C5_00589,2.552,1.596,2.277,1.427,93.232,1008.093,2.629,0.092483,living
5,C,C5,C5_00590,0.930,1.947,1.518,0.780,55.927,694.764,2.545,0.080498,living
5,C,C5,C5_00591,2.011,2.582,2.571,0.996,99.008,738.403,2.496,0.134084,living
5,C,C5,C5_00592,1.622,2.289,2.174,0.950,59.958,748.146,2.938,0.080143,living
5,C,C5,C5_00593,1.132,2.160,1.764,0.817,52.373,640.925,15.657,0.081715,dead
5,C,C5,C5_00594,2.248,1.825,2.286,1.252,49.135,893.459,2.594,0.054995,living
5,C,C5,C5_00595,2.805,1.719,2.478,1.441,134.898,847.590,2.524,0.159154,living
5,C,C5,C5_00596,3.346,2.431,3.218,1.324,2.732,682.879,2.076,0.004001,living
5,C,C5,C5_00597,2.011,2.072,2.303,1.112,115.639,633.697,2.395,0.182482,living
5,C,C5,C5_00598,2.096,2.940,2.801,0.953,68.032,581.919,2.774,0.116910,living
5,C,C5,C5_00599,0.930,4.122,2.209,0.536,17.818,516.545,2.509,0.034495,living
5,C,C5,C5_00600,2.991,1.297,2.222,1.714,2.531,513.475,2.571,0.004929,living
5,C,C5,C5_00601,2.231,2.160,2.477,1.147,84.598,565.280,26.977,0.149658,dead
5,C,C5,C5_00602,2.248,2.160,2.486,1.151,31.985,562.820,4.662,0.056830,living
5,C,C5,C5_00603,3.008,2.160,2.876,1.332,21.927,611.792,14.343,0.035841,dead
5,C,C5,C5_00604,1.994,1.682,2.066,1.229,71.754,750.136,2.415,0.095655,living
5,C,C5,C5_00605,0.845,2.160,1.524,0.706,16.000,477.160,67.360,0.033532,dead
5,C,C5,C5_00606,1.606,1.650,1.837,1.113,18.453,707.074,2.379,0.026097,living
5,C,C5,C5_00607,1.893,2.224,2.315,1.041,32.366,684.598,2.714,0.047277,living
5,C,C5,C5_00608,1.487,3.315,2.505,0.756,15.443,582.580,2.920,0.026508,living
5,C,C5,C5_00609,1.927,2.160,2.302,1.066,16.675,583.956,40.982,0.028556,dead
5,C,C5,C5_00610,2.180,2.653,2.714,1.023,61.884,576.240,2.295,0.107392,living
5,C,C5,C5_00611,1.335,3.517,2.445,0.695,47.873,530.924,2.684,0.090170,living
5,C,C5,C5_00612,2.366,1.776,2.313,1.302,96.007,803.186,2.586,0.119533,living
5,C,C5,C5_00613,2.991,2.925,3.338,1.141,122.096,644.864,2.226,0.189336,living
5,C,C5,C5_00614,2.231,2.160,2.477,1.147,83.311,569.886,41.386,0.146188,dead
5,C,C5,C5_00615,2.856,2.160,2.802,1.298,72.462,538.527,34.231,0.134555,dead
5,C,C5,C5_00616,2.366,1.872,2.375,1.269,128.186,801.657,2.807,0.159901,living
5,C,C5,C5_00617,2.620,2.457,2.863,1.165,99.245,646.606,2.348,0.153486,living
5,C,C5,C5_00618,2.552,1.398,2.131,1.525,2.722,699.265,2.457,0.003892,living
5,C,C5,C5_00619,1.622,1.560,1.795,1.151,2.583,595.646,2.094,0.004337,living
5,C,C5,C5_00620,2.518,1.584,2.254,1.423,183.725,986.839,2.195,0.186175,living
5,C,C5,C5_00621,2.214,2.160,2.467,1.142,77.550,614.435,16.298,0.126213,dead
5,C,C5,C5_00622,2.518,3.346,3.275,0.979,2.691,562.933,2.779,0.004781,living
5,C,C5,C5_00623,0.913,2.160,1.584,0.734,28.759,570.815,10.648,0.050383,dead
5,C,C5,C5_00624,2.096,2.160,2.401,1.112,17.379,826.169,2.653,0.021036,living
5,C,C5,C5_00625,0.963,2.160,1.627,0.753,2.579,479.439,3.526,0.005379,living
5,C,C5,C5_00626,1.115,2.160,1.751,0.811,12.424,542.333,72.955,0.022909,dead
5,C,C5,C5_00627,1.082,2.160,1.725,0.799,38.938,521.875,5.453,0.074611,dead
5,C,C5,C5_00628,1.048,2.160,1.698,0.786,67.177,488.887,8.194,0.137409,dead
5,C,C5,C5_00629,2.180,2.884,2.829,0.981,33.930,591.969,3.163,0.057318,living
5,C,C5,C5_00630,1.470,2.187,2.023,0.925,78.966,584.529,2.391,0.135093,living
5,C,C5,C5_00631,1.251,2.160,1.855,0.859,35.554,541.703,21.297,0.065634,dead
5,C,C5,C5_00632,2.062,1.947,2.261,1.161,49.623,687.697,2.541,0.072158,living
5,C,C5,C5_00633,2.265,2.995,2.939,0.981,16.873,638.791,2.866,0.026414,living
5,C,C5,C5_00634,1.606,2.146,2.095,0.976,16.853,634.032,3.526,0.026580,living
5,C,C5,C5_00635,1.487,1.810,1.851,1.023,13.568,677.500,2.727,0.020027,living
5,D,D5,D5_00001,1.335,2.104,1.891,0.899,37.430,575.456,3.127,0.065045,living
5,D,D5,D5_00002,1.082,2.233,1.754,0.785,68.828,500.062,93.094,0.137639,dead
5,D,D5,D5_00003,2.501,2.414,2.773,1.149,51.858,662.480,2.486,0.078279,living
5,D,D5,D5_00004,1.994,2.020,2.265,1.121,62.195,722.042,2.500,0.086137,living
5,D,D5,D5_00005,0.862,3.027,1.823,0.602,12.863,544.196,2.275,0.023636,living
5,D,D5,D5_00006,2.501,1.946,2.489,1.279,51.074,886.203,2.243,0.057633,living
5,D,D5,D5_00007,1.504,1.940,1.927,0.994,2.551,549.876,2.258,0.004638,living
5,D,D5,D5_00008,2.417,2.566,2.810,1.095,2.399,535.559,2.503,0.004479,living
5,D,D5,D5_00009,2.028,2.432,2.506,1.030,25.625,686.150,2.392,0.037346,living
5,D,D5,D5_00010,1.251,1.959,1.766,0.902,15.338,647.243,2.486,0.023697,living
5,D,D5,D5_00011,1.538,2.690,2.295,0.853,8.055,575.440,2.143,0.013998,living
5,D,D5,D5_00012,0.794,2.615,1.626,0.622,64.234,600.277,2.915,0.107007,living
5,D,D5,D5_00013,1.031,2.233,1.712,0.767,52.148,650.574,65.754,0.080156,dead
5,D,D5,D5_00014,3.312,2.414,3.191,1.322,107.755,956.250,2.459,0.112685,living
5,D,D5,D5_00015,1.910,1.672,2.016,1.206,33.389,921.053,2.611,0.036251,living
5,D,D5,D5_00016,2.738,1.470,2.264,1.540,2.648,865.475,2.370,0.003060,living
5,D,D5,D5_00017,1.268,1.702,1.658,0.974,29.827,785.813,2.387,0.037956,living
5,D,D5,D5_00018,2.180,3.616,3.168,0.876,84.287,586.651,2.326,0.143675,living
5,D,D5,D5_00019,1.859,2.233,2.299,1.030,70.373,712.618,5.182,0.098752,dead
5,D,D5,D5_00020,2.958,1.444,2.332,1.615,2.549,942.846,2.640,0.002703,living
5,D,D5,D5_00021,1.572,3.068,2.478,0.808,62.677,660.086,2.774,0.094953,living
5,D,D5,D5_00022,2.349,2.081,2.495,1.199,91.151,931.424,2.453,0.097862,living
5,D,D5,D5_00023,1.572,2.379,2.182,0.917,2.559,716.054,2.301,0.003574,living
5,D,D5,D5_00024,1.149,2.375,1.864,0.785,11.721,607.000,2.309,0.019309,living
5,D,D5,D5_00025,2.214,2.233,2.509,1.124,19.557,484.870,2.702,0.040335,living
5,D,D5,D5_00026,2.400,1.763,2.321,1.317,69.732,763.746,2.394,0.091303,living
5,D,D5,D5_00027,2.856,3.173,3.397,1.071,2.515,550.414,2.799,0.004569,living
5,D,D5,D5_00028,2.028,1.822,2.169,1.190,55.383,754.558,2.675,0.073398,living
5,D,D5,D5_00029,2.096,2.233,2.441,1.093,53.645,596.145,6.282,0.089987,dead
5,D,D5,D5_00030,1.301,1.647,1.652,1.003,47.740,572.377,2.506,0.083407,living
5,D,D5,D5_00031,1.758,1.799,2.007,1.115,24.635,668.837,2.519,0.036832,living
5,D,D5,D5_00032,2.484,2.233,2.658,1.190,29.075,638.517,2.932,0.045535,living
5,D,D5,D5_00033,1.538,1.980,1.969,0.994,26.835,574.099,2.527,0.046743,living
5,D,D5,D5_00034,1.825,2.116,2.217,1.048,39.250,619.120,2.593,0.063396,living
5,D,D5,D5_00035,2.062,1.595,2.046,1.283,53.082,708.705,2.574,0.074900,living
5,D,D5,D5_00036,2.687,1.615,2.351,1.455,36.126,815.472,2.428,0.044300,living
5,D,D5,D5_00037,1.622,2.026,2.046,1.010,15.219,622.542,2.573,0.024446,living
5,D,D5,D5_00038,1.927,2.252,2.351,1.044,14.211,648.711,2.447,0.021906,living
5,D,D5,D5_00039,1.251,1.896,1.738,0.917,97.635,631.946,2.554,0.154499,living
5,D,D5,D5_00040,1.453,2.744,2.253,0.821,61.151,608.326,2.465,0.100524,living
5,D,D5,D5_00041,1.538,2.714,2.305,0.849,43.593,636.396,2.549,0.068500,living
5,D,D5,D5_00042,1.538,2.062,2.009,0.975,91.802,695.824,2.440,0.131933,living
5,D,D5,D5_00043,1.808,1.763,2.015,1.143,42.720,840.178,2.495,0.050846,living
5,D,D5,D5_00044,2.805,2.233,2.824,1.265,112.982,921.783,3.614,0.122569,living
5,D,D5,D5_00045,1.335,2.225,1.945,0.874,51.962,713.772,2.557,0.072799,living
5,D,D5,D5_00046,1.166,2.374,1.877,0.791,22.014,644.536,2.188,0.034156,living
5,D,D5,D5_00047,1.741,3.481,2.778,0.798,42.544,634.874,2.437,0.067011,living
5,D,D5,D5_00048,1.944,1.927,2.184,1.133,38.061,798.670,2.887,0.047655,living
5,D,D5,D5_00049,2.129,1.946,2.297,1.180,46.516,870.357,2.722,0.053445,living
5,D,D5,D5_00050,1.977,1.998,2.243,1.122,27.026,843.812,2.658,0.032028,living
5,D,D5,D5_00051,1.572,1.840,1.919,1.043,19.183,789.871,2.548,0.024286,living
5,D,D5,D5_00052,1.437,1.640,1.732,1.056,14.812,792.235,2.788,0.018696,living
5,D,D5,D5_00053,3.059,2.118,2.872,1.356,125.293,764.978,2.475,0.163786,living
5,D,D5,D5_00054,2.028,2.233,2.401,1.075,123.475,658.858,4.825,0.187408,living
5,D,D5,D5_00055,3.279,2.844,3.446,1.212,110.216,696.763,2.428,0.158184,living
5,D,D5,D5_00056,2.603,2.917,3.109,1.066,79.552,605.721,2.591,0.131334,living
5,D,D5,D5_00057,2.129,2.249,2.469,1.098,81.810,718.802,2.183,0.113814,living
5,D,D5,D5_00058,1.944,2.418,2.446,1.012,106.887,612.243,2.383,0.174582,living
5,D,D5,D5_00059,1.791,2.140,2.209,1.032,49.094,697.217,3.311,0.070415,living
5,D,D5,D5_00060,2.129,1.823,2.223,1.219,115.675,744.944,2.778,0.155280,living
5,D,D5,D5_00061,1.132,1.723,1.576,0.915,46.940,643.612,2.642,0.072933,living
5,D,D5,D5_00062,2.670,3.133,3.264,1.042,40.133,710.715,2.190,0.056468,living
5,D,D5,D5_00063,3.059,2.252,2.962,1.315,29.812,680.459,2.685,0.043812,living
5,D,D5,D5_00064,1.099,1.734,1.558,0.898,13.508,587.292,2.231,0.023000,living
5,D,D5,D5_00065,1.808,1.880,2.080,1.107,12.336,569.065,2.654,0.021678,living
5,D,D5,D5_00066,2.789,2.233,2.816,1.261,16.570,605.776,5.861,0.027353,dead
5,D,D5,D5_00067,0.693,2.016,1.334,0.662,10.707,558.585,2.268,0.019169,living
5,D,D5,D5_00068,1.183,2.326,1.872,0.805,42.143,482.286,2.457,0.087382,living
5,D,D5,D5_00069,1.369,2.819,2.217,0.786,65.481,458.580,2.333,0.142792,living
5,D,D5,D5_00070,2.721,2.233,2.781,1.246,2.820,427.211,2.360,0.006601,living
5,D,D5,D5_00071,2.265,2.364,2.611,1.104,102.612,524.276,2.784,0.195721,living
5,D,D5,D5_00072,2.873,2.563,3.062,1.195,53.365,623.706,2.788,0.085561,living
5,D,D5,D5_00073,1.994,2.082,2.299,1.104,81.102,592.542,2.441,0.136871,living
5,D,D5,D5_00074,2.501,1.927,2.477,1.285,94.189,661.709,2.601,0.142342,living
5,D,D5,D5_00075,2.366,1.519,2.139,1.408,28.871,757.086,2.321,0.038135,living
5,D,D5,D5_00076,1.893,2.233,2.320,1.039,37.134,571.866,5.482,0.064935,dead
5,D,D5,D5_00077,2.941,2.233,2.892,1.295,19.236,680.534,2.833,0.028265,living
5,D,D5,D5_00078,2.045,1.803,2.167,1.202,2.438,592.413,2.471,0.004115,living
5,D,D5,D5_00079,1.690,2.233,2.192,0.982,2.180,531.630,2.870,0.004101,living
5,D,D5,D5_00080,0.896,2.233,1.596,0.715,22.472,509.660,4.679,0.044092,living
5,D,D5,D5_00081,1.555,2.233,2.103,0.942,65.109,559.728,3.152,0.116322,living
5,D,D5,D5_00082,1.960,2.527,2.511,0.994,108.672,618.431,2.612,0.175723,living
5,D,D5,D5_00083,1.470,2.367,2.105,0.889,45.310,621.759,2.207,0.072874,living
5,D,D5,D5_00084,2.079,2.233,2.431,1.089,51.358,615.683,31.593,0.083416,dead
5,D,D5,D5_00085,2.113,2.052,2.350,1.145,113.184,709.736,2.592,0.159473,living
5,D,D5,D5_00086,2.282,2.342,2.609,1.114,91.467,686.667,2.333,0.133204,living
5,D,D5,D5_00087,0.811,2.099,1.472,0.701,83.146,530.292,2.125,0.156793,living
5,D,D5,D5_00088,2.180,1.419,1.985,1.399,2.977,1055.147,2.659,0.002821,living
5,D,D5,D5_00089,1.910,2.073,2.245,1.083,50.522,745.779,2.283,0.067744,living
5,D,D5,D5_00090,1.251,2.233,1.886,0.845,12.743,616.797,3.257,0.020660,living
5,D,D5,D5_00091,1.251,2.382,1.948,0.818,17.703,609.716,1.716,0.029034,living
5,D,D5,D5_00092,1.589,2.338,2.175,0.930,87.500,663.585,2.404,0.131859,living
5,D,D5,D5_00093,1.622,2.233,2.147,0.962,88.365,606.365,3.292,0.145728,living
5,D,D5,D5_00094,2.146,3.201,2.957,0.924,83.252,646.331,2.661,0.128807,living
5,D,D5,D5_00095,1.589,1.912,1.967,1.029,74.404,735.362,2.840,0.101180,living
5,D,D5,D5_00096,2.332,1.814,2.321,1.279,161.442,899.862,2.130,0.179407,living
5,D,D5,D5_00097,1.284,1.486,1.559,1.049,36.632,841.961,2.276,0.043507,living
5,D,D5,D5_00098,3.329,1.955,2.879,1.472,186.320,1090.528,2.523,0.170853,living
5,D,D5,D5_00099,1.301,1.619,1.638,1.012,56.506,771.403,2.091,0.073252,living
5,D,D5,D5_00100,1.724,1.680,1.920,1.143,65.892,841.225,2.255,0.078329,living
5,D,D5,D5_00101,1.234,1.995,1.770,0.887,41.890,755.041,2.055,0.055481,living
5,D,D5,D5_00102,0.761,3.157,1.749,0.554,16.156,607.111,2.600,0.026611,living
5,D,D5,D5_00103,1.707,1.787,1.971,1.103,35.851,798.574,2.376,0.044894,living
5,D,D5,D5_00104,1.504,1.859,1.887,1.015,19.730,807.022,2.157,0.024448,living
5,D,D5,D5_00105,3.245,2.233,3.037,1.360,68.724,1452.635,2.599,0.047310,living
5,D,D5,D5_00106,2.687,2.233,2.764,1.238,44.013,1112.918,2.491,0.039547,living
5,D,D5,D5_00107,0.963,2.233,1.655,0.741,97.281,1009.930,2.877,0.096324,living
5,D,D5,D5_00108,1.504,2.233,2.068,0.926,91.888,1108.899,2.438,0.082864,living
5,D,D5,D5_00109,0.828,2.308,1.560,0.676,30.286,962.041,2.653,0.031481,living
5,D,D5,D5_00110,1.386,2.550,2.121,0.832,9.366,511.866,2.463,0.018297,living
5,D,D5,D5_00111,2.129,1.909,2.275,1.192,161.944,733.849,2.619,0.220678,living
5,D,D5,D5_00112,1.082,4.484,2.485,0.554,44.516,556.688,2.906,0.079965,living
5,D,D5,D5_00113,2.180,2.233,2.490,1.115,81.721,586.248,18.194,0.139397,dead
5,D,D5,D5_00114,0.828,1.938,1.429,0.738,39.898,623.367,2.776,0.064004,living
5,D,D5,D5_00115,1.470,1.565,1.711,1.094,90.287,818.115,2.552,0.110360,living
5,D,D5,D5_00116,1.504,3.029,2.408,0.795,33.315,637.135,2.685,0.052288,living
5,D,D5,D5_00117,1.014,2.184,1.679,0.769,16.767,644.250,2.433,0.026025,living
5,D,D5,D5_00118,1.065,1.964,1.632,0.831,40.079,524.540,2.349,0.076409,living
5,D,D5,D5_00119,2.282,2.422,2.653,1.095,31.111,630.333,2.356,0.049357,living
5,D,D5,D5_00120,2.552,2.679,2.950,1.101,87.695,656.384,2.397,0.133604,living
5,D,D5,D5_00121,2.535,2.065,2.582,1.250,2.640,700.380,2.073,0.003769,living
5,D,D5,D5_00122,1.200,2.087,1.786,0.856,42.282,545.028,2.380,0.077577,living
5,D,D5,D5_00123,1.251,1.636,1.614,0.987,39.270,608.243,2.905,0.064563,living
5,D,D5,D5_00124,1.606,1.687,1.857,1.101,47.474,659.642,3.000,0.071969,living
5,D,D5,D5_00125,1.318,2.205,1.924,0.872,29.654,594.410,1.821,0.049888,living
5,D,D5,D5_00126,1.403,2.233,1.997,0.894,26.337,621.819,6.711,0.042355,dead
5,D,D5,D5_00127,1.420,1.664,1.735,1.042,14.464,619.417,2.345,0.023351,living
5,D,D5,D5_00128,1.183,2.303,1.862,0.809,10.686,577.543,2.929,0.018502,living
5,D,D5,D5_00129,1.927,2.391,2.422,1.013,38.316,573.667,2.018,0.066791,living
5,D,D5,D5_00130,2.011,1.796,2.144,1.194,73.487,656.160,2.345,0.111996,living
5,D,D5,D5_00131,1.606,1.656,1.840,1.111,89.895,641.779,2.653,0.140071,living
5,D,D5,D5_00132,1.453,1.583,1.711,1.081,99.791,580.140,2.419,0.172012,living
5,D,D5,D5_00133,1.639,1.888,1.985,1.051,83.113,581.103,2.351,0.143027,living
5,D,D5,D5_00134,0.980,2.126,1.629,0.766,86.741,472.086,2.500,0.183741,living
5,D,D5,D5_00135,1.622,2.322,2.190,0.943,88.948,563.469,2.594,0.157858,living
5,D,D5,D5_00136,1.453,3.121,2.403,0.770,72.756,433.023,2.337,0.168018,living
5,D,D5,D5_00137,2.552,2.233,2.694,1.206,106.523,580.530,3.113,0.183493,living
5,D,D5,D5_00138,2.772,2.233,2.807,1.257,99.732,583.579,5.128,0.170897,dead
5,D,D5,D5_00139,2.552,2.193,2.669,1.217,124.444,687.331,2.854,0.181054,living
5,D,D5,D5_00140,2.332,2.233,2.575,1.153,91.007,638.790,3.623,0.142468,living
5,D,D5,D5_00141,2.180,2.233,2.490,1.115,75.310,660.481,3.047,0.114023,living
5,D,D5,D5_00142,1.183,2.110,1.783,0.845,24.757,546.614,2.400,0.045292,living
5,D,D5,D5_00143,1.859,2.494,2.430,0.974,36.073,588.527,2.300,0.061293,living
5,D,D5,D5_00144,1.859,2.414,2.390,0.990,16.209,598.309,2.582,0.027092,living
5,D,D5,D5_00145,1.082,2.406,1.821,0.757,11.344,542.891,3.109,0.020895,living
5,D,D5,D5_00146,2.687,2.233,2.764,1.238,46.403,536.591,3.723,0.086476,living
5,D,D5,D5_00147,3.160,1.584,2.525,1.594,2.717,739.112,2.524,0.003675,living
5,D,D5,D5_00148,0.828,2.278,1.550,0.680,51.837,514.673,3.612,0.100718,living
5,D,D5,D5_00149,2.822,1.521,2.338,1.537,111.353,795.323,2.539,0.140010,living
5,D,D5,D5_00150,1.622,1.299,1.638,1.261,78.667,722.594,2.177,0.108867,living
5,D,D5,D5_00151,1.791,1.780,2.015,1.132,106.009,698.689,2.764,0.151726,living
5,D,D5,D5_00152,1.572,1.706,1.848,1.083,55.183,643.237,2.226,0.085789,living
5,D,D5,D5_00153,2.298,2.371,2.634,1.111,30.257,719.566,2.154,0.042049,living
5,D,D5,D5_00154,1.673,2.998,2.527,0.843,22.071,582.616,2.929,0.037882,living
5,D,D5,D5_00155,2.451,2.868,2.992,1.043,11.931,684.083,2.303,0.017441,living
5,D,D5,D5_00156,2.231,4.085,3.406,0.834,21.894,631.341,2.621,0.034678,living
5,D,D5,D5_00157,2.079,3.216,2.918,0.907,19.496,654.821,3.041,0.029773,living
5,D,D5,D5_00158,1.521,1.840,1.888,1.026,21.022,714.644,2.278,0.029416,living
5,D,D5,D5_00159,1.386,2.735,2.197,0.803,11.866,618.024,2.183,0.019200,living
5,D,D5,D5_00160,1.825,2.233,2.278,1.020,51.306,529.417,3.611,0.096910,living
5,D,D5,D5_00161,1.589,1.769,1.892,1.069,102.500,657.904,2.862,0.155798,living
5,D,D5,D5_00162,2.772,2.233,2.807,1.257,114.348,713.695,4.677,0.160219,living
5,D,D5,D5_00163,2.451,2.329,2.696,1.158,119.531,727.186,2.400,0.164375,living
5,D,D5,D5_00164,1.707,1.770,1.961,1.108,104.653,657.624,2.317,0.159139,living
5,D,D5,D5_00165,1.639,2.288,2.185,0.955,48.825,606.443,3.485,0.080510,living
5,D,D5,D5_00166,2.518,2.233,2.676,1.198,58.275,698.651,14.832,0.083411,dead
5,D,D5,D5_00167,0.946,1.648,1.409,0.855,23.571,613.339,2.625,0.038431,living
5,D,D5,D5_00168,1.065,1.567,1.458,0.930,30.603,617.127,2.841,0.049590,living
5,D,D5,D5_00169,2.282,2.568,2.732,1.064,35.422,715.985,2.622,0.049473,living
5,D,D5,D5_00170,3.194,2.190,2.984,1.363,75.820,931.101,2.349,0.081431,living
5,D,D5,D5_00171,1.470,2.494,2.161,0.866,42.253,600.575,1.805,0.070354,living
5,D,D5,D5_00172,2.248,1.942,2.358,1.214,44.820,748.639,2.669,0.059868,living
5,D,D5,D5_00173,1.842,1.948,2.137,1.097,38.404,670.211,2.349,0.057301,living
5,D,D5,D5_00174,1.048,2.206,1.716,0.778,12.097,585.758,2.355,0.020651,living
5,D,D5,D5_00175,2.569,1.564,2.262,1.446,39.257,941.783,2.592,0.041683,living
5,D,D5,D5_00176,1.234,1.846,1.703,0.923,2.548,523.863,2.096,0.004864,living
5,D,D5,D5_00177,1.149,1.719,1.586,0.923,13.721,604.485,2.279,0.022698,living
5,D,D5,D5_00178,1.707,2.233,2.203,0.987,20.020,633.941,6.663,0.031580,dead
5,D,D5,D5_00179,0.777,2.233,1.486,0.666,74.152,584.196,2.522,0.126930,living
5,D,D5,D5_00180,1.386,2.233,1.985,0.889,74.049,599.098,2.646,0.123601,living
5,D,D5,D5_00181,1.403,2.233,1.997,0.894,49.651,580.241,2.807,0.085569,living
5,D,D5,D5_00182,1.369,2.233,1.973,0.883,79.358,628.778,2.494,0.126210,living
5,D,D5,D5_00183,2.636,2.233,2.738,1.226,122.923,902.494,2.513,0.136204,living
5,D,D5,D5_00184,2.704,2.233,2.773,1.242,69.856,838.956,2.312,0.083266,living
5,D,D5,D5_00185,2.079,2.233,2.431,1.089,106.846,650.967,2.195,0.164133,living
5,D,D5,D5_00186,2.924,2.233,2.883,1.291,119.150,779.983,2.439,0.152760,living
5,D,D5,D5_00187,1.504,2.233,2.068,0.926,31.933,675.494,2.045,0.047273,living
5,D,D5,D5_00188,2.180,2.233,2.490,1.115,44.721,734.822,2.667,0.060860,living
5,D,D5,D5_00189,1.622,2.233,2.147,0.962,58.052,837.042,2.469,0.069354,living
5,D,D5,D5_00190,0.828,2.233,1.534,0.687,16.204,656.898,2.265,0.024668,living
5,D,D5,D5_00191,3.042,2.233,2.941,1.317,50.561,843.872,2.033,0.059916,living
5,D,D5,D5_00192,0.930,2.233,1.626,0.728,2.418,569.273,2.218,0.004248,living
5,D,D5,D5_00193,3.380,2.233,3.100,1.388,2.505,593.045,2.385,0.004224,living
5,D,D5,D5_00194,0.930,1.634,1.391,0.851,21.255,726.036,2.200,0.029275,living
5,D,D5,D5_00195,2.586,2.233,2.712,1.214,29.373,676.314,2.333,0.043430,living
5,D,D5,D5_00196,1.876,2.233,2.310,1.034,72.468,619.153,2.793,0.117044,living
5,D,D5,D5_00197,1.758,2.233,2.236,1.001,66.577,622.750,2.298,0.106908,living
5,D,D5,D5_00198,1.673,2.233,2.181,0.977,42.535,661.232,2.283,0.064327,living
5,D,D5,D5_00199,1.690,2.233,2.192,0.982,35.480,648.230,2.360,0.054734,living
5,D,D5,D5_00200,1.521,2.233,2.080,0.931,45.433,613.389,2.400,0.074069,living
5,D,D5,D5_00201,2.839,2.233,2.841,1.272,47.179,858.274,2.589,0.054969,living
5,D,D5,D5_00202,2.146,2.233,2.470,1.106,24.441,698.787,2.583,0.034976,living
5,D,D5,D5_00203,1.622,1.582,1.808,1.143,14.490,702.188,2.417,0.020635,living
5,D,D5,D5_00204,0.946,2.324,1.673,0.720,18.446,517.839,2.375,0.035622,living
5,D,D5,D5_00205,3.025,3.105,3.458,1.114,27.095,603.274,2.648,0.044913,living
5,D,D5,D5_00206,2.180,3.364,3.056,0.908,90.000,507.062,2.473,0.177493,living
5,D,D5,D5_00207,2.941,2.656,3.154,1.187,68.868,681.126,2.529,0.101109,living
5,D,D5,D5_00208,0.879,2.233,1.581,0.708,40.673,493.981,70.673,0.082337,dead
5,D,D5,D5_00209,3.296,3.234,3.684,1.139,54.282,621.600,2.579,0.087326,living
5,D,D5,D5_00210,3.143,3.324,3.647,1.097,23.140,636.323,2.360,0.036365,living
5,D,D5,D5_00211,1.132,1.652,1.543,0.934,9.746,526.612,2.224,0.018507,living
5,D,D5,D5_00212,1.977,2.095,2.296,1.096,37.778,620.701,2.419,0.060863,living
5,D,D5,D5_00213,1.538,2.481,2.204,0.888,16.538,588.308,2.396,0.028112,living
5,D,D5,D5_00214,1.065,2.750,1.931,0.702,14.206,473.190,2.619,0.030022,living
5,D,D5,D5_00215,1.437,2.233,2.021,0.905,13.671,566.435,3.224,0.024134,living
5,D,D5,D5_00216,2.282,2.233,2.547,1.141,83.807,582.733,2.726,0.143818,living
5,D,D5,D5_00217,1.268,3.347,2.325,0.695,71.773,397.613,2.453,0.180510,living
5,D,D5,D5_00218,2.282,2.233,2.547,1.141,84.933,820.844,2.637,0.103471,living
5,D,D5,D5_00219,2.062,1.991,2.286,1.148,42.107,606.205,2.525,0.069459,living
5,D,D5,D5_00220,1.876,2.272,2.330,1.025,49.595,544.748,2.252,0.091041,living
5,D,D5,D5_00221,1.758,2.233,2.236,1.001,7.865,443.856,3.327,0.017721,living
5,D,D5,D5_00222,2.062,2.233,2.421,1.084,44.393,595.025,3.984,0.074608,living
5,D,D5,D5_00223,0.913,1.863,1.472,0.790,24.148,495.019,1.926,0.048782,living
5,D,D5,D5_00224,0.727,2.350,1.475,0.628,17.814,419.116,2.023,0.042504,living
5,D,D5,D5_00225,1.893,1.773,2.067,1.166,63.241,657.661,2.232,0.096161,living
5,D,D5,D5_00226,1.538,2.252,2.100,0.933,25.659,544.505,2.934,0.047124,living
5,D,D5,D5_00227,1.639,2.132,2.109,0.989,71.546,585.526,1.969,0.122192,living
5,D,D5,D5_00228,2.890,2.233,2.867,1.284,40.035,589.117,3.474,0.067958,living
5,D,D5,D5_00229,2.282,3.934,3.381,0.859,43.985,519.637,2.407,0.084646,living
5,D,D5,D5_00230,2.096,2.119,2.378,1.122,58.831,622.444,2.532,0.094516,living
5,D,D5,D5_00231,2.738,2.334,2.852,1.222,76.870,704.086,2.556,0.109177,living
5,D,D5,D5_00232,2.653,2.233,2.746,1.230,50.777,615.134,3.223,0.082546,living
5,D,D5,D5_00233,2.129,2.160,2.420,1.120,27.810,640.508,2.206,0.043418,living
5,D,D5,D5_00234,2.298,2.550,2.731,1.071,52.500,614.015,2.375,0.085503,living
5,D,D5,D5_00235,1.859,2.280,2.323,1.019,38.555,613.491,3.073,0.062845,living
5,D,D5,D5_00236,1.149,2.291,1.831,0.799,16.059,516.265,2.721,0.031106,living
5,D,D5,D5_00237,2.231,2.432,2.628,1.081,24.152,623.455,2.242,0.038738,living
5,D,D5,D5_00238,1.775,2.142,2.200,1.027,132.019,712.305,2.667,0.185341,living
5,D,D5,D5_00239,1.977,2.152,2.327,1.082,44.487,739.094,2.667,0.060192,living
5,D,D5,D5_00240,2.822,1.968,2.659,1.351,135.515,937.281,2.383,0.144583,living
5,D,D5,D5_00241,2.417,3.273,3.174,0.970,93.133,594.126,2.420,0.156756,living
5,D,D5,D5_00242,3.329,2.353,3.158,1.342,135.137,930.670,2.518,0.145204,living
5,D,D5,D5_00243,1.724,1.714,1.940,1.132,96.520,743.735,2.422,0.129777,living
5,D,D5,D5_00244,1.639,2.277,2.180,0.957,117.526,674.979,2.371,0.174118,living
5,D,D5,D5_00245,1.910,2.233,2.330,1.044,68.770,753.867,5.876,0.091223,dead
5,D,D5,D5_00246,0.997,2.057,1.616,0.786,11.136,636.220,3.525,0.017503,living
5,D,D5,D5_00247,0.930,2.354,1.670,0.709,13.582,648.727,2.291,0.020936,living
5,D,D5,D5_00248,1.741,1.512,1.831,1.211,55.631,807.165,1.845,0.068922,living
5,D,D5,D5_00249,1.994,3.306,2.897,0.876,80.534,574.619,3.085,0.140152,living
5,D,D5,D5_00250,1.453,1.841,1.846,1.002,41.895,657.442,2.105,0.063725,living
5,D,D5,D5_00251,2.282,1.782,2.275,1.277,118.148,825.274,2.637,0.143162,living
5,D,D5,D5_00252,1.183,2.897,2.089,0.721,65.243,519.386,2.329,0.125615,living
5,D,D5,D5_00253,2.501,1.880,2.447,1.301,23.993,622.372,2.527,0.038551,living
5,D,D5,D5_00254,2.282,2.233,2.547,1.141,75.000,586.333,3.696,0.127914,living
5,D,D5,D5_00255,1.707,2.087,2.130,1.020,71.436,656.099,2.218,0.108879,living
5,D,D5,D5_00256,1.639,2.233,2.159,0.967,23.907,599.856,6.021,0.039855,dead
5,D,D5,D5_00257,2.467,1.471,2.150,1.461,111.404,1088.856,2.616,0.102313,living
5,D,D5,D5_00258,1.994,2.565,2.552,0.995,67.805,663.500,3.229,0.102193,living
5,D,D5,D5_00259,2.839,2.233,2.841,1.272,64.970,759.649,2.577,0.085527,living
5,D,D5,D5_00260,3.346,2.233,3.084,1.381,78.268,687.308,2.919,0.113876,living
5,D,D5,D5_00261,2.146,2.141,2.419,1.130,88.165,835.787,1.992,0.105488,living
5,D,D5,D5_00262,2.636,1.089,1.912,1.756,2.583,558.635,2.667,0.004624,living
5,D,D5,D5_00263,2.856,2.610,3.081,1.180,59.367,788.675,2.538,0.075274,living
5,D,D5,D5_00264,2.096,2.361,2.510,1.063,34.468,731.185,2.427,0.047140,living
5,D,D5,D5_00265,2.011,2.612,2.586,0.990,24.756,698.706,2.361,0.035432,living
5,D,D5,D5_00266,3.160,2.571,3.216,1.251,2.743,542.209,2.278,0.005060,living
5,D,D5,D5_00267,1.487,2.063,1.976,0.958,24.307,718.375,2.136,0.033836,living
5,D,D5,D5_00268,1.656,2.438,2.267,0.930,27.898,664.459,2.224,0.041986,living
5,D,D5,D5_00269,1.437,2.058,1.940,0.943,12.141,682.812,2.741,0.017781,living
5,D,D5,D5_00270,2.045,1.973,2.267,1.149,16.818,791.736,2.570,0.021242,living
5,D,D5,D5_00271,1.741,1.908,2.057,1.078,106.534,659.544,2.379,0.161527,living
5,D,D5,D5_00272,2.417,1.761,2.328,1.322,118.965,727.308,2.483,0.163569,living
5,D,D5,D5_00273,1.893,2.357,2.383,1.011,89.250,605.607,2.670,0.147373,living
5,D,D5,D5_00274,2.282,2.195,2.525,1.151,86.289,597.444,2.119,0.144430,living
5,D,D5,D5_00275,1.656,2.233,2.170,0.972,113.031,601.520,4.214,0.187908,living
5,D,D5,D5_00276,2.298,1.987,2.411,1.213,103.316,787.066,2.081,0.131267,living
5,D,D5,D5_00277,2.670,2.202,2.736,1.243,92.392,773.842,2.152,0.119394,living
5,D,D5,D5_00278,1.690,2.014,2.082,1.034,42.270,702.770,2.160,0.060148,living
5,D,D5,D5_00279,2.129,2.625,2.668,1.016,108.841,652.587,2.643,0.166784,living
5,D,D5,D5_00280,1.758,1.745,1.976,1.133,94.154,785.587,2.548,0.119852,living
5,D,D5,D5_00281,1.487,1.748,1.819,1.041,37.091,708.409,2.341,0.052358,living
5,D,D5,D5_00282,2.687,1.722,2.427,1.410,43.013,979.755,2.182,0.043901,living
5,D,D5,D5_00283,2.451,1.674,2.286,1.365,43.703,794.807,2.317,0.054986,living
5,D,D5,D5_00284,1.791,2.111,2.194,1.039,48.972,733.509,2.226,0.066764,living
5,D,D5,D5_00285,1.622,1.747,1.899,1.087,57.281,745.135,2.510,0.076874,living
5,D,D5,D5_00286,2.636,1.566,2.293,1.464,30.000,652.962,2.577,0.045945,living
5,D,D5,D5_00287,2.045,1.782,2.154,1.209,50.421,883.281,2.421,0.057084,living
5,D,D5,D5_00288,2.687,2.627,2.998,1.141,56.465,803.132,2.654,0.070307,living
5,D,D5,D5_00289,2.366,1.864,2.370,1.271,34.286,932.621,2.229,0.036763,living
5,D,D5,D5_00290,1.082,2.233,1.754,0.785,11.156,573.344,4.422,0.019458,living
5,D,D5,D5_00291,1.031,1.928,1.591,0.825,17.623,655.869,2.607,0.026870,living
5,D,D5,D5_00292,1.538,1.592,1.766,1.109,17.945,820.341,2.582,0.021875,living
5,D,D5,D5_00293,1.369,1.812,1.777,0.981,19.469,586.074,2.099,0.033220,living
5,D,D5,D5_00294,2.113,2.821,2.755,0.977,69.352,555.168,2.448,0.124921,living
5,D,D5,D5_00295,1.572,1.809,1.903,1.052,83.344,575.602,2.484,0.144795,living
5,D,D5,D5_00296,0.777,3.221,1.785,0.554,70.696,447.413,1.870,0.158010,living
5,D,D5,D5_00297,2.298,3.341,3.127,0.936,66.324,525.662,2.478,0.126171,living
5,D,D5,D5_00298,2.096,2.299,2.477,1.077,107.024,585.056,2.395,0.182930,living
5,D,D5,D5_00299,2.417,2.098,2.541,1.211,118.042,609.378,2.434,0.193709,living
5,D,D5,D5_00300,2.805,1.869,2.584,1.382,82.343,720.747,2.373,0.114247,living
5,D,D5,D5_00301,1.758,2.196,2.217,1.010,62.885,611.019,2.058,0.102918,living
5,D,D5,D5_00302,2.011,1.529,1.979,1.294,75.773,787.160,2.092,0.096261,living
5,D,D5,D5_00303,2.586,2.233,2.712,1.214,128.595,694.725,40.392,0.185102,dead
5,D,D5,D5_00304,1.115,2.078,1.718,0.827,48.985,540.652,2.697,0.090603,living
5,D,D5,D5_00305,1.690,1.782,1.958,1.099,32.110,605.870,2.360,0.052998,living
5,D,D5,D5_00306,1.859,1.668,1.987,1.191,50.536,736.836,2.591,0.068586,living
5,D,D5,D5_00307,1.622,2.233,2.147,0.962,23.781,603.448,3.969,0.039409,living
5,D,D5,D5_00308,2.366,2.233,2.594,1.161,75.421,625.886,3.493,0.120504,living
5,D,D5,D5_00309,2.028,2.350,2.463,1.048,29.300,629.400,2.417,0.046552,living
5,D,D5,D5_00310,2.315,1.599,2.171,1.358,66.482,830.766,2.380,0.080025,living
5,D,D5,D5_00311,2.096,2.569,2.618,1.019,45.266,605.306,2.355,0.074782,living
5,D,D5,D5_00312,1.994,1.790,2.132,1.191,26.712,681.508,3.127,0.039195,living
5,D,D5,D5_00313,1.673,1.701,1.904,1.119,31.192,699.626,2.778,0.044584,living
5,D,D5,D5_00314,1.217,2.913,2.125,0.729,13.069,519.278,3.097,0.025169,living
5,D,D5,D5_00315,2.941,1.484,2.357,1.588,6.759,739.115,2.747,0.009144,living
5,D,D5,D5_00316,1.859,2.668,2.513,0.942,122.755,773.727,2.309,0.158654,living
5,D,D5,D5_00317,0.963,2.233,1.655,0.741,90.491,676.632,3.386,0.133738,living
5,D,D5,D5_00318,2.721,2.233,2.781,1.246,153.298,702.957,4.441,0.218076,living
5,D,D5,D5_00319,1.960,1.819,2.131,1.171,168.414,857.862,2.655,0.196318,living
5,D,D5,D5_00320,2.383,2.347,2.669,1.137,151.454,879.716,2.468,0.172162,living
5,D,D5,D5_00321,0.963,2.548,1.768,0.694,79.333,698.018,2.509,0.113655,living
5,D,D5,D5_00322,1.555,2.638,2.285,0.866,79.543,775.587,2.543,0.102559,living
5,D,D5,D5_00323,1.707,2.479,2.321,0.936,60.040,812.802,2.624,0.073867,living
5,D,D5,D5_00324,1.808,3.210,2.718,0.847,53.514,807.047,2.458,0.066308,living
5,D,D5,D5_00325,0.896,1.889,1.468,0.777,56.774,744.962,2.358,0.076210,living
5,D,D5,D5_00326,1.352,2.571,2.104,0.818,64.737,764.725,1.688,0.084655,living
5,D,D5,D5_00327,1.369,1.905,1.822,0.957,3.074,771.704,2.432,0.003983,living
5,D,D5,D5_00328,1.572,3.468,2.635,0.760,34.710,768.269,2.484,0.045179,living
5,D,D5,D5_00329,1.301,2.130,1.878,0.882,20.558,819.260,2.312,0.025094,living
5,D,D5,D5_00330,0.710,1.962,1.332,0.679,19.476,807.810,2.286,0.024110,living
5,D,D5,D5_00331,1.065,2.976,2.009,0.675,20.016,735.762,2.730,0.027204,living
5,D,D5,D5_00332,1.775,2.645,2.445,0.924,19.419,836.895,2.171,0.023204,living
5,D,D5,D5_00333,0.693,1.497,1.149,0.768,17.780,813.073,2.341,0.021868,living
5,D,D5,D5_00334,0.980,3.006,1.937,0.644,49.672,409.379,2.190,0.121336,living
5,D,D5,D5_00335,1.014,3.737,2.197,0.588,76.133,385.217,2.383,0.197638,living
5,D,D5,D5_00336,0.693,4.008,1.881,0.469,74.146,411.780,2.171,0.180063,living
5,D,D5,D5_00337,2.991,2.407,3.028,1.258,78.412,603.350,2.627,0.129962,living
5,D,D5,D5_00338,0.710,2.059,1.364,0.663,59.833,436.976,1.976,0.136926,living
5,D,D5,D5_00339,1.470,1.876,1.874,0.999,65.138,501.149,2.586,0.129977,living
5,D,D5,D5_00340,0.727,3.605,1.827,0.507,12.814,418.465,2.884,0.030621,living
5,D,D5,D5_00341,2.096,2.233,2.441,1.093,35.685,603.032,19.363,0.059177,dead
5,D,D5,D5_00342,0.997,1.870,1.541,0.824,1.881,420.424,2.220,0.004475,living
5,D,D5,D5_00343,3.329,1.985,2.901,1.461,2.320,667.863,2.401,0.003473,living
5,D,D5,D5_00344,1.065,2.431,1.816,0.747,21.841,495.937,2.698,0.044040,living
5,D,D5,D5_00345,0.930,1.547,1.353,0.875,93.600,628.836,2.055,0.148846,living
5,D,D5,D5_00346,1.707,2.233,2.203,0.987,44.782,606.822,3.663,0.073798,living
5,D,D5,D5_00347,1.470,2.377,2.109,0.887,99.598,621.494,2.460,0.160255,living
5,D,D5,D5_00348,1.639,1.759,1.916,1.089,50.268,766.196,2.103,0.065607,living
5,D,D5,D5_00349,2.772,2.563,3.008,1.173,104.774,755.872,2.598,0.138614,living
5,D,D5,D5_00350,2.805,2.447,2.956,1.208,116.663,808.386,2.639,0.144316,living
5,D,D5,D5_00351,0.845,4.965,2.311,0.466,24.120,525.900,2.160,0.045864,living
5,D,D5,D5_00352,1.842,2.066,2.201,1.065,28.982,722.321,2.385,0.040123,living
5,D,D5,D5_00353,1.200,1.865,1.688,0.905,63.676,607.282,3.085,0.104854,living
5,D,D5,D5_00354,2.670,2.459,2.891,1.176,42.601,834.367,2.842,0.051058,living
5,D,D5,D5_00355,2.789,2.554,3.012,1.179,60.976,682.127,2.236,0.089391,living
5,D,D5,D5_00356,1.183,2.233,1.834,0.821,49.029,623.071,6.014,0.078689,dead
5,D,D5,D5_00357,2.349,1.952,2.416,1.238,58.331,855.878,2.856,0.068153,living
5,D,D5,D5_00358,1.352,1.991,1.851,0.930,76.588,711.250,2.562,0.107680,living
5,D,D5,D5_00359,2.772,2.629,3.046,1.159,89.366,818.293,2.433,0.109210,living
5,D,D5,D5_00360,2.417,2.155,2.575,1.195,66.804,854.126,2.685,0.078214,living
5,D,D5,D5_00361,1.183,1.545,1.525,0.987,2.629,534.314,2.429,0.004920,living
5,D,D5,D5_00362,1.538,2.247,2.098,0.934,28.132,700.385,2.978,0.040166,living
5,D,D5,D5_00363,1.183,2.233,1.834,0.821,20.771,711.429,12.957,0.029197,dead
5,D,D5,D5_00364,3.008,2.366,3.010,1.272,106.640,784.242,2.124,0.135979,living
5,D,D5,D5_00365,3.194,1.808,2.712,1.500,26.847,741.196,2.460,0.036221,living
5,D,D5,D5_00366,2.011,2.021,2.275,1.126,103.118,663.555,2.370,0.155402,living
5,D,D5,D5_00367,1.910,1.363,1.821,1.336,49.301,655.301,2.221,0.075234,living
5,D,D5,D5_00368,2.045,1.748,2.133,1.220,93.479,785.975,2.826,0.118934,living
5,D,D5,D5_00369,1.977,2.379,2.447,1.029,61.521,663.462,2.385,0.092728,living
5,D,D5,D5_00370,0.727,2.233,1.438,0.644,36.023,557.651,59.674,0.064598,dead
5,D,D5,D5_00371,1.589,2.601,2.294,0.882,2.415,647.351,2.298,0.003730,living
5,D,D5,D5_00372,2.991,2.642,3.172,1.201,58.554,782.582,2.672,0.074821,living
5,D,D5,D5_00373,1.741,1.867,2.034,1.090,32.767,672.816,2.379,0.048701,living
5,D,D5,D5_00374,1.842,2.010,2.171,1.080,41.789,726.083,2.780,0.057554,living
5,D,D5,D5_00375,1.572,2.573,2.269,0.882,15.366,632.484,2.946,0.024294,living
5,D,D5,D5_00376,1.082,2.582,1.886,0.730,11.953,627.984,2.188,0.019034,living
5,D,D5,D5_00377,1.977,2.233,2.371,1.062,82.658,729.974,2.590,0.113234,living
5,D,D5,D5_00378,2.332,2.233,2.575,1.153,148.543,765.667,2.652,0.194005,living
5,D,D5,D5_00379,2.366,2.233,2.594,1.161,114.279,654.371,2.579,0.174639,living
5,D,D5,D5_00380,1.284,2.233,1.911,0.856,109.855,644.526,2.855,0.170443,living
5,D,D5,D5_00381,1.690,2.233,2.192,0.982,114.700,662.420,2.360,0.173153,living
5,D,D5,D5_00382,3.042,2.233,2.941,1.317,68.911,665.567,2.283,0.103538,living
5,D,D5,D5_00383,1.335,2.233,1.948,0.872,24.570,612.063,2.494,0.040142,living
5,D,D5,D5_00384,1.437,2.233,2.021,0.905,19.024,703.106,2.600,0.027056,living
5,D,D5,D5_00385,1.437,1.475,1.643,1.114,2.824,630.929,2.329,0.004475,living
5,D,D5,D5_00386,2.941,2.160,2.844,1.317,139.523,821.805,2.598,0.169776,living
5,D,D5,D5_00387,2.670,4.127,3.746,0.908,67.418,560.842,2.304,0.120208,living
5,D,D5,D5_00388,1.944,2.233,2.351,1.053,72.878,657.904,2.548,0.110773,living
5,D,D5,D5_00389,1.859,1.640,1.970,1.201,60.673,704.918,2.727,0.086071,living
5,D,D5,D5_00390,1.352,1.877,1.798,0.958,49.850,615.938,2.275,0.080934,living
5,D,D5,D5_00391,2.265,2.711,2.796,1.031,21.067,649.306,2.037,0.032446,living
5,D,D5,D5_00392,1.707,1.900,2.032,1.070,19.703,724.554,2.366,0.027193,living
5,D,D5,D5_00393,2.180,2.233,2.490,1.115,139.078,865.140,2.729,0.160757,living
5,D,D5,D5_00394,1.994,2.233,2.381,1.066,22.703,604.729,2.025,0.037543,living
5,D,D5,D5_00395,1.335,2.233,1.948,0.872,2.468,571.392,2.316,0.004320,living
5,D,D5,D5_00396,2.721,2.233,2.781,1.246,133.348,720.130,2.764,0.185172,living
5,D,D5,D5_00397,2.552,2.233,2.694,1.206,66.722,764.795,2.219,0.087242,living
5,D,D5,D5_00398,1.622,2.233,2.147,0.962,66.729,631.740,2.250,0.105628,living
5,D,D5,D5_00399,1.606,2.233,2.137,0.957,24.821,683.537,2.600,0.036313,living
5,D,D5,D5_00400,2.180,1.705,2.175,1.276,40.953,894.822,2.364,0.045767,living
5,D,D5,D5_00401,1.859,2.285,2.326,1.018,103.300,743.264,2.427,0.138982,living
5,D,D5,D5_00402,2.096,2.193,2.419,1.103,72.613,800.919,2.718,0.090662,living
5,D,D5,D5_00403,2.332,2.233,2.575,1.153,89.051,755.884,3.681,0.117810,living
5,D,D5,D5_00404,1.825,3.520,2.860,0.812,43.185,662.472,2.685,0.065188,living
5,D,D5,D5_00405,2.282,2.233,2.547,1.141,67.044,647.874,14.326,0.103484,dead
5,D,D5,D5_00406,1.521,1.955,1.946,0.995,33.322,769.289,2.156,0.043316,living
5,D,D5,D5_00407,1.707,4.914,3.268,0.665,27.990,646.495,2.208,0.043295,living
5,D,D5,D5_00408,0.980,2.098,1.618,0.771,28.879,733.362,2.276,0.039379,living
5,D,D5,D5_00409,1.031,3.423,2.120,0.619,12.361,680.852,2.377,0.018155,living
5,D,D5,D5_00410,0.963,2.147,1.622,0.756,17.702,716.544,2.123,0.024704,living
5,D,D5,D5_00411,2.789,2.537,3.002,1.183,95.552,703.279,2.339,0.135866,living
5,D,D5,D5_00412,0.761,2.220,1.467,0.661,31.289,577.578,3.756,0.054173,living
5,D,D5,D5_00413,2.265,2.383,2.622,1.100,124.030,686.134,2.612,0.180766,living
5,D,D5,D5_00414,2.434,2.233,2.631,1.178,92.417,608.889,6.431,0.151779,dead
5,D,D5,D5_00415,1.268,1.651,1.633,0.989,31.040,698.147,1.880,0.044461,living
5,D,D5,D5_00416,1.910,2.225,2.326,1.045,119.319,665.283,2.478,0.179350,living
5,D,D5,D5_00417,2.129,1.806,2.213,1.225,113.865,790.675,2.667,0.144010,living
5,D,D5,D5_00418,3.177,2.617,3.254,1.243,107.984,769.569,2.356,0.140318,living
5,D,D5,D5_00419,2.298,1.898,2.357,1.242,82.581,755.838,2.449,0.109257,living
5,D,D5,D5_00420,1.572,2.130,2.065,0.969,68.796,664.237,2.258,0.103571,living
5,D,D5,D5_00421,2.265,2.233,2.538,1.136,62.530,629.216,25.403,0.099377,dead
5,D,D5,D5_00422,2.349,2.083,2.496,1.198,63.259,785.640,2.101,0.080519,living
5,D,D5,D5_00423,0.896,2.813,1.791,0.637,33.208,603.736,2.132,0.055003,living
5,D,D5,D5_00424,1.149,1.518,1.490,0.982,27.074,724.456,2.574,0.037371,living
5,D,D5,D5_00425,1.842,1.931,2.128,1.102,21.156,655.560,2.349,0.032272,living
5,D,D5,D5_00426,1.825,2.638,2.476,0.939,5.926,602.185,2.222,0.009841,living
5,D,D5,D5_00427,1.115,2.251,1.788,0.794,11.909,656.939,2.742,0.018128,living
5,D,D5,D5_00428,2.417,2.233,2.621,1.174,126.119,752.944,2.238,0.167501,living
5,D,D5,D5_00429,2.721,2.233,2.781,1.246,107.404,712.348,2.621,0.150774,living
5,D,D5,D5_00430,1.673,2.233,2.181,0.977,118.061,632.081,2.152,0.186781,living
5,D,D5,D5_00431,1.791,2.233,2.257,1.011,112.736,677.972,2.094,0.166284,living
5,D,D5,D5_00432,1.977,2.233,2.371,1.062,48.744,694.188,2.581,0.070217,living
5,D,D5,D5_00433,1.775,2.233,2.246,1.006,82.286,675.105,2.200,0.121886,living
5,D,D5,D5_00434,2.907,2.233,2.875,1.287,81.302,793.709,2.483,0.102433,living
5,D,D5,D5_00435,2.400,2.233,2.612,1.170,31.056,787.521,2.535,0.039436,living
5,D,D5,D5_00436,2.332,2.233,2.575,1.153,21.543,778.268,2.232,0.027681,living
5,D,D5,D5_00437,0.744,2.415,1.513,0.626,17.273,606.500,1.955,0.028479,living
5,D,D5,D5_00438,1.639,2.233,2.159,0.967,78.773,805.268,2.825,0.097822,living
5,D,D5,D5_00439,2.501,2.233,2.667,1.194,113.196,742.405,2.365,0.152472,living
5,D,D5,D5_00440,0.845,2.233,1.550,0.694,111.540,612.380,2.760,0.182142,living
5,D,D5,D5_00441,2.265,2.233,2.538,1.136,52.851,814.149,2.157,0.064915,living
5,D,D5,D5_00442,2.484,2.233,2.658,1.190,138.068,767.939,2.190,0.179790,living
5,D,D5,D5_00443,1.538,2.233,2.091,0.936,101.495,685.824,2.176,0.147989,living
5,D,D5,D5_00444,1.166,2.233,1.821,0.815,93.420,729.174,2.609,0.128118,living
5,D,D5,D5_00445,1.183,2.233,1.834,0.821,50.929,741.900,2.600,0.068646,living
5,D,D5,D5_00446,1.673,2.233,2.181,0.977,94.505,962.131,2.212,0.098225,living
5,D,D5,D5_00447,1.707,2.233,2.203,0.987,79.050,946.743,2.287,0.083496,living
5,D,D5,D5_00448,2.721,2.233,2.781,1.246,62.708,905.230,2.429,0.069273,living
5,D,D5,D5_00449,1.910,2.233,2.330,1.044,49.044,890.239,2.398,0.055091,living
5,D,D5,D5_00450,1.065,2.233,1.740,0.779,20.524,821.333,2.683,0.024988,living
5,D,D5,D5_00451,0.930,1.639,1.393,0.850,27.764,744.036,2.745,0.037315,living
5,D,D5,D5_00452,0.710,3.119,1.679,0.538,41.238,503.000,3.238,0.081984,living
5,D,D5,D5_00453,1.656,2.233,2.170,0.972,121.439,647.255,18.724,0.187621,dead
5,D,D5,D5_00454,1.420,1.926,1.866,0.969,123.381,655.036,2.583,0.188358,living
5,D,D5,D5_00455,1.521,2.455,2.180,0.888,104.478,573.156,2.333,0.182285,living
5,D,D5,D5_00456,1.639,2.233,2.159,0.967,87.474,634.278,2.619,0.137911,living
5,D,D5,D5_00457,0.777,1.712,1.301,0.760,3.043,589.130,2.239,0.005166,living
5,D,D5,D5_00458,2.653,2.258,2.762,1.223,85.745,825.478,2.465,0.103873,living
5,D,D5,D5_00459,0.963,1.929,1.538,0.797,21.105,635.439,2.702,0.033214,living
5,D,D5,D5_00460,1.724,2.057,2.125,1.033,37.049,703.686,2.255,0.052650,living
5,D,D5,D5_00461,1.758,1.702,1.952,1.147,43.067,842.471,2.962,0.051120,living
5,D,D5,D5_00462,3.025,3.439,3.639,1.058,29.536,721.184,2.609,0.040955,living
5,D,D5,D5_00463,2.636,2.233,2.738,1.226,17.019,677.282,7.276,0.025129,dead
5,D,D5,D5_00464,0.980,2.281,1.687,0.740,84.086,538.379,2.224,0.156184,living
5,D,D5,D5_00465,1.437,2.233,2.021,0.905,42.765,624.188,2.435,0.068513,living
5,D,D5,D5_00466,2.822,2.388,2.929,1.227,50.581,570.832,2.383,0.088609,living
5,D,D5,D5_00467,2.941,2.603,3.122,1.199,73.328,722.672,2.017,0.101467,living
5,D,D5,D5_00468,2.467,1.958,2.480,1.267,152.274,821.411,2.678,0.185381,living
5,D,D5,D5_00469,2.417,2.233,2.621,1.174,122.420,663.161,3.420,0.184600,living
5,D,D5,D5_00470,2.096,2.017,2.320,1.150,110.831,725.242,2.798,0.152819,living
5,D,D5,D5_00471,1.707,2.233,2.203,0.987,73.010,603.960,2.901,0.120885,living
5,D,D5,D5_00472,2.400,1.825,2.362,1.294,99.077,838.838,2.549,0.118113,living
5,D,D5,D5_00473,1.284,1.620,1.627,1.005,74.829,672.263,3.039,0.111309,living
5,D,D5,D5_00474,2.535,2.233,2.685,1.202,23.240,675.260,3.947,0.034416,living
5,D,D5,D5_00475,2.214,4.073,3.388,0.832,69.145,551.771,1.939,0.125315,living
5,D,D5,D5_00476,2.197,2.688,2.742,1.020,80.723,641.808,2.546,0.125775,living
5,D,D5,D5_00477,1.910,2.043,2.229,1.091,56.673,701.611,2.398,0.080775,living
5,D,D5,D5_00478,2.873,2.233,2.858,1.280,13.353,674.041,2.376,0.019810,living
5,D,D5,D5_00479,2.332,1.734,2.269,1.309,73.116,884.101,2.355,0.082701,living
5,D,D5,D5_00480,2.332,1.885,2.366,1.255,67.638,803.261,2.384,0.084204,living
5,D,D5,D5_00481,1.420,2.233,2.009,0.900,35.560,603.048,3.083,0.058966,living
5,D,D5,D5_00482,3.228,1.935,2.820,1.457,20.812,769.162,2.157,0.027057,living
5,D,D5,D5_00483,2.045,2.233,2.411,1.080,37.752,758.273,2.339,0.049787,living
5,D,D5,D5_00484,1.031,1.768,1.523,0.862,13.098,643.098,2.377,0.020368,living
5,D,D5,D5_00485,0.997,1.812,1.517,0.837,24.288,616.390,2.983,0.039404,living
5,D,D5,D5_00486,1.014,2.556,1.817,0.711,20.150,602.800,2.367,0.033427,living
5,D,D5,D5_00487,2.129,1.901,2.270,1.194,21.310,818.540,2.198,0.026034,living
5,D,D5,D5_00488,0.777,2.332,1.519,0.651,12.109,594.239,1.891,0.020377,living
5,D,D5,D5_00489,2.045,2.066,2.319,1.123,90.273,608.116,2.661,0.148447,living
5,D,D5,D5_00490,2.113,1.729,2.157,1.247,104.928,646.184,2.560,0.162381,living
5,D,D5,D5_00491,2.484,2.043,2.542,1.244,110.884,645.864,2.891,0.171684,living
5,D,D5,D5_00492,2.332,2.915,2.942,1.009,82.978,520.167,2.551,0.159522,living
5,D,D5,D5_00493,1.758,1.561,1.869,1.197,67.000,636.798,2.510,0.105214,living
5,D,D5,D5_00494,1.859,1.585,1.937,1.222,56.009,675.645,2.109,0.082897,living
5,D,D5,D5_00495,1.437,2.233,2.021,0.905,41.329,577.435,41.247,0.071574,dead
5,D,D5,D5_00496,2.113,2.267,2.470,1.089,29.376,636.992,2.496,0.046117,living
5,D,D5,D5_00497,1.707,1.944,2.056,1.057,18.990,615.545,2.762,0.030851,living
5,D,D5,D5_00498,2.417,1.734,2.310,1.332,37.566,767.699,2.741,0.048934,living
5,D,D5,D5_00499,2.569,3.036,3.151,1.038,20.026,585.099,2.099,0.034227,living
5,D,D5,D5_00500,1.115,2.124,1.736,0.818,17.667,528.455,2.848,0.033431,living
5,D,D5,D5_00501,1.335,2.230,1.947,0.873,13.759,560.671,2.354,0.024541,living
5,D,D5,D5_00502,1.960,1.841,2.143,1.164,2.948,499.457,2.276,0.005903,living
5,D,D5,D5_00503,1.893,2.446,2.428,0.993,152.357,796.357,2.438,0.191318,living
5,D,D5,D5_00504,2.400,2.233,2.612,1.170,140.613,839.408,2.704,0.167514,living
5,D,D5,D5_00505,0.946,1.987,1.547,0.779,26.500,751.500,2.125,0.035263,living
5,D,D5,D5_00506,2.518,3.832,3.505,0.915,63.557,726.369,2.544,0.087500,living
5,D,D5,D5_00507,1.944,1.769,2.093,1.183,112.443,942.096,2.617,0.119355,living
5,D,D5,D5_00508,2.839,3.890,3.750,0.964,43.339,763.387,2.643,0.056772,living
5,D,D5,D5_00509,1.707,1.672,1.906,1.140,76.624,875.644,2.545,0.087506,living
5,D,D5,D5_00510,2.282,3.002,2.953,0.984,36.667,799.615,2.289,0.045855,living
5,D,D5,D5_00511,2.282,1.543,2.117,1.372,103.948,1214.556,2.407,0.085585,living
5,D,D5,D5_00512,1.724,2.744,2.454,0.894,29.069,718.755,2.510,0.040443,living
5,D,D5,D5_00513,2.620,1.531,2.260,1.476,59.123,1088.665,2.548,0.054307,living
5,D,D5,D5_00514,2.180,1.973,2.340,1.186,36.667,1000.078,2.674,0.036664,living
5,D,D5,D5_00515,2.163,2.042,2.371,1.161,39.227,917.773,2.250,0.042741,living
5,D,D5,D5_00516,1.707,2.394,2.281,0.953,23.426,853.277,1.871,0.027454,living
5,D,D5,D5_00517,0.879,2.084,1.527,0.733,48.250,513.558,2.173,0.093952,living
5,D,D5,D5_00518,1.268,2.233,1.899,0.850,34.200,537.027,5.267,0.063684,dead
5,D,D5,D5_00519,2.349,2.233,2.584,1.157,19.518,522.719,6.770,0.037339,dead
5,D,D5,D5_00520,1.960,1.789,2.113,1.181,86.078,688.500,2.457,0.125022,living
5,D,D5,D5_00521,1.555,2.070,2.024,0.978,103.880,579.522,2.207,0.179252,living
5,D,D5,D5_00522,2.789,1.843,2.558,1.388,46.152,603.952,2.564,0.076416,living
5,D,D5,D5_00523,2.129,1.621,2.096,1.293,37.008,773.056,2.341,0.047872,living
5,D,D5,D5_00524,1.149,2.163,1.779,0.822,47.838,560.632,2.412,0.085329,living
5,D,D5,D5_00525,2.062,1.947,2.261,1.161,73.623,692.967,2.541,0.106243,living
5,D,D5,D5_00526,2.772,2.172,2.769,1.275,75.244,819.695,2.756,0.091795,living
5,D,D5,D5_00527,1.589,2.166,2.093,0.966,44.287,583.330,2.266,0.075921,living
5,D,D5,D5_00528,2.772,2.902,3.200,1.103,61.768,656.372,2.384,0.094106,living
5,D,D5,D5_00529,2.231,1.911,2.330,1.219,57.053,748.023,2.318,0.076272,living
5,D,D5,D5_00530,1.910,2.413,2.422,1.004,42.381,649.593,2.531,0.065242,living
5,D,D5,D5_00531,0.744,2.224,1.451,0.653,23.682,487.000,2.750,0.048628,living
5,D,D5,D5_00532,2.096,3.990,3.263,0.818,12.258,527.347,2.444,0.023245,living
5,D,D5,D5_00533,0.744,1.889,1.338,0.708,14.477,517.795,3.182,0.027959,living
5,D,D5,D5_00534,2.298,2.233,2.556,1.145,26.044,611.794,3.147,0.042570,living
5,D,D5,D5_00535,1.606,3.130,2.530,0.808,21.926,568.000,2.200,0.038603,living
5,D,D5,D5_00536,1.741,2.143,2.180,1.017,58.330,687.845,2.194,0.084801,living
5,D,D5,D5_00537,2.146,1.643,2.119,1.290,149.315,854.339,2.425,0.174773,living
5,D,D5,D5_00538,1.251,1.792,1.689,0.943,86.851,668.797,2.122,0.129862,living
5,D,D5,D5_00539,1.386,3.323,2.422,0.729,87.037,523.061,2.646,0.166399,living
5,D,D5,D5_00540,1.369,1.870,1.805,0.965,108.000,673.728,2.679,0.160302,living
5,D,D5,D5_00541,1.521,1.955,1.946,0.995,76.267,720.800,2.478,0.105808,living
5,D,D5,D5_00542,2.028,1.727,2.112,1.223,23.708,662.542,2.508,0.035784,living
5,D,D5,D5_00543,2.248,2.185,2.501,1.145,87.820,806.970,2.301,0.108826,living
5,D,D5,D5_00544,1.234,2.233,1.873,0.839,26.630,677.589,2.836,0.039301,living
5,D,D5,D5_00545,2.670,1.481,2.244,1.515,44.544,798.665,2.392,0.055773,living
5,D,D5,D5_00546,1.352,2.039,1.873,0.919,21.762,695.487,2.100,0.031291,living
5,D,D5,D5_00547,2.265,2.740,2.811,1.026,29.791,731.806,2.246,0.040709,living
5,D,D5,D5_00548,1.268,2.233,1.899,0.850,22.893,705.040,2.693,0.032471,living
5,D,D5,D5_00549,0.794,2.178,1.484,0.681,59.489,605.809,2.617,0.098198,living
5,D,D5,D5_00550,2.011,3.152,2.841,0.901,70.706,632.790,2.218,0.111737,living
5,D,D5,D5_00551,2.400,2.140,2.557,1.195,115.282,687.739,2.479,0.167624,living
5,D,D5,D5_00552,1.589,2.144,2.083,0.971,36.723,736.787,2.564,0.049843,living
5,D,D5,D5_00553,1.707,2.344,2.257,0.963,72.257,692.535,2.010,0.104338,living
5,D,D5,D5_00554,1.115,2.233,1.781,0.797,55.197,640.288,2.924,0.086206,living
5,D,D5,D5_00555,1.775,1.968,2.109,1.072,50.514,781.638,2.171,0.064626,living
5,D,D5,D5_00556,1.437,1.962,1.895,0.966,40.624,716.929,2.706,0.056663,living
5,D,D5,D5_00557,3.262,2.230,3.043,1.365,64.855,1077.736,2.228,0.060177,living
5,D,D5,D5_00558,1.690,2.233,2.192,0.982,164.320,1145.460,2.370,0.143453,living
5,D,D5,D5_00559,1.099,2.233,1.768,0.792,153.754,880.954,3.123,0.174531,living
5,D,D5,D5_00560,1.487,2.233,2.056,0.921,86.295,916.727,2.568,0.094134,living
5,D,D5,D5_00561,1.825,2.233,2.278,1.020,72.167,988.296,2.213,0.073021,living
5,D,D5,D5_00562,1.589,1.970,1.996,1.013,49.340,924.277,2.564,0.053383,living
5,D,D5,D5_00563,1.673,1.661,1.881,1.132,24.192,564.010,2.323,0.042893,living
5,D,D5,D5_00564,2.197,1.983,2.355,1.188,75.323,644.938,1.977,0.116791,living
5,D,D5,D5_00565,1.808,1.528,1.875,1.227,104.953,680.131,2.449,0.154313,living
5,D,D5,D5_00566,2.434,2.432,2.745,1.129,68.111,641.708,2.215,0.106140,living
5,D,D5,D5_00567,1.217,2.233,1.860,0.833,50.139,532.500,3.222,0.094158,living
5,D,D5,D5_00568,1.639,1.813,1.945,1.073,17.784,637.938,2.330,0.027877,living
5,D,D5,D5_00569,2.704,2.233,2.773,1.242,2.388,595.587,2.712,0.004009,living
5,D,D5,D5_00570,2.518,2.530,2.848,1.126,31.228,660.362,2.523,0.047289,living
5,D,D5,D5_00571,2.062,1.876,2.219,1.183,19.098,700.861,2.516,0.027250,living
5,D,D5,D5_00572,2.096,1.697,2.128,1.254,28.250,748.234,2.532,0.037756,living
5,D,D5,D5_00573,1.099,1.884,1.624,0.862,14.092,601.815,2.385,0.023416,living
5,D,D5,D5_00574,1.994,2.233,2.381,1.066,14.720,585.314,2.771,0.025149,living
5,D,D5,D5_00575,2.231,2.100,2.442,1.163,97.833,689.780,2.758,0.141833,living
5,D,D5,D5_00576,2.265,2.874,2.879,1.002,57.007,598.403,2.149,0.095266,living
5,D,D5,D5_00577,2.180,3.000,2.886,0.962,53.426,573.093,2.628,0.093225,living
5,D,D5,D5_00578,2.113,2.233,2.451,1.098,129.480,723.512,3.816,0.178960,living
5,D,D5,D5_00579,2.113,2.233,2.451,1.098,29.936,549.512,4.152,0.054477,living
5,D,D5,D5_00580,1.589,2.233,2.126,0.952,51.638,560.309,5.032,0.092160,dead
5,D,D5,D5_00581,2.603,2.078,2.624,1.263,103.026,636.688,2.065,0.161815,living
5,D,D5,D5_00582,2.467,2.729,2.928,1.073,61.144,658.610,2.644,0.092838,living
5,D,D5,D5_00583,1.217,2.240,1.863,0.832,43.097,585.736,2.069,0.073578,living
5,D,D5,D5_00584,2.484,2.697,2.921,1.083,47.354,669.361,3.143,0.070745,living
5,D,D5,D5_00585,1.808,1.903,2.093,1.100,21.178,620.897,2.692,0.034108,living
5,D,D5,D5_00586,2.045,2.450,2.526,1.031,30.149,682.331,2.231,0.044185,living
5,D,D5,D5_00587,2.011,2.138,2.340,1.094,45.303,698.361,2.429,0.064870,living
5,D,D5,D5_00588,2.569,2.390,2.796,1.170,36.125,743.507,2.539,0.048587,living
5,D,D5,D5_00589,1.217,2.233,1.860,0.833,25.778,641.750,3.931,0.040168,living
5,D,D5,D5_00590,2.248,1.862,2.309,1.240,34.090,776.632,2.414,0.043895,living
5,D,D5,D5_00591,1.352,2.120,1.910,0.901,14.762,608.962,3.163,0.024242,living
5,D,D5,D5_00592,1.268,2.343,1.945,0.830,12.533,506.533,2.467,0.024743,living
5,D,D5,D5_00593,2.265,4.285,3.515,0.820,13.560,563.425,2.500,0.024067,living
5,D,D5,D5_00594,0.794,2.445,1.572,0.643,10.319,540.213,2.553,0.019102,living
5,D,D5,D5_00595,3.346,2.233,3.084,1.381,31.348,645.217,2.540,0.048586,living
5,D,D5,D5_00596,2.366,1.753,2.298,1.311,101.657,859.121,2.329,0.118327,living
5,D,D5,D5_00597,1.504,1.687,1.797,1.065,129.742,705.169,2.382,0.183987,living
5,D,D5,D5_00598,3.127,2.233,2.982,1.335,150.535,784.459,2.659,0.191897,living
5,D,D5,D5_00599,2.620,2.067,2.626,1.270,138.394,814.761,2.219,0.169858,living
5,D,D5,D5_00600,1.825,1.808,2.050,1.134,128.278,735.815,2.398,0.174334,living
5,D,D5,D5_00601,1.521,1.789,1.861,1.040,84.433,714.144,2.422,0.118230,living
5,D,D5,D5_00602,2.096,3.240,2.941,0.908,45.202,684.331,2.323,0.066052,living
5,D,D5,D5_00603,1.132,2.490,1.894,0.761,16.925,640.343,2.075,0.026432,living
5,D,D5,D5_00604,2.248,2.375,2.607,1.098,57.263,789.165,1.917,0.072562,living
5,D,D5,D5_00605,1.403,2.233,1.997,0.894,33.133,645.675,3.157,0.051315,living
5,D,D5,D5_00606,2.079,4.700,3.527,0.750,19.341,606.537,1.878,0.031888,living
5,D,D5,D5_00607,2.366,2.233,2.594,1.161,29.771,788.636,2.400,0.037751,living
5,D,D5,D5_00608,1.437,2.233,2.021,0.905,21.341,688.459,2.494,0.030998,living
5,D,D5,D5_00609,2.400,2.748,2.898,1.055,51.169,572.901,2.331,0.089316,living
5,D,D5,D5_00610,2.180,1.858,2.271,1.222,97.519,633.899,2.310,0.153841,living
5,D,D5,D5_00611,1.268,1.843,1.725,0.936,86.173,528.853,2.547,0.162944,living
5,D,D5,D5_00612,2.501,2.298,2.705,1.177,89.777,635.764,1.946,0.141211,living
5,D,D5,D5_00613,2.366,2.171,2.557,1.178,111.179,614.157,2.371,0.181026,living
5,D,D5,D5_00614,1.724,2.230,2.212,0.992,26.549,564.049,2.833,0.047069,living
5,D,D5,D5_00615,1.403,1.947,1.865,0.958,44.867,555.277,2.096,0.080802,living
5,D,D5,D5_00616,2.113,2.332,2.505,1.074,53.704,621.400,2.088,0.086424,living
5,D,D5,D5_00617,3.025,2.195,2.908,1.325,47.089,662.151,2.352,0.071116,living
5,D,D5,D5_00618,2.045,2.511,2.557,1.018,45.157,603.950,2.438,0.074769,living
5,D,D5,D5_00619,2.129,2.303,2.499,1.085,38.524,637.119,2.087,0.060466,living
5,D,D5,D5_00620,1.555,2.287,2.128,0.930,24.620,549.804,2.435,0.044779,living
5,D,D5,D5_00621,3.127,2.663,3.256,1.223,25.459,669.524,2.265,0.038026,living
5,D,D5,D5_00622,1.115,2.233,1.781,0.797,10.758,487.848,3.530,0.022051,living
5,D,D5,D5_00623,2.062,2.811,2.717,0.966,17.197,599.910,2.230,0.028666,living
5,D,D5,D5_00624,2.197,2.627,2.711,1.032,17.923,582.785,2.600,0.030754,living
5,D,D5,D5_00625,1.420,1.937,1.871,0.966,69.429,540.321,2.131,0.128495,living
5,D,D5,D5_00626,2.434,1.475,2.138,1.450,17.125,474.785,2.389,0.036069,living
5,D,D5,D5_00627,2.704,1.432,2.220,1.551,37.194,620.862,2.256,0.059907,living
5,D,D5,D5_00628,2.586,2.600,2.926,1.125,65.510,561.549,2.490,0.116659,living
5,D,D5,D5_00629,1.318,2.056,1.857,0.903,19.590,518.449,2.372,0.037785,living
5,D,D5,D5_00630,1.842,2.167,2.254,1.040,54.587,614.156,1.853,0.088882,living
5,D,D5,D5_00631,1.724,2.417,2.303,0.953,19.382,499.216,2.108,0.038826,living
5,D,D5,D5_00632,3.059,1.845,2.681,1.453,153.199,851.066,2.337,0.180008,living
5,D,D5,D5_00633,1.893,2.233,2.320,1.039,87.946,646.027,8.812,0.136134,dead
5,D,D5,D5_00634,1.960,2.490,2.493,1.001,30.776,581.595,2.198,0.052916,living
5,D,D5,D5_00635,1.149,2.248,1.813,0.807,19.912,537.426,3.294,0.037050,living
5,D,D5,D5_00636,2.907,2.233,2.875,1.287,68.907,612.971,4.308,0.112415,living
5,D,D5,D5_00637,2.366,1.953,2.426,1.242,49.221,668.564,2.064,0.073623,living
5,D,D5,D5_00638,2.197,1.757,2.217,1.262,94.031,778.323,2.631,0.120812,living
5,D,D5,D5_00639,2.298,1.770,2.276,1.286,79.971,801.853,2.610,0.099732,living
5,D,D5,D5_00640,0.997,2.106,1.635,0.776,34.322,512.966,1.949,0.066909,living
5,D,D5,D5_00641,2.670,1.677,2.388,1.424,100.734,803.405,2.316,0.125384,living
5,D,D5,D5_00642,2.400,1.668,2.258,1.354,71.437,922.479,2.599,0.077440,living
5,D,D5,D5_00643,1.842,2.322,2.334,1.005,62.248,592.532,2.807,0.105054,living
5,D,D5,D5_00644,1.707,1.657,1.898,1.145,48.594,701.188,2.257,0.069302,living
5,D,D5,D5_00645,1.487,2.008,1.950,0.971,23.909,598.864,2.432,0.039924,living
5,D,D5,D5_00646,2.045,2.233,2.411,1.080,44.760,685.240,13.554,0.065321,dead
5,D,D5,D5_00647,1.758,1.793,2.003,1.117,46.337,699.721,2.683,0.066221,living
5,D,D5,D5_00648,1.521,2.233,2.080,0.931,31.700,612.578,13.033,0.051749,dead
5,D,D5,D5_00649,1.014,1.784,1.518,0.851,12.183,581.750,2.633,0.020943,living
5,D,D5,D5_00650,2.265,2.400,2.631,1.096,35.142,715.507,2.291,0.049114,living
5,D,D5,D5_00651,0.913,2.028,1.535,0.757,10.296,548.630,2.241,0.018767,living
5,D,D5,D5_00652,1.149,1.660,1.558,0.939,16.015,636.147,2.897,0.025175,living
5,D,D5,D5_00653,0.946,1.682,1.423,0.846,22.304,595.018,2.179,0.037484,living
5,D,D5,D5_00654,0.997,1.989,1.589,0.799,9.153,570.034,2.797,0.016056,living
5,D,D5,D5_00655,2.805,2.403,2.930,1.219,19.880,755.572,2.524,0.026311,living
5,D,D5,D5_00656,2.231,3.080,2.958,0.960,16.856,607.477,2.500,0.027748,living
5,D,D5,D5_00657,2.298,3.942,3.396,0.862,88.154,624.529,2.610,0.141153,living
5,D,D5,D5_00658,1.251,1.850,1.717,0.928,108.541,681.500,2.243,0.159267,living
5,D,D5,D5_00659,1.589,2.487,2.243,0.902,73.266,635.245,2.755,0.115335,living
5,D,D5,D5_00660,2.298,1.579,2.149,1.361,128.941,959.772,2.191,0.134346,living
5,D,D5,D5_00661,1.673,2.605,2.356,0.904,116.899,653.131,2.667,0.178982,living
5,D,D5,D5_00662,2.822,2.233,2.833,1.268,175.335,941.084,2.641,0.186312,living
5,D,D5,D5_00663,2.400,1.875,2.394,1.277,117.106,938.915,2.310,0.124724,living
5,D,D5,D5_00664,1.791,1.657,1.944,1.173,145.038,785.708,2.481,0.184595,living
5,D,D5,D5_00665,2.552,2.657,2.938,1.106,126.821,768.550,2.457,0.165014,living
5,D,D5,D5_00666,1.132,1.885,1.648,0.874,88.851,694.851,2.642,0.127870,living
5,D,D5,D5_00667,1.183,1.937,1.708,0.882,39.429,700.529,2.786,0.056284,living
5,D,D5,D5_00668,1.775,1.967,2.108,1.072,53.038,707.381,2.686,0.074978,living
5,D,D5,D5_00669,1.369,2.233,1.973,0.883,60.975,715.531,12.136,0.085217,dead
5,D,D5,D5_00670,1.960,2.407,2.451,1.018,47.328,760.871,2.474,0.062202,living
5,D,D5,D5_00671,2.163,3.265,2.999,0.918,37.164,730.461,2.734,0.050878,living
5,D,D5,D5_00672,3.228,2.222,3.022,1.360,31.408,753.330,2.513,0.041693,living
5,D,D5,D5_00673,1.859,2.233,2.299,1.030,22.936,729.809,13.455,0.031428,dead
5,D,D5,D5_00674,2.434,2.923,3.010,1.030,29.743,800.486,2.382,0.037156,living
